date,station_id,temperature_moy,temperature_min,temperature_max,precipitation_mm,humidite_pct,vent_kmh,ensoleillement_h
2024-01-01,1,10.3,4.6,15.5,2.6,78.0,16.8,1.7
2024-01-01,2,11.4,7.2,18.2,0,81.0,13.0,1.9
2024-01-01,3,10.6,5.9,14.9,4.0,81.0,12.5,3.2
2024-01-01,4,10.2,5.8,16.9,0,83.0,26.1,2.2
2024-01-01,5,8.1,3.5,13.1,1.7,74.0,20.4,2.6
2024-01-01,6,8.4,3.7,12.6,0,84.0,18.4,0.4
2024-01-01,7,9.3,3.5,12.7,0,69.0,13.5,5.2
2024-01-01,8,10.2,6.3,14.0,3.1,73.0,20.7,0.7
2024-01-01,9,9.7,6.5,15.2,0,89.0,21.9,2.5
2024-01-01,10,12.6,9.1,17.3,0,88.0,11.4,1.8
2024-01-01,11,11.9,8.4,15.0,2.7,76.0,12.9,2.3
2024-01-01,12,7.4,1.5,10.6,3.8,94.0,11.3,0.9
2024-01-01,13,4.4,-1.5,10.4,0,59.0,15.4,3.0
2024-01-01,14,11.0,6.8,14.7,0,65.0,16.7,0.6
2024-01-01,15,7.5,3.8,11.2,0,70.0,13.3,2.4
2024-01-01,16,9.2,3.5,13.6,0,79.0,18.9,1.3
2024-01-01,17,6.0,2.1,9.3,0,48.0,9.3,3.6
2024-01-01,18,2.5,-1.4,5.7,0,46.0,14.3,4.1
2024-01-01,19,11.6,6.8,16.0,0,65.0,6.2,3.8
2024-01-01,20,13.6,10.1,16.8,0,76.0,0.6,1.8
2024-01-01,21,3.9,-1.3,7.7,14.3,52.0,24.8,1.1
2024-01-01,22,5.4,-0.3,10.4,0,64.0,9.3,4.2
2024-01-01,23,7.4,2.4,11.9,0,43.0,19.8,3.8
2024-01-01,24,6.4,2.4,10.2,0,84.0,9.5,1.3
2024-01-01,25,3.7,-0.8,9.9,0,62.0,14.0,0
2024-01-02,1,8.3,3.4,11.7,0,86.0,15.7,3.4
2024-01-02,2,9.1,5.9,16.0,0,71.0,16.0,0.5
2024-01-02,3,10.2,5.1,14.8,0.6,68.0,8.5,0
2024-01-02,4,10.8,5.4,14.6,0,62.0,12.0,0.5
2024-01-02,5,5.6,2.3,9.2,3.0,69.0,8.5,1.7
2024-01-02,6,8.8,3.4,15.4,9.3,67.0,10.6,2.4
2024-01-02,7,11.3,6.0,17.6,4.1,71.0,9.1,2.2
2024-01-02,8,8.0,4.3,12.4,0,82.0,19.0,2.5
2024-01-02,9,9.1,5.5,13.8,0,75.0,12.2,2.2
2024-01-02,10,10.5,5.2,17.3,3.8,65.0,6.9,1.3
2024-01-02,11,10.9,6.7,17.5,0,77.0,2.3,1.5
2024-01-02,12,10.7,6.3,14.8,1.6,63.0,8.0,0
2024-01-02,13,6.8,1.1,13.8,0,50.0,23.9,1.0
2024-01-02,14,10.4,6.1,16.9,0.5,67.0,10.9,3.6
2024-01-02,15,7.1,3.3,13.9,9.7,96.0,1.9,2.6
2024-01-02,16,13.7,10.1,17.0,0,84.0,16.9,2.2
2024-01-02,17,6.9,2.0,10.8,0,70.0,29.6,4.5
2024-01-02,18,2.7,-1.4,8.1,0,61.0,12.3,0
2024-01-02,19,11.9,7.2,18.6,0,71.0,21.5,1.3
2024-01-02,20,12.2,7.4,18.5,0,63.0,12.8,0.9
2024-01-02,21,4.2,-1.2,9.5,3.7,56.0,13.4,1.6
2024-01-02,22,5.7,1.4,10.6,2.0,67.0,21.9,1.1
2024-01-02,23,8.9,4.3,14.5,0,49.0,27.1,0.9
2024-01-02,24,6.0,1.2,10.3,10.6,79.0,13.4,3.7
2024-01-02,25,5.8,0.8,10.2,0,47.0,10.8,3.7
2024-01-03,1,8.1,4.3,13.5,0,80.0,5.9,1.5
2024-01-03,2,9.2,5.0,14.4,2.3,80.0,12.9,0.6
2024-01-03,3,10.0,5.8,14.0,0,75.0,8.1,3.5
2024-01-03,4,6.0,1.3,10.4,1.3,97.0,16.6,4.5
2024-01-03,5,7.8,2.0,13.6,5.2,88.0,13.2,4.1
2024-01-03,6,8.9,3.0,15.3,1.7,65.0,11.0,4.4
2024-01-03,7,10.6,7.4,14.8,0,79.0,6.3,0.2
2024-01-03,8,10.5,6.6,15.4,9.1,78.0,14.8,5.1
2024-01-03,9,10.2,5.7,15.5,0,74.0,23.5,4.4
2024-01-03,10,10.4,6.7,15.6,0,71.0,5.9,1.0
2024-01-03,11,10.0,4.3,14.2,0,72.0,5.6,3.0
2024-01-03,12,13.3,10.0,19.4,0,87.0,14.7,2.8
2024-01-03,13,7.5,4.0,12.1,0,75.0,13.0,2.2
2024-01-03,14,10.5,4.9,13.8,0,76.0,13.7,4.8
2024-01-03,15,6.5,2.9,9.9,0.9,74.0,14.6,3.0
2024-01-03,16,12.7,8.0,19.0,0,83.0,6.7,2.8
2024-01-03,17,6.4,2.6,11.5,0,62.0,1.3,0.3
2024-01-03,18,3.7,0.6,7.6,0,49.0,21.8,0.6
2024-01-03,19,13.8,8.4,19.1,0,66.0,19.4,3.8
2024-01-03,20,10.2,4.2,14.9,0,67.0,23.8,1.8
2024-01-03,21,4.3,0.9,7.9,3.3,74.0,10.8,0.9
2024-01-03,22,5.9,2.6,9.9,6.7,66.0,24.9,0.0
2024-01-03,23,11.4,7.1,14.7,0,45.0,8.3,0.9
2024-01-03,24,8.3,4.5,11.9,8.3,77.0,13.1,2.2
2024-01-03,25,4.0,-1.1,8.3,1.1,47.0,17.4,5.0
2024-01-04,1,11.6,6.7,15.2,0,87.0,11.7,4.4
2024-01-04,2,7.4,2.9,12.2,0.8,79.0,4.3,0.7
2024-01-04,3,9.2,3.9,15.6,5.6,77.0,14.9,2.3
2024-01-04,4,8.4,3.7,14.1,0,60.0,6.3,2.7
2024-01-04,5,7.6,3.5,14.3,0,87.0,20.9,2.0
2024-01-04,6,6.7,2.4,10.9,9.5,86.0,2.5,5.2
2024-01-04,7,10.9,7.4,17.7,9.1,66.0,13.2,2.8
2024-01-04,8,10.7,5.0,13.8,5.5,75.0,18.1,2.1
2024-01-04,9,10.1,5.2,14.7,0.7,66.0,10.5,0.5
2024-01-04,10,11.9,6.2,16.8,0,68.0,10.7,1.4
2024-01-04,11,9.3,5.6,12.7,0,74.0,15.8,0
2024-01-04,12,10.5,6.6,13.7,0.2,83.0,9.7,3.4
2024-01-04,13,7.5,2.4,11.2,2.3,73.0,6.0,3.7
2024-01-04,14,8.9,5.2,14.4,0,70.0,6.5,0
2024-01-04,15,7.6,3.0,10.9,0,83.0,21.7,2.1
2024-01-04,16,12.5,8.2,16.7,0,75.0,17.3,1.6
2024-01-04,17,5.9,2.0,11.7,2.1,60.0,14.2,2.3
2024-01-04,18,5.7,-0.3,12.3,0,49.0,23.6,0
2024-01-04,19,11.5,6.1,15.4,0,59.0,14.9,4.7
2024-01-04,20,11.6,8.2,15.0,0,53.0,28.7,2.8
2024-01-04,21,6.8,3.4,13.4,2.6,71.0,19.3,4.7
2024-01-04,22,6.9,2.4,11.0,11.0,62.0,34.7,0.8
2024-01-04,23,7.6,2.2,12.5,0.8,60.0,16.8,4.4
2024-01-04,24,8.2,2.6,13.4,2.0,68.0,14.6,2.9
2024-01-04,25,4.3,0.5,8.8,0,67.0,6.7,3.8
2024-01-05,1,6.8,1.0,11.1,0,77.0,8.2,0.5
2024-01-05,2,6.6,1.7,10.1,0.1,77.0,19.0,2.2
2024-01-05,3,9.1,4.9,13.6,0,85.0,11.7,0.4
2024-01-05,4,6.8,1.2,12.4,0,68.0,0.9,0
2024-01-05,5,8.5,4.8,13.2,1.8,88.0,22.6,2.0
2024-01-05,6,10.6,7.5,14.8,0,69.0,29.2,1.3
2024-01-05,7,11.2,6.3,18.1,1.1,81.0,29.0,2.0
2024-01-05,8,11.1,6.5,16.5,0,92.0,16.5,4.8
2024-01-05,9,10.4,6.5,17.3,0,61.0,1.1,1.5
2024-01-05,10,12.2,8.8,16.6,0,82.0,13.8,2.1
2024-01-05,11,9.8,5.5,13.2,2.0,84.0,8.1,3.7
2024-01-05,12,8.8,4.0,14.7,0,81.0,11.3,1.1
2024-01-05,13,7.2,1.2,13.6,0,63.0,24.8,3.7
2024-01-05,14,7.9,3.9,11.5,1.5,76.0,4.1,1.0
2024-01-05,15,7.4,3.5,12.4,8.5,89.0,23.8,3.6
2024-01-05,16,11.7,6.1,16.4,0,71.0,2.1,3.6
2024-01-05,17,5.1,1.1,9.3,0,62.0,26.7,1.5
2024-01-05,18,3.4,0.1,8.1,0,60.0,12.1,2.8
2024-01-05,19,14.9,10.2,20.6,0,72.0,28.3,0
2024-01-05,20,8.4,5.3,12.6,0,73.0,22.6,3.3
2024-01-05,21,6.4,0.9,10.8,0.6,77.0,14.0,3.3
2024-01-05,22,4.2,-1.1,9.7,0,72.0,4.7,1.5
2024-01-05,23,7.3,4.2,11.4,0,34.0,21.6,1.5
2024-01-05,24,9.2,4.3,12.5,0,80.0,18.5,2.1
2024-01-05,25,4.6,0.2,8.2,0,56.0,6.4,5.4
2024-01-06,1,6.4,2.9,12.4,0.3,65.0,7.1,2.8
2024-01-06,2,7.7,4.1,12.8,0.4,69.0,10.3,0.4
2024-01-06,3,7.7,4.0,14.6,0.8,73.0,27.9,1.4
2024-01-06,4,9.0,5.7,14.0,0.5,68.0,9.3,2.0
2024-01-06,5,6.9,2.8,11.4,0,71.0,6.8,2.9
2024-01-06,6,10.1,5.8,14.7,0,79.0,13.0,3.7
2024-01-06,7,11.3,5.5,16.1,0,77.0,9.5,3.4
2024-01-06,8,11.7,7.5,15.0,0,83.0,14.9,1.2
2024-01-06,9,10.0,5.1,15.2,2.7,68.0,3.0,5.3
2024-01-06,10,9.4,6.1,13.4,0.3,68.0,15.2,1.6
2024-01-06,11,11.9,7.5,17.2,0,76.0,8.1,0
2024-01-06,12,7.2,3.2,14.0,1.9,61.0,3.9,2.6
2024-01-06,13,8.1,4.0,11.4,0,54.0,22.5,2.6
2024-01-06,14,10.4,4.5,13.8,0,81.0,7.1,3.5
2024-01-06,15,11.3,8.1,17.9,1.1,78.0,7.5,1.1
2024-01-06,16,12.0,6.5,18.3,0,75.0,25.0,3.3
2024-01-06,17,9.4,3.4,14.4,0,58.0,3.3,4.8
2024-01-06,18,2.1,-2.9,5.3,0,69.0,11.4,3.4
2024-01-06,19,10.1,6.3,16.5,0,62.0,11.4,1.7
2024-01-06,20,13.4,7.6,17.6,0,70.0,12.8,1.5
2024-01-06,21,5.4,0.7,10.9,0.7,66.0,9.3,0
2024-01-06,22,9.3,6.1,15.0,0.1,67.0,7.9,5.7
2024-01-06,23,7.2,3.6,14.2,0,56.0,11.0,4.8
2024-01-06,24,7.1,1.9,12.2,0,75.0,22.9,0.8
2024-01-06,25,5.4,1.8,11.1,0,55.0,25.5,0.8
2024-01-07,1,10.4,5.2,17.2,0,77.0,15.2,0
2024-01-07,2,9.1,3.2,15.2,0,80.0,19.2,4.4
2024-01-07,3,7.5,2.2,13.6,2.0,71.0,17.8,3.1
2024-01-07,4,6.6,3.4,11.5,9.8,65.0,12.7,0.5
2024-01-07,5,9.4,6.0,14.2,6.9,78.0,29.7,4.0
2024-01-07,6,10.3,4.5,14.9,1.8,60.0,12.5,2.7
2024-01-07,7,10.6,7.4,16.5,0.4,84.0,32.4,3.0
2024-01-07,8,7.7,2.4,12.5,0,80.0,16.3,2.1
2024-01-07,9,10.2,4.4,15.6,0,76.0,16.0,1.2
2024-01-07,10,10.8,5.9,16.3,3.3,76.0,5.1,2.2
2024-01-07,11,8.6,3.5,12.8,1.4,72.0,10.3,1.8
2024-01-07,12,9.0,5.0,15.9,0,71.0,17.2,0.5
2024-01-07,13,10.6,7.5,15.2,0,67.0,14.9,0.8
2024-01-07,14,12.0,7.0,15.4,0,72.0,15.2,1.4
2024-01-07,15,8.1,3.2,14.4,0,87.0,24.1,2.0
2024-01-07,16,10.8,5.6,17.5,0.6,81.0,19.3,0
2024-01-07,17,6.6,2.4,12.9,0,61.0,26.2,2.7
2024-01-07,18,3.5,0.3,9.1,4.8,75.0,7.5,2.8
2024-01-07,19,8.0,4.0,11.7,0,72.0,5.4,4.2
2024-01-07,20,11.4,7.2,16.1,0,68.0,17.8,3.4
2024-01-07,21,6.7,2.8,11.4,0,74.0,19.3,3.7
2024-01-07,22,3.8,-1.9,9.3,4.6,72.0,15.7,1.7
2024-01-07,23,8.0,3.4,14.0,0,37.0,30.3,2.8
2024-01-07,24,8.3,4.9,12.2,0,68.0,2.3,5.0
2024-01-07,25,7.0,2.6,11.5,0,58.0,18.9,2.6
2024-01-08,1,8.2,4.3,15.0,0.7,80.0,2.6,1.9
2024-01-08,2,11.0,5.8,14.8,0,84.0,5.0,0
2024-01-08,3,9.3,6.1,13.0,0,79.0,29.6,2.2
2024-01-08,4,13.4,8.4,19.2,0,70.0,13.3,3.5
2024-01-08,5,10.3,5.2,14.0,1.0,86.0,29.1,2.0
2024-01-08,6,9.2,5.1,14.5,15.9,85.0,26.4,4.5
2024-01-08,7,11.9,6.7,16.8,0,81.0,6.2,3.3
2024-01-08,8,11.4,8.2,16.3,0,82.0,25.4,4.3
2024-01-08,9,8.1,2.8,11.7,0,68.0,25.2,0.2
2024-01-08,10,8.8,5.3,15.5,5.3,71.0,8.5,2.1
2024-01-08,11,10.9,5.0,15.0,0,82.0,12.3,1.8
2024-01-08,12,8.7,4.0,12.4,0,71.0,20.9,1.5
2024-01-08,13,8.0,2.4,11.4,0,63.0,15.8,1.1
2024-01-08,14,11.5,6.7,14.6,0,80.0,4.0,1.7
2024-01-08,15,8.6,3.2,13.3,6.3,87.0,19.5,3.6
2024-01-08,16,9.2,5.7,15.6,11.9,79.0,10.4,3.5
2024-01-08,17,7.3,4.0,11.3,0.7,45.0,16.6,2.6
2024-01-08,18,7.0,2.8,13.9,0,54.0,22.2,0
2024-01-08,19,11.4,7.9,18.4,0,59.0,21.8,1.1
2024-01-08,20,12.8,8.4,16.8,0,69.0,21.2,2.6
2024-01-08,21,3.3,-1.7,7.4,0.5,61.0,19.2,3.1
2024-01-08,22,5.1,2.0,8.3,2.0,74.0,13.1,3.7
2024-01-08,23,7.0,1.5,12.5,0,48.0,17.5,2.8
2024-01-08,24,6.0,1.3,10.4,3.6,92.0,13.1,2.5
2024-01-08,25,8.5,3.1,13.6,4.7,61.0,26.8,4.9
2024-01-09,1,8.5,3.6,14.8,0,82.0,5.5,2.2
2024-01-09,2,7.2,2.8,10.2,0.4,75.0,9.1,2.9
2024-01-09,3,11.5,6.7,16.9,3.8,65.0,25.4,2.0
2024-01-09,4,9.2,4.7,14.3,0,77.0,16.2,0.9
2024-01-09,5,9.6,4.9,15.4,2.3,70.0,7.8,3.1
2024-01-09,6,9.6,4.8,14.5,0,84.0,13.2,0
2024-01-09,7,8.6,2.6,13.5,8.5,76.0,5.4,2.8
2024-01-09,8,8.4,2.8,14.1,0,74.0,14.2,4.0
2024-01-09,9,11.3,7.4,18.0,0,70.0,16.7,0
2024-01-09,10,9.5,5.0,14.7,0,63.0,13.8,1.1
2024-01-09,11,8.4,2.7,12.9,4.9,75.0,16.4,2.7
2024-01-09,12,10.6,4.9,16.3,0,78.0,18.4,5.0
2024-01-09,13,7.5,3.7,10.9,0,75.0,15.2,2.8
2024-01-09,14,12.0,8.3,15.4,0,66.0,3.1,2.7
2024-01-09,15,11.6,5.6,15.2,0,97.0,21.7,1.1
2024-01-09,16,9.1,5.2,13.2,4.0,67.0,11.6,1.4
2024-01-09,17,7.1,4.0,13.8,0,39.0,24.8,0
2024-01-09,18,7.1,1.7,10.8,0,63.0,19.6,1.4
2024-01-09,19,12.8,8.0,19.5,0,66.0,4.0,2.9
2024-01-09,20,8.5,5.1,13.5,0,62.0,17.6,1.0
2024-01-09,21,5.5,0.3,8.5,1.7,58.0,12.6,1.4
2024-01-09,22,4.6,0.4,9.3,2.3,60.0,33.7,4.7
2024-01-09,23,5.4,2.3,9.9,0,47.0,14.2,3.6
2024-01-09,24,7.4,3.6,11.8,4.3,70.0,10.4,2.5
2024-01-09,25,5.0,-0.7,11.0,0,41.0,2.8,0
2024-01-10,1,8.4,2.6,13.4,16.2,79.0,6.3,4.0
2024-01-10,2,11.3,5.9,17.6,0,67.0,10.4,0.5
2024-01-10,3,9.6,5.0,14.0,0,65.0,26.4,4.2
2024-01-10,4,10.0,5.4,13.6,0,71.0,3.7,3.1
2024-01-10,5,8.8,3.1,13.6,0.6,66.0,6.1,3.3
2024-01-10,6,7.1,3.1,10.2,0.0,71.0,15.6,2.9
2024-01-10,7,8.5,3.9,11.8,0,83.0,24.0,2.2
2024-01-10,8,10.4,7.0,15.9,0,82.0,22.5,2.0
2024-01-10,9,11.4,5.7,15.9,6.0,66.0,18.0,1.8
2024-01-10,10,10.6,4.7,15.2,6.9,68.0,21.8,0.2
2024-01-10,11,11.8,6.6,16.4,0.9,78.0,10.5,2.5
2024-01-10,12,11.2,6.0,14.4,0,94.0,0.9,0.0
2024-01-10,13,8.6,5.4,14.0,0,61.0,7.4,0
2024-01-10,14,11.2,6.9,16.3,0,72.0,15.7,1.5
2024-01-10,15,10.2,4.4,15.5,8.0,81.0,17.5,1.3
2024-01-10,16,13.7,9.1,18.4,2.2,61.0,4.1,1.0
2024-01-10,17,8.4,3.7,11.6,0,65.0,10.1,1.2
2024-01-10,18,2.1,-2.2,6.3,2.3,57.0,15.3,3.4
2024-01-10,19,12.2,7.8,15.4,0,61.0,6.5,3.3
2024-01-10,20,10.8,6.8,14.1,0,68.0,8.2,3.7
2024-01-10,21,6.0,1.9,11.4,0.4,67.0,18.6,0.5
2024-01-10,22,5.8,2.2,12.4,10.8,62.0,16.2,3.3
2024-01-10,23,8.8,3.5,15.5,0,31.0,12.7,0.9
2024-01-10,24,9.3,5.4,14.1,0,82.0,12.3,3.7
2024-01-10,25,7.6,2.2,13.5,0,51.0,12.7,3.2
2024-01-11,1,9.0,3.5,15.0,2.9,77.0,4.0,1.2
2024-01-11,2,8.9,5.3,14.2,2.9,79.0,21.8,1.9
2024-01-11,3,9.4,4.2,15.3,4.8,65.0,12.4,3.0
2024-01-11,4,8.3,2.6,15.3,0,73.0,0.1,1.9
2024-01-11,5,11.7,8.6,14.7,3.9,82.0,19.2,2.7
2024-01-11,6,9.5,6.4,15.1,0,84.0,25.0,1.2
2024-01-11,7,12.5,8.3,15.6,0,78.0,8.6,2.1
2024-01-11,8,8.3,4.0,15.1,6.8,77.0,9.1,2.2
2024-01-11,9,9.4,5.3,15.6,5.8,67.0,9.2,2.6
2024-01-11,10,9.8,4.3,13.1,0,65.0,13.8,2.1
2024-01-11,11,8.9,4.5,14.5,0,84.0,28.4,3.8
2024-01-11,12,9.3,3.4,16.2,0,74.0,20.1,1.8
2024-01-11,13,9.7,5.0,13.8,0,57.0,12.4,1.2
2024-01-11,14,9.1,5.6,15.5,0.3,66.0,24.2,4.6
2024-01-11,15,10.6,6.7,15.9,10.2,65.0,10.6,0.7
2024-01-11,16,8.8,3.4,14.6,3.7,86.0,12.9,2.9
2024-01-11,17,7.5,2.7,13.0,0,57.0,22.0,2.1
2024-01-11,18,2.7,-1.7,6.6,0,49.0,11.4,3.0
2024-01-11,19,10.5,5.1,14.6,0,60.0,20.7,2.9
2024-01-11,20,9.8,6.3,14.4,0,74.0,31.1,4.3
2024-01-11,21,3.5,0.2,6.8,3.9,74.0,11.3,2.3
2024-01-11,22,8.0,3.2,14.1,0,73.0,23.2,2.5
2024-01-11,23,9.5,4.8,16.4,0,32.0,2.9,2.1
2024-01-11,24,9.8,6.0,13.4,1.3,81.0,10.7,4.9
2024-01-11,25,4.1,-1.0,9.1,0,72.0,10.8,2.6
2024-01-12,1,10.8,5.3,15.3,0,75.0,7.1,3.0
2024-01-12,2,10.3,5.5,14.5,0,64.0,11.9,0.8
2024-01-12,3,10.0,6.0,15.9,0,81.0,28.7,1.9
2024-01-12,4,8.7,3.4,13.2,0,80.0,23.5,7.3
2024-01-12,5,10.4,7.3,16.3,0,88.0,18.6,5.0
2024-01-12,6,9.6,4.0,15.7,0,73.0,19.4,3.4
2024-01-12,7,10.7,6.4,15.2,0,82.0,6.4,1.3
2024-01-12,8,7.4,1.8,12.1,9.3,73.0,10.6,0
2024-01-12,9,7.5,4.2,11.5,0,61.0,20.5,4.2
2024-01-12,10,8.3,3.4,15.2,0,67.0,16.1,1.7
2024-01-12,11,11.1,5.8,16.3,0,83.0,16.4,3.8
2024-01-12,12,8.0,2.9,11.6,0,82.0,8.3,2.5
2024-01-12,13,8.5,3.0,14.4,0,63.0,7.3,4.6
2024-01-12,14,9.9,6.6,15.8,0,68.0,17.2,2.6
2024-01-12,15,9.1,5.1,12.6,0,80.0,26.9,1.3
2024-01-12,16,8.8,4.8,13.5,0,76.0,18.3,0.4
2024-01-12,17,8.4,4.2,14.3,0,65.0,6.9,2.9
2024-01-12,18,5.6,1.7,11.4,0,59.0,2.3,1.1
2024-01-12,19,10.4,6.8,13.9,0,62.0,5.8,2.7
2024-01-12,20,11.2,7.0,14.7,0,72.0,10.2,2.6
2024-01-12,21,4.7,-1.1,10.1,0,56.0,12.7,3.4
2024-01-12,22,7.5,4.1,12.1,3.8,72.0,6.8,3.2
2024-01-12,23,5.8,0.0,9.5,0,40.0,13.8,3.3
2024-01-12,24,10.4,4.8,17.2,0.8,66.0,7.3,3.7
2024-01-12,25,5.6,1.2,11.5,0,50.0,20.1,4.1
2024-01-13,1,9.7,6.6,13.6,5.5,69.0,2.4,1.4
2024-01-13,2,7.6,2.8,11.6,0,74.0,25.0,2.3
2024-01-13,3,9.5,5.1,13.3,4.8,61.0,11.6,1.5
2024-01-13,4,9.6,5.8,16.1,7.2,73.0,25.8,4.3
2024-01-13,5,10.0,4.9,16.4,0,88.0,5.0,3.3
2024-01-13,6,10.0,4.5,15.2,3.5,61.0,25.9,6.1
2024-01-13,7,10.3,4.4,15.3,0,87.0,16.7,1.7
2024-01-13,8,10.8,7.6,14.9,0,69.0,13.7,1.7
2024-01-13,9,11.2,7.4,17.5,0,77.0,22.1,4.1
2024-01-13,10,9.3,6.1,15.5,0,66.0,4.1,3.9
2024-01-13,11,9.2,4.9,14.2,0,64.0,25.5,0.3
2024-01-13,12,13.6,8.7,19.4,0,91.0,17.3,1.0
2024-01-13,13,10.8,6.3,15.1,1.9,61.0,25.7,4.6
2024-01-13,14,12.1,6.8,15.3,0,53.0,15.8,2.2
2024-01-13,15,10.1,5.7,17.0,29.4,79.0,28.9,0.8
2024-01-13,16,9.8,4.2,13.2,0.2,93.0,9.1,0.6
2024-01-13,17,9.6,4.4,15.6,0,58.0,18.0,2.8
2024-01-13,18,4.8,-0.0,9.8,0,62.0,22.3,2.5
2024-01-13,19,14.0,8.9,18.9,0,75.0,27.3,3.9
2024-01-13,20,13.0,9.1,17.5,0,69.0,23.1,0.9
2024-01-13,21,5.8,1.1,11.2,2.1,66.0,18.1,4.9
2024-01-13,22,8.3,4.0,12.2,0,62.0,17.6,3.0
2024-01-13,23,9.0,4.7,15.2,0,37.0,11.3,1.5
2024-01-13,24,7.4,3.6,14.2,7.3,68.0,18.9,1.7
2024-01-13,25,5.9,1.7,11.4,0,54.0,16.6,1.4
2024-01-14,1,8.6,3.7,11.9,0,78.0,22.6,2.6
2024-01-14,2,8.8,3.3,13.5,0,81.0,19.2,4.0
2024-01-14,3,10.0,5.2,13.1,9.2,74.0,22.6,2.0
2024-01-14,4,8.9,3.6,13.6,3.7,86.0,10.5,2.3
2024-01-14,5,10.0,4.2,16.9,1.5,77.0,3.4,1.1
2024-01-14,6,8.2,4.2,12.9,0,66.0,15.4,3.6
2024-01-14,7,11.5,6.7,14.7,0,75.0,12.3,1.7
2024-01-14,8,11.6,8.6,16.6,2.0,77.0,17.7,1.4
2024-01-14,9,8.7,3.1,14.6,4.1,81.0,10.7,3.8
2024-01-14,10,9.3,3.3,14.8,0,70.0,12.3,2.4
2024-01-14,11,10.9,7.4,17.0,0,75.0,13.2,1.8
2024-01-14,12,10.3,4.8,13.4,1.5,78.0,19.4,2.0
2024-01-14,13,8.5,3.1,14.4,0,64.0,16.0,3.6
2024-01-14,14,12.6,7.1,17.9,1.7,66.0,20.4,2.8
2024-01-14,15,8.9,4.7,15.4,0,81.0,16.0,1.2
2024-01-14,16,12.3,8.1,16.4,0,82.0,14.6,1.3
2024-01-14,17,5.0,-1.0,11.1,0,70.0,1.3,1.7
2024-01-14,18,6.7,3.7,11.9,0,74.0,14.6,2.3
2024-01-14,19,10.6,6.5,16.6,0,76.0,21.3,6.6
2024-01-14,20,8.6,2.7,12.2,0,74.0,20.6,2.8
2024-01-14,21,7.0,1.3,11.8,0,62.0,6.7,1.6
2024-01-14,22,5.6,0.9,8.9,0,61.0,19.5,3.4
2024-01-14,23,11.3,7.2,17.7,0,29.0,9.4,2.8
2024-01-14,24,10.2,4.9,13.6,2.3,74.0,13.4,3.2
2024-01-14,25,5.1,0.7,9.9,0,68.0,27.2,3.9
2024-01-15,1,8.7,3.9,12.6,0,86.0,22.5,4.4
2024-01-15,2,11.0,7.8,15.2,0,72.0,24.1,5.8
2024-01-15,3,10.7,6.0,14.1,5.7,66.0,17.1,2.9
2024-01-15,4,9.7,6.1,14.3,0,68.0,18.1,2.3
2024-01-15,5,6.6,3.4,13.6,4.0,66.0,16.3,1.9
2024-01-15,6,11.1,7.7,17.8,10.1,63.0,3.3,3.5
2024-01-15,7,9.4,5.2,13.8,0,77.0,13.6,4.1
2024-01-15,8,12.1,7.3,17.7,0,86.0,21.8,1.4
2024-01-15,9,11.8,7.5,17.3,0,75.0,15.1,7.3
2024-01-15,10,10.2,6.1,16.1,0,71.0,16.4,1.2
2024-01-15,11,9.2,5.4,12.3,0,76.0,29.3,3.0
2024-01-15,12,9.9,5.5,14.3,0,93.0,15.5,3.4
2024-01-15,13,8.2,3.6,14.4,0,70.0,16.7,0
2024-01-15,14,7.7,3.5,14.4,0,59.0,17.7,3.5
2024-01-15,15,8.4,4.3,13.8,0,93.0,8.8,4.1
2024-01-15,16,13.2,7.7,19.4,0,92.0,10.2,2.3
2024-01-15,17,8.3,3.5,11.4,0,55.0,9.6,4.3
2024-01-15,18,5.3,1.7,11.5,0,52.0,19.2,2.8
2024-01-15,19,11.8,8.4,16.9,0,60.0,26.2,3.5
2024-01-15,20,11.0,6.9,15.2,0,55.0,14.1,0.9
2024-01-15,21,5.1,1.1,10.9,10.6,62.0,9.3,1.6
2024-01-15,22,5.3,1.2,11.2,0.9,54.0,27.4,2.5
2024-01-15,23,6.8,1.5,12.1,0,37.0,9.0,5.0
2024-01-15,24,7.9,4.6,12.8,0.3,68.0,11.0,3.6
2024-01-15,25,4.3,-1.2,10.0,0,41.0,14.4,2.7
2024-01-16,1,10.2,6.1,16.3,0,86.0,23.2,3.0
2024-01-16,2,8.8,4.5,15.3,1.7,76.0,21.7,0.2
2024-01-16,3,7.4,3.7,12.2,0,68.0,16.6,2.6
2024-01-16,4,9.5,5.5,16.1,0.3,78.0,35.6,1.1
2024-01-16,5,7.3,1.6,13.1,4.1,95.0,8.3,1.5
2024-01-16,6,10.8,4.9,15.5,0,77.0,23.9,1.7
2024-01-16,7,10.3,7.0,14.9,0,71.0,12.3,2.6
2024-01-16,8,11.6,6.1,17.1,0,77.0,19.5,3.1
2024-01-16,9,7.9,3.5,11.4,0,54.0,1.7,3.1
2024-01-16,10,10.4,6.2,14.9,0,82.0,15.9,3.0
2024-01-16,11,9.4,3.9,14.6,3.9,81.0,24.8,3.8
2024-01-16,12,11.0,5.8,14.9,1.6,71.0,5.6,2.0
2024-01-16,13,6.9,2.2,10.9,1.2,47.0,16.3,2.2
2024-01-16,14,9.9,5.2,16.9,4.5,65.0,3.5,3.7
2024-01-16,15,10.0,6.4,13.2,6.2,86.0,19.4,5.2
2024-01-16,16,12.2,8.2,18.1,0,86.0,23.7,3.5
2024-01-16,17,5.1,0.5,11.8,1.4,49.0,3.1,1.2
2024-01-16,18,5.6,0.9,10.9,0,62.0,18.1,3.0
2024-01-16,19,12.6,7.0,19.1,0,50.0,14.0,4.7
2024-01-16,20,10.6,7.0,15.2,0,60.0,11.6,1.2
2024-01-16,21,3.9,-1.2,7.0,1.5,79.0,9.9,3.5
2024-01-16,22,7.1,1.6,13.6,0,60.0,20.7,2.4
2024-01-16,23,8.7,3.4,13.0,0,56.0,12.3,2.1
2024-01-16,24,6.5,2.3,11.4,1.8,81.0,28.3,3.5
2024-01-16,25,9.1,4.9,15.2,0,62.0,10.5,2.2
2024-01-17,1,10.4,7.2,13.5,1.6,70.0,17.4,3.9
2024-01-17,2,8.2,2.4,13.9,2.4,76.0,4.2,3.8
2024-01-17,3,7.8,3.8,14.1,6.4,75.0,16.6,2.8
2024-01-17,4,12.5,7.1,16.3,0.9,79.0,18.1,4.7
2024-01-17,5,6.7,0.8,12.4,0.6,74.0,21.7,5.0
2024-01-17,6,10.0,4.2,15.8,0,86.0,12.3,5.7
2024-01-17,7,12.0,8.4,16.2,0,70.0,7.4,1.2
2024-01-17,8,16.8,10.9,23.2,0,78.0,9.6,1.9
2024-01-17,9,10.0,6.0,14.1,0,62.0,13.0,4.7
2024-01-17,10,12.7,9.2,17.8,0.1,67.0,24.1,0.4
2024-01-17,11,9.5,6.0,12.6,0,83.0,10.1,5.7
2024-01-17,12,8.5,3.8,15.5,0,86.0,8.0,4.6
2024-01-17,13,7.6,3.1,14.3,0,53.0,13.5,3.5
2024-01-17,14,10.6,6.7,15.5,0,60.0,13.4,0.7
2024-01-17,15,12.6,6.9,18.3,1.4,71.0,20.8,1.4
2024-01-17,16,12.1,7.4,17.0,0.1,72.0,8.0,1.1
2024-01-17,17,6.8,3.2,10.3,0,48.0,6.9,2.3
2024-01-17,18,5.6,-0.4,10.0,0,56.0,33.4,0
2024-01-17,19,14.0,10.5,17.3,0,76.0,21.9,2.5
2024-01-17,20,13.7,10.1,19.8,0,67.0,22.6,4.8
2024-01-17,21,6.5,2.2,11.3,3.1,65.0,24.9,2.6
2024-01-17,22,6.4,0.8,12.5,0.1,47.0,28.0,2.6
2024-01-17,23,10.1,6.1,13.5,0,60.0,14.0,3.1
2024-01-17,24,13.2,8.8,18.2,2.2,80.0,13.3,1.8
2024-01-17,25,8.7,3.5,12.4,0,57.0,15.6,2.3
2024-01-18,1,10.4,6.8,13.5,0,97.0,24.0,4.3
2024-01-18,2,10.1,5.2,16.2,0,66.0,12.9,2.4
2024-01-18,3,12.0,8.8,15.4,0.5,83.0,14.8,5.0
2024-01-18,4,10.4,7.3,15.1,2.6,85.0,6.1,1.0
2024-01-18,5,6.9,2.4,12.4,6.0,83.0,4.0,2.6
2024-01-18,6,10.2,4.3,14.7,0.7,60.0,1.8,1.6
2024-01-18,7,10.5,6.8,13.5,0.3,68.0,6.7,1.8
2024-01-18,8,13.6,10.4,19.5,0,72.0,9.6,1.3
2024-01-18,9,11.9,8.8,18.2,0,70.0,19.5,1.5
2024-01-18,10,10.0,6.7,16.4,0,63.0,19.4,2.7
2024-01-18,11,9.8,4.1,16.6,4.4,73.0,9.9,3.6
2024-01-18,12,11.8,7.4,18.1,0,84.0,6.7,2.8
2024-01-18,13,9.2,5.8,15.1,0,61.0,17.1,2.0
2024-01-18,14,13.2,8.5,18.0,0,64.0,17.0,0.6
2024-01-18,15,11.6,6.4,18.2,3.6,68.0,21.6,1.6
2024-01-18,16,13.1,10.1,19.6,0,81.0,14.5,0.2
2024-01-18,17,8.7,3.1,13.8,0,73.0,8.7,1.5
2024-01-18,18,4.9,-0.1,10.4,5.3,50.0,23.6,1.3
2024-01-18,19,15.7,11.2,20.6,0,65.0,21.8,4.8
2024-01-18,20,11.7,7.8,16.7,0,70.0,4.3,4.5
2024-01-18,21,7.9,3.2,11.3,1.8,73.0,28.1,2.3
2024-01-18,22,8.5,5.4,13.7,0,68.0,20.3,0
2024-01-18,23,7.7,3.0,13.3,0,31.0,6.9,5.0
2024-01-18,24,10.9,6.9,17.0,0,61.0,13.4,1.2
2024-01-18,25,6.5,1.5,9.5,0,58.0,5.4,0.6
2024-01-19,1,8.4,5.1,15.0,0,71.0,20.7,0.4
2024-01-19,2,8.9,5.3,12.3,0,77.0,18.2,5.4
2024-01-19,3,10.3,5.1,13.5,0,80.0,13.1,2.0
2024-01-19,4,11.1,6.3,16.1,0,68.0,28.1,2.7
2024-01-19,5,8.3,3.6,15.0,0,72.0,25.4,1.4
2024-01-19,6,11.1,7.8,16.7,0,88.0,7.8,5.4
2024-01-19,7,9.4,4.3,13.4,0,82.0,11.3,3.7
2024-01-19,8,11.5,6.7,18.0,0,73.0,20.6,1.1
2024-01-19,9,9.9,5.2,13.7,2.3,83.0,8.0,0
2024-01-19,10,12.4,6.5,16.1,0,80.0,6.8,0.9
2024-01-19,11,10.8,6.1,17.6,0,68.0,7.2,0
2024-01-19,12,7.7,3.4,10.7,1.6,75.0,17.6,2.8
2024-01-19,13,8.3,2.4,14.0,0.2,78.0,16.2,1.7
2024-01-19,14,10.5,6.1,15.9,0,67.0,9.7,2.3
2024-01-19,15,8.8,4.3,15.0,0,74.0,14.1,2.2
2024-01-19,16,10.0,4.7,15.8,0,82.0,27.5,3.5
2024-01-19,17,9.1,3.5,13.9,0,69.0,6.6,0.9
2024-01-19,18,3.9,-1.3,7.7,0,67.0,18.0,4.2
2024-01-19,19,12.9,7.0,18.9,0.0,63.0,13.9,3.8
2024-01-19,20,13.9,10.8,18.7,0,77.0,32.8,3.5
2024-01-19,21,4.5,-0.4,10.8,7.5,61.0,12.0,2.5
2024-01-19,22,6.6,0.7,11.7,0,57.0,20.4,4.2
2024-01-19,23,8.7,3.1,14.4,0,48.0,9.7,6.2
2024-01-19,24,8.6,3.9,14.6,0,69.0,20.5,3.6
2024-01-19,25,7.4,1.6,11.3,4.6,68.0,4.5,4.5
2024-01-20,1,10.8,5.6,13.9,0,78.0,16.2,0.9
2024-01-20,2,8.2,4.3,13.8,0.3,73.0,32.6,5.0
2024-01-20,3,10.2,5.3,14.0,0,64.0,17.8,4.9
2024-01-20,4,10.4,4.9,16.9,0,69.0,1.5,3.8
2024-01-20,5,12.0,8.9,17.8,0.3,80.0,17.7,3.7
2024-01-20,6,12.4,6.7,17.1,2.0,81.0,11.8,4.1
2024-01-20,7,11.4,6.2,14.6,0,77.0,29.9,3.5
2024-01-20,8,10.2,6.3,15.9,0,84.0,11.4,6.1
2024-01-20,9,8.9,5.8,12.5,2.5,81.0,19.5,0
2024-01-20,10,10.3,6.4,16.9,0,81.0,22.8,1.1
2024-01-20,11,11.0,5.4,14.6,2.8,78.0,7.1,3.9
2024-01-20,12,11.7,6.4,17.6,7.8,81.0,17.6,2.0
2024-01-20,13,9.5,5.8,13.0,0,74.0,12.6,2.5
2024-01-20,14,11.9,7.3,17.5,1.7,44.0,15.0,3.7
2024-01-20,15,6.5,2.5,12.2,1.8,71.0,19.7,3.1
2024-01-20,16,9.9,5.0,15.7,2.3,77.0,22.2,0
2024-01-20,17,9.0,3.6,14.8,0,60.0,13.7,4.1
2024-01-20,18,4.8,0.3,9.5,0,52.0,11.2,2.8
2024-01-20,19,12.0,8.2,18.3,0,61.0,19.3,5.0
2024-01-20,20,10.7,5.0,17.1,0,54.0,19.0,0.9
2024-01-20,21,6.8,3.7,10.9,0,63.0,3.7,2.2
2024-01-20,22,8.1,2.4,13.4,0,73.0,21.3,4.0
2024-01-20,23,11.2,8.1,15.1,0,48.0,27.1,2.4
2024-01-20,24,9.9,6.5,15.2,0,70.0,18.1,2.1
2024-01-20,25,6.9,3.8,13.0,0.6,38.0,16.2,4.9
2024-01-21,1,7.4,3.2,14.0,0,72.0,26.2,3.3
2024-01-21,2,13.1,8.2,17.2,0,86.0,5.8,1.8
2024-01-21,3,9.0,4.2,15.5,1.0,79.0,20.6,2.6
2024-01-21,4,7.7,3.7,13.9,0,82.0,31.5,2.9
2024-01-21,5,9.0,4.5,13.1,0.7,77.0,3.2,1.1
2024-01-21,6,9.2,5.2,12.6,0,67.0,4.4,3.0
2024-01-21,7,10.4,6.7,13.9,0,70.0,21.4,4.1
2024-01-21,8,12.0,8.5,18.7,0,74.0,2.5,5.0
2024-01-21,9,9.0,3.8,15.3,0,58.0,17.3,4.8
2024-01-21,10,9.3,5.7,14.0,1.6,72.0,16.2,0.7
2024-01-21,11,9.9,4.9,16.6,0,78.0,22.1,3.4
2024-01-21,12,11.0,6.5,17.7,0,80.0,20.0,0.9
2024-01-21,13,10.2,5.4,16.7,0,79.0,15.1,2.1
2024-01-21,14,10.3,5.6,13.3,0,54.0,11.3,1.3
2024-01-21,15,7.2,2.1,11.9,0,88.0,1.4,3.0
2024-01-21,16,9.8,4.0,16.1,0,88.0,9.5,3.3
2024-01-21,17,8.8,5.5,14.2,0,36.0,15.0,2.9
2024-01-21,18,5.4,0.9,10.5,0.7,58.0,17.7,1.3
2024-01-21,19,13.7,9.0,17.8,0,69.0,4.9,1.9
2024-01-21,20,14.0,10.4,19.2,0,63.0,19.4,4.5
2024-01-21,21,2.3,-2.4,8.4,0.7,71.0,17.6,2.2
2024-01-21,22,7.6,1.8,11.0,6.9,80.0,18.5,0.8
2024-01-21,23,9.9,5.7,15.5,0,41.0,19.0,1.2
2024-01-21,24,9.5,5.7,14.0,0,72.0,12.1,0
2024-01-21,25,5.7,1.8,12.5,3.1,63.0,19.2,4.3
2024-01-22,1,13.0,7.2,18.1,5.5,74.0,2.6,2.6
2024-01-22,2,8.4,4.3,14.0,0,65.0,20.5,3.4
2024-01-22,3,8.3,4.1,12.1,4.4,80.0,23.8,1.9
2024-01-22,4,9.8,5.1,14.2,0,63.0,18.0,6.6
2024-01-22,5,8.6,5.6,12.3,3.2,77.0,7.7,2.8
2024-01-22,6,11.4,7.7,16.6,0,81.0,15.0,4.4
2024-01-22,7,10.2,6.5,14.6,0,83.0,7.9,0
2024-01-22,8,12.5,8.8,17.1,0,69.0,17.3,5.1
2024-01-22,9,11.6,7.5,16.7,0,63.0,14.4,4.0
2024-01-22,10,9.1,5.1,14.3,0.7,78.0,17.0,4.7
2024-01-22,11,12.0,6.2,15.7,0,90.0,15.6,3.9
2024-01-22,12,10.8,5.3,17.2,5.0,84.0,17.4,3.2
2024-01-22,13,10.6,7.6,17.0,0,61.0,19.5,1.6
2024-01-22,14,10.8,5.2,16.1,0,84.0,20.6,5.1
2024-01-22,15,8.4,3.2,11.9,3.0,80.0,16.9,2.7
2024-01-22,16,9.7,4.4,14.6,2.0,89.0,14.6,3.0
2024-01-22,17,7.9,4.6,12.3,0,46.0,17.4,3.9
2024-01-22,18,5.1,1.1,8.8,0,78.0,3.3,4.0
2024-01-22,19,11.6,7.2,16.9,0,69.0,9.3,0.3
2024-01-22,20,12.1,7.4,18.5,0,49.0,19.1,0.5
2024-01-22,21,6.7,2.4,10.2,0,69.0,8.3,1.4
2024-01-22,22,6.7,3.0,13.2,0.5,75.0,17.9,3.7
2024-01-22,23,10.2,6.9,16.1,0,59.0,8.5,4.3
2024-01-22,24,10.6,6.4,15.0,0,68.0,6.7,1.6
2024-01-22,25,6.5,0.5,10.6,0,48.0,1.2,2.6
2024-01-23,1,9.6,4.8,14.5,0,74.0,22.7,1.3
2024-01-23,2,11.6,6.8,16.2,0,70.0,21.5,3.5
2024-01-23,3,9.3,4.2,14.8,7.9,84.0,18.7,0
2024-01-23,4,10.2,5.8,13.8,0,64.0,19.1,3.6
2024-01-23,5,10.2,4.9,14.0,0.4,88.0,23.4,2.2
2024-01-23,6,12.6,8.0,19.6,3.8,79.0,31.0,4.6
2024-01-23,7,10.7,5.5,15.5,2.0,80.0,16.0,3.2
2024-01-23,8,9.4,3.9,14.3,0,90.0,24.3,2.1
2024-01-23,9,13.6,9.0,19.0,0,85.0,14.9,0
2024-01-23,10,9.2,4.6,15.9,0,75.0,15.5,3.5
2024-01-23,11,10.5,7.0,13.5,0,86.0,15.2,2.0
2024-01-23,12,10.6,5.5,15.6,0,88.0,10.8,5.3
2024-01-23,13,9.6,4.2,14.8,5.1,53.0,9.4,3.3
2024-01-23,14,11.7,6.2,15.6,1.5,57.0,0.7,2.6
2024-01-23,15,8.3,4.5,13.9,1.7,72.0,16.1,3.4
2024-01-23,16,12.0,7.6,16.8,0,79.0,8.0,2.9
2024-01-23,17,11.0,7.9,17.9,0,71.0,21.1,4.0
2024-01-23,18,6.3,3.3,10.2,0,58.0,17.1,1.1
2024-01-23,19,11.1,8.0,14.4,0,72.0,18.8,3.8
2024-01-23,20,11.2,7.7,17.8,0,70.0,14.1,3.0
2024-01-23,21,9.4,5.2,16.3,25.0,66.0,19.1,5.2
2024-01-23,22,9.4,5.7,13.9,0,73.0,19.3,2.5
2024-01-23,23,10.0,5.4,13.5,0,30.0,12.7,4.2
2024-01-23,24,12.3,6.4,16.2,0.1,78.0,17.9,0.9
2024-01-23,25,6.8,0.9,12.1,0,60.0,13.2,2.0
2024-01-24,1,10.4,5.9,16.2,12.6,67.0,15.2,2.4
2024-01-24,2,9.8,5.1,13.2,0,77.0,10.8,4.6
2024-01-24,3,9.4,3.8,15.4,1.7,67.0,14.0,1.8
2024-01-24,4,12.6,7.9,17.7,0,76.0,5.8,2.1
2024-01-24,5,9.5,3.9,14.9,0,82.0,20.3,4.5
2024-01-24,6,7.6,3.0,12.5,0,79.0,2.0,2.8
2024-01-24,7,13.2,9.1,18.6,0.2,69.0,29.5,2.3
2024-01-24,8,12.4,7.1,16.1,1.4,87.0,13.4,3.5
2024-01-24,9,11.0,5.2,14.8,0.2,68.0,15.7,3.2
2024-01-24,10,10.3,5.9,15.8,0,64.0,20.4,3.2
2024-01-24,11,11.1,5.3,16.7,0,77.0,19.4,1.4
2024-01-24,12,10.2,5.0,16.8,0,72.0,15.8,2.4
2024-01-24,13,7.8,2.6,14.1,0.6,57.0,11.3,2.8
2024-01-24,14,12.5,8.9,18.1,0,76.0,24.7,2.3
2024-01-24,15,7.8,2.5,13.1,0,75.0,12.5,1.4
2024-01-24,16,13.7,9.1,18.7,0,85.0,4.4,2.5
2024-01-24,17,11.8,7.1,18.8,0,46.0,5.3,4.0
2024-01-24,18,6.4,2.7,11.6,2.4,52.0,14.7,1.5
2024-01-24,19,9.2,6.2,12.3,0,69.0,19.3,3.0
2024-01-24,20,12.9,7.0,16.8,0,63.0,17.6,0
2024-01-24,21,8.6,4.1,13.9,0.5,52.0,10.5,3.1
2024-01-24,22,7.3,3.6,11.4,3.8,83.0,9.9,2.5
2024-01-24,23,11.7,7.2,16.6,0,47.0,10.7,0.2
2024-01-24,24,12.1,8.9,18.3,5.9,81.0,21.4,2.3
2024-01-24,25,9.0,3.2,12.5,0,50.0,14.8,0
2024-01-25,1,12.3,7.4,15.5,0,68.0,10.6,4.7
2024-01-25,2,9.3,5.8,15.0,0,84.0,28.2,2.5
2024-01-25,3,9.8,5.5,15.9,1.5,72.0,1.9,3.3
2024-01-25,4,9.3,5.1,14.0,0,71.0,15.7,1.2
2024-01-25,5,10.9,6.2,16.1,0,82.0,9.1,2.8
2024-01-25,6,10.2,5.2,15.5,2.1,83.0,11.6,3.7
2024-01-25,7,10.5,5.2,14.1,4.7,86.0,18.6,1.0
2024-01-25,8,8.5,4.8,14.3,3.5,83.0,26.3,4.2
2024-01-25,9,11.5,8.0,17.8,0,81.0,7.0,5.2
2024-01-25,10,10.8,6.8,16.8,1.4,79.0,15.0,1.0
2024-01-25,11,7.8,2.8,13.5,7.8,61.0,8.9,2.7
2024-01-25,12,12.1,7.0,16.2,0,80.0,17.8,2.8
2024-01-25,13,8.1,2.3,12.5,0.8,53.0,20.9,2.0
2024-01-25,14,14.2,9.0,20.8,0,67.0,12.2,2.6
2024-01-25,15,11.4,6.7,17.3,13.8,100.0,11.9,4.6
2024-01-25,16,11.7,6.6,16.1,14.9,75.0,21.4,2.8
2024-01-25,17,10.0,5.9,17.0,0,55.0,33.3,1.7
2024-01-25,18,6.2,2.0,9.7,0,65.0,3.1,2.6
2024-01-25,19,14.5,10.2,19.8,0,54.0,10.8,4.8
2024-01-25,20,12.1,7.2,17.5,0,64.0,16.3,3.7
2024-01-25,21,6.1,0.3,10.8,0,52.0,16.5,0.8
2024-01-25,22,7.0,3.8,12.1,0,64.0,21.2,5.6
2024-01-25,23,10.9,6.9,17.8,0,45.0,10.6,5.3
2024-01-25,24,11.3,6.1,14.9,0.6,64.0,38.1,3.7
2024-01-25,25,6.4,1.6,11.8,0.1,49.0,27.2,4.2
2024-01-26,1,12.4,8.0,18.0,1.8,85.0,10.3,3.1
2024-01-26,2,10.7,4.8,17.4,0,81.0,17.0,5.2
2024-01-26,3,10.8,7.3,17.6,3.5,78.0,8.9,0.2
2024-01-26,4,11.7,6.4,17.1,0,68.0,13.5,1.5
2024-01-26,5,12.3,7.7,17.9,0,70.0,18.7,3.2
2024-01-26,6,7.5,1.9,11.5,0,78.0,17.3,3.0
2024-01-26,7,9.8,4.0,13.6,0,85.0,25.3,1.3
2024-01-26,8,11.6,7.7,18.3,0,81.0,22.3,2.0
2024-01-26,9,11.1,6.6,14.8,0,67.0,22.9,1.8
2024-01-26,10,10.4,7.4,15.3,0,74.0,28.1,1.1
2024-01-26,11,12.4,7.5,18.3,4.4,82.0,25.5,4.3
2024-01-26,12,10.9,5.7,16.8,0,75.0,11.4,2.4
2024-01-26,13,9.0,5.4,13.3,0,62.0,18.1,2.3
2024-01-26,14,14.1,10.9,18.3,0,79.0,21.4,2.7
2024-01-26,15,11.6,5.8,14.7,0,96.0,24.4,3.1
2024-01-26,16,9.1,4.2,14.0,2.9,76.0,6.7,3.5
2024-01-26,17,8.9,3.3,13.1,0,52.0,17.3,2.1
2024-01-26,18,6.3,2.2,9.9,2.6,60.0,9.3,2.2
2024-01-26,19,13.6,7.6,17.2,0,65.0,8.4,1.0
2024-01-26,20,11.3,5.4,17.3,0,59.0,28.3,3.6
2024-01-26,21,6.0,0.5,12.0,0,83.0,23.3,3.7
2024-01-26,22,10.0,6.0,14.7,1.1,77.0,24.7,3.7
2024-01-26,23,12.6,9.3,18.5,0,42.0,18.0,0.7
2024-01-26,24,7.9,4.1,13.2,0,81.0,24.9,2.1
2024-01-26,25,5.7,1.2,11.9,0,56.0,15.7,4.2
2024-01-27,1,10.9,6.5,17.0,0,77.0,17.9,5.0
2024-01-27,2,10.2,6.1,16.4,3.7,74.0,12.7,2.0
2024-01-27,3,11.7,7.1,17.8,1.5,76.0,6.8,4.2
2024-01-27,4,13.3,9.8,19.7,0,69.0,6.0,3.3
2024-01-27,5,11.4,7.9,16.2,0,75.0,22.1,2.0
2024-01-27,6,11.9,8.8,17.0,0,57.0,10.6,1.3
2024-01-27,7,13.8,9.8,20.5,0,77.0,19.2,3.4
2024-01-27,8,12.6,8.5,17.8,2.5,70.0,16.5,3.7
2024-01-27,9,11.9,6.3,17.7,0,63.0,29.0,4.6
2024-01-27,10,9.6,5.7,14.7,0.8,81.0,20.2,3.3
2024-01-27,11,12.9,7.5,19.5,1.4,83.0,1.2,3.4
2024-01-27,12,10.9,5.6,14.3,0,85.0,10.0,2.6
2024-01-27,13,9.6,5.5,16.1,0.9,65.0,29.9,3.8
2024-01-27,14,13.5,7.9,16.9,0,63.0,15.0,2.7
2024-01-27,15,10.5,6.9,14.3,4.1,69.0,16.7,0.8
2024-01-27,16,11.8,8.4,18.6,0,81.0,23.0,4.2
2024-01-27,17,8.1,2.3,14.3,0,51.0,18.3,4.2
2024-01-27,18,7.7,4.5,10.8,0,52.0,22.5,3.5
2024-01-27,19,14.4,9.3,20.9,0,67.0,11.8,1.5
2024-01-27,20,12.3,8.7,18.3,0,69.0,30.9,4.7
2024-01-27,21,7.7,4.4,13.9,0,58.0,20.6,3.8
2024-01-27,22,6.4,2.0,13.2,10.2,55.0,14.6,4.5
2024-01-27,23,12.3,8.3,18.7,0,59.0,12.1,3.1
2024-01-27,24,11.9,6.4,16.0,3.3,80.0,6.8,3.0
2024-01-27,25,8.1,3.4,11.3,0,52.0,4.6,3.5
2024-01-28,1,10.8,7.3,15.7,0.8,79.0,12.1,1.6
2024-01-28,2,12.6,8.6,18.4,4.0,72.0,14.2,0.7
2024-01-28,3,11.1,6.3,15.4,2.1,69.0,12.1,4.5
2024-01-28,4,8.8,4.0,15.1,3.7,66.0,20.2,3.5
2024-01-28,5,12.0,6.7,18.2,0,82.0,10.3,1.7
2024-01-28,6,10.2,5.8,14.0,0,84.0,10.6,5.6
2024-01-28,7,10.5,4.7,16.4,0,60.0,25.6,3.0
2024-01-28,8,10.6,5.1,17.0,6.2,70.0,15.3,3.1
2024-01-28,9,7.8,4.5,12.0,1.0,62.0,5.5,2.0
2024-01-28,10,11.3,7.0,15.2,0.3,62.0,0.5,2.1
2024-01-28,11,10.5,6.6,17.0,0.0,84.0,12.3,2.4
2024-01-28,12,13.1,7.2,16.7,5.4,70.0,25.8,0.7
2024-01-28,13,8.5,3.6,13.3,0,45.0,18.4,1.8
2024-01-28,14,12.9,9.9,17.9,0,76.0,13.5,1.9
2024-01-28,15,12.2,9.1,15.4,2.5,75.0,2.9,1.2
2024-01-28,16,14.1,9.5,20.5,0,82.0,13.2,4.9
2024-01-28,17,7.3,3.6,12.8,0,51.0,9.1,1.1
2024-01-28,18,4.4,-0.4,11.1,0,55.0,23.8,3.2
2024-01-28,19,14.8,10.8,19.2,0,57.0,13.7,4.0
2024-01-28,20,12.5,8.6,18.7,0,53.0,7.8,1.7
2024-01-28,21,5.7,1.8,11.6,3.2,63.0,17.2,3.5
2024-01-28,22,8.4,3.5,12.5,6.1,60.0,1.0,1.1
2024-01-28,23,10.9,6.8,14.6,0,31.0,15.4,4.0
2024-01-28,24,10.3,4.4,17.2,0,73.0,21.6,0.5
2024-01-28,25,8.4,4.2,14.0,0,48.0,20.2,4.8
2024-01-29,1,11.1,7.3,17.4,2.2,70.0,6.0,3.4
2024-01-29,2,14.0,10.3,19.8,1.1,67.0,6.6,2.8
2024-01-29,3,10.2,6.0,14.4,0,87.0,18.5,3.0
2024-01-29,4,9.4,3.9,14.9,0,71.0,14.1,4.3
2024-01-29,5,11.2,6.4,16.0,0,68.0,15.6,5.4
2024-01-29,6,11.0,6.0,18.0,0.0,64.0,18.0,3.2
2024-01-29,7,10.5,5.5,14.9,0,81.0,15.0,3.5
2024-01-29,8,11.7,6.9,18.3,2.5,74.0,29.5,5.8
2024-01-29,9,13.6,9.4,19.6,0,75.0,16.7,2.2
2024-01-29,10,12.5,8.7,18.2,1.1,73.0,28.7,3.1
2024-01-29,11,10.8,5.5,14.8,0,67.0,14.5,3.7
2024-01-29,12,7.8,4.0,14.0,0.2,95.0,20.3,3.0
2024-01-29,13,8.1,4.8,13.2,0,70.0,12.1,2.7
2024-01-29,14,11.7,8.6,15.0,0,70.0,15.3,2.9
2024-01-29,15,8.4,5.4,11.5,0.9,80.0,11.2,4.5
2024-01-29,16,14.4,9.1,19.3,0,76.0,13.0,0.4
2024-01-29,17,10.5,6.3,16.2,0,55.0,22.2,4.4
2024-01-29,18,7.8,3.9,11.1,0,57.0,10.4,2.0
2024-01-29,19,14.1,8.6,20.2,0,57.0,18.0,5.0
2024-01-29,20,15.5,11.6,20.0,1.1,60.0,1.6,3.4
2024-01-29,21,6.9,3.8,10.0,0,70.0,15.6,4.6
2024-01-29,22,8.8,4.3,15.7,0,55.0,16.4,3.1
2024-01-29,23,10.5,5.3,15.1,0,49.0,9.5,1.7
2024-01-29,24,13.6,9.0,19.6,0.3,68.0,14.2,1.4
2024-01-29,25,11.7,6.9,15.7,0,58.0,26.3,3.3
2024-01-30,1,13.2,9.9,18.7,0,64.0,28.6,4.3
2024-01-30,2,12.4,7.6,15.7,1.5,80.0,21.7,1.1
2024-01-30,3,10.3,5.2,15.5,12.0,75.0,15.6,3.7
2024-01-30,4,11.2,7.3,17.2,1.7,75.0,18.0,4.2
2024-01-30,5,10.2,4.8,15.7,0.7,71.0,17.4,2.8
2024-01-30,6,14.3,9.2,19.7,4.6,74.0,17.4,1.6
2024-01-30,7,12.8,8.9,17.6,0.5,79.0,11.1,1.3
2024-01-30,8,11.8,8.5,18.1,1.5,65.0,10.1,2.9
2024-01-30,9,16.0,11.2,22.5,0,68.0,6.1,3.1
2024-01-30,10,11.2,8.0,14.6,3.3,66.0,23.0,2.3
2024-01-30,11,13.5,10.3,18.0,1.0,93.0,2.5,1.1
2024-01-30,12,11.0,7.8,16.2,0.1,79.0,11.9,3.2
2024-01-30,13,10.1,5.3,14.7,0,71.0,19.6,2.6
2024-01-30,14,13.7,10.0,18.4,0,71.0,17.4,2.8
2024-01-30,15,10.2,5.9,14.1,0,78.0,18.4,4.5
2024-01-30,16,11.2,7.1,15.3,0.1,77.0,9.1,2.7
2024-01-30,17,10.9,6.7,17.0,0,58.0,13.7,4.0
2024-01-30,18,7.7,1.9,13.0,0,39.0,16.0,4.7
2024-01-30,19,10.5,6.8,15.4,0,60.0,23.4,3.4
2024-01-30,20,14.2,9.9,18.1,0,58.0,31.7,2.1
2024-01-30,21,9.2,6.0,16.1,0,63.0,6.6,3.2
2024-01-30,22,6.2,1.2,9.6,0.4,75.0,15.2,0.9
2024-01-30,23,10.5,6.4,14.5,0,46.0,26.8,3.4
2024-01-30,24,11.8,7.1,17.1,0,81.0,10.7,3.4
2024-01-30,25,8.4,2.7,13.9,0,51.0,26.2,3.2
2024-01-31,1,9.3,4.7,13.5,0,81.0,11.5,1.3
2024-01-31,2,10.1,5.1,15.6,9.7,70.0,2.5,3.0
2024-01-31,3,10.7,6.6,15.6,1.6,74.0,7.5,1.4
2024-01-31,4,8.6,5.2,13.0,0,67.0,7.2,1.3
2024-01-31,5,11.1,6.0,17.1,0,57.0,7.7,6.2
2024-01-31,6,9.5,6.3,13.9,2.7,73.0,19.3,1.8
2024-01-31,7,9.5,3.8,14.3,0,72.0,9.3,1.2
2024-01-31,8,15.4,11.8,21.9,1.3,73.0,23.7,6.7
2024-01-31,9,12.8,9.5,16.4,0.4,72.0,16.6,3.2
2024-01-31,10,10.1,4.3,15.0,0,76.0,14.9,3.0
2024-01-31,11,11.9,6.5,18.2,0,79.0,9.6,5.0
2024-01-31,12,10.3,5.8,16.0,0,66.0,6.6,2.8
2024-01-31,13,7.1,3.2,13.3,1.1,55.0,11.3,6.1
2024-01-31,14,13.8,7.9,19.2,1.1,73.0,17.1,4.1
2024-01-31,15,9.9,4.5,13.6,27.4,63.0,7.3,2.5
2024-01-31,16,11.6,6.5,17.2,0,79.0,20.2,4.6
2024-01-31,17,11.6,8.3,14.7,0,51.0,17.3,0
2024-01-31,18,7.6,1.7,12.8,0,55.0,11.0,2.3
2024-01-31,19,16.7,11.4,23.7,0,50.0,19.0,1.0
2024-01-31,20,14.7,11.4,19.7,1.0,59.0,16.3,3.5
2024-01-31,21,7.3,3.2,11.6,0,64.0,18.3,5.0
2024-01-31,22,9.0,5.4,12.4,0,52.0,6.1,0
2024-01-31,23,13.0,8.6,18.4,0,41.0,26.1,4.0
2024-01-31,24,9.1,4.8,13.7,1.6,81.0,11.9,4.8
2024-01-31,25,7.8,2.2,13.8,0,53.0,10.5,3.6
2024-02-01,1,10.7,5.5,15.4,0,55.0,11.4,2.8
2024-02-01,2,9.7,5.1,14.0,0,95.0,8.5,2.5
2024-02-01,3,13.3,9.5,17.0,0,73.0,1.2,1.9
2024-02-01,4,12.0,8.2,17.0,0,87.0,11.6,5.2
2024-02-01,5,8.7,5.0,14.9,1.4,74.0,7.8,1.7
2024-02-01,6,12.7,8.9,16.4,0,82.0,13.8,3.0
2024-02-01,7,12.5,6.6,17.9,0,66.0,6.5,3.5
2024-02-01,8,12.3,6.3,18.5,0,88.0,14.8,3.0
2024-02-01,9,12.0,8.6,16.9,0,80.0,13.4,3.7
2024-02-01,10,10.8,4.9,14.0,0,78.0,12.9,2.9
2024-02-01,11,12.6,7.3,18.0,1.3,88.0,8.8,6.0
2024-02-01,12,12.2,7.2,16.7,0,71.0,12.3,4.0
2024-02-01,13,11.0,5.6,15.6,0,67.0,17.9,4.2
2024-02-01,14,10.3,4.9,15.5,0,67.0,29.8,2.5
2024-02-01,15,10.3,4.9,15.0,0,67.0,18.2,3.9
2024-02-01,16,13.8,8.7,17.3,0,76.0,24.7,3.2
2024-02-01,17,10.8,6.9,16.8,0.2,51.0,10.8,1.2
2024-02-01,18,6.6,0.6,11.3,0,62.0,16.2,3.5
2024-02-01,19,12.1,8.5,15.2,0,63.0,7.5,2.4
2024-02-01,20,14.0,10.1,17.1,0.1,61.0,6.5,2.1
2024-02-01,21,8.9,5.8,12.4,0,79.0,13.2,5.3
2024-02-01,22,6.9,1.6,12.4,0.3,78.0,20.8,1.0
2024-02-01,23,9.4,3.5,13.1,0,40.0,27.9,3.4
2024-02-01,24,14.1,8.6,19.0,0,65.0,19.7,5.4
2024-02-01,25,11.2,5.2,15.9,0,65.0,3.7,4.7
2024-02-02,1,10.6,6.0,15.6,1.2,80.0,14.4,2.8
2024-02-02,2,9.8,5.4,15.7,0,73.0,18.1,2.5
2024-02-02,3,7.6,3.4,14.1,0,85.0,21.1,0.0
2024-02-02,4,11.1,6.1,16.8,2.7,73.0,13.2,2.7
2024-02-02,5,9.4,3.5,15.4,0,81.0,18.7,4.6
2024-02-02,6,11.6,6.0,16.2,2.2,78.0,1.4,3.4
2024-02-02,7,12.7,7.4,18.9,0,65.0,7.7,5.1
2024-02-02,8,16.7,12.2,20.3,0,68.0,21.7,4.6
2024-02-02,9,12.7,9.6,18.6,0,88.0,13.1,3.4
2024-02-02,10,13.1,9.2,17.4,0,79.0,15.8,1.2
2024-02-02,11,10.3,5.9,14.4,0,76.0,5.0,3.3
2024-02-02,12,12.7,9.6,18.7,0,68.0,17.9,2.9
2024-02-02,13,7.5,3.2,10.7,2.6,67.0,18.1,0.3
2024-02-02,14,14.1,10.1,18.6,0,75.0,6.6,2.7
2024-02-02,15,9.2,4.8,14.5,0.3,76.0,14.1,5.4
2024-02-02,16,10.9,5.6,15.0,2.4,84.0,20.3,4.4
2024-02-02,17,10.8,5.5,16.3,0,42.0,7.4,5.4
2024-02-02,18,6.7,2.9,10.6,0.3,59.0,8.9,0.6
2024-02-02,19,14.5,9.8,17.6,0,65.0,6.5,4.2
2024-02-02,20,13.5,9.1,16.6,0,63.0,8.6,2.8
2024-02-02,21,9.7,4.7,13.6,8.0,73.0,12.6,2.6
2024-02-02,22,7.6,4.0,13.1,0,85.0,28.9,4.7
2024-02-02,23,12.1,8.2,17.4,0,48.0,0.7,0.7
2024-02-02,24,10.9,6.1,15.0,0,63.0,6.7,3.1
2024-02-02,25,8.7,3.3,13.8,0,58.0,11.4,2.3
2024-02-03,1,10.4,5.9,16.1,0,75.0,23.2,2.0
2024-02-03,2,10.4,5.9,16.1,0,72.0,20.8,3.0
2024-02-03,3,9.6,4.1,16.2,0,61.0,14.6,2.9
2024-02-03,4,11.9,8.2,17.9,0,81.0,19.6,2.2
2024-02-03,5,13.5,8.6,19.9,1.3,60.0,21.5,5.4
2024-02-03,6,11.5,8.0,14.6,0,79.0,11.6,5.0
2024-02-03,7,14.2,8.4,18.0,0.1,75.0,16.6,2.3
2024-02-03,8,10.5,7.4,16.4,0,72.0,31.0,4.5
2024-02-03,9,11.9,8.7,18.7,0,75.0,7.1,0.7
2024-02-03,10,10.1,4.6,14.0,0,78.0,10.9,3.4
2024-02-03,11,11.1,5.8,16.2,0,68.0,24.1,4.5
2024-02-03,12,12.3,6.8,18.2,0,70.0,14.3,0
2024-02-03,13,10.6,7.0,14.7,0,66.0,16.8,3.1
2024-02-03,14,11.1,7.8,16.3,0,65.0,15.1,4.7
2024-02-03,15,11.3,6.8,15.7,5.6,75.0,16.8,3.2
2024-02-03,16,12.4,9.3,19.1,0,61.0,14.9,4.9
2024-02-03,17,8.8,3.0,14.5,0,43.0,15.7,5.1
2024-02-03,18,11.1,5.3,17.7,8.3,58.0,15.3,2.2
2024-02-03,19,14.4,10.1,18.7,0,58.0,6.3,1.4
2024-02-03,20,13.8,8.5,18.8,0,65.0,21.4,2.8
2024-02-03,21,5.5,2.2,9.1,0.3,76.0,3.6,4.6
2024-02-03,22,7.7,2.6,13.7,0,63.0,18.5,4.9
2024-02-03,23,12.0,8.4,16.2,0,42.0,19.7,4.2
2024-02-03,24,10.8,5.9,14.3,0,60.0,1.0,5.3
2024-02-03,25,6.3,2.9,10.0,0,60.0,12.0,4.5
2024-02-04,1,12.7,8.6,17.3,0,76.0,13.5,3.4
2024-02-04,2,13.4,8.6,17.3,2.2,73.0,13.8,6.4
2024-02-04,3,13.5,8.7,17.1,0,75.0,20.0,5.2
2024-02-04,4,13.3,8.0,20.0,0,73.0,9.3,3.5
2024-02-04,5,12.6,7.1,16.6,0,91.0,8.7,4.6
2024-02-04,6,11.8,6.3,17.7,0.8,78.0,15.5,3.2
2024-02-04,7,13.8,9.4,17.8,0,74.0,13.0,3.0
2024-02-04,8,9.7,3.8,14.3,1.3,78.0,5.4,4.4
2024-02-04,9,14.2,11.1,20.9,0,74.0,8.3,5.1
2024-02-04,10,11.2,6.1,17.5,1.3,56.0,1.2,6.3
2024-02-04,11,11.8,6.1,15.0,0.6,73.0,7.7,3.6
2024-02-04,12,11.6,6.4,16.3,1.2,78.0,24.3,3.3
2024-02-04,13,11.8,7.7,16.5,0,61.0,13.8,6.3
2024-02-04,14,15.1,10.8,18.8,0,63.0,4.6,3.7
2024-02-04,15,8.0,3.1,12.8,0.3,73.0,18.7,5.0
2024-02-04,16,13.6,10.2,20.2,0,83.0,7.4,5.1
2024-02-04,17,8.9,5.5,14.7,0,49.0,11.8,4.3
2024-02-04,18,6.8,1.6,13.1,0,72.0,12.1,2.6
2024-02-04,19,14.1,8.8,17.9,0,62.0,15.2,5.3
2024-02-04,20,15.1,11.3,22.0,0,66.0,2.1,6.0
2024-02-04,21,9.6,6.6,14.5,0,71.0,3.8,3.8
2024-02-04,22,8.8,4.9,12.0,0,77.0,3.6,4.6
2024-02-04,23,15.5,10.1,19.0,0,42.0,17.1,2.3
2024-02-04,24,12.2,7.6,17.7,1.1,60.0,15.9,6.1
2024-02-04,25,9.2,5.5,13.7,0,56.0,3.0,0.5
2024-02-05,1,12.3,6.9,18.3,0,77.0,24.0,2.4
2024-02-05,2,11.2,7.1,15.0,0,75.0,10.2,4.3
2024-02-05,3,11.1,6.8,15.6,3.6,70.0,23.0,4.6
2024-02-05,4,13.9,8.9,19.7,0,70.0,3.6,3.2
2024-02-05,5,13.1,9.8,19.3,16.2,77.0,12.3,2.4
2024-02-05,6,11.6,6.9,16.8,0,81.0,5.5,3.4
2024-02-05,7,11.4,6.2,17.6,0,80.0,3.2,2.3
2024-02-05,8,15.3,10.9,21.4,0,76.0,23.0,4.0
2024-02-05,9,12.3,7.1,18.3,0,62.0,17.6,2.3
2024-02-05,10,15.0,11.4,18.3,0,62.0,14.3,5.8
2024-02-05,11,12.1,7.9,15.1,0,77.0,7.1,3.9
2024-02-05,12,11.0,5.8,15.2,0,66.0,5.9,2.0
2024-02-05,13,12.9,7.5,16.3,0.5,59.0,20.0,1.4
2024-02-05,14,13.8,9.3,17.3,0,69.0,23.6,1.1
2024-02-05,15,10.7,5.4,14.3,0.7,78.0,25.7,2.2
2024-02-05,16,11.2,8.1,16.0,0.9,78.0,18.8,2.3
2024-02-05,17,10.2,4.7,14.9,0,55.0,4.5,3.6
2024-02-05,18,6.9,3.8,11.5,0,27.0,12.0,0.1
2024-02-05,19,16.6,12.9,19.9,0.8,53.0,9.0,3.2
2024-02-05,20,12.3,8.9,17.7,0,48.0,6.9,4.1
2024-02-05,21,10.0,5.6,14.8,4.3,78.0,7.8,0.5
2024-02-05,22,10.7,6.3,17.2,0,55.0,8.6,4.6
2024-02-05,23,14.4,10.3,19.3,0,38.0,17.9,4.4
2024-02-05,24,11.4,6.9,15.1,2.6,70.0,20.2,0.1
2024-02-05,25,8.5,3.8,15.5,0,55.0,14.2,5.8
2024-02-06,1,13.1,8.6,19.3,0.4,86.0,16.5,5.5
2024-02-06,2,7.0,1.6,13.1,0,74.0,1.0,2.5
2024-02-06,3,13.6,8.8,17.0,10.5,59.0,21.2,0
2024-02-06,4,11.9,6.6,17.3,0,50.0,23.3,4.8
2024-02-06,5,10.8,7.5,14.7,5.1,73.0,11.5,1.2
2024-02-06,6,8.7,5.3,13.2,0,73.0,18.8,4.3
2024-02-06,7,15.5,12.4,21.8,0,72.0,13.9,4.5
2024-02-06,8,12.7,8.4,18.2,3.8,87.0,1.2,3.1
2024-02-06,9,13.8,8.0,20.4,0,75.0,2.9,3.4
2024-02-06,10,14.3,9.0,20.1,0,66.0,21.6,4.2
2024-02-06,11,10.3,6.0,14.9,8.4,85.0,21.1,5.2
2024-02-06,12,16.6,11.2,23.1,0,74.0,0.4,5.1
2024-02-06,13,10.0,4.8,14.2,0,46.0,23.0,0.8
2024-02-06,14,13.1,8.9,18.7,0,64.0,7.1,2.2
2024-02-06,15,10.1,4.7,15.7,0,81.0,17.5,3.2
2024-02-06,16,11.5,6.3,18.0,0,73.0,9.6,3.4
2024-02-06,17,9.4,5.4,15.0,2.7,51.0,9.0,3.3
2024-02-06,18,8.4,4.1,13.4,0,51.0,18.4,2.7
2024-02-06,19,13.5,8.2,20.3,0,62.0,14.3,3.6
2024-02-06,20,13.7,8.4,19.0,0,67.0,25.9,2.8
2024-02-06,21,9.5,5.6,15.2,0,62.0,11.1,3.3
2024-02-06,22,7.6,4.3,12.7,6.8,74.0,10.7,3.9
2024-02-06,23,11.2,7.9,15.9,0,45.0,15.7,4.2
2024-02-06,24,11.1,6.4,17.2,0,65.0,5.2,2.5
2024-02-06,25,12.0,6.2,18.0,0,54.0,19.9,5.1
2024-02-07,1,10.2,4.3,15.3,0,72.0,12.0,2.1
2024-02-07,2,12.7,8.1,19.4,6.9,73.0,20.9,4.6
2024-02-07,3,11.4,8.1,15.7,1.3,81.0,19.4,3.8
2024-02-07,4,12.2,6.4,16.4,0.7,63.0,15.0,3.6
2024-02-07,5,11.3,8.2,16.3,2.3,72.0,10.9,4.9
2024-02-07,6,13.3,9.9,16.9,0,60.0,15.9,1.5
2024-02-07,7,14.5,11.2,20.0,0,85.0,2.0,5.8
2024-02-07,8,12.8,7.8,17.6,0.3,77.0,15.9,4.0
2024-02-07,9,11.1,7.2,16.7,0,59.0,32.1,5.6
2024-02-07,10,10.4,4.6,15.5,0,65.0,13.4,3.7
2024-02-07,11,11.5,5.7,15.6,5.8,68.0,20.6,2.0
2024-02-07,12,14.1,10.2,19.5,0,82.0,21.7,3.1
2024-02-07,13,11.2,6.6,15.7,9.4,63.0,8.7,3.4
2024-02-07,14,14.9,11.5,21.7,0,79.0,34.0,5.1
2024-02-07,15,12.5,8.6,15.9,12.1,90.0,14.0,7.3
2024-02-07,16,13.4,9.7,18.8,1.9,73.0,4.5,3.6
2024-02-07,17,10.7,6.1,14.0,1.2,59.0,16.3,3.5
2024-02-07,18,6.0,2.7,12.1,0,53.0,22.3,5.1
2024-02-07,19,11.6,7.1,17.8,0,67.0,10.3,3.5
2024-02-07,20,14.5,8.6,19.7,1.5,81.0,25.8,3.2
2024-02-07,21,8.5,5.4,15.2,1.4,63.0,2.1,0
2024-02-07,22,10.1,4.6,14.3,3.4,60.0,18.1,4.0
2024-02-07,23,11.8,6.7,18.8,0,27.0,17.3,5.4
2024-02-07,24,12.9,7.0,18.4,0,57.0,13.3,2.5
2024-02-07,25,9.2,5.6,16.0,0,49.0,18.7,3.3
2024-02-08,1,13.8,10.8,16.9,2.9,66.0,11.9,2.1
2024-02-08,2,11.5,5.9,17.1,0,74.0,26.5,2.0
2024-02-08,3,11.3,5.4,15.8,0,73.0,3.4,5.6
2024-02-08,4,13.6,10.3,18.1,0.0,50.0,14.4,1.2
2024-02-08,5,11.0,7.4,17.3,0,61.0,17.0,2.8
2024-02-08,6,15.9,12.8,20.9,0,70.0,14.2,3.6
2024-02-08,7,15.3,12.0,19.4,0,73.0,17.5,4.6
2024-02-08,8,13.0,8.2,16.7,0,63.0,14.9,3.0
2024-02-08,9,15.7,10.1,21.6,0,62.0,16.0,3.5
2024-02-08,10,15.2,10.4,21.0,0,66.0,23.4,3.8
2024-02-08,11,11.7,6.1,15.9,0,66.0,11.6,4.2
2024-02-08,12,10.9,6.4,14.1,0,75.0,32.1,4.7
2024-02-08,13,9.9,5.8,14.3,0,60.0,23.6,0
2024-02-08,14,14.4,8.5,21.0,0,79.0,13.6,4.2
2024-02-08,15,11.4,7.1,14.5,0,77.0,29.1,2.6
2024-02-08,16,13.2,7.3,19.5,0,84.0,9.2,3.6
2024-02-08,17,12.9,8.6,16.3,0,56.0,30.3,6.6
2024-02-08,18,9.3,3.7,15.1,0,53.0,28.3,4.8
2024-02-08,19,16.5,12.2,19.9,0.0,65.0,19.8,2.5
2024-02-08,20,13.4,7.8,19.5,0,56.0,6.4,4.2
2024-02-08,21,7.3,4.0,12.9,0,71.0,24.5,4.1
2024-02-08,22,9.1,6.1,15.0,0,62.0,24.4,1.0
2024-02-08,23,14.2,10.1,19.1,0,48.0,16.7,4.5
2024-02-08,24,12.8,8.0,17.8,0,74.0,8.4,5.3
2024-02-08,25,9.3,4.8,14.7,0,53.0,24.5,3.4
2024-02-09,1,11.7,8.0,18.0,0,68.0,21.9,4.3
2024-02-09,2,14.3,10.7,17.5,2.3,70.0,11.8,2.3
2024-02-09,3,11.1,6.4,15.5,1.4,57.0,27.9,5.7
2024-02-09,4,13.6,7.9,19.2,0,66.0,9.6,4.0
2024-02-09,5,9.6,4.2,15.8,2.0,74.0,15.4,3.7
2024-02-09,6,13.6,8.9,17.1,3.9,73.0,21.4,3.1
2024-02-09,7,14.3,10.4,18.1,0.5,74.0,18.5,2.9
2024-02-09,8,13.6,9.8,17.0,0,79.0,22.6,5.5
2024-02-09,9,14.2,10.5,19.0,0,64.0,11.6,4.5
2024-02-09,10,10.5,5.6,15.2,0,66.0,27.2,5.9
2024-02-09,11,13.4,8.8,19.2,1.9,80.0,3.2,1.3
2024-02-09,12,12.9,7.4,17.1,0.9,66.0,10.5,2.9
2024-02-09,13,12.6,7.9,17.6,0,68.0,18.1,1.2
2024-02-09,14,13.5,9.3,20.0,0,63.0,8.2,5.1
2024-02-09,15,12.8,8.2,17.7,0,90.0,4.6,4.1
2024-02-09,16,11.6,6.6,15.4,0,64.0,9.4,4.1
2024-02-09,17,11.5,7.4,15.2,0,60.0,14.9,4.5
2024-02-09,18,8.3,3.7,12.2,2.2,50.0,10.5,5.2
2024-02-09,19,13.3,8.8,17.4,0.5,65.0,14.7,4.4
2024-02-09,20,15.7,11.2,20.9,0.3,57.0,15.6,4.6
2024-02-09,21,8.2,4.2,13.9,6.6,74.0,16.8,0.9
2024-02-09,22,10.6,7.2,17.0,0,74.0,9.0,3.5
2024-02-09,23,13.3,9.2,20.2,0,35.0,20.9,1.5
2024-02-09,24,14.3,8.4,21.1,0,73.0,16.8,6.2
2024-02-09,25,10.5,5.8,15.7,0,60.0,17.9,2.6
2024-02-10,1,14.8,10.5,21.5,0,79.0,0.5,5.0
2024-02-10,2,13.1,7.5,17.3,0,72.0,3.3,3.9
2024-02-10,3,11.6,7.3,17.6,0,76.0,12.5,2.7
2024-02-10,4,10.6,7.5,14.2,0,66.0,25.4,3.8
2024-02-10,5,13.3,8.6,17.9,11.6,55.0,22.3,4.5
2024-02-10,6,11.0,5.1,16.5,0.7,73.0,12.7,3.1
2024-02-10,7,14.3,11.3,18.1,0,65.0,10.9,4.6
2024-02-10,8,12.9,8.6,17.4,1.1,84.0,21.7,3.1
2024-02-10,9,14.1,9.8,20.0,0,68.0,19.5,3.3
2024-02-10,10,14.2,8.7,19.8,1.5,63.0,13.0,4.8
2024-02-10,11,12.6,9.0,19.5,0,68.0,19.9,2.1
2024-02-10,12,12.9,8.2,17.9,0,83.0,18.4,4.0
2024-02-10,13,9.5,5.5,15.9,0,47.0,3.5,5.7
2024-02-10,14,15.2,11.7,20.7,0,60.0,6.2,5.3
2024-02-10,15,11.7,6.6,14.9,0,75.0,24.1,6.5
2024-02-10,16,11.2,8.0,17.1,0,71.0,21.9,3.1
2024-02-10,17,11.5,7.4,17.5,0,47.0,16.5,2.4
2024-02-10,18,8.9,5.8,12.0,0,61.0,11.0,2.4
2024-02-10,19,13.9,10.4,17.1,0,68.0,13.9,3.1
2024-02-10,20,14.0,9.6,17.3,0,53.0,13.1,2.3
2024-02-10,21,8.3,4.9,14.7,0,67.0,16.8,4.6
2024-02-10,22,10.0,5.0,13.0,2.6,59.0,20.5,6.0
2024-02-10,23,14.7,10.4,17.9,0,35.0,3.3,3.6
2024-02-10,24,11.9,6.8,16.7,0,69.0,22.4,4.3
2024-02-10,25,10.8,5.0,14.6,0.1,60.0,29.8,4.1
2024-02-11,1,12.2,6.3,15.6,0,68.0,8.4,1.9
2024-02-11,2,14.1,8.7,18.4,0,74.0,1.8,1.5
2024-02-11,3,11.2,7.5,14.6,0.1,76.0,14.3,3.8
2024-02-11,4,12.7,7.7,16.8,0,77.0,31.0,4.8
2024-02-11,5,10.2,5.7,17.2,0,79.0,19.6,0.7
2024-02-11,6,11.4,8.1,15.7,0,70.0,1.1,6.2
2024-02-11,7,13.6,10.1,19.7,0,70.0,26.7,3.7
2024-02-11,8,13.8,8.0,18.6,0,75.0,14.5,2.2
2024-02-11,9,13.3,10.3,19.4,0.5,67.0,9.6,4.4
2024-02-11,10,14.1,9.6,17.9,0,70.0,11.3,3.1
2024-02-11,11,12.3,8.0,18.8,1.3,52.0,15.5,3.5
2024-02-11,12,13.4,8.0,19.4,4.4,68.0,12.0,4.8
2024-02-11,13,14.9,8.9,21.1,0,67.0,17.8,7.0
2024-02-11,14,13.5,8.6,16.7,0,65.0,17.5,3.8
2024-02-11,15,15.6,12.2,19.3,8.6,77.0,17.7,5.7
2024-02-11,16,12.0,8.5,15.8,0,78.0,9.7,3.2
2024-02-11,17,8.1,4.5,14.6,0,41.0,22.2,3.5
2024-02-11,18,7.4,3.1,12.8,0,62.0,26.1,7.0
2024-02-11,19,12.4,8.1,15.7,0,63.0,11.9,5.7
2024-02-11,20,14.0,9.9,18.3,0,59.0,6.5,3.3
2024-02-11,21,8.5,4.9,15.2,9.5,77.0,14.0,2.5
2024-02-11,22,8.9,4.7,14.9,1.7,69.0,18.1,3.9
2024-02-11,23,17.0,13.6,23.7,0,25.0,16.6,0.2
2024-02-11,24,12.7,8.7,18.6,0,59.0,13.1,4.3
2024-02-11,25,9.4,5.7,14.3,0,60.0,6.9,5.8
2024-02-12,1,14.7,11.3,20.2,0,73.0,18.6,4.9
2024-02-12,2,10.6,7.1,14.1,4.5,65.0,5.6,5.6
2024-02-12,3,13.2,7.4,19.7,2.0,70.0,11.6,2.4
2024-02-12,4,9.5,4.7,15.4,0,67.0,29.4,2.6
2024-02-12,5,14.1,8.7,20.3,0.9,79.0,14.9,1.7
2024-02-12,6,13.5,9.0,16.9,0,72.0,7.8,4.8
2024-02-12,7,13.3,9.7,17.0,1.8,82.0,11.1,4.0
2024-02-12,8,12.7,9.1,18.7,0,72.0,23.2,8.0
2024-02-12,9,14.7,8.9,18.1,0,62.0,18.0,4.3
2024-02-12,10,13.9,10.9,17.9,0,70.0,15.1,3.8
2024-02-12,11,12.8,7.8,18.9,0.8,96.0,17.0,2.6
2024-02-12,12,9.3,5.5,14.3,0,73.0,9.3,3.2
2024-02-12,13,11.3,7.3,15.3,0,54.0,6.2,5.3
2024-02-12,14,17.6,12.1,20.6,0,63.0,2.6,5.7
2024-02-12,15,12.5,9.1,17.6,0,77.0,15.1,2.9
2024-02-12,16,11.5,5.9,16.5,0,78.0,26.4,4.1
2024-02-12,17,13.0,8.1,19.5,0,48.0,13.9,1.8
2024-02-12,18,8.9,3.7,15.1,0,65.0,32.7,2.7
2024-02-12,19,12.9,7.8,16.3,0,63.0,5.1,2.6
2024-02-12,20,17.1,11.8,23.0,0.6,49.0,27.9,5.5
2024-02-12,21,14.3,9.9,20.9,0,65.0,5.1,4.2
2024-02-12,22,10.4,4.6,16.2,22.6,69.0,33.1,4.7
2024-02-12,23,13.0,9.2,18.9,0,48.0,26.4,3.4
2024-02-12,24,10.8,5.9,15.8,0,56.0,12.2,5.0
2024-02-12,25,7.7,4.6,12.1,0,46.0,14.4,1.6
2024-02-13,1,11.2,5.3,15.9,1.1,59.0,14.0,4.8
2024-02-13,2,11.6,8.0,18.4,0,80.0,19.8,5.0
2024-02-13,3,10.9,7.0,16.3,1.8,80.0,2.8,5.3
2024-02-13,4,13.7,10.3,19.4,0,53.0,15.9,4.2
2024-02-13,5,13.5,8.0,17.7,4.4,66.0,18.9,5.1
2024-02-13,6,12.6,7.2,15.8,2.7,56.0,12.6,3.0
2024-02-13,7,14.9,10.0,18.8,9.2,65.0,28.6,5.1
2024-02-13,8,15.1,9.6,21.9,3.6,84.0,27.3,2.9
2024-02-13,9,15.2,11.3,21.5,0,58.0,15.9,4.4
2024-02-13,10,12.5,8.0,16.9,0,73.0,26.6,5.1
2024-02-13,11,12.6,7.5,17.8,1.3,94.0,19.1,1.2
2024-02-13,12,16.6,12.7,22.2,0,82.0,6.4,4.7
2024-02-13,13,12.9,7.4,16.6,0,58.0,4.8,6.3
2024-02-13,14,16.8,11.2,21.3,0,74.0,12.9,3.3
2024-02-13,15,13.6,9.2,20.4,3.9,80.0,10.5,5.5
2024-02-13,16,15.2,11.5,18.7,0,84.0,11.5,6.0
2024-02-13,17,13.1,7.8,20.1,0,62.0,22.6,5.0
2024-02-13,18,9.6,4.7,14.3,0.4,49.0,23.3,5.6
2024-02-13,19,16.1,11.3,23.0,0,58.0,13.8,3.5
2024-02-13,20,14.0,8.0,19.8,0,56.0,20.0,5.0
2024-02-13,21,9.4,4.7,14.0,0,50.0,3.4,5.8
2024-02-13,22,10.9,7.7,17.3,0,54.0,19.9,2.1
2024-02-13,23,13.9,8.9,17.4,0,35.0,14.7,4.0
2024-02-13,24,11.5,8.3,16.8,0,74.0,20.2,4.7
2024-02-13,25,11.0,7.6,15.2,0,50.0,25.4,7.7
2024-02-14,1,12.2,9.1,19.0,0,66.0,12.3,6.0
2024-02-14,2,13.9,10.0,20.6,0,78.0,7.5,3.1
2024-02-14,3,12.0,8.9,15.1,7.0,60.0,15.9,5.0
2024-02-14,4,10.9,7.1,16.8,0,67.0,9.1,3.8
2024-02-14,5,12.3,7.9,19.1,0,68.0,19.1,3.9
2024-02-14,6,13.4,9.6,19.0,0,82.0,12.7,2.3
2024-02-14,7,12.8,9.3,19.1,0,66.0,16.8,2.7
2024-02-14,8,15.0,11.2,20.1,0,72.0,9.0,4.9
2024-02-14,9,16.6,11.3,20.2,0,77.0,14.5,4.8
2024-02-14,10,14.9,9.0,21.0,1.3,67.0,22.6,2.8
2024-02-14,11,13.6,9.6,18.9,1.0,72.0,17.0,4.4
2024-02-14,12,12.4,8.8,18.6,0,88.0,17.4,2.3
2024-02-14,13,13.3,8.5,17.4,0,55.0,12.3,2.0
2024-02-14,14,16.0,12.2,22.7,0,74.0,5.5,6.1
2024-02-14,15,11.7,7.3,16.5,3.4,70.0,10.5,7.8
2024-02-14,16,11.5,5.8,15.4,0,72.0,20.8,4.8
2024-02-14,17,12.5,7.6,15.8,0,35.0,23.7,5.3
2024-02-14,18,10.2,4.4,16.4,8.9,59.0,6.8,1.0
2024-02-14,19,16.5,11.4,22.2,0,68.0,15.9,4.3
2024-02-14,20,16.4,13.3,21.1,0,75.0,0.6,8.1
2024-02-14,21,8.4,2.4,15.2,0,50.0,23.4,4.6
2024-02-14,22,12.4,7.1,19.0,2.1,80.0,20.0,5.2
2024-02-14,23,15.7,12.2,22.6,0,44.0,8.5,1.6
2024-02-14,24,14.6,10.7,19.5,0.0,59.0,9.6,3.1
2024-02-14,25,14.2,8.3,19.3,0,45.0,30.5,2.9
2024-02-15,1,13.3,10.3,18.1,0.4,68.0,7.5,6.2
2024-02-15,2,12.8,8.5,16.6,0,71.0,21.6,3.3
2024-02-15,3,13.1,7.8,17.1,0,70.0,9.6,5.3
2024-02-15,4,14.4,10.6,21.4,0,64.0,10.9,4.5
2024-02-15,5,13.0,7.3,18.8,1.3,71.0,20.6,5.4
2024-02-15,6,12.8,7.8,19.6,0,73.0,19.0,4.2
2024-02-15,7,12.3,7.2,15.8,0,74.0,16.5,2.7
2024-02-15,8,13.7,8.2,17.2,0,61.0,16.1,3.5
2024-02-15,9,13.8,8.8,17.0,0,69.0,5.2,5.1
2024-02-15,10,15.7,11.8,19.0,0,68.0,5.4,2.6
2024-02-15,11,14.0,10.7,18.1,0,82.0,10.7,2.9
2024-02-15,12,10.9,7.6,16.9,0,78.0,20.9,7.0
2024-02-15,13,11.8,8.4,16.4,0,57.0,16.6,5.0
2024-02-15,14,16.0,10.4,20.5,0,66.0,8.1,0.2
2024-02-15,15,12.8,9.6,17.5,0.6,86.0,2.5,7.0
2024-02-15,16,13.8,8.1,17.5,2.9,68.0,12.1,5.3
2024-02-15,17,11.9,7.6,15.9,0,61.0,13.0,4.9
2024-02-15,18,8.2,2.9,11.7,0,45.0,19.9,1.9
2024-02-15,19,13.7,10.0,17.8,0,55.0,18.2,4.6
2024-02-15,20,14.1,11.0,21.0,0,53.0,17.2,3.3
2024-02-15,21,9.7,3.9,15.2,3.1,67.0,15.7,2.4
2024-02-15,22,11.3,7.1,17.2,0,67.0,15.9,1.3
2024-02-15,23,13.0,8.9,18.5,0,38.0,6.5,4.9
2024-02-15,24,9.3,3.9,13.0,13.4,69.0,10.1,7.9
2024-02-15,25,15.0,11.5,21.3,0,62.0,5.6,3.9
2024-02-16,1,14.6,10.0,19.8,0,74.0,10.7,3.7
2024-02-16,2,15.1,10.3,18.1,0,71.0,5.6,4.2
2024-02-16,3,12.9,7.3,17.1,0.5,64.0,16.6,6.1
2024-02-16,4,12.6,6.7,16.7,7.4,81.0,36.2,5.6
2024-02-16,5,14.1,10.8,19.7,0,71.0,22.0,4.1
2024-02-16,6,16.1,12.3,19.6,0,66.0,8.5,8.5
2024-02-16,7,14.0,9.9,19.9,0.8,73.0,26.7,4.5
2024-02-16,8,16.6,11.8,22.4,0,59.0,20.8,3.9
2024-02-16,9,12.7,9.1,17.5,0,60.0,18.2,6.3
2024-02-16,10,15.1,10.7,21.0,0,61.0,20.4,5.7
2024-02-16,11,12.0,6.5,15.7,0,76.0,19.7,4.0
2024-02-16,12,13.4,7.7,19.7,0,82.0,16.7,5.1
2024-02-16,13,11.1,6.1,15.7,0,64.0,23.7,6.2
2024-02-16,14,15.8,11.7,19.2,2.7,66.0,18.9,4.0
2024-02-16,15,12.8,7.0,18.2,0,71.0,29.1,4.5
2024-02-16,16,11.5,5.9,14.8,3.8,69.0,26.5,2.6
2024-02-16,17,11.9,8.2,17.1,0,59.0,13.4,4.2
2024-02-16,18,11.3,8.0,17.9,0,58.0,20.7,4.3
2024-02-16,19,15.8,11.8,20.0,0,68.0,10.1,2.2
2024-02-16,20,14.9,10.4,21.9,0,44.0,21.3,4.0
2024-02-16,21,11.7,7.7,18.4,0.2,69.0,19.9,5.6
2024-02-16,22,10.6,6.3,17.1,0,68.0,10.3,3.4
2024-02-16,23,15.3,10.8,19.8,0,36.0,26.9,2.8
2024-02-16,24,13.8,7.9,20.0,0.6,56.0,1.5,5.2
2024-02-16,25,14.2,10.9,18.9,0,51.0,19.3,5.4
2024-02-17,1,15.0,11.0,20.0,0,80.0,25.7,4.0
2024-02-17,2,12.7,6.9,19.4,0,67.0,5.5,3.8
2024-02-17,3,11.4,7.7,14.7,0,71.0,1.3,3.9
2024-02-17,4,13.7,10.4,18.1,6.8,65.0,9.1,5.7
2024-02-17,5,13.7,8.0,18.2,0,74.0,15.8,3.6
2024-02-17,6,10.5,5.9,17.2,0,75.0,16.4,5.4
2024-02-17,7,14.3,9.2,17.8,0,69.0,12.2,2.9
2024-02-17,8,15.0,10.2,19.9,0,74.0,17.5,5.1
2024-02-17,9,15.0,11.9,21.3,0,72.0,15.9,2.7
2024-02-17,10,15.4,9.6,20.3,0,75.0,4.2,5.1
2024-02-17,11,14.5,11.3,20.1,0,76.0,17.2,5.2
2024-02-17,12,12.5,6.7,17.4,0,80.0,14.5,6.3
2024-02-17,13,12.3,6.6,16.4,1.1,66.0,27.6,3.6
2024-02-17,14,14.9,10.7,21.1,0,67.0,12.5,4.0
2024-02-17,15,12.2,7.2,16.8,0.3,69.0,9.2,5.5
2024-02-17,16,14.2,10.1,20.3,0,77.0,15.3,5.3
2024-02-17,17,13.5,10.5,20.1,0,54.0,20.5,7.7
2024-02-17,18,9.7,5.0,12.9,0,59.0,12.5,4.4
2024-02-17,19,16.8,10.9,22.8,0,64.0,8.0,4.4
2024-02-17,20,14.7,11.3,20.4,0,65.0,22.5,3.3
2024-02-17,21,8.1,5.1,14.3,9.7,65.0,19.6,4.6
2024-02-17,22,11.0,6.1,17.8,1.1,60.0,13.2,3.6
2024-02-17,23,13.7,9.2,20.7,0,15.0,1.5,4.0
2024-02-17,24,12.5,8.6,18.0,0,73.0,27.2,5.0
2024-02-17,25,11.2,5.3,16.7,0,48.0,8.5,2.4
2024-02-18,1,13.6,8.3,17.9,0,71.0,20.0,1.4
2024-02-18,2,11.8,8.3,15.9,3.1,70.0,13.1,4.9
2024-02-18,3,13.0,7.0,19.9,0,61.0,2.0,5.7
2024-02-18,4,17.1,12.7,21.6,1.9,62.0,6.2,2.9
2024-02-18,5,11.7,6.9,16.0,2.1,75.0,0.6,5.4
2024-02-18,6,13.9,7.9,17.1,0,71.0,11.8,2.6
2024-02-18,7,14.8,10.7,20.1,0,76.0,17.7,7.5
2024-02-18,8,13.7,9.3,18.9,0,67.0,18.9,5.1
2024-02-18,9,17.4,13.2,22.1,0,80.0,21.7,5.0
2024-02-18,10,13.6,8.4,17.0,0,64.0,3.7,3.4
2024-02-18,11,14.6,9.9,21.5,0,79.0,28.4,5.5
2024-02-18,12,14.9,11.3,18.8,4.7,54.0,9.6,5.0
2024-02-18,13,13.3,9.4,16.6,0,64.0,7.0,4.9
2024-02-18,14,16.1,12.6,19.3,0,82.0,3.5,6.1
2024-02-18,15,12.6,6.8,17.6,8.3,82.0,23.4,4.1
2024-02-18,16,16.1,10.6,21.3,0,68.0,19.1,6.7
2024-02-18,17,12.1,7.2,18.4,0,48.0,20.9,2.3
2024-02-18,18,13.1,7.3,18.1,0,57.0,18.1,2.3
2024-02-18,19,15.7,9.8,22.5,0,73.0,7.4,2.9
2024-02-18,20,15.6,10.3,19.3,0,59.0,16.7,2.4
2024-02-18,21,11.1,7.5,16.8,0,70.0,9.8,5.5
2024-02-18,22,11.0,5.5,14.5,0,70.0,23.3,4.4
2024-02-18,23,13.2,8.9,20.1,0,52.0,22.9,3.7
2024-02-18,24,12.1,8.6,16.8,4.2,78.0,10.2,2.5
2024-02-18,25,10.8,5.1,14.2,3.8,35.0,16.2,4.6
2024-02-19,1,14.2,9.0,19.7,0,68.0,8.7,3.2
2024-02-19,2,14.3,8.8,18.2,0,59.0,11.3,4.3
2024-02-19,3,15.8,11.8,22.0,0,55.0,24.6,3.4
2024-02-19,4,13.9,8.1,20.0,0,62.0,13.7,6.7
2024-02-19,5,12.4,6.7,18.1,9.4,87.0,16.8,4.6
2024-02-19,6,14.3,9.7,20.3,0.7,56.0,7.4,3.8
2024-02-19,7,13.2,8.3,17.7,7.3,70.0,2.1,6.1
2024-02-19,8,12.7,8.5,17.0,0.7,81.0,14.0,3.8
2024-02-19,9,16.0,11.8,22.1,0,74.0,17.5,3.8
2024-02-19,10,14.3,11.2,17.3,0,70.0,21.4,6.2
2024-02-19,11,10.2,5.5,13.3,0,69.0,26.3,4.3
2024-02-19,12,14.2,9.3,18.1,6.1,70.0,12.8,1.8
2024-02-19,13,12.2,9.1,15.6,0.1,64.0,31.0,4.2
2024-02-19,14,18.2,14.8,21.8,0,77.0,16.4,5.1
2024-02-19,15,14.9,11.3,18.3,0,62.0,7.1,5.4
2024-02-19,16,13.8,9.6,20.4,0,69.0,10.5,4.8
2024-02-19,17,12.1,7.1,17.6,0,66.0,20.4,5.5
2024-02-19,18,7.3,2.5,10.3,0,76.0,14.9,5.3
2024-02-19,19,14.6,10.0,20.6,0,54.0,3.7,6.9
2024-02-19,20,16.9,13.6,22.6,0,61.0,14.2,5.5
2024-02-19,21,13.0,8.1,17.9,0,72.0,2.8,5.9
2024-02-19,22,12.6,9.0,19.0,0,60.0,18.6,4.4
2024-02-19,23,15.6,12.1,19.4,0,30.0,7.1,5.2
2024-02-19,24,12.6,8.6,16.0,0.9,67.0,4.7,7.1
2024-02-19,25,12.8,7.1,19.6,0,45.0,5.8,5.6
2024-02-20,1,16.3,11.8,20.9,6.0,56.0,10.4,5.0
2024-02-20,2,13.7,9.6,17.3,0.0,75.0,10.2,2.4
2024-02-20,3,14.2,10.2,18.1,1.2,80.0,16.3,5.6
2024-02-20,4,11.5,5.7,17.7,0,65.0,4.7,3.6
2024-02-20,5,13.0,7.6,16.8,2.7,63.0,21.1,5.0
2024-02-20,6,14.9,10.1,20.3,0.1,77.0,28.9,4.9
2024-02-20,7,14.6,10.2,18.1,0,72.0,24.6,5.0
2024-02-20,8,13.4,10.3,18.2,0,72.0,9.2,5.3
2024-02-20,9,14.1,10.9,20.2,0,74.0,21.4,5.0
2024-02-20,10,16.5,11.5,23.1,0,66.0,18.4,4.3
2024-02-20,11,14.6,11.2,21.6,0,90.0,14.1,3.5
2024-02-20,12,16.2,10.8,22.5,0,82.0,27.2,4.7
2024-02-20,13,16.2,13.1,19.4,0,65.0,13.9,6.9
2024-02-20,14,16.1,11.0,22.8,0,57.0,20.1,5.5
2024-02-20,15,14.4,8.8,21.0,0,85.0,10.2,3.0
2024-02-20,16,14.8,10.3,18.9,0,82.0,11.5,4.7
2024-02-20,17,13.5,9.5,19.9,0,37.0,5.5,2.2
2024-02-20,18,10.1,5.6,13.9,0,52.0,7.3,4.9
2024-02-20,19,14.8,9.4,20.9,0,60.0,7.5,7.9
2024-02-20,20,15.6,10.1,19.1,0,49.0,21.8,3.9
2024-02-20,21,9.3,5.7,13.9,2.6,68.0,7.3,1.2
2024-02-20,22,11.1,6.8,14.6,0.1,61.0,8.9,4.9
2024-02-20,23,13.5,9.4,16.9,0,41.0,11.6,5.4
2024-02-20,24,12.4,8.4,17.2,0.2,76.0,1.4,6.9
2024-02-20,25,12.6,9.1,16.7,0,58.0,11.2,4.5
2024-02-21,1,14.9,11.6,18.4,0,72.0,9.7,4.2
2024-02-21,2,12.7,7.0,18.5,0,68.0,10.6,5.3
2024-02-21,3,14.9,10.4,18.6,3.6,59.0,13.2,3.5
2024-02-21,4,14.8,9.1,20.3,0,70.0,22.3,2.9
2024-02-21,5,15.0,11.5,19.3,0,81.0,26.5,4.2
2024-02-21,6,13.6,7.7,20.1,5.6,71.0,22.4,4.8
2024-02-21,7,14.8,9.1,19.7,0.0,73.0,12.2,3.6
2024-02-21,8,15.1,9.8,21.2,4.4,82.0,10.2,6.2
2024-02-21,9,13.7,8.8,17.8,0,75.0,18.2,3.6
2024-02-21,10,14.0,9.0,20.4,0,75.0,8.7,4.8
2024-02-21,11,12.2,8.8,16.8,16.9,73.0,13.7,5.0
2024-02-21,12,12.3,8.0,16.1,8.4,69.0,12.2,5.2
2024-02-21,13,13.1,8.5,19.8,0,71.0,18.5,4.0
2024-02-21,14,17.0,13.0,22.4,0,61.0,14.1,5.6
2024-02-21,15,11.3,5.8,14.8,0,71.0,2.0,3.6
2024-02-21,16,14.4,11.4,21.1,3.1,76.0,8.5,4.5
2024-02-21,17,12.6,8.2,15.9,0,48.0,9.6,5.0
2024-02-21,18,10.8,6.4,13.8,0,51.0,16.3,4.3
2024-02-21,19,18.4,13.0,23.4,0,72.0,3.4,3.3
2024-02-21,20,16.2,11.0,20.9,0,55.0,14.5,5.1
2024-02-21,21,12.5,7.4,17.0,11.3,62.0,29.1,2.6
2024-02-21,22,11.2,6.9,17.7,0,60.0,23.8,6.6
2024-02-21,23,15.5,11.9,19.7,0,48.0,23.0,3.9
2024-02-21,24,14.9,9.4,18.3,0,83.0,11.7,3.0
2024-02-21,25,11.9,7.9,16.8,0,46.0,2.1,5.5
2024-02-22,1,16.5,13.3,20.1,0,72.0,17.4,2.8
2024-02-22,2,12.6,6.9,19.1,6.7,77.0,23.4,6.3
2024-02-22,3,11.5,7.0,17.9,1.1,73.0,18.8,4.7
2024-02-22,4,11.7,7.0,17.5,0,61.0,22.7,6.1
2024-02-22,5,11.6,6.5,16.7,0,70.0,19.2,4.6
2024-02-22,6,15.7,12.2,21.2,0,63.0,28.3,3.7
2024-02-22,7,14.3,11.0,17.9,0,69.0,9.0,4.6
2024-02-22,8,15.2,10.7,19.8,0,74.0,12.2,6.4
2024-02-22,9,15.5,9.9,19.5,0,72.0,4.1,5.6
2024-02-22,10,15.6,12.6,19.2,0,70.0,15.6,6.6
2024-02-22,11,14.2,9.7,18.3,2.9,69.0,10.7,5.6
2024-02-22,12,12.4,8.0,18.7,1.1,84.0,20.8,5.8
2024-02-22,13,13.3,8.3,18.9,0,58.0,21.3,4.0
2024-02-22,14,18.0,13.6,21.0,0,77.0,0.9,4.7
2024-02-22,15,14.3,9.7,19.3,0.9,93.0,9.3,3.2
2024-02-22,16,12.1,8.7,18.2,0,76.0,17.7,4.5
2024-02-22,17,14.6,8.7,20.0,0,42.0,12.5,3.0
2024-02-22,18,10.0,5.0,15.4,0,49.0,2.0,3.3
2024-02-22,19,16.9,11.7,20.8,0,60.0,2.9,4.8
2024-02-22,20,16.0,10.7,22.7,0,65.0,28.0,6.7
2024-02-22,21,11.4,5.5,18.1,1.4,57.0,28.0,5.3
2024-02-22,22,10.8,5.9,13.9,0.5,65.0,10.9,5.0
2024-02-22,23,14.5,10.9,19.4,0,32.0,17.0,7.2
2024-02-22,24,12.3,7.0,15.7,12.5,74.0,16.7,5.0
2024-02-22,25,12.8,7.4,18.0,0,53.0,8.5,6.7
2024-02-23,1,16.5,11.9,20.3,6.3,66.0,7.5,4.8
2024-02-23,2,16.5,11.1,21.3,0,60.0,22.3,3.5
2024-02-23,3,15.4,12.1,20.4,2.8,76.0,29.7,5.2
2024-02-23,4,13.5,9.3,17.9,0,84.0,18.6,5.9
2024-02-23,5,13.1,8.5,18.5,3.8,69.0,1.2,3.9
2024-02-23,6,11.1,5.2,16.7,2.1,61.0,20.1,7.8
2024-02-23,7,16.0,10.6,20.4,0,74.0,17.4,4.6
2024-02-23,8,12.4,7.7,17.8,0,73.0,17.6,3.5
2024-02-23,9,16.6,11.4,23.3,0,70.0,10.8,4.9
2024-02-23,10,15.1,10.6,19.0,0,63.0,1.2,5.2
2024-02-23,11,15.4,9.6,18.5,0,70.0,18.6,6.8
2024-02-23,12,13.0,9.9,17.9,0,83.0,12.0,5.4
2024-02-23,13,13.2,9.9,16.7,0,50.0,21.1,4.0
2024-02-23,14,14.3,10.6,17.7,0.8,79.0,15.2,2.1
2024-02-23,15,13.2,7.8,19.7,0.3,76.0,23.1,5.4
2024-02-23,16,14.8,10.0,21.4,0,79.0,20.5,5.9
2024-02-23,17,12.7,9.4,19.4,0,40.0,10.9,2.2
2024-02-23,18,13.2,8.9,17.5,0,45.0,0.3,3.9
2024-02-23,19,16.8,12.8,22.0,0,76.0,10.3,6.1
2024-02-23,20,18.3,15.1,25.0,0,57.0,8.2,4.7
2024-02-23,21,11.1,5.9,17.2,1.3,63.0,2.3,5.8
2024-02-23,22,12.6,7.1,16.7,0,62.0,8.5,8.5
2024-02-23,23,18.7,14.5,21.8,0,45.0,9.6,5.2
2024-02-23,24,12.6,8.0,18.2,5.6,78.0,31.2,3.6
2024-02-23,25,12.9,7.4,17.0,0,45.0,15.4,5.2
2024-02-24,1,14.0,8.4,20.1,0,58.0,15.2,2.2
2024-02-24,2,10.8,5.0,15.0,0,63.0,6.8,4.6
2024-02-24,3,13.8,10.1,20.7,0,56.0,20.9,4.9
2024-02-24,4,15.3,10.3,19.4,0,66.0,15.9,3.7
2024-02-24,5,13.9,10.1,18.0,4.1,69.0,15.2,4.7
2024-02-24,6,13.6,8.0,19.9,0,81.0,16.1,4.9
2024-02-24,7,16.6,11.7,21.8,0,74.0,12.1,4.6
2024-02-24,8,16.8,10.9,21.5,0,66.0,16.4,3.8
2024-02-24,9,14.3,10.7,20.7,0,66.0,16.3,7.1
2024-02-24,10,16.0,11.7,20.3,0,75.0,17.7,8.6
2024-02-24,11,18.8,15.8,25.2,0,73.0,12.7,4.8
2024-02-24,12,14.8,10.3,18.3,0.8,78.0,1.4,3.7
2024-02-24,13,13.8,9.5,17.9,2.2,56.0,1.1,8.1
2024-02-24,14,17.5,11.7,21.7,0.7,60.0,13.8,5.7
2024-02-24,15,13.1,9.5,17.4,0,74.0,14.3,2.3
2024-02-24,16,14.4,10.3,19.8,0,54.0,23.0,7.0
2024-02-24,17,11.9,6.0,18.8,0,33.0,26.3,4.9
2024-02-24,18,10.9,7.5,17.4,0,44.0,5.8,3.5
2024-02-24,19,15.5,11.9,20.8,0,58.0,8.2,7.3
2024-02-24,20,17.9,14.0,24.8,0,58.0,3.9,6.2
2024-02-24,21,11.5,6.8,14.8,3.2,66.0,16.7,7.5
2024-02-24,22,12.9,6.9,19.6,10.8,77.0,9.6,2.9
2024-02-24,23,14.1,10.0,17.5,0,30.0,10.5,4.9
2024-02-24,24,11.2,7.6,15.0,0,71.0,19.2,6.3
2024-02-24,25,13.3,8.9,16.7,0,40.0,15.9,4.6
2024-02-25,1,14.8,10.2,19.9,0,72.0,11.3,5.4
2024-02-25,2,14.1,10.2,18.5,0,63.0,9.3,6.8
2024-02-25,3,16.4,13.1,23.0,0,77.0,24.6,3.9
2024-02-25,4,14.4,9.1,20.2,0,60.0,13.2,3.0
2024-02-25,5,15.2,11.8,18.3,0,61.0,11.0,3.5
2024-02-25,6,14.1,8.9,18.2,0,75.0,16.0,6.7
2024-02-25,7,17.1,12.5,22.1,0,75.0,13.3,6.4
2024-02-25,8,15.6,12.4,22.3,0,52.0,14.0,3.4
2024-02-25,9,14.9,11.0,19.3,0,82.0,12.8,6.7
2024-02-25,10,15.6,9.8,19.7,0,71.0,19.6,5.7
2024-02-25,11,14.8,10.1,19.8,3.0,78.0,31.3,5.8
2024-02-25,12,13.9,9.5,20.2,0,73.0,11.1,8.6
2024-02-25,13,12.7,9.3,17.5,0,63.0,11.2,1.7
2024-02-25,14,18.8,14.3,22.1,0,75.0,12.9,7.2
2024-02-25,15,16.5,11.3,20.4,0.9,73.0,10.5,6.4
2024-02-25,16,15.2,12.0,20.9,0,60.0,18.6,5.2
2024-02-25,17,13.8,10.2,19.0,0,40.0,1.3,2.4
2024-02-25,18,10.5,5.7,17.0,0.7,50.0,6.0,5.3
2024-02-25,19,17.7,14.3,23.2,0,68.0,2.2,4.7
2024-02-25,20,17.3,12.9,22.8,0,67.0,26.8,5.5
2024-02-25,21,10.6,6.9,15.0,0,57.0,30.7,4.1
2024-02-25,22,14.3,9.3,19.3,0,48.0,6.8,3.9
2024-02-25,23,16.1,10.2,22.7,0,44.0,7.4,5.8
2024-02-25,24,14.5,11.0,21.3,0,78.0,10.4,6.2
2024-02-25,25,15.4,9.9,21.9,0,64.0,14.3,4.7
2024-02-26,1,14.5,9.0,19.2,0,74.0,9.7,7.1
2024-02-26,2,12.3,8.1,16.4,2.4,77.0,17.2,7.2
2024-02-26,3,16.2,12.5,22.7,0,71.0,15.7,4.4
2024-02-26,4,16.7,13.3,21.8,0,67.0,22.7,5.3
2024-02-26,5,14.9,10.8,21.0,0.2,63.0,17.4,6.9
2024-02-26,6,17.5,13.3,23.4,0.7,68.0,9.2,6.2
2024-02-26,7,14.5,11.4,20.8,0,70.0,5.7,4.8
2024-02-26,8,15.6,11.8,18.7,0,70.0,14.2,4.7
2024-02-26,9,15.6,11.5,20.2,0,51.0,26.4,3.0
2024-02-26,10,17.2,12.1,23.1,2.4,70.0,2.3,4.2
2024-02-26,11,16.7,12.5,23.0,0,80.0,16.8,3.5
2024-02-26,12,15.0,10.6,18.4,0,67.0,8.1,4.4
2024-02-26,13,13.4,9.2,17.5,0,61.0,12.2,3.4
2024-02-26,14,13.1,8.0,19.9,0,81.0,13.1,3.5
2024-02-26,15,13.7,8.4,18.5,0.6,75.0,13.3,5.8
2024-02-26,16,15.1,10.4,18.9,0,69.0,12.2,4.7
2024-02-26,17,12.1,7.6,18.5,0,58.0,23.7,5.7
2024-02-26,18,9.4,3.9,12.5,0,61.0,1.8,3.3
2024-02-26,19,17.0,12.3,22.0,0,64.0,20.7,4.8
2024-02-26,20,15.5,10.8,21.4,0,61.0,22.4,4.3
2024-02-26,21,13.1,10.0,18.1,1.1,66.0,17.7,4.5
2024-02-26,22,14.2,9.3,19.3,9.3,56.0,14.1,5.2
2024-02-26,23,20.3,15.1,26.8,0,57.0,7.6,7.9
2024-02-26,24,13.8,9.9,19.6,0,68.0,22.4,4.6
2024-02-26,25,12.1,8.5,16.5,0,46.0,33.3,5.0
2024-02-27,1,16.0,11.6,20.3,2.3,80.0,15.8,5.1
2024-02-27,2,14.5,11.2,19.3,3.5,64.0,12.5,4.8
2024-02-27,3,12.8,8.7,15.8,1.2,56.0,22.2,4.3
2024-02-27,4,14.6,9.3,21.4,0,61.0,11.6,4.4
2024-02-27,5,14.2,10.6,17.9,0,68.0,21.8,6.5
2024-02-27,6,13.9,9.2,20.3,0,63.0,27.8,4.6
2024-02-27,7,13.2,9.6,16.2,0.7,60.0,25.0,4.3
2024-02-27,8,16.7,13.7,20.0,0,79.0,24.5,7.2
2024-02-27,9,14.3,10.4,20.3,0,70.0,4.2,6.8
2024-02-27,10,15.4,9.9,19.7,1.7,58.0,16.1,6.0
2024-02-27,11,14.4,10.9,19.1,0,69.0,12.9,4.1
2024-02-27,12,17.5,12.6,21.2,0,85.0,23.4,3.1
2024-02-27,13,13.7,8.8,20.2,0,66.0,17.8,6.5
2024-02-27,14,21.3,17.7,25.7,0,53.0,8.9,4.5
2024-02-27,15,17.0,12.5,20.1,5.6,66.0,9.9,4.0
2024-02-27,16,18.0,14.2,21.2,0,71.0,27.5,5.6
2024-02-27,17,12.7,8.3,16.4,0,51.0,9.0,3.6
2024-02-27,18,12.8,8.0,18.7,0,58.0,21.9,7.8
2024-02-27,19,19.8,16.4,24.5,0,66.0,8.8,7.9
2024-02-27,20,16.8,11.8,22.7,0,74.0,6.9,2.3
2024-02-27,21,13.3,7.3,19.2,0.1,61.0,10.8,3.8
2024-02-27,22,12.8,9.2,18.8,1.4,59.0,16.1,5.6
2024-02-27,23,15.0,10.8,20.6,0,31.0,21.4,4.7
2024-02-27,24,14.1,9.7,20.5,10.4,68.0,30.2,6.9
2024-02-27,25,14.0,10.0,19.5,0.4,55.0,26.4,5.3
2024-02-28,1,12.0,6.2,16.2,0,73.0,30.0,4.2
2024-02-28,2,14.9,11.0,19.4,1.2,55.0,7.4,4.6
2024-02-28,3,15.6,12.0,22.5,2.1,63.0,21.3,6.0
2024-02-28,4,13.3,8.7,19.6,0,79.0,24.4,8.5
2024-02-28,5,14.2,9.5,21.2,0,67.0,7.6,3.4
2024-02-28,6,14.6,8.7,19.8,0,77.0,13.9,7.0
2024-02-28,7,16.1,12.3,22.8,0,77.0,8.8,4.0
2024-02-28,8,14.5,9.8,20.2,0,73.0,13.3,5.9
2024-02-28,9,13.9,10.4,18.8,0,79.0,19.2,4.7
2024-02-28,10,15.4,10.8,21.4,0,69.0,7.0,3.9
2024-02-28,11,14.5,10.1,18.5,0,61.0,7.6,4.2
2024-02-28,12,15.0,9.2,18.9,0,75.0,18.4,4.9
2024-02-28,13,13.7,9.0,19.1,0.4,61.0,11.6,7.2
2024-02-28,14,16.4,10.5,21.6,0,54.0,7.7,3.0
2024-02-28,15,14.9,9.6,18.5,2.7,77.0,3.6,5.8
2024-02-28,16,16.1,12.2,19.8,0,76.0,3.2,6.2
2024-02-28,17,16.0,10.7,19.0,0,57.0,23.2,6.3
2024-02-28,18,11.1,6.7,15.6,0,57.0,15.8,8.6
2024-02-28,19,16.5,10.7,21.1,0,63.0,12.5,7.4
2024-02-28,20,18.9,14.3,23.3,0,51.0,16.8,5.2
2024-02-28,21,13.5,9.8,17.9,0,60.0,25.8,5.3
2024-02-28,22,12.8,9.1,17.8,1.6,63.0,21.6,6.0
2024-02-28,23,17.4,13.5,23.1,0,43.0,13.6,9.0
2024-02-28,24,15.6,11.1,19.0,0,77.0,7.6,7.2
2024-02-28,25,13.1,7.6,16.7,1.5,45.0,14.5,5.0
2024-02-29,1,13.9,9.6,17.1,0,59.0,14.8,4.6
2024-02-29,2,16.3,11.8,22.4,0,52.0,26.9,2.0
2024-02-29,3,15.8,11.6,21.9,0,72.0,15.8,5.4
2024-02-29,4,17.4,13.6,22.4,0,64.0,20.9,4.2
2024-02-29,5,14.7,9.1,19.5,3.6,70.0,9.3,6.5
2024-02-29,6,14.0,10.9,18.0,2.1,57.0,8.6,5.7
2024-02-29,7,16.7,11.5,21.8,0,72.0,19.5,7.0
2024-02-29,8,16.6,12.1,23.1,0,75.0,4.3,5.9
2024-02-29,9,19.0,13.2,25.2,0,57.0,21.9,5.6
2024-02-29,10,18.1,13.0,24.4,1.3,68.0,13.9,4.0
2024-02-29,11,14.6,10.4,18.4,0,68.0,12.7,2.9
2024-02-29,12,18.4,12.5,24.5,0,82.0,26.1,5.2
2024-02-29,13,12.4,7.3,15.6,0,55.0,19.1,8.7
2024-02-29,14,16.8,13.2,21.8,0.8,75.0,17.7,6.4
2024-02-29,15,15.5,10.1,21.1,3.4,76.0,17.8,3.3
2024-02-29,16,16.8,11.7,20.7,0,75.0,13.5,3.3
2024-02-29,17,13.6,8.8,18.8,0,50.0,8.1,4.8
2024-02-29,18,10.9,7.5,17.3,0,67.0,10.2,5.1
2024-02-29,19,16.5,11.5,21.7,0,64.0,8.1,5.7
2024-02-29,20,19.8,15.2,24.0,0,65.0,6.4,5.8
2024-02-29,21,14.1,9.2,19.3,0,72.0,16.3,2.8
2024-02-29,22,12.9,7.0,17.4,0,74.0,0.9,7.8
2024-02-29,23,18.3,14.7,21.8,0,44.0,24.0,3.4
2024-02-29,24,19.3,14.6,23.7,9.0,67.0,12.5,7.8
2024-02-29,25,12.6,7.5,18.1,0,43.0,5.1,5.3
2024-03-01,1,15.5,10.3,19.7,0,76.0,24.0,7.9
2024-03-01,2,15.2,9.7,21.2,0,69.0,13.5,4.8
2024-03-01,3,13.9,9.7,17.7,0.9,64.0,7.7,4.3
2024-03-01,4,17.0,12.8,20.1,0,73.0,20.6,7.2
2024-03-01,5,13.8,10.7,19.2,0,51.0,7.6,6.5
2024-03-01,6,16.4,12.1,22.3,2.5,86.0,13.8,4.4
2024-03-01,7,16.5,13.4,21.8,0,73.0,11.5,3.9
2024-03-01,8,16.2,11.8,21.7,0,76.0,23.5,2.8
2024-03-01,9,17.2,12.1,20.5,0,62.0,11.6,4.0
2024-03-01,10,14.6,10.5,20.7,0,64.0,22.4,4.1
2024-03-01,11,15.2,9.2,21.0,0,63.0,16.3,4.9
2024-03-01,12,16.7,11.5,19.8,0,59.0,25.1,4.5
2024-03-01,13,12.7,9.4,19.1,0,63.0,2.6,4.1
2024-03-01,14,17.0,12.1,20.6,0,56.0,8.8,5.5
2024-03-01,15,13.5,9.1,19.3,0,86.0,15.3,4.0
2024-03-01,16,15.6,11.3,19.6,0,65.0,19.3,5.6
2024-03-01,17,15.0,9.3,20.2,0,48.0,10.6,7.6
2024-03-01,18,11.2,6.0,16.9,4.9,50.0,22.6,6.9
2024-03-01,19,18.5,14.8,24.9,0,53.0,15.7,5.6
2024-03-01,20,16.6,11.0,21.7,0,65.0,32.3,3.0
2024-03-01,21,11.9,7.4,17.0,12.5,55.0,5.4,3.0
2024-03-01,22,11.9,7.8,17.6,1.1,62.0,16.2,6.2
2024-03-01,23,15.6,12.3,19.4,0,30.0,4.7,4.5
2024-03-01,24,17.8,12.3,23.9,0,70.0,14.6,4.0
2024-03-01,25,16.4,10.5,21.4,0,54.0,30.0,4.7
2024-03-02,1,14.9,9.5,19.6,0,67.0,15.5,8.2
2024-03-02,2,16.9,11.3,20.8,0,85.0,24.8,9.2
2024-03-02,3,15.3,10.1,21.3,0,74.0,18.5,5.0
2024-03-02,4,15.1,11.4,21.2,0,73.0,28.5,7.3
2024-03-02,5,18.0,14.7,22.9,0,74.0,11.4,5.6
2024-03-02,6,13.7,9.8,16.8,0,63.0,25.6,4.1
2024-03-02,7,14.2,9.5,19.8,0,75.0,21.1,5.4
2024-03-02,8,15.3,10.4,19.6,0,75.0,12.6,7.6
2024-03-02,9,16.3,12.3,22.0,0,75.0,12.3,5.0
2024-03-02,10,16.5,13.5,23.1,0,60.0,10.0,5.5
2024-03-02,11,15.9,12.6,22.4,0,61.0,9.3,2.9
2024-03-02,12,16.0,12.3,20.2,0,77.0,15.9,3.8
2024-03-02,13,14.0,10.3,19.7,0,41.0,17.9,6.9
2024-03-02,14,17.9,12.9,22.2,0,67.0,4.4,5.8
2024-03-02,15,12.7,9.0,16.7,0,81.0,18.9,4.2
2024-03-02,16,15.4,9.9,19.7,0,83.0,2.5,4.5
2024-03-02,17,19.1,15.9,23.7,0,49.0,20.6,6.8
2024-03-02,18,12.1,8.5,17.8,0,68.0,15.9,5.2
2024-03-02,19,16.6,12.0,22.6,0,62.0,8.6,4.4
2024-03-02,20,17.9,14.4,23.8,0,61.0,1.5,3.4
2024-03-02,21,15.8,11.6,22.6,0,58.0,15.0,9.9
2024-03-02,22,13.4,10.2,17.8,0,60.0,8.9,5.9
2024-03-02,23,14.7,11.5,21.6,0,41.0,22.3,2.7
2024-03-02,24,13.8,9.1,18.5,0,63.0,3.7,4.8
2024-03-02,25,11.9,6.9,15.5,0,46.0,23.5,3.8
2024-03-03,1,15.4,11.3,21.4,0,48.0,16.5,6.8
2024-03-03,2,15.8,12.2,22.7,3.3,75.0,19.0,5.2
2024-03-03,3,14.6,9.2,20.8,0,61.0,37.5,7.2
2024-03-03,4,14.3,8.3,21.1,0,75.0,10.4,7.2
2024-03-03,5,15.3,12.1,18.6,3.2,76.0,18.6,6.1
2024-03-03,6,12.7,8.0,17.6,0,68.0,16.1,6.1
2024-03-03,7,15.3,10.9,21.8,0,57.0,19.1,6.7
2024-03-03,8,17.2,12.9,23.3,0,80.0,30.9,4.6
2024-03-03,9,15.6,10.7,20.2,0.7,69.0,24.2,8.0
2024-03-03,10,14.4,9.8,20.0,0,58.0,22.9,2.5
2024-03-03,11,17.8,13.0,21.5,1.2,65.0,23.0,6.7
2024-03-03,12,16.3,12.9,20.7,6.7,72.0,25.6,4.6
2024-03-03,13,15.8,9.8,19.7,0,62.0,15.3,5.2
2024-03-03,14,20.2,16.8,27.0,3.0,50.0,18.3,4.7
2024-03-03,15,16.4,12.8,22.5,0,78.0,30.0,8.4
2024-03-03,16,14.4,9.9,18.1,7.6,70.0,14.6,4.1
2024-03-03,17,17.3,13.7,20.7,0,48.0,5.6,5.8
2024-03-03,18,13.0,8.9,17.7,0,52.0,21.1,6.4
2024-03-03,19,17.9,12.1,23.5,0,61.0,11.5,3.5
2024-03-03,20,19.2,16.2,26.1,0,43.0,16.9,5.3
2024-03-03,21,14.1,11.0,19.2,3.0,59.0,25.5,6.0
2024-03-03,22,14.7,10.8,20.1,0,74.0,10.7,6.0
2024-03-03,23,17.1,11.7,22.8,0,37.0,27.5,4.4
2024-03-03,24,16.6,12.4,21.1,0,70.0,13.6,5.3
2024-03-03,25,15.1,10.7,21.0,1.1,51.0,1.8,4.9
2024-03-04,1,15.6,12.3,20.0,2.0,63.0,34.3,7.2
2024-03-04,2,14.3,8.6,19.0,0,70.0,15.1,5.6
2024-03-04,3,12.6,8.8,16.9,0,70.0,26.5,5.0
2024-03-04,4,17.2,11.7,22.5,2.6,73.0,16.5,4.9
2024-03-04,5,14.4,9.3,18.6,0,58.0,15.0,6.8
2024-03-04,6,15.6,10.5,20.5,0,62.0,8.6,5.2
2024-03-04,7,16.2,12.2,20.7,3.6,88.0,22.9,3.6
2024-03-04,8,17.2,11.8,24.1,2.7,60.0,18.0,4.7
2024-03-04,9,16.6,12.2,23.0,0,65.0,29.5,2.7
2024-03-04,10,12.9,8.5,16.9,0,79.0,14.6,3.5
2024-03-04,11,14.7,8.7,18.4,0,72.0,24.5,3.8
2024-03-04,12,15.4,9.8,21.5,0,74.0,16.7,4.1
2024-03-04,13,17.6,14.3,24.5,0,59.0,24.2,7.3
2024-03-04,14,18.8,14.4,24.0,0,68.0,35.9,4.8
2024-03-04,15,16.2,10.5,21.2,6.2,88.0,15.9,4.7
2024-03-04,16,16.5,11.2,21.7,0,61.0,24.4,6.2
2024-03-04,17,13.7,7.7,17.4,0,45.0,10.2,3.7
2024-03-04,18,13.6,7.9,19.5,0,48.0,23.1,5.2
2024-03-04,19,18.4,12.5,23.0,0,60.0,6.7,5.4
2024-03-04,20,17.0,11.8,21.2,0,59.0,11.9,3.5
2024-03-04,21,14.4,9.6,17.6,0,75.0,20.8,7.0
2024-03-04,22,16.4,10.5,23.3,0,79.0,19.5,7.0
2024-03-04,23,17.2,13.2,21.1,0,34.0,20.1,6.8
2024-03-04,24,15.5,10.5,19.3,1.3,58.0,9.7,7.5
2024-03-04,25,13.2,7.8,18.5,0,49.0,1.2,6.7
2024-03-05,1,14.0,10.5,20.5,0,65.0,11.9,2.7
2024-03-05,2,16.4,10.8,20.4,0,67.0,10.7,6.1
2024-03-05,3,15.2,10.7,19.4,0,52.0,26.0,7.0
2024-03-05,4,18.9,15.1,25.3,0,64.0,12.5,4.2
2024-03-05,5,16.6,11.3,23.0,0,70.0,24.5,4.5
2024-03-05,6,14.9,11.1,19.3,4.9,79.0,4.4,5.9
2024-03-05,7,17.0,13.2,24.0,0,79.0,4.1,5.9
2024-03-05,8,14.8,9.2,20.5,0.3,66.0,21.0,3.9
2024-03-05,9,17.5,11.6,21.4,0,67.0,12.2,3.7
2024-03-05,10,17.9,14.8,23.5,0,53.0,0.5,6.5
2024-03-05,11,17.7,12.3,23.7,0,74.0,19.7,5.2
2024-03-05,12,17.1,13.1,21.3,0,83.0,23.7,6.0
2024-03-05,13,17.0,12.0,21.4,0,53.0,12.7,8.3
2024-03-05,14,16.9,12.0,23.0,0,74.0,0.1,4.6
2024-03-05,15,13.7,8.5,19.9,3.7,64.0,21.3,6.5
2024-03-05,16,14.1,8.2,18.3,0,67.0,18.0,5.4
2024-03-05,17,14.4,9.5,20.5,0,54.0,20.7,4.4
2024-03-05,18,12.3,8.3,16.0,0.0,60.0,17.5,6.9
2024-03-05,19,16.3,12.4,21.5,0,57.0,12.7,5.3
2024-03-05,20,20.4,14.7,26.1,0,65.0,19.4,6.8
2024-03-05,21,13.4,9.3,19.8,0,66.0,25.2,3.8
2024-03-05,22,11.4,7.4,15.3,0,47.0,15.1,6.6
2024-03-05,23,18.8,15.1,24.6,0,37.0,21.1,4.6
2024-03-05,24,16.3,12.4,23.1,0,64.0,6.4,5.9
2024-03-05,25,10.1,6.6,13.9,0,41.0,6.5,6.9
2024-03-06,1,17.3,13.5,23.5,0,63.0,17.7,4.3
2024-03-06,2,13.9,10.2,19.0,4.3,81.0,8.5,8.3
2024-03-06,3,15.3,10.6,18.7,0,54.0,27.5,5.6
2024-03-06,4,15.4,9.9,19.3,0,67.0,8.5,1.9
2024-03-06,5,16.6,12.8,22.9,0,63.0,5.1,6.6
2024-03-06,6,20.7,17.6,25.5,0,79.0,22.2,4.8
2024-03-06,7,16.7,12.6,23.5,0,68.0,14.8,9.0
2024-03-06,8,18.8,14.6,24.9,1.4,72.0,11.4,4.7
2024-03-06,9,16.7,13.0,22.9,0,58.0,3.6,7.2
2024-03-06,10,19.1,13.5,26.0,2.5,63.0,3.2,4.5
2024-03-06,11,16.8,12.6,20.5,12.9,74.0,18.6,1.3
2024-03-06,12,16.5,10.8,22.5,0,71.0,21.8,6.7
2024-03-06,13,15.4,10.0,20.0,0,46.0,17.9,5.0
2024-03-06,14,17.8,13.5,21.8,0.5,67.0,17.3,7.1
2024-03-06,15,15.0,10.6,18.4,11.4,72.0,24.5,6.5
2024-03-06,16,16.6,13.6,23.5,1.1,67.0,10.0,8.3
2024-03-06,17,15.1,11.9,18.8,0,44.0,5.1,5.8
2024-03-06,18,14.1,9.0,17.7,0,52.0,18.8,7.3
2024-03-06,19,20.1,15.6,26.3,0,46.0,1.5,3.4
2024-03-06,20,20.6,17.3,27.4,0,48.0,24.5,7.2
2024-03-06,21,13.4,10.1,17.1,4.6,60.0,10.4,7.2
2024-03-06,22,13.1,7.7,19.9,0,48.0,20.5,6.3
2024-03-06,23,21.1,16.6,27.2,0.0,53.0,24.1,5.6
2024-03-06,24,17.3,12.1,22.7,0,59.0,24.8,7.0
2024-03-06,25,17.0,11.9,22.1,0,45.0,10.9,4.8
2024-03-07,1,18.0,14.1,23.5,0,77.0,8.3,7.1
2024-03-07,2,15.0,10.5,19.5,0,68.0,16.5,4.7
2024-03-07,3,16.1,10.6,19.8,8.0,65.0,14.9,3.9
2024-03-07,4,16.9,13.7,20.0,0,73.0,9.4,6.8
2024-03-07,5,13.6,8.5,18.3,0,65.0,20.6,4.4
2024-03-07,6,16.1,12.4,20.9,1.0,66.0,9.6,8.0
2024-03-07,7,15.1,10.2,18.2,0,71.0,18.2,5.5
2024-03-07,8,16.2,11.2,22.8,0,87.0,18.5,7.2
2024-03-07,9,17.7,13.5,21.4,0,82.0,10.5,5.1
2024-03-07,10,19.3,14.2,25.9,0,59.0,25.8,5.1
2024-03-07,11,17.8,14.8,24.1,0,68.0,17.9,5.1
2024-03-07,12,16.7,13.7,22.5,4.8,66.0,23.4,7.6
2024-03-07,13,17.0,13.5,23.2,1.8,59.0,21.5,8.0
2024-03-07,14,20.6,15.5,24.7,0,59.0,18.8,5.0
2024-03-07,15,15.6,9.9,19.4,10.1,66.0,17.9,7.6
2024-03-07,16,18.7,15.3,21.8,0,72.0,25.6,7.0
2024-03-07,17,18.1,14.0,24.0,0,51.0,16.4,3.7
2024-03-07,18,9.6,4.2,15.5,0.0,52.0,24.1,8.3
2024-03-07,19,18.8,14.4,25.4,0.4,62.0,24.0,5.3
2024-03-07,20,19.1,15.1,25.0,0.5,68.0,21.0,4.2
2024-03-07,21,14.1,9.5,18.4,0.3,67.0,13.5,5.9
2024-03-07,22,14.4,10.4,17.5,0,48.0,14.7,5.7
2024-03-07,23,19.4,15.3,24.7,0,37.0,15.2,5.5
2024-03-07,24,16.0,10.5,20.9,0,68.0,5.8,7.4
2024-03-07,25,13.1,9.4,18.1,0,62.0,26.3,5.6
2024-03-08,1,13.3,8.9,19.8,1.2,69.0,12.6,2.1
2024-03-08,2,15.6,12.1,21.5,0,71.0,14.3,6.4
2024-03-08,3,13.8,8.3,20.8,3.5,76.0,17.1,7.5
2024-03-08,4,17.7,13.3,24.5,0,61.0,8.8,7.9
2024-03-08,5,17.7,13.9,23.5,0,75.0,27.2,5.2
2024-03-08,6,16.8,12.4,23.2,0,61.0,10.2,6.9
2024-03-08,7,15.8,11.2,20.6,0,76.0,30.5,5.1
2024-03-08,8,16.3,12.3,22.9,0,73.0,22.9,5.4
2024-03-08,9,17.8,14.1,23.0,0,63.0,27.0,5.7
2024-03-08,10,17.7,13.0,23.9,0,53.0,12.6,7.0
2024-03-08,11,16.5,12.0,21.9,0,59.0,4.0,5.6
2024-03-08,12,17.3,14.1,20.4,0,73.0,19.9,5.0
2024-03-08,13,19.5,15.4,25.4,0,67.0,14.0,6.5
2024-03-08,14,17.5,11.8,22.3,0,57.0,18.1,7.1
2024-03-08,15,15.9,10.3,19.6,13.0,70.0,6.3,7.0
2024-03-08,16,15.5,11.7,21.9,0,61.0,29.6,8.3
2024-03-08,17,17.4,14.3,23.9,0,45.0,1.5,6.3
2024-03-08,18,10.0,5.9,14.8,0,40.0,13.5,6.1
2024-03-08,19,16.7,12.7,21.1,0,58.0,11.6,6.7
2024-03-08,20,17.3,11.6,20.8,0,49.0,20.1,5.7
2024-03-08,21,13.7,8.3,19.9,0,57.0,24.3,5.8
2024-03-08,22,13.6,7.6,18.1,3.2,53.0,32.2,5.6
2024-03-08,23,20.4,16.9,26.0,0,38.0,12.8,11.0
2024-03-08,24,15.8,9.8,21.4,0,73.0,14.0,6.3
2024-03-08,25,18.2,15.2,23.5,0,37.0,17.8,7.6
2024-03-09,1,14.9,11.0,19.4,0,75.0,10.4,5.7
2024-03-09,2,14.5,11.1,18.9,0,73.0,17.3,7.2
2024-03-09,3,18.0,13.0,24.3,0,71.0,26.0,3.6
2024-03-09,4,17.4,12.1,21.4,0.2,67.0,9.7,5.6
2024-03-09,5,17.1,12.0,23.1,0,70.0,17.6,5.7
2024-03-09,6,13.2,7.3,18.8,0,58.0,9.4,4.3
2024-03-09,7,18.1,12.3,24.8,3.4,71.0,22.1,6.9
2024-03-09,8,16.9,11.7,21.4,0,65.0,20.2,8.6
2024-03-09,9,17.2,12.0,22.0,0,55.0,1.7,4.4
2024-03-09,10,15.9,12.7,22.8,0,67.0,22.6,4.7
2024-03-09,11,17.1,11.8,20.8,0,76.0,15.2,5.0
2024-03-09,12,14.6,10.7,19.2,0,81.0,16.2,7.2
2024-03-09,13,16.1,13.1,22.7,0,62.0,14.1,6.9
2024-03-09,14,20.2,14.5,23.5,0,65.0,4.2,7.0
2024-03-09,15,17.1,11.2,22.8,8.0,69.0,25.6,4.9
2024-03-09,16,14.3,9.6,20.2,0,57.0,5.8,8.2
2024-03-09,17,16.2,11.7,21.4,0,52.0,15.7,7.0
2024-03-09,18,13.5,7.9,17.8,0,44.0,22.7,5.5
2024-03-09,19,20.3,16.8,26.2,0,50.0,30.5,5.1
2024-03-09,20,19.5,13.9,23.1,0,49.0,1.5,7.2
2024-03-09,21,15.5,9.6,19.3,3.1,59.0,14.3,7.0
2024-03-09,22,14.4,8.9,20.8,0.9,60.0,7.6,5.0
2024-03-09,23,16.7,12.2,22.3,0,43.0,30.6,8.4
2024-03-09,24,16.1,12.6,21.1,0,57.0,16.9,7.8
2024-03-09,25,18.1,14.1,22.3,0,47.0,6.7,4.8
2024-03-10,1,15.4,11.3,21.2,3.0,65.0,13.5,6.2
2024-03-10,2,16.0,10.2,21.8,0,71.0,24.3,4.9
2024-03-10,3,18.2,14.3,22.5,0,61.0,9.5,3.1
2024-03-10,4,19.3,14.6,26.0,0,64.0,3.7,4.4
2024-03-10,5,16.8,11.1,21.1,0,78.0,11.6,6.7
2024-03-10,6,16.0,11.6,22.6,0,77.0,14.6,5.6
2024-03-10,7,16.7,11.4,22.6,0,73.0,16.6,4.5
2024-03-10,8,17.5,13.4,23.0,0,70.0,19.2,2.5
2024-03-10,9,16.5,10.8,20.3,0,64.0,21.9,9.3
2024-03-10,10,16.8,13.6,23.3,0,60.0,9.0,6.1
2024-03-10,11,15.3,9.7,19.5,1.2,80.0,26.3,6.5
2024-03-10,12,15.7,10.4,22.7,0,75.0,11.6,6.7
2024-03-10,13,15.7,9.9,20.5,0,59.0,9.9,5.4
2024-03-10,14,17.7,14.6,20.9,0,58.0,10.6,6.3
2024-03-10,15,16.7,13.6,21.4,1.1,67.0,4.7,4.5
2024-03-10,16,16.6,11.4,19.8,0,64.0,12.8,3.8
2024-03-10,17,13.8,10.4,17.3,0,47.0,14.2,5.5
2024-03-10,18,13.4,10.1,17.7,1.5,57.0,22.7,6.7
2024-03-10,19,19.9,15.2,23.2,0,45.0,22.3,8.3
2024-03-10,20,20.0,16.8,25.8,0.9,52.0,12.0,4.5
2024-03-10,21,17.4,11.5,24.2,1.8,65.0,6.4,7.5
2024-03-10,22,14.0,10.2,17.1,0,66.0,12.4,6.4
2024-03-10,23,19.7,16.0,24.7,0,39.0,29.5,7.6
2024-03-10,24,14.0,9.8,17.6,3.9,67.0,10.5,5.3
2024-03-10,25,15.2,9.7,21.2,0,55.0,20.7,9.2
2024-03-11,1,15.3,10.9,20.0,0,74.0,8.5,4.0
2024-03-11,2,17.2,13.0,20.6,0,70.0,18.7,8.7
2024-03-11,3,16.8,11.8,20.7,0,60.0,12.1,7.8
2024-03-11,4,16.3,10.6,22.7,0.1,62.0,30.0,6.4
2024-03-11,5,17.6,11.8,22.2,0,63.0,25.8,6.0
2024-03-11,6,17.8,13.2,22.0,0,76.0,18.8,5.3
2024-03-11,7,15.3,9.7,20.8,0,58.0,32.4,5.1
2024-03-11,8,17.1,12.4,20.8,0.7,77.0,18.1,7.7
2024-03-11,9,18.4,14.1,21.5,0,61.0,20.5,5.5
2024-03-11,10,17.7,12.0,23.9,0,82.0,26.6,5.0
2024-03-11,11,17.0,11.2,21.9,0.3,70.0,16.5,9.2
2024-03-11,12,15.4,11.6,21.2,0,67.0,14.5,5.4
2024-03-11,13,19.2,16.1,24.2,0,61.0,3.3,8.3
2024-03-11,14,18.6,15.4,24.6,0,60.0,13.2,7.9
2024-03-11,15,16.2,12.4,22.7,3.2,72.0,26.6,6.3
2024-03-11,16,19.6,15.3,26.4,0,59.0,16.8,9.1
2024-03-11,17,18.9,14.1,23.7,0,49.0,21.0,8.1
2024-03-11,18,13.2,9.7,19.1,0,59.0,18.7,7.6
2024-03-11,19,18.1,14.2,24.4,0,58.0,5.0,6.3
2024-03-11,20,18.4,13.6,25.0,0,63.0,9.3,7.5
2024-03-11,21,15.2,11.7,18.4,0,46.0,22.1,4.6
2024-03-11,22,14.1,8.6,17.8,0,54.0,24.4,8.4
2024-03-11,23,20.5,17.2,25.1,0,48.0,12.7,6.2
2024-03-11,24,17.1,11.3,22.7,1.0,68.0,13.2,4.9
2024-03-11,25,18.3,12.9,23.5,0,58.0,10.6,5.0
2024-03-12,1,14.9,9.9,21.9,3.7,60.0,21.9,8.2
2024-03-12,2,17.2,11.5,24.1,0,54.0,2.8,6.4
2024-03-12,3,16.7,11.4,20.9,3.7,60.0,20.0,6.0
2024-03-12,4,18.4,14.8,24.7,0,67.0,23.0,7.0
2024-03-12,5,19.8,14.8,22.8,0,80.0,10.7,7.5
2024-03-12,6,16.4,10.7,22.0,0,78.0,5.5,2.6
2024-03-12,7,16.4,12.6,21.3,0,69.0,15.3,3.7
2024-03-12,8,16.0,10.4,22.8,0,74.0,22.8,6.3
2024-03-12,9,20.6,17.3,24.6,0.5,60.0,20.5,4.5
2024-03-12,10,19.3,15.3,24.8,0,68.0,10.5,8.0
2024-03-12,11,16.8,12.0,20.2,0,63.0,5.0,5.1
2024-03-12,12,19.0,15.8,22.7,0,73.0,1.8,5.2
2024-03-12,13,15.0,11.2,18.5,0,54.0,19.0,7.8
2024-03-12,14,19.4,14.6,24.1,0,60.0,18.1,6.2
2024-03-12,15,15.1,11.0,21.1,0,74.0,18.5,7.6
2024-03-12,16,17.4,11.8,22.8,0,75.0,11.7,3.7
2024-03-12,17,18.4,14.9,21.9,0,45.0,13.6,6.1
2024-03-12,18,12.0,7.8,17.9,0,52.0,8.2,7.7
2024-03-12,19,19.3,15.0,25.1,0,57.0,29.0,7.9
2024-03-12,20,18.8,14.2,22.7,0,49.0,16.1,6.6
2024-03-12,21,16.2,12.6,21.8,0,64.0,6.5,5.7
2024-03-12,22,18.0,13.3,21.5,1.0,57.0,10.9,8.7
2024-03-12,23,19.0,14.4,22.0,0,41.0,14.0,8.1
2024-03-12,24,16.2,12.3,20.2,0,81.0,17.7,8.5
2024-03-12,25,15.7,12.2,20.9,0,50.0,16.9,5.9
2024-03-13,1,15.8,12.4,21.9,0,52.0,18.1,6.4
2024-03-13,2,18.4,14.1,23.9,0,76.0,18.8,5.0
2024-03-13,3,17.3,13.3,21.9,4.7,64.0,8.9,7.6
2024-03-13,4,17.9,12.1,22.8,0,61.0,6.8,6.3
2024-03-13,5,18.8,15.1,23.9,0,59.0,24.6,7.3
2024-03-13,6,15.6,10.5,21.7,0,72.0,21.2,6.7
2024-03-13,7,17.5,11.5,21.9,0,81.0,0.8,4.3
2024-03-13,8,19.0,14.5,25.0,0,62.0,6.3,5.4
2024-03-13,9,17.5,12.1,21.0,0,53.0,7.2,2.6
2024-03-13,10,16.3,13.1,21.8,0,61.0,22.6,5.0
2024-03-13,11,17.9,13.9,21.9,11.8,89.0,17.6,7.7
2024-03-13,12,16.9,12.1,22.6,3.1,65.0,18.3,3.8
2024-03-13,13,17.2,12.1,23.0,0,51.0,17.5,8.0
2024-03-13,14,18.6,13.4,22.7,0,61.0,5.8,5.2
2024-03-13,15,14.8,9.4,19.3,0,87.0,11.2,3.0
2024-03-13,16,16.6,12.8,19.9,1.3,71.0,7.4,5.9
2024-03-13,17,20.4,16.7,25.4,0,52.0,0.9,5.5
2024-03-13,18,13.4,9.6,20.3,0,51.0,11.2,6.4
2024-03-13,19,18.6,15.2,22.1,0,59.0,17.3,6.4
2024-03-13,20,20.4,15.8,24.0,0,58.0,14.6,4.8
2024-03-13,21,17.7,14.5,21.1,0,64.0,13.8,5.2
2024-03-13,22,16.1,11.3,22.1,0,65.0,11.4,7.3
2024-03-13,23,22.3,17.0,26.0,0,38.0,7.6,7.7
2024-03-13,24,18.2,13.5,23.6,0,68.0,16.5,5.7
2024-03-13,25,17.0,13.2,22.4,0,57.0,20.6,5.8
2024-03-14,1,19.7,15.4,26.1,0,66.0,9.5,6.8
2024-03-14,2,18.4,14.0,22.0,0,59.0,22.9,4.5
2024-03-14,3,20.0,16.4,25.7,0,68.0,20.2,5.5
2024-03-14,4,19.2,15.1,24.0,0.6,67.0,28.5,7.8
2024-03-14,5,17.1,12.9,21.0,0,63.0,13.1,8.8
2024-03-14,6,18.6,13.0,25.5,0,62.0,4.4,5.6
2024-03-14,7,20.2,17.2,25.5,0,74.0,23.5,6.7
2024-03-14,8,16.6,12.3,21.0,0,72.0,20.3,5.9
2024-03-14,9,19.0,14.3,24.1,0,68.0,15.7,6.9
2024-03-14,10,18.1,14.4,24.0,0,65.0,7.4,5.2
2024-03-14,11,17.6,13.8,21.2,1.9,81.0,18.5,5.8
2024-03-14,12,16.8,13.6,23.3,0,74.0,2.4,5.3
2024-03-14,13,19.8,14.6,24.0,0,44.0,10.7,6.9
2024-03-14,14,23.3,18.5,26.6,0,63.0,13.3,9.1
2024-03-14,15,14.0,9.4,18.5,4.1,70.0,20.4,8.9
2024-03-14,16,17.7,13.8,23.9,0,73.0,21.3,5.6
2024-03-14,17,19.0,13.5,23.0,0,54.0,5.6,8.4
2024-03-14,18,13.6,8.4,19.4,2.8,53.0,37.0,7.6
2024-03-14,19,20.8,16.2,25.7,0,61.0,2.8,5.7
2024-03-14,20,21.3,16.3,26.3,0,50.0,1.5,5.1
2024-03-14,21,14.8,9.0,18.5,0,64.0,16.5,6.8
2024-03-14,22,20.6,15.1,24.1,0,71.0,10.0,7.3
2024-03-14,23,22.3,17.0,26.1,0,37.0,15.0,4.8
2024-03-14,24,15.3,11.9,21.5,0,60.0,25.8,9.0
2024-03-14,25,18.1,13.9,24.0,0,46.0,16.2,7.2
2024-03-15,1,18.7,15.3,24.3,1.7,64.0,4.6,9.2
2024-03-15,2,19.9,16.7,24.1,0,55.0,12.8,6.4
2024-03-15,3,20.5,17.3,24.9,0,64.0,13.8,6.6
2024-03-15,4,19.6,14.9,22.9,0,74.0,9.7,5.5
2024-03-15,5,16.4,11.5,20.7,0,69.0,5.3,8.6
2024-03-15,6,15.0,9.7,19.7,0,58.0,9.9,4.9
2024-03-15,7,18.2,12.2,21.8,0,59.0,8.9,8.6
2024-03-15,8,18.0,14.5,24.0,0,58.0,10.2,5.8
2024-03-15,9,18.7,15.7,22.3,0,65.0,20.0,9.1
2024-03-15,10,19.8,15.1,26.8,0,57.0,19.8,6.5
2024-03-15,11,20.1,14.7,24.0,0,74.0,21.0,8.5
2024-03-15,12,19.4,14.0,23.8,0,79.0,8.8,7.8
2024-03-15,13,19.9,15.2,26.5,0,53.0,10.2,5.6
2024-03-15,14,20.9,15.8,26.0,0,71.0,0.8,4.8
2024-03-15,15,16.8,12.3,21.1,0,75.0,2.2,6.6
2024-03-15,16,15.2,11.3,21.6,0.4,80.0,17.3,9.2
2024-03-15,17,19.2,13.5,25.9,0,42.0,6.8,6.5
2024-03-15,18,13.8,9.9,17.8,0,57.0,26.2,5.9
2024-03-15,19,20.7,17.5,25.3,0,38.0,4.0,8.7
2024-03-15,20,19.4,15.5,24.4,0,63.0,22.2,5.9
2024-03-15,21,16.3,12.6,20.3,0,69.0,9.4,8.3
2024-03-15,22,14.0,10.7,17.4,0,50.0,20.0,7.9
2024-03-15,23,23.6,18.2,29.4,0,25.0,23.6,7.1
2024-03-15,24,18.9,13.3,24.6,0,68.0,11.3,4.5
2024-03-15,25,18.2,14.2,21.6,0,51.0,17.0,6.8
2024-03-16,1,21.2,15.8,27.8,0,66.0,8.7,6.7
2024-03-16,2,17.1,13.9,22.5,2.2,80.0,17.8,6.0
2024-03-16,3,18.1,13.6,22.0,0,56.0,9.3,7.5
2024-03-16,4,18.7,14.3,25.5,0,73.0,6.6,4.4
2024-03-16,5,14.8,9.4,21.2,0,76.0,17.2,8.3
2024-03-16,6,17.7,14.5,24.2,24.7,65.0,24.0,8.4
2024-03-16,7,18.1,14.1,22.1,0,76.0,0.6,8.5
2024-03-16,8,17.3,12.1,21.5,0,58.0,24.3,5.3
2024-03-16,9,17.8,13.8,21.0,0,69.0,17.6,5.2
2024-03-16,10,19.5,13.6,25.6,0,54.0,1.0,7.5
2024-03-16,11,17.8,12.8,24.6,0,58.0,18.4,6.0
2024-03-16,12,18.5,14.7,21.9,0,67.0,13.8,7.0
2024-03-16,13,19.3,14.8,23.4,0,63.0,15.9,7.0
2024-03-16,14,21.2,17.2,26.7,0,61.0,25.9,8.2
2024-03-16,15,17.9,14.4,23.6,0,72.0,14.8,5.5
2024-03-16,16,17.0,12.2,23.7,0,75.0,16.6,4.2
2024-03-16,17,22.4,17.6,26.5,0,51.0,8.7,7.0
2024-03-16,18,17.6,11.7,20.8,0,52.0,7.3,7.5
2024-03-16,19,21.8,16.0,28.1,0,49.0,13.4,9.8
2024-03-16,20,22.0,17.0,27.3,0,44.0,20.8,6.7
2024-03-16,21,16.7,12.9,19.7,0.4,75.0,18.3,4.9
2024-03-16,22,19.5,16.5,26.0,0,47.0,16.5,4.0
2024-03-16,23,21.3,16.8,26.6,0,24.0,1.8,5.8
2024-03-16,24,19.9,15.7,25.8,4.2,52.0,23.4,6.8
2024-03-16,25,17.1,12.6,20.5,0,54.0,14.4,5.7
2024-03-17,1,17.7,14.2,22.4,0,71.0,6.2,8.7
2024-03-17,2,16.7,11.6,22.3,0.6,93.0,28.6,9.2
2024-03-17,3,18.5,13.2,24.5,0,65.0,20.9,9.0
2024-03-17,4,17.1,11.6,22.2,0,74.0,4.0,7.0
2024-03-17,5,18.3,15.0,22.0,0,59.0,9.2,6.4
2024-03-17,6,21.3,15.9,27.5,0.3,69.0,17.9,7.4
2024-03-17,7,19.3,14.8,26.0,0,59.0,30.4,7.3
2024-03-17,8,19.0,13.5,25.1,0,60.0,20.5,8.6
2024-03-17,9,17.0,11.9,23.9,0,64.0,24.4,3.7
2024-03-17,10,19.4,15.0,23.6,0,52.0,16.8,6.5
2024-03-17,11,18.8,15.7,24.4,0,80.0,8.0,8.9
2024-03-17,12,19.3,14.9,22.9,2.4,71.0,16.1,4.7
2024-03-17,13,16.5,11.8,22.5,4.0,57.0,17.6,4.7
2024-03-17,14,20.0,15.8,23.2,0,70.0,26.0,5.9
2024-03-17,15,19.3,13.9,26.3,10.2,72.0,36.6,6.3
2024-03-17,16,17.4,12.2,22.0,0.9,76.0,16.4,7.4
2024-03-17,17,20.0,15.2,23.4,0,53.0,28.5,6.3
2024-03-17,18,15.5,10.8,20.8,0.2,54.0,9.9,9.1
2024-03-17,19,20.6,17.3,26.4,0,38.0,21.9,5.4
2024-03-17,20,22.3,19.0,26.9,0,49.0,8.8,9.6
2024-03-17,21,17.5,12.3,21.1,13.9,64.0,31.9,6.8
2024-03-17,22,19.5,15.3,22.9,12.6,62.0,19.8,6.0
2024-03-17,23,20.8,15.0,26.6,0,40.0,18.4,5.2
2024-03-17,24,17.9,12.7,24.2,0,62.0,15.6,8.3
2024-03-17,25,16.6,11.8,22.5,0,34.0,9.1,6.8
2024-03-18,1,16.3,12.1,22.6,0,70.0,29.1,9.9
2024-03-18,2,16.5,12.7,21.9,0,71.0,13.4,5.7
2024-03-18,3,18.1,14.7,23.5,0,65.0,11.2,5.0
2024-03-18,4,18.9,13.0,22.9,0,56.0,15.7,8.0
2024-03-18,5,18.7,14.5,25.6,0,67.0,15.5,6.9
2024-03-18,6,18.3,13.2,23.0,0,70.0,10.7,7.1
2024-03-18,7,18.2,14.1,25.1,0,65.0,8.6,6.7
2024-03-18,8,17.2,13.7,21.7,0,55.0,5.2,3.7
2024-03-18,9,19.2,15.4,22.4,1.1,72.0,30.5,8.0
2024-03-18,10,20.7,16.8,25.4,0,66.0,19.1,7.8
2024-03-18,11,18.0,12.6,23.1,0,71.0,8.4,8.6
2024-03-18,12,16.0,12.2,20.9,0,74.0,18.0,7.7
2024-03-18,13,18.8,15.1,23.8,0,55.0,24.1,6.3
2024-03-18,14,20.8,15.7,25.9,0,59.0,13.4,9.0
2024-03-18,15,18.0,14.9,23.2,0,60.0,15.4,8.0
2024-03-18,16,19.6,14.6,24.8,0,56.0,18.0,5.1
2024-03-18,17,19.8,15.2,23.4,1.8,54.0,16.0,5.3
2024-03-18,18,15.1,11.6,21.1,0,58.0,4.0,7.9
2024-03-18,19,20.5,16.3,26.9,0,61.0,11.7,6.6
2024-03-18,20,19.7,15.9,22.9,0,56.0,9.2,7.0
2024-03-18,21,16.0,10.2,19.1,4.0,65.0,20.4,8.0
2024-03-18,22,18.7,14.1,24.7,20.6,61.0,2.9,6.1
2024-03-18,23,21.7,17.6,24.9,0.5,41.0,19.7,7.7
2024-03-18,24,16.8,13.1,21.1,0,62.0,25.6,8.7
2024-03-18,25,18.5,13.6,24.6,2.5,39.0,3.7,6.3
2024-03-19,1,18.3,12.7,24.5,0,64.0,8.9,7.6
2024-03-19,2,20.0,14.2,24.1,0,71.0,10.6,8.1
2024-03-19,3,16.1,13.0,19.5,0,69.0,21.4,7.1
2024-03-19,4,18.7,13.5,24.7,0,69.0,16.1,7.7
2024-03-19,5,16.2,12.5,19.7,9.5,69.0,18.2,8.9
2024-03-19,6,19.3,14.2,22.9,9.0,62.0,14.0,6.9
2024-03-19,7,17.5,12.5,24.1,3.9,75.0,16.1,7.8
2024-03-19,8,19.7,14.2,23.8,0,72.0,3.7,6.1
2024-03-19,9,22.6,16.9,29.3,0,56.0,18.5,6.3
2024-03-19,10,21.2,16.5,28.0,0,62.0,4.1,5.2
2024-03-19,11,18.1,14.5,24.1,0,76.0,23.1,7.1
2024-03-19,12,17.0,11.2,23.5,3.9,77.0,19.7,6.3
2024-03-19,13,17.7,14.3,22.6,0,37.0,3.6,5.7
2024-03-19,14,21.5,16.9,25.5,0,67.0,23.0,5.9
2024-03-19,15,14.9,11.2,20.1,0,62.0,9.0,6.6
2024-03-19,16,18.4,14.9,23.2,0,72.0,19.0,9.5
2024-03-19,17,19.7,15.1,25.2,0,56.0,13.2,5.1
2024-03-19,18,16.2,12.7,20.3,0,43.0,28.4,7.4
2024-03-19,19,21.3,16.2,27.8,0,42.0,19.2,7.4
2024-03-19,20,20.7,17.5,26.5,0,44.0,17.9,5.4
2024-03-19,21,18.5,15.3,24.0,0,53.0,19.5,7.1
2024-03-19,22,16.4,13.1,23.1,0,64.0,15.1,5.7
2024-03-19,23,24.1,19.3,29.4,0,43.0,2.5,7.1
2024-03-19,24,19.2,13.9,24.2,0,68.0,11.5,8.5
2024-03-19,25,16.6,13.5,19.8,0,48.0,20.9,6.0
2024-03-20,1,18.1,12.9,22.2,1.7,62.0,20.9,8.1
2024-03-20,2,19.0,13.1,23.5,1.3,56.0,20.0,8.7
2024-03-20,3,18.3,15.1,23.1,0,55.0,15.7,9.0
2024-03-20,4,17.2,13.2,24.2,0,59.0,18.5,3.3
2024-03-20,5,19.6,16.3,22.9,0,58.0,29.4,5.7
2024-03-20,6,18.5,12.8,25.1,0,76.0,14.1,9.4
2024-03-20,7,21.1,16.5,26.0,0,65.0,15.0,8.0
2024-03-20,8,18.8,13.9,23.4,0,63.0,12.9,6.3
2024-03-20,9,17.7,12.5,22.8,0,69.0,11.6,5.9
2024-03-20,10,19.4,13.8,25.4,0,64.0,12.3,4.1
2024-03-20,11,17.9,12.0,21.9,0,72.0,22.7,7.4
2024-03-20,12,20.5,17.0,27.3,0,66.0,10.9,10.0
2024-03-20,13,20.0,14.9,24.5,0,68.0,17.0,7.9
2024-03-20,14,22.1,17.1,27.0,0,50.0,19.2,4.1
2024-03-20,15,13.7,9.1,20.4,1.4,70.0,19.6,7.7
2024-03-20,16,18.4,12.9,22.5,0,59.0,22.3,8.5
2024-03-20,17,18.8,14.7,22.9,0,34.0,21.6,6.9
2024-03-20,18,16.8,10.9,23.1,0,55.0,4.5,6.7
2024-03-20,19,21.6,16.4,27.8,0,52.0,25.6,8.3
2024-03-20,20,19.4,13.8,22.9,0,58.0,20.9,6.8
2024-03-20,21,18.9,14.4,22.4,0,67.0,17.3,7.0
2024-03-20,22,17.2,13.9,20.5,0,59.0,15.7,5.2
2024-03-20,23,26.5,23.2,33.3,0,29.0,17.3,4.6
2024-03-20,24,18.3,12.6,22.1,6.5,66.0,8.8,6.3
2024-03-20,25,16.9,11.4,22.0,2.4,53.0,9.3,8.8
2024-03-21,1,16.2,10.8,21.6,0,65.0,29.9,5.3
2024-03-21,2,20.3,16.2,25.8,0,57.0,17.4,6.7
2024-03-21,3,16.5,10.9,22.1,0,56.0,20.2,7.9
2024-03-21,4,18.9,14.9,22.0,20.8,75.0,20.0,9.7
2024-03-21,5,19.2,14.4,22.8,0,70.0,13.9,8.4
2024-03-21,6,19.7,16.6,25.7,0,69.0,21.8,8.4
2024-03-21,7,19.6,15.5,22.7,0,67.0,16.5,10.6
2024-03-21,8,15.6,10.4,20.7,3.7,77.0,1.1,8.4
2024-03-21,9,23.0,17.4,26.2,0,55.0,9.8,8.2
2024-03-21,10,17.5,12.2,22.1,0,53.0,32.0,8.7
2024-03-21,11,19.5,14.2,23.5,0,89.0,23.0,7.6
2024-03-21,12,17.1,13.8,22.6,0,67.0,15.9,4.9
2024-03-21,13,19.9,15.3,23.9,0,59.0,20.8,7.4
2024-03-21,14,20.8,16.2,25.6,0,59.0,12.3,8.7
2024-03-21,15,16.7,11.0,20.3,1.4,63.0,6.0,8.8
2024-03-21,16,21.3,16.9,27.0,0,72.0,22.3,7.5
2024-03-21,17,17.6,12.2,21.7,0,40.0,41.1,7.6
2024-03-21,18,18.7,15.2,24.7,0,49.0,7.0,5.6
2024-03-21,19,21.4,17.2,27.5,0,44.0,4.7,6.4
2024-03-21,20,19.2,14.2,26.1,0,47.0,20.1,6.3
2024-03-21,21,15.8,11.7,22.6,0,58.0,13.2,7.7
2024-03-21,22,19.5,15.5,24.9,0,59.0,16.7,8.0
2024-03-21,23,22.6,17.3,28.9,0,40.0,28.3,10.2
2024-03-21,24,17.1,11.3,21.7,0,72.0,24.0,7.0
2024-03-21,25,18.1,12.8,25.0,1.2,50.0,15.0,5.8
2024-03-22,1,21.1,16.5,25.0,0,60.0,8.9,6.3
2024-03-22,2,19.0,15.6,25.6,0,84.0,26.6,3.6
2024-03-22,3,20.4,14.5,26.9,0.6,50.0,11.3,5.2
2024-03-22,4,17.8,12.3,21.4,0,73.0,7.4,8.9
2024-03-22,5,17.8,12.4,22.3,0,68.0,12.4,7.5
2024-03-22,6,19.0,14.5,23.7,0,64.0,13.2,6.4
2024-03-22,7,20.0,15.3,26.9,0,77.0,14.9,8.2
2024-03-22,8,19.1,15.4,25.3,0,78.0,3.8,7.1
2024-03-22,9,20.2,14.3,25.1,0,62.0,30.6,7.3
2024-03-22,10,18.5,12.8,21.7,3.2,65.0,15.8,5.4
2024-03-22,11,20.8,15.4,25.1,0,75.0,16.5,6.8
2024-03-22,12,20.5,15.7,24.6,0,74.0,2.6,5.3
2024-03-22,13,18.7,13.4,25.1,0,63.0,28.5,4.5
2024-03-22,14,19.5,16.4,24.0,0,51.0,12.9,10.3
2024-03-22,15,15.9,11.7,19.2,0,76.0,24.7,5.6
2024-03-22,16,19.4,16.0,23.0,4.3,59.0,14.8,5.4
2024-03-22,17,18.7,14.6,21.9,0,38.0,11.6,5.2
2024-03-22,18,17.1,12.9,22.2,0,43.0,19.8,7.6
2024-03-22,19,21.7,15.9,28.5,0,60.0,13.9,6.3
2024-03-22,20,19.2,15.9,24.4,0,72.0,30.5,7.4
2024-03-22,21,18.1,14.8,23.5,0.6,57.0,15.0,6.1
2024-03-22,22,15.7,12.3,20.7,0,57.0,12.7,7.8
2024-03-22,23,22.6,17.6,26.8,0,38.0,34.4,8.3
2024-03-22,24,19.7,16.3,24.3,0,60.0,18.5,7.1
2024-03-22,25,18.2,14.5,22.0,0,73.0,22.2,8.2
2024-03-23,1,19.7,15.3,25.8,0,67.0,17.5,8.1
2024-03-23,2,19.9,16.6,24.9,0,65.0,10.1,7.0
2024-03-23,3,18.2,12.4,22.9,0,60.0,6.9,9.6
2024-03-23,4,19.5,15.2,25.5,0,53.0,16.7,10.0
2024-03-23,5,19.0,14.5,24.2,0,69.0,8.9,8.0
2024-03-23,6,17.5,12.3,22.5,0,62.0,4.1,6.7
2024-03-23,7,16.7,13.3,21.6,5.3,78.0,2.2,7.3
2024-03-23,8,16.8,11.2,19.8,0,66.0,11.8,7.8
2024-03-23,9,19.5,15.8,23.9,0,57.0,21.9,8.0
2024-03-23,10,21.0,15.7,26.2,0,56.0,20.0,8.0
2024-03-23,11,16.8,12.2,22.8,0,64.0,19.3,7.2
2024-03-23,12,15.4,10.1,22.2,0,61.0,3.2,6.8
2024-03-23,13,19.8,15.2,25.9,0,66.0,19.0,7.0
2024-03-23,14,23.6,18.2,30.4,0,52.0,16.9,10.1
2024-03-23,15,15.8,10.6,19.8,0,77.0,11.0,6.2
2024-03-23,16,17.2,12.3,22.4,0.2,58.0,8.6,9.0
2024-03-23,17,16.3,11.1,19.5,0,44.0,30.2,9.1
2024-03-23,18,17.3,13.0,22.3,0,59.0,20.1,7.1
2024-03-23,19,23.0,18.9,26.3,0,51.0,12.7,5.1
2024-03-23,20,19.5,15.0,24.7,0,57.0,7.4,6.5
2024-03-23,21,14.7,9.2,18.2,0,60.0,23.5,11.8
2024-03-23,22,20.2,16.3,25.3,0,60.0,19.4,9.2
2024-03-23,23,22.8,19.0,25.9,0,37.0,1.5,11.0
2024-03-23,24,17.5,12.4,22.8,0.5,73.0,13.2,9.1
2024-03-23,25,19.4,15.3,23.4,0,40.0,6.6,8.5
2024-03-24,1,19.7,14.2,23.8,0,71.0,12.2,6.7
2024-03-24,2,17.3,13.5,21.8,0,62.0,18.5,6.6
2024-03-24,3,22.5,16.7,26.8,0.3,60.0,12.0,6.1
2024-03-24,4,17.9,11.9,22.8,0,63.0,12.3,8.1
2024-03-24,5,17.8,13.1,24.3,0,62.0,1.3,6.9
2024-03-24,6,18.5,12.5,23.5,0,69.0,9.1,8.2
2024-03-24,7,21.3,17.5,25.8,0,65.0,10.1,9.2
2024-03-24,8,19.7,15.9,23.8,1.0,54.0,3.3,5.2
2024-03-24,9,22.4,19.2,28.7,0,52.0,11.1,6.8
2024-03-24,10,21.1,17.1,25.0,0,76.0,21.5,8.1
2024-03-24,11,18.6,14.7,22.0,0,71.0,16.7,8.3
2024-03-24,12,20.1,16.4,24.8,0,79.0,18.4,7.1
2024-03-24,13,20.3,16.4,23.4,0,46.0,19.4,7.1
2024-03-24,14,23.0,19.1,29.0,0,48.0,15.8,6.4
2024-03-24,15,16.8,10.8,22.5,0,78.0,4.9,6.6
2024-03-24,16,20.9,17.9,25.3,0,56.0,4.8,7.2
2024-03-24,17,20.6,14.9,27.3,0,36.0,26.8,6.0
2024-03-24,18,14.2,8.6,19.5,0,59.0,15.3,5.5
2024-03-24,19,21.1,17.7,27.0,0,70.0,31.8,7.0
2024-03-24,20,21.3,16.1,26.0,0,65.0,24.4,5.4
2024-03-24,21,18.5,14.0,22.7,0,54.0,17.4,7.8
2024-03-24,22,16.8,13.7,23.5,0.2,36.0,18.8,8.4
2024-03-24,23,21.7,16.0,25.0,0,26.0,5.7,5.2
2024-03-24,24,19.9,16.0,24.2,0,65.0,10.9,8.9
2024-03-24,25,17.3,13.0,23.2,0,46.0,13.6,8.5
2024-03-25,1,17.3,13.1,22.8,0,63.0,27.7,10.5
2024-03-25,2,18.1,13.8,24.7,0,47.0,13.7,6.2
2024-03-25,3,17.2,13.8,23.6,0,71.0,9.9,4.2
2024-03-25,4,18.5,15.3,22.4,0,83.0,11.2,4.8
2024-03-25,5,20.0,14.5,23.5,0,68.0,23.3,5.9
2024-03-25,6,17.9,14.7,23.8,0,57.0,6.8,7.2
2024-03-25,7,18.8,14.1,23.1,0,67.0,15.9,5.9
2024-03-25,8,19.2,15.6,22.9,0,56.0,8.9,7.7
2024-03-25,9,22.3,18.5,25.8,0,59.0,13.1,7.3
2024-03-25,10,20.8,15.3,27.2,0,64.0,6.3,8.9
2024-03-25,11,19.3,16.2,25.8,0,73.0,26.2,6.9
2024-03-25,12,20.0,16.4,24.8,0,77.0,17.1,9.3
2024-03-25,13,19.2,13.7,22.3,0,52.0,26.2,10.5
2024-03-25,14,22.2,18.0,25.9,0,56.0,8.6,8.0
2024-03-25,15,18.6,14.7,23.8,12.3,69.0,11.5,8.7
2024-03-25,16,22.4,16.8,27.5,0,64.0,20.9,7.0
2024-03-25,17,22.4,18.0,28.3,0,53.0,19.2,8.7
2024-03-25,18,17.6,13.6,24.1,0,51.0,24.0,6.9
2024-03-25,19,21.7,16.0,27.1,0,50.0,14.5,7.4
2024-03-25,20,20.4,16.9,24.7,0,50.0,3.9,6.0
2024-03-25,21,20.1,16.4,25.9,0,52.0,27.7,10.2
2024-03-25,22,20.2,16.9,23.4,0,54.0,19.2,7.3
2024-03-25,23,21.6,16.4,24.8,0,44.0,17.3,7.5
2024-03-25,24,19.5,14.0,25.2,0,56.0,1.0,7.4
2024-03-25,25,17.5,12.4,23.4,0,52.0,11.3,6.2
2024-03-26,1,19.7,13.9,25.9,0,74.0,18.7,4.9
2024-03-26,2,19.8,13.9,23.7,0,64.0,24.1,8.5
2024-03-26,3,19.9,15.5,24.3,0,57.0,30.6,6.7
2024-03-26,4,16.4,13.1,22.5,0,56.0,24.1,10.5
2024-03-26,5,21.9,16.9,25.2,0,60.0,12.3,10.5
2024-03-26,6,19.0,13.6,25.7,0,65.0,18.3,7.5
2024-03-26,7,19.2,14.4,22.7,0,58.0,6.3,5.7
2024-03-26,8,20.6,15.0,27.3,0,70.0,3.7,8.9
2024-03-26,9,21.0,15.7,26.7,0,64.0,12.2,8.0
2024-03-26,10,20.9,16.1,24.0,0,60.0,7.7,9.6
2024-03-26,11,17.8,14.1,24.5,0,67.0,16.5,8.7
2024-03-26,12,19.9,16.3,23.0,0,76.0,8.1,5.7
2024-03-26,13,19.7,16.2,25.8,0,63.0,16.4,7.7
2024-03-26,14,20.1,15.6,26.8,0,56.0,8.7,6.9
2024-03-26,15,19.8,15.6,22.8,0,79.0,20.4,10.2
2024-03-26,16,21.3,17.2,27.5,0,67.0,15.0,7.4
2024-03-26,17,23.0,18.3,27.4,0,39.0,2.1,6.1
2024-03-26,18,18.0,13.7,21.6,0,43.0,24.3,6.8
2024-03-26,19,20.6,15.3,24.1,0,52.0,14.8,8.1
2024-03-26,20,22.0,18.6,26.9,0,49.0,22.9,9.0
2024-03-26,21,16.3,12.5,20.0,0,60.0,3.0,8.4
2024-03-26,22,20.1,15.3,24.7,8.8,61.0,3.9,6.8
2024-03-26,23,24.5,18.6,28.1,0,38.0,14.3,7.4
2024-03-26,24,18.6,15.5,21.9,1.8,50.0,31.6,5.4
2024-03-26,25,17.5,13.1,22.2,0,42.0,9.5,6.5
2024-03-27,1,17.5,13.5,21.6,0,56.0,20.7,7.2
2024-03-27,2,20.1,14.7,25.0,0.2,60.0,18.7,7.9
2024-03-27,3,19.9,16.2,26.1,0,60.0,10.1,8.2
2024-03-27,4,18.6,12.7,23.5,0,66.0,16.3,7.7
2024-03-27,5,21.7,17.6,25.1,0,72.0,17.6,7.1
2024-03-27,6,19.4,16.2,24.4,0,67.0,17.1,7.9
2024-03-27,7,19.8,13.9,26.0,0,60.0,34.5,6.9
2024-03-27,8,19.1,14.9,22.5,0,67.0,23.5,7.8
2024-03-27,9,19.0,13.9,23.8,0,74.0,7.3,6.6
2024-03-27,10,21.2,17.2,28.2,0,71.0,16.8,5.6
2024-03-27,11,21.1,15.3,27.8,0,81.0,21.6,6.6
2024-03-27,12,20.4,17.2,24.4,6.3,75.0,17.7,7.7
2024-03-27,13,20.3,17.0,27.1,0,62.0,18.0,7.7
2024-03-27,14,22.9,18.5,27.8,0,65.0,27.9,8.2
2024-03-27,15,18.5,13.2,23.7,0,77.0,3.5,6.7
2024-03-27,16,19.5,14.7,23.7,0,55.0,13.2,6.3
2024-03-27,17,21.6,16.8,24.8,0,49.0,8.5,6.0
2024-03-27,18,14.8,9.4,19.9,0,49.0,15.5,8.1
2024-03-27,19,20.6,17.3,25.3,0,56.0,15.0,6.9
2024-03-27,20,25.3,21.9,30.3,0,43.0,4.6,7.8
2024-03-27,21,18.5,13.2,23.2,5.6,74.0,4.4,7.4
2024-03-27,22,18.5,15.1,23.9,0,67.0,28.6,8.7
2024-03-27,23,23.4,17.9,30.2,0,50.0,15.6,8.1
2024-03-27,24,16.6,11.0,20.0,0,69.0,21.4,5.7
2024-03-27,25,18.9,13.9,23.0,0,37.0,23.2,6.5
2024-03-28,1,20.5,16.4,26.3,0,63.0,5.6,7.5
2024-03-28,2,21.9,16.2,28.4,2.1,63.0,30.1,8.1
2024-03-28,3,17.9,14.0,23.5,6.2,63.0,24.1,8.5
2024-03-28,4,18.9,14.3,22.6,10.6,67.0,22.2,6.5
2024-03-28,5,19.8,13.8,26.7,0,59.0,24.1,6.9
2024-03-28,6,20.2,15.6,24.9,0,65.0,7.5,5.2
2024-03-28,7,20.6,16.0,24.8,0,71.0,16.1,5.5
2024-03-28,8,21.9,17.4,28.1,0,63.0,21.0,9.6
2024-03-28,9,19.2,14.8,25.2,0,57.0,33.5,7.7
2024-03-28,10,18.8,15.0,24.1,0,62.0,27.8,9.9
2024-03-28,11,21.4,18.1,26.1,0,74.0,9.3,7.3
2024-03-28,12,17.5,12.1,22.7,0,70.0,13.7,6.3
2024-03-28,13,20.9,15.6,27.2,0,45.0,9.7,8.4
2024-03-28,14,23.8,19.6,29.4,0,62.0,7.8,9.0
2024-03-28,15,18.1,13.8,22.1,0,52.0,20.0,9.0
2024-03-28,16,21.0,16.9,24.7,0,73.0,9.8,7.1
2024-03-28,17,20.5,15.8,23.5,0,39.0,28.5,7.0
2024-03-28,18,18.1,13.0,22.0,1.7,57.0,23.0,7.5
2024-03-28,19,25.0,20.4,30.4,0,73.0,30.0,8.1
2024-03-28,20,22.9,16.9,26.3,0,55.0,21.0,7.6
2024-03-28,21,16.3,11.4,20.0,0,39.0,17.3,9.2
2024-03-28,22,19.3,15.1,22.3,1.3,66.0,21.1,7.0
2024-03-28,23,22.4,17.1,28.2,0,33.0,2.2,10.6
2024-03-28,24,19.9,16.1,25.3,0,55.0,5.5,5.2
2024-03-28,25,19.9,14.5,24.6,0,41.0,2.1,8.1
2024-03-29,1,22.8,19.6,27.9,0,52.0,6.3,6.7
2024-03-29,2,19.6,15.0,26.3,1.8,63.0,17.2,7.0
2024-03-29,3,19.8,15.6,26.2,0.9,72.0,12.6,8.6
2024-03-29,4,18.9,15.1,23.6,0,68.0,1.9,5.5
2024-03-29,5,19.4,14.3,24.6,0,54.0,4.7,7.7
2024-03-29,6,18.9,14.9,24.3,0,50.0,15.8,7.3
2024-03-29,7,21.0,16.2,24.7,0,69.0,20.0,3.0
2024-03-29,8,20.5,14.8,23.6,1.7,85.0,3.6,8.9
2024-03-29,9,21.3,16.1,26.6,0,71.0,9.7,8.3
2024-03-29,10,23.2,19.9,28.5,0,59.0,8.7,6.9
2024-03-29,11,20.2,15.3,25.5,0,69.0,8.6,11.6
2024-03-29,12,19.9,14.1,26.9,0,71.0,12.4,11.0
2024-03-29,13,22.2,17.9,26.8,0,45.0,10.6,8.1
2024-03-29,14,23.5,19.6,30.0,0,42.0,5.7,8.4
2024-03-29,15,20.5,14.6,26.6,0,72.0,18.4,9.4
2024-03-29,16,19.2,15.4,25.3,0,61.0,8.5,8.6
2024-03-29,17,23.0,17.6,27.3,0,52.0,23.8,9.1
2024-03-29,18,17.4,11.6,20.4,0,44.0,1.0,9.1
2024-03-29,19,23.2,19.6,29.2,0,57.0,23.9,7.4
2024-03-29,20,21.8,18.4,26.1,0,48.0,18.2,7.9
2024-03-29,21,18.0,14.7,24.7,0,81.0,17.4,6.7
2024-03-29,22,20.0,14.0,23.0,0,46.0,11.3,7.6
2024-03-29,23,20.6,16.1,25.5,0,21.0,16.1,8.3
2024-03-29,24,17.3,13.2,24.0,0,57.0,20.8,7.3
2024-03-29,25,22.1,16.7,28.5,0,56.0,11.0,8.2
2024-03-30,1,20.9,17.3,24.9,0,66.0,20.5,6.9
2024-03-30,2,18.1,12.9,24.6,0,69.0,7.8,8.2
2024-03-30,3,20.6,14.6,27.4,0.5,59.0,9.2,5.8
2024-03-30,4,20.4,16.6,26.5,0,70.0,14.8,8.2
2024-03-30,5,21.3,16.3,25.4,0,62.0,14.0,4.8
2024-03-30,6,20.6,17.1,24.3,0,62.0,21.5,7.7
2024-03-30,7,18.1,12.9,23.0,0,63.0,12.6,3.6
2024-03-30,8,17.5,13.3,21.3,0,72.0,7.6,6.1
2024-03-30,9,21.7,18.1,28.0,0,65.0,9.1,5.3
2024-03-30,10,22.3,19.3,27.5,0,56.0,27.8,8.9
2024-03-30,11,22.8,19.0,28.6,0,65.0,4.5,11.0
2024-03-30,12,21.4,16.7,27.7,0,67.0,20.6,7.0
2024-03-30,13,21.2,18.1,27.9,0,60.0,12.5,7.3
2024-03-30,14,25.0,20.7,30.0,0,65.0,22.7,8.5
2024-03-30,15,20.3,16.5,25.9,0,70.0,14.8,8.4
2024-03-30,16,17.8,12.2,23.6,0,63.0,8.6,6.7
2024-03-30,17,21.9,17.0,27.5,0,40.0,13.9,6.6
2024-03-30,18,18.2,13.6,25.1,0,45.0,14.7,9.7
2024-03-30,19,21.1,16.4,28.1,0,61.0,17.7,4.8
2024-03-30,20,22.9,19.0,29.8,0,43.0,10.6,5.1
2024-03-30,21,21.3,16.3,25.3,8.0,68.0,30.2,4.5
2024-03-30,22,15.8,10.7,19.5,1.0,51.0,9.6,7.5
2024-03-30,23,22.7,19.0,28.8,0,36.0,23.8,9.3
2024-03-30,24,19.9,14.1,23.5,0,64.0,16.2,8.8
2024-03-30,25,23.0,17.9,28.2,0,33.0,16.5,8.2
2024-03-31,1,21.1,17.6,24.1,2.7,67.0,7.4,8.3
2024-03-31,2,20.7,15.2,26.1,0,64.0,25.5,6.8
2024-03-31,3,20.2,15.6,26.5,0,59.0,12.4,8.4
2024-03-31,4,22.6,16.9,26.8,0,68.0,15.7,11.5
2024-03-31,5,18.3,12.9,22.4,0,57.0,16.0,6.1
2024-03-31,6,21.2,17.0,28.2,0,69.0,13.4,7.3
2024-03-31,7,23.1,17.1,28.0,0,66.0,15.6,7.9
2024-03-31,8,21.2,17.2,27.2,0,60.0,18.6,6.8
2024-03-31,9,21.8,17.5,28.3,0,59.0,14.6,8.5
2024-03-31,10,22.6,18.5,29.1,0,56.0,10.2,4.9
2024-03-31,11,24.3,21.3,29.1,0,60.0,3.1,9.6
2024-03-31,12,21.2,16.4,24.4,0,65.0,8.1,9.4
2024-03-31,13,21.8,18.2,27.0,0,61.0,13.4,6.0
2024-03-31,14,21.2,16.8,24.2,0,63.0,5.7,8.7
2024-03-31,15,20.7,16.3,27.7,0,64.0,4.0,8.1
2024-03-31,16,19.7,15.0,23.5,0,72.0,22.8,8.7
2024-03-31,17,20.3,16.6,23.4,0,52.0,3.7,8.9
2024-03-31,18,20.6,14.7,25.7,0,47.0,20.5,6.9
2024-03-31,19,22.7,17.1,28.7,0,56.0,1.8,6.4
2024-03-31,20,25.3,21.2,30.4,0,48.0,21.8,9.1
2024-03-31,21,19.1,13.8,24.0,0,61.0,16.3,8.5
2024-03-31,22,17.2,12.2,20.7,5.6,52.0,11.4,8.4
2024-03-31,23,24.5,19.7,29.5,0,38.0,17.4,8.2
2024-03-31,24,19.1,13.4,24.9,0,39.0,18.3,7.6
2024-03-31,25,18.8,14.7,25.1,1.2,42.0,14.4,7.9
2024-04-01,1,19.9,14.3,24.9,3.1,61.0,17.4,7.8
2024-04-01,2,19.8,14.7,24.2,0,59.0,19.6,8.3
2024-04-01,3,21.1,15.5,28.1,0,57.0,24.6,7.0
2024-04-01,4,22.9,19.1,26.2,0,52.0,4.8,5.3
2024-04-01,5,19.7,15.9,24.5,19.8,63.0,32.1,9.6
2024-04-01,6,17.2,11.9,20.2,6.0,59.0,25.7,7.3
2024-04-01,7,20.9,17.5,25.3,0.5,63.0,0.9,8.6
2024-04-01,8,23.0,19.1,27.7,0,65.0,22.3,8.4
2024-04-01,9,24.4,20.1,30.7,0,55.0,23.6,8.5
2024-04-01,10,22.3,17.2,25.3,0,50.0,27.5,6.5
2024-04-01,11,18.6,13.9,22.8,0,54.0,13.2,7.0
2024-04-01,12,18.7,14.1,23.4,0,57.0,18.6,10.9
2024-04-01,13,20.3,16.5,25.2,4.3,62.0,24.5,9.1
2024-04-01,14,21.9,16.0,25.7,0,40.0,9.6,7.8
2024-04-01,15,19.7,16.6,24.0,8.0,56.0,10.8,6.7
2024-04-01,16,20.6,14.9,24.5,0,63.0,16.9,6.7
2024-04-01,17,22.1,16.6,26.4,0,57.0,12.5,8.3
2024-04-01,18,21.9,17.6,27.8,0,31.0,10.2,7.5
2024-04-01,19,22.8,18.9,28.0,0,47.0,13.3,8.9
2024-04-01,20,23.5,17.6,30.1,0,45.0,9.7,11.2
2024-04-01,21,18.2,15.0,24.4,0,56.0,12.8,6.6
2024-04-01,22,18.7,15.4,25.5,3.7,58.0,14.9,7.8
2024-04-01,23,28.3,22.6,32.6,0,37.0,10.3,7.1
2024-04-01,24,25.0,21.7,29.0,0,68.0,23.9,8.0
2024-04-01,25,19.7,14.9,25.4,0,46.0,19.3,5.8
2024-04-02,1,19.3,14.3,23.0,0,65.0,5.7,9.3
2024-04-02,2,21.9,16.1,25.9,0,59.0,3.3,3.2
2024-04-02,3,22.5,18.9,29.1,0,55.0,21.1,7.3
2024-04-02,4,20.9,15.4,27.0,0,63.0,21.7,8.5
2024-04-02,5,19.2,13.4,25.8,0,77.0,18.6,5.9
2024-04-02,6,19.3,13.7,23.7,0,59.0,29.6,8.9
2024-04-02,7,22.3,18.7,25.8,0,71.0,22.1,8.5
2024-04-02,8,20.9,16.0,27.6,0,54.0,16.2,7.7
2024-04-02,9,22.9,17.9,26.8,0,59.0,14.0,7.1
2024-04-02,10,22.3,18.5,25.8,0.4,57.0,25.6,8.7
2024-04-02,11,21.7,18.5,25.9,0,67.0,19.7,8.7
2024-04-02,12,18.7,13.9,22.4,0,54.0,7.4,10.2
2024-04-02,13,23.6,19.6,26.8,0,46.0,23.0,8.4
2024-04-02,14,19.2,16.1,22.2,0,59.0,31.4,7.0
2024-04-02,15,18.9,14.8,23.7,8.1,69.0,36.1,5.1
2024-04-02,16,18.7,15.3,25.2,0,66.0,20.4,10.8
2024-04-02,17,21.6,15.6,28.0,0.6,54.0,2.0,8.8
2024-04-02,18,20.2,17.1,23.8,0,42.0,24.3,8.2
2024-04-02,19,24.5,21.1,29.1,0,52.0,9.1,8.4
2024-04-02,20,21.4,16.4,26.7,0,47.0,16.1,9.2
2024-04-02,21,19.3,16.3,25.5,0,61.0,4.5,5.6
2024-04-02,22,20.4,16.7,26.0,0,54.0,7.2,7.6
2024-04-02,23,25.1,19.4,28.6,0,34.0,1.6,9.0
2024-04-02,24,20.6,14.9,24.9,0,63.0,21.1,7.4
2024-04-02,25,22.8,17.4,27.9,0,39.0,10.3,7.7
2024-04-03,1,22.1,16.7,26.3,0,74.0,16.8,11.1
2024-04-03,2,18.5,15.0,21.6,0,70.0,7.8,8.6
2024-04-03,3,21.3,15.4,27.9,0,68.0,27.3,10.5
2024-04-03,4,22.9,17.4,26.8,0,72.0,20.2,8.2
2024-04-03,5,20.6,15.7,26.0,0,59.0,30.9,9.5
2024-04-03,6,20.1,15.4,25.1,1.8,63.0,18.1,8.6
2024-04-03,7,22.4,17.8,26.7,0,71.0,13.0,5.1
2024-04-03,8,19.6,13.7,23.3,0,62.0,7.9,9.4
2024-04-03,9,21.2,15.9,27.9,0,47.0,16.2,5.9
2024-04-03,10,22.2,16.3,27.7,0,57.0,22.7,7.3
2024-04-03,11,21.5,17.5,28.0,0,76.0,0.6,4.1
2024-04-03,12,22.2,17.8,25.2,0,77.0,16.5,9.4
2024-04-03,13,24.3,18.3,27.8,0,66.0,18.2,8.4
2024-04-03,14,22.1,17.1,28.0,0,81.0,23.5,6.3
2024-04-03,15,23.4,17.5,28.7,0,78.0,11.4,6.1
2024-04-03,16,20.9,17.5,26.5,0,53.0,12.9,10.5
2024-04-03,17,24.3,20.9,29.1,0,55.0,26.2,7.2
2024-04-03,18,20.8,17.2,27.4,0,52.0,6.7,8.2
2024-04-03,19,24.5,20.4,27.6,0,47.0,26.9,9.0
2024-04-03,20,20.5,16.2,25.3,0,42.0,5.5,7.1
2024-04-03,21,20.3,15.2,25.9,0,71.0,25.2,9.4
2024-04-03,22,22.0,18.7,26.2,0,35.0,33.6,9.1
2024-04-03,23,22.1,18.4,28.9,0.2,23.0,24.8,7.8
2024-04-03,24,20.5,16.4,24.2,7.9,75.0,22.7,7.6
2024-04-03,25,22.1,17.9,28.6,0,46.0,3.4,10.2
2024-04-04,1,18.1,12.5,21.3,0,75.0,11.4,8.8
2024-04-04,2,18.6,14.5,21.8,0,56.0,17.5,5.7
2024-04-04,3,20.9,15.0,25.5,0,65.0,10.3,10.7
2024-04-04,4,20.7,16.6,24.9,0,52.0,17.6,9.1
2024-04-04,5,21.9,17.6,28.2,13.5,57.0,14.5,10.9
2024-04-04,6,19.3,14.1,26.1,0,48.0,9.9,10.3
2024-04-04,7,22.7,18.2,29.3,3.6,71.0,25.2,7.6
2024-04-04,8,21.0,16.2,25.7,0,62.0,12.2,5.0
2024-04-04,9,21.5,16.8,26.0,0,48.0,1.5,7.3
2024-04-04,10,23.9,18.0,28.0,0,51.0,31.2,7.5
2024-04-04,11,20.1,16.4,24.1,0,61.0,17.0,8.2
2024-04-04,12,20.6,15.5,25.0,0,64.0,13.1,8.3
2024-04-04,13,23.2,17.6,29.4,0,52.0,10.6,6.2
2024-04-04,14,20.4,16.2,26.2,0,58.0,27.8,8.1
2024-04-04,15,22.9,18.9,26.7,0,63.0,5.5,9.0
2024-04-04,16,22.5,18.3,28.4,0,65.0,4.3,10.1
2024-04-04,17,19.9,16.5,23.6,0,50.0,27.3,8.6
2024-04-04,18,21.2,15.6,26.6,0,48.0,0.3,8.1
2024-04-04,19,24.2,20.7,30.3,0,60.0,10.0,9.1
2024-04-04,20,22.9,17.1,25.9,0,54.0,14.0,9.4
2024-04-04,21,20.4,17.0,24.1,8.1,47.0,26.2,9.0
2024-04-04,22,20.4,16.8,26.6,2.4,65.0,25.3,10.0
2024-04-04,23,26.4,20.9,31.2,0,29.0,10.2,6.9
2024-04-04,24,23.6,17.9,26.8,0,74.0,13.9,6.5
2024-04-04,25,20.4,16.9,27.2,2.7,44.0,1.8,9.4
2024-04-05,1,20.0,16.4,26.3,0,60.0,14.7,7.4
2024-04-05,2,22.6,18.2,26.7,0,56.0,22.2,7.2
2024-04-05,3,22.0,16.1,28.4,0,66.0,9.5,6.3
2024-04-05,4,20.1,14.8,23.6,0,66.0,10.9,8.5
2024-04-05,5,19.2,14.9,22.9,1.3,68.0,28.9,9.4
2024-04-05,6,23.1,19.0,26.7,0,58.0,13.3,8.3
2024-04-05,7,22.7,18.1,29.6,6.8,63.0,2.9,8.6
2024-04-05,8,21.4,17.8,26.2,0,62.0,17.9,9.8
2024-04-05,9,21.4,16.6,27.5,0,56.0,16.6,9.8
2024-04-05,10,23.0,18.5,26.7,0.2,48.0,9.7,9.3
2024-04-05,11,20.5,16.3,27.1,3.4,58.0,5.0,7.4
2024-04-05,12,19.8,16.4,24.3,0,68.0,22.4,5.7
2024-04-05,13,20.9,17.5,24.5,0,36.0,17.3,7.4
2024-04-05,14,20.9,16.0,24.5,0,46.0,22.4,6.5
2024-04-05,15,21.2,17.5,25.6,3.0,57.0,21.3,9.1
2024-04-05,16,22.9,17.2,28.1,0,67.0,7.1,8.3
2024-04-05,17,19.2,13.9,25.5,0,43.0,15.7,8.8
2024-04-05,18,20.8,16.6,25.2,0,48.0,19.5,6.7
2024-04-05,19,25.2,20.5,32.1,0,46.0,24.1,8.0
2024-04-05,20,24.3,18.5,30.3,0,41.0,14.6,9.9
2024-04-05,21,20.8,17.0,24.3,0,66.0,37.1,7.4
2024-04-05,22,21.6,18.1,27.4,0.5,55.0,10.2,7.6
2024-04-05,23,26.9,21.9,32.9,0,41.0,24.8,4.2
2024-04-05,24,20.6,15.4,25.0,0.8,60.0,34.2,5.3
2024-04-05,25,21.3,18.1,25.8,0,52.0,6.6,6.6
2024-04-06,1,22.1,16.6,25.6,1.8,58.0,16.7,7.3
2024-04-06,2,21.5,16.5,25.4,0,61.0,13.6,9.2
2024-04-06,3,20.6,14.9,23.9,0,60.0,20.4,10.4
2024-04-06,4,20.2,16.0,25.4,0,62.0,10.6,7.2
2024-04-06,5,20.9,16.5,25.4,0,69.0,19.4,8.9
2024-04-06,6,21.0,17.7,27.9,0,61.0,27.1,9.6
2024-04-06,7,21.0,17.2,26.3,0,59.0,8.1,7.8
2024-04-06,8,23.6,19.2,28.6,0,64.0,28.4,9.4
2024-04-06,9,22.5,19.0,29.4,0,58.0,29.5,9.7
2024-04-06,10,21.6,16.6,25.2,0.4,59.0,15.5,10.8
2024-04-06,11,22.8,18.4,28.1,0,61.0,34.4,9.3
2024-04-06,12,20.5,16.2,27.1,0,68.0,21.9,4.3
2024-04-06,13,23.1,18.9,29.2,0,60.0,9.4,10.1
2024-04-06,14,21.3,16.4,26.0,0,55.0,11.4,7.7
2024-04-06,15,18.8,13.0,24.5,5.0,61.0,9.6,7.4
2024-04-06,16,21.5,16.9,27.4,0,67.0,12.0,9.4
2024-04-06,17,23.8,19.0,28.2,0.5,46.0,17.3,7.3
2024-04-06,18,19.8,14.4,23.9,0.2,58.0,28.4,11.5
2024-04-06,19,22.6,18.0,28.7,0,54.0,12.4,10.0
2024-04-06,20,22.7,16.8,27.3,0,54.0,21.5,7.4
2024-04-06,21,21.6,17.6,24.7,0,57.0,12.8,9.4
2024-04-06,22,21.6,17.4,25.7,0,65.0,18.5,10.0
2024-04-06,23,28.8,24.1,33.2,0,40.0,9.9,9.3
2024-04-06,24,22.8,18.4,25.8,0,65.0,22.6,9.6
2024-04-06,25,20.1,15.8,24.0,0.8,48.0,12.6,10.2
2024-04-07,1,23.2,17.9,28.7,0,50.0,12.7,10.7
2024-04-07,2,21.6,16.3,28.1,0,83.0,13.5,9.5
2024-04-07,3,20.9,15.5,25.1,3.0,48.0,10.2,7.8
2024-04-07,4,19.3,13.5,23.4,0,52.0,12.7,10.4
2024-04-07,5,21.4,18.3,27.4,0,71.0,13.5,7.7
2024-04-07,6,21.9,17.4,25.4,0,74.0,14.1,7.5
2024-04-07,7,19.3,14.4,25.8,0,58.0,18.4,8.2
2024-04-07,8,23.9,17.9,29.9,0,82.0,19.6,8.9
2024-04-07,9,24.2,19.7,28.4,0,49.0,11.2,9.5
2024-04-07,10,22.2,18.2,28.4,0,51.0,15.4,8.1
2024-04-07,11,22.5,17.8,28.9,0,67.0,26.8,9.5
2024-04-07,12,21.3,18.2,27.9,0,70.0,25.9,10.1
2024-04-07,13,23.5,19.5,28.1,0,67.0,12.9,7.1
2024-04-07,14,22.9,17.9,27.8,4.2,63.0,18.2,8.4
2024-04-07,15,19.3,16.1,25.1,0,66.0,19.6,10.7
2024-04-07,16,20.9,17.7,27.6,0,68.0,20.2,8.8
2024-04-07,17,24.2,20.0,30.9,0,39.0,20.9,8.8
2024-04-07,18,20.0,16.2,23.8,1.1,53.0,8.4,6.5
2024-04-07,19,21.9,16.9,27.6,0,59.0,13.2,8.4
2024-04-07,20,21.0,15.1,25.2,0,46.0,25.1,10.8
2024-04-07,21,19.2,16.1,25.7,0,64.0,2.0,5.3
2024-04-07,22,20.0,15.6,23.8,1.0,57.0,13.1,9.3
2024-04-07,23,23.7,19.6,26.9,0,29.0,2.9,7.2
2024-04-07,24,20.3,16.0,24.7,0,66.0,19.2,8.1
2024-04-07,25,23.0,19.6,29.2,0.0,54.0,10.0,10.2
2024-04-08,1,22.5,19.5,25.6,0,65.0,7.8,9.5
2024-04-08,2,21.6,15.9,27.8,0,58.0,18.4,7.1
2024-04-08,3,19.4,14.6,23.8,0,68.0,15.1,11.1
2024-04-08,4,22.7,19.1,26.0,0,72.0,26.0,7.3
2024-04-08,5,20.6,16.2,24.6,0,61.0,10.9,5.0
2024-04-08,6,22.2,18.4,25.5,0,66.0,3.5,7.4
2024-04-08,7,24.5,21.2,30.3,0,65.0,12.8,7.9
2024-04-08,8,23.3,18.9,29.8,0,67.0,20.8,6.7
2024-04-08,9,20.4,14.5,26.7,0,55.0,8.9,7.3
2024-04-08,10,23.4,18.5,29.7,0,51.0,17.6,9.7
2024-04-08,11,19.8,16.1,26.3,0,74.0,17.2,7.0
2024-04-08,12,22.5,16.7,26.2,0,74.0,34.3,9.5
2024-04-08,13,23.1,18.9,28.3,0,45.0,26.1,7.4
2024-04-08,14,24.4,20.6,28.1,0,62.0,28.2,7.6
2024-04-08,15,20.9,15.0,24.4,0,71.0,9.2,8.5
2024-04-08,16,20.6,16.3,27.3,0,75.0,6.9,5.8
2024-04-08,17,25.0,21.9,31.3,0,37.0,26.0,9.1
2024-04-08,18,20.8,17.5,27.7,0,51.0,13.3,7.7
2024-04-08,19,22.9,17.6,27.9,0,67.0,20.8,10.0
2024-04-08,20,23.3,19.7,28.2,0,56.0,10.8,9.6
2024-04-08,21,21.8,17.6,26.0,0,63.0,5.3,7.4
2024-04-08,22,21.9,18.3,27.9,0,51.0,17.2,7.7
2024-04-08,23,26.2,20.6,32.5,0,38.0,20.1,7.1
2024-04-08,24,19.0,15.9,23.8,0,52.0,22.7,8.7
2024-04-08,25,21.6,16.6,24.9,0,32.0,9.5,11.0
2024-04-09,1,20.8,15.7,24.5,0,64.0,12.4,7.9
2024-04-09,2,23.6,19.4,27.7,0,52.0,8.0,8.7
2024-04-09,3,23.5,18.8,26.5,1.8,77.0,10.7,8.5
2024-04-09,4,21.6,17.5,27.5,3.2,60.0,20.2,9.6
2024-04-09,5,24.2,19.9,27.3,0,49.0,10.2,10.7
2024-04-09,6,20.9,17.2,26.6,0,60.0,12.0,8.0
2024-04-09,7,21.1,15.8,24.9,0,60.0,25.5,9.7
2024-04-09,8,21.8,16.8,26.1,0,63.0,14.1,7.6
2024-04-09,9,20.0,16.9,25.3,0,55.0,17.5,11.6
2024-04-09,10,24.9,21.3,28.5,0,63.0,16.5,9.2
2024-04-09,11,21.5,15.8,25.0,0,57.0,19.9,10.0
2024-04-09,12,20.0,15.8,26.6,2.9,71.0,8.9,8.5
2024-04-09,13,21.6,15.6,27.6,0,50.0,13.9,8.3
2024-04-09,14,22.4,17.9,29.1,0,63.0,9.1,8.5
2024-04-09,15,20.0,14.8,24.6,0,75.0,22.6,8.2
2024-04-09,16,21.1,16.3,27.0,0,77.0,12.9,8.1
2024-04-09,17,26.1,20.7,29.8,0,56.0,27.2,8.9
2024-04-09,18,21.7,18.0,25.6,0,48.0,13.2,10.4
2024-04-09,19,21.3,16.0,27.1,0,50.0,4.1,9.1
2024-04-09,20,25.8,21.1,31.2,0,63.0,6.3,7.9
2024-04-09,21,20.0,16.4,25.9,1.2,49.0,7.5,9.3
2024-04-09,22,21.4,16.2,24.6,0,41.0,16.6,9.5
2024-04-09,23,25.8,22.2,29.1,0,40.0,29.0,9.5
2024-04-09,24,21.5,15.8,26.7,1.7,79.0,8.2,5.5
2024-04-09,25,24.0,19.0,29.3,0,35.0,22.5,9.2
2024-04-10,1,21.7,17.4,26.5,0,57.0,17.2,11.6
2024-04-10,2,23.1,17.4,28.5,0,61.0,20.0,5.1
2024-04-10,3,22.4,16.7,25.8,0,70.0,23.5,10.2
2024-04-10,4,19.4,13.9,24.0,0,58.0,21.8,9.7
2024-04-10,5,21.2,18.2,24.5,2.7,76.0,24.5,11.5
2024-04-10,6,21.9,16.8,28.3,0,58.0,17.8,11.9
2024-04-10,7,20.2,14.6,25.3,0,67.0,27.1,7.8
2024-04-10,8,21.7,16.0,26.7,0.1,57.0,15.4,6.4
2024-04-10,9,23.5,18.5,30.2,0,54.0,24.1,6.6
2024-04-10,10,23.0,19.7,28.5,0,62.0,28.3,11.0
2024-04-10,11,21.2,16.4,26.5,0,59.0,15.2,11.1
2024-04-10,12,20.6,15.4,23.7,0,74.0,13.6,6.5
2024-04-10,13,21.6,16.1,26.7,0,60.0,9.3,7.9
2024-04-10,14,24.4,20.1,28.7,0,53.0,3.1,7.3
2024-04-10,15,20.1,16.3,24.8,0,73.0,16.2,6.3
2024-04-10,16,23.7,18.9,28.5,0,58.0,21.9,10.4
2024-04-10,17,20.1,16.2,26.2,0,53.0,13.7,9.0
2024-04-10,18,23.7,19.3,29.5,0,47.0,3.7,7.9
2024-04-10,19,25.3,21.4,32.1,0,46.0,7.6,7.7
2024-04-10,20,24.0,20.3,30.4,0,59.0,11.3,8.0
2024-04-10,21,21.0,16.4,28.0,0,47.0,13.4,8.6
2024-04-10,22,21.7,16.9,27.3,0,56.0,14.1,8.9
2024-04-10,23,27.7,22.0,30.8,0,31.0,17.2,8.7
2024-04-10,24,20.5,14.8,23.6,0,68.0,13.0,11.6
2024-04-10,25,22.7,19.0,27.9,0,47.0,0.3,7.7
2024-04-11,1,22.6,18.7,28.9,0,55.0,5.4,7.2
2024-04-11,2,22.0,16.0,27.2,0,77.0,15.9,8.7
2024-04-11,3,23.7,19.5,26.7,0.2,57.0,10.5,10.1
2024-04-11,4,21.9,16.2,28.0,0,58.0,20.1,12.0
2024-04-11,5,23.6,20.3,27.7,0,60.0,25.1,5.1
2024-04-11,6,20.6,16.7,25.4,5.6,48.0,30.1,7.1
2024-04-11,7,21.3,17.8,27.8,0,56.0,26.1,9.3
2024-04-11,8,22.7,17.7,25.9,0,72.0,9.5,12.4
2024-04-11,9,23.2,17.4,27.7,0,69.0,10.4,10.2
2024-04-11,10,24.4,18.7,28.1,0,54.0,4.9,10.7
2024-04-11,11,22.8,18.7,28.1,0,71.0,27.1,11.5
2024-04-11,12,21.9,16.4,25.4,0.9,61.0,25.5,7.9
2024-04-11,13,22.7,18.9,26.9,0,65.0,12.8,10.0
2024-04-11,14,24.5,20.8,29.3,0,49.0,23.5,6.6
2024-04-11,15,19.6,15.1,22.9,2.2,67.0,12.9,9.4
2024-04-11,16,21.4,16.6,24.4,0,49.0,18.6,9.5
2024-04-11,17,26.8,21.1,33.0,0,50.0,15.8,8.0
2024-04-11,18,23.0,18.8,27.1,0,45.0,13.7,6.8
2024-04-11,19,22.5,18.5,26.8,0,47.0,12.6,8.0
2024-04-11,20,25.1,19.6,28.6,0,48.0,5.7,8.8
2024-04-11,21,20.2,17.0,26.9,0,51.0,10.0,7.8
2024-04-11,22,21.0,16.6,25.1,0,51.0,11.3,9.6
2024-04-11,23,27.4,21.7,33.3,0,25.0,10.7,11.6
2024-04-11,24,22.6,17.9,28.4,0,59.0,9.0,9.1
2024-04-11,25,24.5,21.4,28.4,0,35.0,20.2,9.0
2024-04-12,1,20.8,15.2,24.1,0,60.0,19.4,7.3
2024-04-12,2,21.6,15.8,26.6,0,58.0,26.2,7.2
2024-04-12,3,21.0,17.5,26.2,0,59.0,12.8,10.8
2024-04-12,4,23.3,19.3,26.8,0,72.0,2.3,10.5
2024-04-12,5,22.7,19.0,28.9,0,69.0,24.1,9.5
2024-04-12,6,23.3,18.2,27.0,0,56.0,12.5,9.4
2024-04-12,7,20.0,14.2,25.4,0,66.0,36.5,7.1
2024-04-12,8,22.9,19.5,28.3,0,79.0,4.9,10.8
2024-04-12,9,23.1,20.0,28.5,0,75.0,17.2,9.0
2024-04-12,10,25.3,21.3,29.2,4.3,61.0,21.0,7.0
2024-04-12,11,21.6,18.4,27.0,0,69.0,13.3,10.1
2024-04-12,12,21.1,15.9,26.2,0,60.0,1.1,6.5
2024-04-12,13,24.7,20.4,29.2,0,42.0,21.5,8.2
2024-04-12,14,24.6,19.7,29.9,0,47.0,21.8,10.2
2024-04-12,15,22.5,19.0,25.8,0,75.0,5.3,9.4
2024-04-12,16,21.3,16.4,24.6,0,54.0,9.9,8.8
2024-04-12,17,22.2,16.5,27.1,0,31.0,15.0,7.1
2024-04-12,18,22.5,18.5,25.9,0,43.0,22.5,8.2
2024-04-12,19,24.9,18.9,31.8,0,46.0,17.3,9.9
2024-04-12,20,26.7,22.6,31.4,0,53.0,16.7,7.0
2024-04-12,21,18.3,12.7,21.6,0,41.0,14.4,9.1
2024-04-12,22,23.2,18.3,29.9,0,42.0,12.9,6.8
2024-04-12,23,27.8,23.3,30.9,0,34.0,7.2,8.3
2024-04-12,24,21.5,16.0,25.9,0,65.0,7.7,6.9
2024-04-12,25,23.2,18.1,30.1,3.8,44.0,13.3,9.6
2024-04-13,1,20.6,17.2,25.9,0,69.0,20.3,9.6
2024-04-13,2,23.0,18.3,27.9,7.2,58.0,11.5,9.9
2024-04-13,3,20.8,15.7,25.1,0,66.0,22.6,10.1
2024-04-13,4,23.4,20.2,26.9,0,66.0,7.1,9.4
2024-04-13,5,25.4,20.0,30.5,0,52.0,15.2,8.2
2024-04-13,6,21.5,17.5,27.4,0,64.0,15.2,10.4
2024-04-13,7,22.8,19.8,27.1,0,61.0,24.4,7.2
2024-04-13,8,23.3,18.4,27.4,0,63.0,21.2,9.7
2024-04-13,9,22.4,17.7,27.7,0,63.0,16.0,8.3
2024-04-13,10,22.7,16.8,28.1,0,62.0,24.3,6.2
2024-04-13,11,21.2,18.1,24.8,0,67.0,26.6,9.0
2024-04-13,12,21.0,17.2,24.7,5.4,70.0,14.4,11.8
2024-04-13,13,23.6,17.9,29.1,0,48.0,21.8,8.7
2024-04-13,14,25.6,20.0,31.1,0,51.0,16.1,8.6
2024-04-13,15,20.6,17.0,25.8,3.6,71.0,16.4,10.2
2024-04-13,16,21.6,18.2,28.0,0,64.0,14.5,10.2
2024-04-13,17,24.6,19.4,28.5,0,45.0,15.4,9.3
2024-04-13,18,19.4,15.2,24.0,0,54.0,22.5,7.3
2024-04-13,19,22.0,16.2,27.2,0,38.0,0.4,8.3
2024-04-13,20,26.7,21.4,33.2,0,47.0,5.7,11.4
2024-04-13,21,22.0,18.1,28.0,0,71.0,17.3,8.4
2024-04-13,22,22.2,17.3,26.9,0,59.0,11.2,8.7
2024-04-13,23,28.8,23.3,32.9,0,36.0,17.6,8.1
2024-04-13,24,24.4,19.1,31.0,0,58.0,17.5,10.6
2024-04-13,25,22.9,18.4,28.8,0,38.0,13.1,10.7
2024-04-14,1,23.8,20.1,26.8,8.8,61.0,21.9,8.6
2024-04-14,2,20.5,16.3,23.6,0,60.0,9.1,9.9
2024-04-14,3,23.6,17.8,26.9,0,40.0,18.8,8.3
2024-04-14,4,23.0,18.1,27.8,1.1,62.0,14.7,9.4
2024-04-14,5,22.2,17.4,28.0,0.9,53.0,11.4,14
2024-04-14,6,22.8,19.6,28.3,0,72.0,7.7,12.6
2024-04-14,7,23.5,19.7,30.3,3.5,62.0,10.7,8.8
2024-04-14,8,21.9,16.1,26.5,0,68.0,2.3,12.4
2024-04-14,9,25.1,21.6,28.2,0,46.0,10.9,7.0
2024-04-14,10,24.0,19.4,29.5,0.7,61.0,11.4,9.0
2024-04-14,11,21.9,18.9,27.1,0,68.0,13.4,8.7
2024-04-14,12,24.6,21.5,29.0,0,60.0,3.8,10.8
2024-04-14,13,23.9,19.8,28.5,0,48.0,22.1,9.4
2024-04-14,14,23.4,20.2,28.4,0,57.0,24.9,8.6
2024-04-14,15,23.9,20.3,28.8,8.1,69.0,12.2,8.3
2024-04-14,16,23.6,18.2,28.9,0,67.0,11.9,9.2
2024-04-14,17,24.3,20.9,30.5,0,44.0,23.6,7.4
2024-04-14,18,21.6,18.3,26.6,0,54.0,9.0,7.7
2024-04-14,19,27.8,23.4,32.0,0,57.0,19.4,9.0
2024-04-14,20,25.4,19.8,32.1,0,58.0,12.7,9.6
2024-04-14,21,21.3,17.8,28.0,0,59.0,32.3,10.9
2024-04-14,22,24.4,21.4,28.5,0,48.0,0.5,10.0
2024-04-14,23,28.9,25.9,34.6,0,26.0,10.1,8.2
2024-04-14,24,22.8,18.6,28.4,0,66.0,11.8,10.9
2024-04-14,25,26.1,22.3,30.5,0,42.0,8.6,8.4
2024-04-15,1,22.2,18.9,27.9,0,64.0,24.6,8.3
2024-04-15,2,23.3,19.0,29.9,0,57.0,11.2,6.8
2024-04-15,3,23.8,20.1,29.1,0,45.0,23.1,8.2
2024-04-15,4,21.9,17.8,25.1,2.7,63.0,12.6,10.2
2024-04-15,5,21.7,16.3,27.0,3.2,61.0,6.6,8.4
2024-04-15,6,21.4,18.2,25.6,3.3,55.0,13.5,7.3
2024-04-15,7,24.3,18.4,28.9,0,49.0,4.3,7.2
2024-04-15,8,23.8,20.0,27.9,0,42.0,3.6,10.3
2024-04-15,9,23.1,18.4,28.2,0,58.0,10.9,9.5
2024-04-15,10,24.4,18.4,28.2,0,54.0,9.9,6.9
2024-04-15,11,23.3,19.4,29.9,0,60.0,16.6,9.2
2024-04-15,12,21.0,15.6,27.0,0,63.0,4.7,9.7
2024-04-15,13,24.1,19.5,30.2,0,50.0,20.1,9.8
2024-04-15,14,24.7,20.0,31.2,0,56.0,3.0,8.1
2024-04-15,15,22.0,17.0,25.8,0,72.0,20.9,7.2
2024-04-15,16,24.7,20.4,30.6,0.0,60.0,17.0,7.9
2024-04-15,17,22.3,19.1,28.8,0,37.0,17.8,12.3
2024-04-15,18,21.8,18.7,27.2,0,47.0,9.5,8.5
2024-04-15,19,25.6,20.0,31.5,0,59.0,2.4,10.3
2024-04-15,20,24.7,21.4,30.1,0,50.0,12.5,7.9
2024-04-15,21,23.4,18.0,27.0,4.8,64.0,19.0,7.1
2024-04-15,22,23.6,18.3,27.7,0,56.0,7.7,9.6
2024-04-15,23,26.3,22.4,32.8,0,26.0,7.9,10.1
2024-04-15,24,22.7,18.0,26.8,0,58.0,19.4,9.2
2024-04-15,25,24.5,19.5,28.1,0,26.0,16.5,10.8
2024-04-16,1,24.1,21.1,30.9,0,57.0,22.2,9.5
2024-04-16,2,24.3,19.3,30.9,0,54.0,16.9,7.9
2024-04-16,3,24.5,21.0,31.2,0,59.0,14.0,9.3
2024-04-16,4,24.8,18.8,30.0,4.3,66.0,18.1,9.7
2024-04-16,5,22.5,19.0,28.0,0,63.0,9.0,8.8
2024-04-16,6,24.0,18.3,27.2,0,56.0,16.2,10.4
2024-04-16,7,22.6,19.2,26.6,0,65.0,18.0,9.6
2024-04-16,8,25.4,21.8,32.0,0,51.0,26.2,9.1
2024-04-16,9,24.6,21.5,31.2,0,59.0,14.7,9.0
2024-04-16,10,23.8,19.9,30.7,0,49.0,12.4,5.2
2024-04-16,11,22.5,19.3,29.0,0,73.0,32.4,6.7
2024-04-16,12,21.6,16.7,26.1,0,68.0,17.7,9.6
2024-04-16,13,24.5,19.3,30.7,0,58.0,21.7,9.0
2024-04-16,14,25.6,21.6,32.5,0,50.0,24.9,9.2
2024-04-16,15,22.2,18.9,27.9,0,73.0,12.5,8.4
2024-04-16,16,22.9,18.7,27.6,0,64.0,32.0,7.9
2024-04-16,17,26.1,20.5,30.2,0,21.0,29.7,7.9
2024-04-16,18,23.5,18.8,28.5,0,40.0,16.7,8.0
2024-04-16,19,24.9,21.4,28.1,0,51.0,23.2,9.4
2024-04-16,20,28.0,24.1,33.2,0,45.0,19.1,9.1
2024-04-16,21,21.9,18.3,25.1,0,61.0,24.7,7.5
2024-04-16,22,19.4,15.9,23.7,0,48.0,21.0,7.5
2024-04-16,23,28.3,24.5,34.4,0.3,26.0,9.8,6.7
2024-04-16,24,22.6,19.2,28.3,0,59.0,16.5,7.4
2024-04-16,25,25.1,21.3,31.5,0,46.0,12.5,10.5
2024-04-17,1,22.1,16.5,27.1,0.2,57.0,4.4,9.1
2024-04-17,2,22.9,18.6,26.9,0,61.0,12.9,9.9
2024-04-17,3,23.5,20.2,29.8,0,62.0,19.4,11.7
2024-04-17,4,25.2,21.5,28.4,0,67.0,25.4,10.0
2024-04-17,5,24.6,19.2,28.6,4.9,59.0,9.0,7.9
2024-04-17,6,23.6,20.1,30.6,0,62.0,6.6,8.3
2024-04-17,7,21.5,15.6,24.8,0,57.0,16.3,9.4
2024-04-17,8,22.1,16.7,26.1,0,81.0,11.3,9.3
2024-04-17,9,25.3,20.6,28.4,0,45.0,25.1,7.6
2024-04-17,10,24.8,18.8,29.2,0,54.0,39.2,8.7
2024-04-17,11,22.5,17.7,26.6,0,59.0,5.5,9.7
2024-04-17,12,24.9,20.1,28.3,0,52.0,11.1,10.5
2024-04-17,13,24.9,20.5,28.6,0,54.0,20.8,8.1
2024-04-17,14,25.1,19.7,30.5,0.4,46.0,21.3,10.3
2024-04-17,15,20.0,15.4,26.1,0,72.0,17.1,8.6
2024-04-17,16,23.8,18.5,29.3,0,74.0,1.3,9.6
2024-04-17,17,23.8,18.3,27.0,0,38.0,11.5,9.1
2024-04-17,18,23.3,19.4,26.4,0,42.0,1.6,8.5
2024-04-17,19,21.8,18.7,25.4,0,55.0,18.6,8.6
2024-04-17,20,25.8,21.6,29.5,0,45.0,22.7,10.7
2024-04-17,21,22.9,17.9,27.5,0,48.0,7.2,9.7
2024-04-17,22,21.6,17.3,27.3,4.4,55.0,22.7,10.7
2024-04-17,23,31.9,26.9,38.7,0,28.0,17.3,9.6
2024-04-17,24,24.3,20.4,27.9,2.6,67.0,20.3,9.4
2024-04-17,25,27.9,22.5,33.0,0,49.0,16.3,8.1
2024-04-18,1,23.9,20.5,29.0,0,73.0,21.5,10.8
2024-04-18,2,23.1,20.1,27.3,2.0,63.0,16.1,8.8
2024-04-18,3,26.2,23.1,29.6,0,62.0,5.9,11.1
2024-04-18,4,23.5,17.5,29.3,0,48.0,16.6,8.3
2024-04-18,5,24.7,20.7,28.9,0.0,53.0,19.0,9.5
2024-04-18,6,23.5,19.3,29.6,2.7,44.0,20.0,6.9
2024-04-18,7,23.8,19.4,29.0,0,60.0,16.5,6.4
2024-04-18,8,25.0,19.3,31.6,0,74.0,19.8,10.0
2024-04-18,9,22.9,18.4,27.3,0,65.0,1.5,11.9
2024-04-18,10,26.4,21.6,30.1,0,61.0,21.7,9.5
2024-04-18,11,22.1,16.6,26.6,0,78.0,16.3,7.7
2024-04-18,12,23.3,20.0,28.2,2.3,66.0,20.7,10.4
2024-04-18,13,24.6,20.0,30.1,0,62.0,13.5,8.9
2024-04-18,14,26.4,20.4,31.5,0,59.0,20.1,8.6
2024-04-18,15,22.9,17.4,28.8,0,70.0,11.5,10.0
2024-04-18,16,23.9,18.6,29.6,0,69.0,20.3,10.7
2024-04-18,17,23.0,17.1,27.8,0,35.0,20.7,10.6
2024-04-18,18,24.5,21.1,31.3,0,38.0,9.8,5.9
2024-04-18,19,26.3,20.5,31.2,0,60.0,12.4,10.0
2024-04-18,20,27.0,22.5,31.9,0,45.0,24.8,8.0
2024-04-18,21,23.3,17.5,30.2,0,46.0,15.3,9.9
2024-04-18,22,22.5,18.8,25.5,0,60.0,7.6,6.1
2024-04-18,23,28.0,24.4,32.7,0,27.0,23.9,8.3
2024-04-18,24,19.8,14.5,24.0,0,67.0,14.4,7.9
2024-04-18,25,26.3,21.5,31.2,0,46.0,12.4,10.1
2024-04-19,1,24.6,19.0,28.6,0,51.0,14.1,12.4
2024-04-19,2,20.5,15.2,24.0,0,62.0,20.3,11.6
2024-04-19,3,24.4,20.0,27.8,2.3,70.0,3.5,11.7
2024-04-19,4,22.8,18.3,27.4,1.3,62.0,7.6,8.2
2024-04-19,5,24.3,19.7,29.6,0,65.0,1.6,12.0
2024-04-19,6,25.4,22.3,30.7,0,44.0,21.6,12.4
2024-04-19,7,23.3,17.4,29.5,15.6,37.0,18.9,8.9
2024-04-19,8,22.0,18.8,26.7,0.2,69.0,1.3,10.2
2024-04-19,9,25.5,19.5,30.1,0,58.0,16.7,9.2
2024-04-19,10,24.3,21.2,29.6,0,58.0,7.4,10.3
2024-04-19,11,22.9,18.2,29.3,0,72.0,5.4,10.2
2024-04-19,12,23.3,19.5,28.5,0,57.0,17.0,9.4
2024-04-19,13,22.2,18.4,25.8,0,61.0,13.0,6.7
2024-04-19,14,24.8,19.9,30.7,0,54.0,10.4,9.7
2024-04-19,15,22.0,16.4,25.6,0,62.0,17.5,8.5
2024-04-19,16,22.7,17.4,29.0,4.8,58.0,13.3,7.9
2024-04-19,17,24.2,19.9,27.9,0,28.0,11.7,10.3
2024-04-19,18,20.8,15.9,25.3,0,46.0,30.8,9.5
2024-04-19,19,23.4,19.1,28.4,0,56.0,1.2,11.1
2024-04-19,20,26.8,21.9,33.5,0,59.0,17.7,8.7
2024-04-19,21,23.8,20.6,28.3,0,57.0,10.5,12.1
2024-04-19,22,22.5,17.9,29.2,0,49.0,17.2,10.2
2024-04-19,23,30.0,26.5,36.8,0,28.0,19.2,9.8
2024-04-19,24,21.9,17.9,28.3,3.8,69.0,11.9,5.0
2024-04-19,25,24.4,19.3,27.5,0,57.0,2.2,8.1
2024-04-20,1,24.0,18.7,29.5,0,54.0,15.5,12.6
2024-04-20,2,23.3,17.5,28.6,6.0,66.0,25.2,9.9
2024-04-20,3,23.2,19.5,26.7,0,27.0,14.2,10.7
2024-04-20,4,24.6,20.3,29.0,0,69.0,8.7,12.4
2024-04-20,5,22.9,19.8,26.5,0,58.0,12.4,9.9
2024-04-20,6,21.7,17.8,24.9,0.8,64.0,16.0,8.4
2024-04-20,7,24.4,20.1,29.9,0,66.0,10.7,9.1
2024-04-20,8,21.4,18.1,25.9,0,67.0,20.8,10.7
2024-04-20,9,26.2,22.8,32.6,0,54.0,8.7,10.4
2024-04-20,10,25.2,22.2,30.7,0,54.0,17.1,8.5
2024-04-20,11,25.1,20.1,31.6,0,65.0,13.3,10.3
2024-04-20,12,23.9,20.6,28.3,0,67.0,14.4,9.7
2024-04-20,13,26.0,20.6,29.4,0,53.0,11.4,11.7
2024-04-20,14,28.4,23.9,33.7,0,60.0,14.3,11.6
2024-04-20,15,23.7,19.9,27.2,0,76.0,9.1,9.5
2024-04-20,16,24.5,19.4,30.3,0,53.0,18.9,10.1
2024-04-20,17,26.3,21.0,31.2,0.8,39.0,7.3,10.9
2024-04-20,18,26.1,20.8,31.5,0,41.0,11.8,9.8
2024-04-20,19,28.6,25.1,33.5,0,36.0,12.9,11.1
2024-04-20,20,27.8,22.9,33.9,0,53.0,9.9,9.4
2024-04-20,21,23.0,17.7,28.8,0,50.0,6.9,9.8
2024-04-20,22,24.8,21.0,29.7,0,64.0,16.4,8.1
2024-04-20,23,31.8,26.9,36.0,0,23.0,16.8,8.1
2024-04-20,24,22.7,17.1,25.8,0.8,59.0,13.5,7.3
2024-04-20,25,24.5,18.9,28.7,0,39.0,6.0,10.6
2024-04-21,1,23.7,20.7,30.1,0.6,65.0,18.0,9.3
2024-04-21,2,22.9,19.9,25.9,0,58.0,10.8,10.1
2024-04-21,3,23.6,19.4,26.6,0,58.0,26.7,7.8
2024-04-21,4,25.6,21.3,29.3,0,63.0,14.5,10.0
2024-04-21,5,23.3,20.2,29.4,0,50.0,15.4,12.2
2024-04-21,6,22.8,19.3,29.2,11.7,60.0,17.7,12.5
2024-04-21,7,23.2,20.1,28.3,0,55.0,11.2,8.5
2024-04-21,8,23.6,18.5,28.2,0,67.0,6.6,9.9
2024-04-21,9,25.6,20.4,31.4,0,62.0,22.1,9.7
2024-04-21,10,23.8,19.5,28.5,0,58.0,18.4,10.5
2024-04-21,11,26.5,20.8,32.6,3.4,79.0,16.6,8.5
2024-04-21,12,22.3,18.4,29.1,0,45.0,10.1,10.4
2024-04-21,13,25.6,20.3,30.4,0,46.0,10.7,8.4
2024-04-21,14,23.4,17.7,29.4,0,70.0,10.0,7.1
2024-04-21,15,21.5,15.5,27.7,0,64.0,18.3,8.0
2024-04-21,16,24.1,19.5,27.2,5.1,60.0,7.5,8.3
2024-04-21,17,27.4,24.3,31.1,0,51.0,9.1,10.0
2024-04-21,18,23.0,19.5,27.1,0,58.0,12.3,10.5
2024-04-21,19,27.1,22.8,33.2,0.4,40.0,12.3,11.4
2024-04-21,20,26.2,20.9,30.9,0,42.0,13.3,11.3
2024-04-21,21,23.8,18.7,27.0,15.1,63.0,10.3,9.0
2024-04-21,22,25.3,21.3,31.2,0,45.0,25.8,10.9
2024-04-21,23,29.6,24.8,35.9,0,44.0,16.8,7.9
2024-04-21,24,25.7,22.6,30.7,0,66.0,12.0,10.0
2024-04-21,25,25.6,19.9,29.7,0,52.0,27.2,10.4
2024-04-22,1,26.1,20.5,32.9,0,66.0,0.3,11.3
2024-04-22,2,24.3,18.7,30.4,0,56.0,30.3,8.2
2024-04-22,3,24.2,20.3,29.9,0,52.0,20.4,7.4
2024-04-22,4,20.7,17.2,25.6,0,51.0,11.6,9.4
2024-04-22,5,24.1,21.0,28.9,0,54.0,13.5,9.6
2024-04-22,6,25.3,20.0,30.0,0,59.0,27.2,10.2
2024-04-22,7,20.7,15.9,24.7,1.8,69.0,9.9,10.1
2024-04-22,8,24.5,19.2,31.2,0,54.0,23.6,11.5
2024-04-22,9,22.1,17.7,27.4,0,65.0,16.3,9.8
2024-04-22,10,23.1,18.6,27.4,0,56.0,9.8,11.5
2024-04-22,11,24.0,18.8,29.3,0,58.0,12.9,8.9
2024-04-22,12,21.3,15.7,27.3,0,64.0,30.2,10.1
2024-04-22,13,26.1,20.6,32.5,0,39.0,11.1,9.3
2024-04-22,14,27.1,23.3,33.5,0,61.0,14.0,9.1
2024-04-22,15,23.8,19.5,28.5,9.9,57.0,15.6,8.2
2024-04-22,16,25.6,20.6,32.2,0,78.0,24.9,9.0
2024-04-22,17,27.8,22.2,31.1,0,53.0,22.5,6.5
2024-04-22,18,21.6,17.3,25.9,0,45.0,19.1,12.3
2024-04-22,19,24.8,19.0,27.8,0,52.0,20.3,7.9
2024-04-22,20,27.3,23.9,31.1,0,59.0,4.3,8.9
2024-04-22,21,23.8,18.7,27.7,0,71.0,10.6,7.7
2024-04-22,22,23.7,19.6,29.0,0,49.0,9.3,11.2
2024-04-22,23,29.1,25.1,34.2,0,28.0,3.0,13.4
2024-04-22,24,20.2,16.3,25.4,0,57.0,16.9,7.5
2024-04-22,25,25.5,22.1,32.0,0,45.0,14.5,8.0
2024-04-23,1,22.5,18.0,29.2,0,57.0,6.8,11.3
2024-04-23,2,22.9,18.8,28.4,0,49.0,15.6,6.5
2024-04-23,3,25.4,19.9,31.9,0,62.0,14.2,8.9
2024-04-23,4,25.1,21.1,28.9,0,52.0,23.7,10.3
2024-04-23,5,27.8,23.6,32.0,0,52.0,16.9,9.9
2024-04-23,6,23.8,18.8,30.2,0,59.0,7.2,10.2
2024-04-23,7,22.0,17.7,25.7,0,61.0,13.1,11.0
2024-04-23,8,21.5,18.4,27.9,0,60.0,3.3,9.5
2024-04-23,9,28.6,25.1,34.2,0,52.0,22.1,10.6
2024-04-23,10,28.6,23.5,34.4,0,57.0,12.1,10.2
2024-04-23,11,23.9,20.5,29.2,0,57.0,18.2,8.8
2024-04-23,12,23.8,18.6,27.5,0,66.0,20.9,12.8
2024-04-23,13,25.5,21.5,30.9,0,56.0,17.5,10.8
2024-04-23,14,28.3,22.7,34.9,0,54.0,28.2,9.9
2024-04-23,15,23.8,20.3,27.4,0,49.0,17.4,11.7
2024-04-23,16,20.9,17.5,24.8,0,53.0,25.1,9.9
2024-04-23,17,26.5,21.0,33.2,1.1,48.0,9.8,8.4
2024-04-23,18,25.4,21.7,29.7,0,54.0,20.3,8.9
2024-04-23,19,25.9,20.6,29.9,0,54.0,10.4,7.1
2024-04-23,20,27.2,23.3,30.2,0,36.0,4.9,11.1
2024-04-23,21,25.4,20.7,28.8,0,40.0,10.6,7.5
2024-04-23,22,24.1,18.3,28.7,1.0,60.0,20.9,10.9
2024-04-23,23,27.7,22.9,33.2,0,39.0,14.3,10.3
2024-04-23,24,23.1,17.7,30.0,0,65.0,12.5,9.0
2024-04-23,25,25.6,22.1,30.7,0,23.0,25.0,9.3
2024-04-24,1,25.2,21.0,32.1,0,65.0,7.6,9.2
2024-04-24,2,24.7,19.9,30.0,0,66.0,3.0,8.2
2024-04-24,3,22.1,16.7,28.0,0,52.0,10.6,11.6
2024-04-24,4,20.2,15.5,25.0,0,62.0,9.1,8.9
2024-04-24,5,24.2,20.8,28.2,2.9,59.0,19.1,9.0
2024-04-24,6,23.3,19.3,28.7,0,57.0,25.7,9.5
2024-04-24,7,24.5,21.5,27.6,1.0,66.0,8.3,8.0
2024-04-24,8,22.6,17.1,28.5,0,64.0,21.6,9.5
2024-04-24,9,24.5,21.4,28.7,0,52.0,21.1,10.4
2024-04-24,10,27.0,22.2,31.3,0,57.0,20.0,8.4
2024-04-24,11,25.6,21.3,29.9,0,67.0,11.2,12.2
2024-04-24,12,22.4,18.6,25.5,0,54.0,13.8,9.0
2024-04-24,13,24.7,19.2,27.8,0,49.0,23.4,9.8
2024-04-24,14,26.8,21.0,32.1,0,53.0,28.3,12.3
2024-04-24,15,25.2,20.6,32.1,0,61.0,5.6,7.4
2024-04-24,16,23.4,20.4,28.3,0,65.0,14.6,9.8
2024-04-24,17,25.7,19.9,30.4,0,34.0,1.6,10.1
2024-04-24,18,22.5,16.6,26.6,0,34.0,9.8,12.3
2024-04-24,19,26.3,21.1,30.5,0,55.0,9.9,8.4
2024-04-24,20,24.5,21.2,27.7,0,39.0,16.6,10.7
2024-04-24,21,19.8,16.6,24.5,0,55.0,15.4,8.9
2024-04-24,22,26.5,21.0,32.5,0,56.0,13.1,7.9
2024-04-24,23,29.0,24.6,32.7,0,29.0,20.8,7.1
2024-04-24,24,23.1,19.2,28.5,0,75.0,13.2,9.8
2024-04-24,25,25.9,20.3,32.0,0,32.0,34.3,11.4
2024-04-25,1,27.2,22.9,30.5,0,60.0,23.1,10.6
2024-04-25,2,27.6,22.9,33.7,0,63.0,9.1,10.0
2024-04-25,3,22.7,17.9,26.0,0,46.0,17.2,11.0
2024-04-25,4,23.8,18.5,28.9,0,57.0,11.9,9.7
2024-04-25,5,24.3,18.6,29.1,0,57.0,17.5,8.5
2024-04-25,6,23.0,19.6,27.5,0,68.0,15.3,9.8
2024-04-25,7,23.8,18.1,30.0,0,73.0,12.1,11.1
2024-04-25,8,20.0,14.0,24.0,0,56.0,13.9,9.1
2024-04-25,9,26.9,21.9,32.3,0,61.0,25.1,12.9
2024-04-25,10,25.2,21.1,31.5,0,50.0,12.4,8.8
2024-04-25,11,26.2,21.2,31.3,1.6,62.0,21.8,11.8
2024-04-25,12,26.4,22.6,31.2,0,73.0,23.6,8.1
2024-04-25,13,25.1,21.5,31.8,0,56.0,8.9,10.1
2024-04-25,14,29.6,23.9,35.6,0,56.0,5.5,10.0
2024-04-25,15,24.6,18.6,27.8,20.9,64.0,12.7,7.9
2024-04-25,16,22.8,17.7,28.6,0,56.0,13.9,10.9
2024-04-25,17,28.9,23.2,35.2,0,46.0,23.2,11.0
2024-04-25,18,22.2,18.2,28.4,0,41.0,12.9,9.3
2024-04-25,19,26.6,20.6,32.8,0,47.0,15.8,10.1
2024-04-25,20,27.3,22.3,32.2,0,66.0,10.8,10.8
2024-04-25,21,21.7,16.3,28.1,0,56.0,13.1,9.2
2024-04-25,22,23.8,19.5,27.1,0,48.0,24.9,10.8
2024-04-25,23,29.5,25.7,36.0,0,34.0,8.8,10.9
2024-04-25,24,25.0,21.0,31.0,0,57.0,20.8,9.9
2024-04-25,25,28.5,25.3,33.7,1.0,43.0,21.7,6.9
2024-04-26,1,27.7,23.2,30.9,0,60.0,20.6,10.3
2024-04-26,2,23.6,18.1,28.1,2.7,63.0,7.7,8.3
2024-04-26,3,21.9,17.0,27.2,0.9,66.0,18.9,10.2
2024-04-26,4,25.8,22.1,28.9,0,72.0,21.2,10.1
2024-04-26,5,25.0,19.2,31.0,0,65.0,12.5,8.6
2024-04-26,6,25.7,20.2,32.5,3.8,52.0,12.7,9.9
2024-04-26,7,25.4,19.7,32.2,0,55.0,11.7,9.0
2024-04-26,8,24.0,18.2,27.2,0,73.0,4.8,9.3
2024-04-26,9,24.3,20.6,27.6,0,39.0,12.2,9.4
2024-04-26,10,24.0,19.1,29.1,0,54.0,18.5,8.9
2024-04-26,11,21.8,18.4,25.5,0,84.0,12.2,10.5
2024-04-26,12,23.5,18.4,28.0,0,62.0,16.4,9.3
2024-04-26,13,25.4,20.8,28.5,1.4,51.0,6.4,8.0
2024-04-26,14,27.7,24.3,32.1,0,49.0,9.9,11.0
2024-04-26,15,26.2,21.2,29.5,7.0,75.0,23.0,9.5
2024-04-26,16,24.8,21.7,29.9,0,56.0,11.5,10.6
2024-04-26,17,26.9,22.1,31.1,0,44.0,22.3,10.5
2024-04-26,18,24.0,20.4,29.7,0,57.0,31.6,8.7
2024-04-26,19,25.8,21.4,31.1,0,46.0,16.0,6.5
2024-04-26,20,25.7,21.4,31.7,0,42.0,12.9,8.0
2024-04-26,21,22.8,19.4,26.7,0,57.0,12.9,8.3
2024-04-26,22,23.3,19.1,30.1,0,45.0,1.5,10.5
2024-04-26,23,35.0,29.9,41.4,0,24.0,20.3,10.6
2024-04-26,24,26.1,22.8,29.9,1.7,49.0,9.4,10.0
2024-04-26,25,26.7,21.6,32.5,0,38.0,12.7,9.0
2024-04-27,1,26.1,22.3,29.9,0,59.0,19.0,10.9
2024-04-27,2,25.4,19.9,32.2,0,66.0,22.4,8.4
2024-04-27,3,24.5,18.7,30.0,0,68.0,16.6,11.9
2024-04-27,4,24.2,20.7,29.9,0.4,63.0,15.0,10.0
2024-04-27,5,23.7,18.4,27.4,0,62.0,28.2,13.0
2024-04-27,6,24.0,19.2,27.6,0,60.0,17.8,8.4
2024-04-27,7,25.7,21.8,29.8,0,48.0,17.2,9.7
2024-04-27,8,25.7,21.0,31.1,2.2,59.0,15.4,10.4
2024-04-27,9,25.3,21.4,29.3,0,48.0,20.4,12.4
2024-04-27,10,28.0,24.5,31.5,0,55.0,9.7,10.3
2024-04-27,11,26.8,22.2,33.6,0,72.0,9.5,10.8
2024-04-27,12,20.6,16.3,24.4,0,66.0,16.1,12.7
2024-04-27,13,25.6,20.8,31.8,0,55.0,12.0,12.4
2024-04-27,14,28.2,23.1,34.1,0,56.0,13.5,10.0
2024-04-27,15,22.0,16.7,26.5,3.3,59.0,21.7,11.5
2024-04-27,16,27.9,22.4,31.0,3.3,62.0,18.5,11.7
2024-04-27,17,29.5,24.1,36.3,0,38.0,20.4,6.6
2024-04-27,18,24.2,19.9,28.5,0,37.0,11.8,9.7
2024-04-27,19,30.8,25.8,36.1,0,39.0,6.1,9.2
2024-04-27,20,26.2,20.8,30.2,0,76.0,12.9,10.0
2024-04-27,21,24.1,18.7,27.2,0,37.0,11.5,7.9
2024-04-27,22,25.8,20.2,30.0,6.2,58.0,21.1,9.9
2024-04-27,23,29.9,26.5,35.1,0,32.0,25.6,8.2
2024-04-27,24,27.3,24.0,32.7,0,67.0,11.8,11.0
2024-04-27,25,27.0,21.9,31.7,0,42.0,19.2,9.6
2024-04-28,1,27.0,21.1,32.9,0,51.0,10.1,10.1
2024-04-28,2,26.4,22.3,32.2,0,51.0,14.0,9.6
2024-04-28,3,23.0,19.5,29.8,0,58.0,5.1,9.8
2024-04-28,4,23.4,18.7,29.8,2.7,60.0,12.6,10.5
2024-04-28,5,24.4,20.7,30.0,0,47.0,6.8,11.0
2024-04-28,6,21.5,15.6,26.0,0,47.0,11.2,11.5
2024-04-28,7,23.5,18.2,28.0,0,64.0,5.6,9.1
2024-04-28,8,26.4,22.1,30.2,0,49.0,24.5,10.7
2024-04-28,9,25.0,21.7,29.6,1.0,54.0,10.7,11.1
2024-04-28,10,24.0,18.2,28.3,0,59.0,7.0,9.9
2024-04-28,11,22.9,17.2,27.3,0,76.0,19.2,11.6
2024-04-28,12,24.1,19.9,28.9,0,65.0,20.3,7.6
2024-04-28,13,27.2,24.1,30.5,0,44.0,14.9,10.8
2024-04-28,14,27.2,23.3,30.5,0,59.0,0.8,7.9
2024-04-28,15,25.8,20.3,29.6,0,66.0,6.8,9.8
2024-04-28,16,23.5,19.6,28.4,0.2,61.0,21.0,10.3
2024-04-28,17,28.7,24.8,35.4,0,54.0,17.7,12.2
2024-04-28,18,25.0,19.9,30.9,0,45.0,14.5,9.0
2024-04-28,19,29.8,26.0,33.1,0,47.0,5.7,9.2
2024-04-28,20,26.7,21.9,32.1,0,50.0,29.9,8.6
2024-04-28,21,25.0,21.2,32.0,0,51.0,20.9,11.0
2024-04-28,22,23.5,19.7,30.2,0,46.0,6.7,12.2
2024-04-28,23,30.7,24.8,37.6,0.2,19.0,2.4,7.2
2024-04-28,24,22.7,17.0,28.0,0,54.0,10.8,9.9
2024-04-28,25,26.7,21.5,30.7,0,42.0,25.9,8.0
2024-04-29,1,26.1,22.1,31.2,0,39.0,21.2,11.6
2024-04-29,2,22.5,18.1,28.9,0.9,48.0,7.1,9.5
2024-04-29,3,23.7,19.4,28.1,0,60.0,26.1,9.5
2024-04-29,4,27.8,22.6,34.8,0,66.0,14.0,9.2
2024-04-29,5,22.3,19.0,27.8,0,60.0,7.0,10.0
2024-04-29,6,21.3,18.0,26.0,0,58.0,15.5,9.3
2024-04-29,7,25.0,20.1,30.9,0,60.0,10.3,9.3
2024-04-29,8,21.9,18.1,27.0,10.9,66.0,15.2,10.3
2024-04-29,9,23.5,19.8,30.4,0,64.0,18.0,10.5
2024-04-29,10,27.1,21.7,30.5,0,39.0,23.2,12.3
2024-04-29,11,26.3,20.9,31.6,0,54.0,0.5,9.3
2024-04-29,12,27.4,23.7,32.2,3.5,56.0,23.2,11.6
2024-04-29,13,27.0,23.5,30.6,0,48.0,16.3,9.7
2024-04-29,14,26.2,20.2,30.4,0,40.0,18.1,8.4
2024-04-29,15,22.9,17.2,27.0,0,64.0,8.3,10.6
2024-04-29,16,24.6,20.3,29.6,0,73.0,12.3,9.8
2024-04-29,17,29.0,24.4,34.8,0,24.0,14.9,8.5
2024-04-29,18,26.6,22.6,32.0,0,48.0,11.9,11.9
2024-04-29,19,25.5,21.3,30.1,0,41.0,4.9,10.1
2024-04-29,20,26.4,23.3,30.0,0.6,51.0,20.2,10.7
2024-04-29,21,24.0,20.7,29.6,0,56.0,30.3,10.7
2024-04-29,22,25.0,19.6,28.4,0,42.0,9.0,8.7
2024-04-29,23,29.1,23.7,32.5,0,16.0,15.7,9.9
2024-04-29,24,24.9,20.7,30.8,0,59.0,1.6,8.4
2024-04-29,25,28.7,25.0,34.8,0,45.0,21.3,11.7
2024-04-30,1,25.8,20.1,30.9,0,55.0,8.7,10.7
2024-04-30,2,27.7,24.0,32.0,0,48.0,10.5,11.8
2024-04-30,3,23.4,18.2,27.3,0,64.0,8.5,12.2
2024-04-30,4,26.7,23.0,30.1,5.9,59.0,19.5,9.6
2024-04-30,5,24.4,21.3,30.8,0,66.0,14.1,9.9
2024-04-30,6,25.5,21.0,30.9,0,62.0,16.1,11.4
2024-04-30,7,25.4,21.4,32.3,0,56.0,17.5,10.6
2024-04-30,8,27.7,21.9,33.3,0,68.0,15.3,6.7
2024-04-30,9,28.6,23.1,32.4,0,54.0,8.4,10.7
2024-04-30,10,26.0,20.7,31.4,0,41.0,7.5,9.4
2024-04-30,11,25.8,21.2,32.3,3.4,56.0,10.5,12.7
2024-04-30,12,24.2,20.3,28.8,0,72.0,15.7,9.9
2024-04-30,13,26.9,21.5,32.8,0,43.0,14.5,10.5
2024-04-30,14,23.8,18.9,28.7,0,61.0,9.5,10.2
2024-04-30,15,24.8,20.3,29.6,0,73.0,5.0,8.9
2024-04-30,16,25.8,22.5,30.4,0,68.0,14.4,7.9
2024-04-30,17,29.8,25.8,34.2,0,50.0,13.4,11.1
2024-04-30,18,25.4,21.5,29.9,0,38.0,7.9,11.6
2024-04-30,19,26.7,22.9,31.4,0,44.0,31.6,9.2
2024-04-30,20,26.7,21.1,32.5,0,62.0,13.9,8.9
2024-04-30,21,23.8,20.0,27.2,0,48.0,12.9,13.7
2024-04-30,22,26.0,22.8,29.0,0.8,50.0,19.9,11.8
2024-04-30,23,32.7,29.5,39.0,0,34.0,20.8,10.2
2024-04-30,24,25.2,20.2,29.8,0,44.0,13.3,9.1
2024-04-30,25,24.8,19.4,29.0,0,37.0,25.1,12.2
2024-05-01,1,26.3,22.4,31.8,0,51.0,20.6,13.6
2024-05-01,2,25.7,20.2,30.1,0,51.0,27.7,10.8
2024-05-01,3,23.1,19.5,28.3,0,52.0,8.6,11.5
2024-05-01,4,23.9,19.7,28.7,0.5,54.0,11.9,11.7
2024-05-01,5,25.2,19.3,28.3,0,64.0,17.3,9.6
2024-05-01,6,24.8,19.9,30.0,17.4,54.0,11.7,6.3
2024-05-01,7,22.0,17.5,27.4,1.7,56.0,12.0,10.5
2024-05-01,8,25.7,20.3,29.2,0,67.0,10.9,9.6
2024-05-01,9,26.4,22.0,32.8,0,48.0,8.7,10.8
2024-05-01,10,27.1,23.9,32.3,0,50.0,15.1,8.8
2024-05-01,11,26.3,21.0,32.2,0,68.0,23.9,9.0
2024-05-01,12,22.9,18.0,27.8,0,74.0,18.7,9.4
2024-05-01,13,28.7,25.6,35.4,0,54.0,23.8,9.4
2024-05-01,14,28.1,22.7,32.4,0,53.0,30.0,9.9
2024-05-01,15,23.7,19.8,29.4,0,59.0,11.4,10.8
2024-05-01,16,23.1,18.4,27.3,0,59.0,17.8,10.2
2024-05-01,17,29.2,24.0,35.0,0,35.0,4.5,10.5
2024-05-01,18,25.6,22.2,31.3,0,51.0,6.2,10.0
2024-05-01,19,28.1,24.7,33.8,0,43.0,9.3,9.7
2024-05-01,20,25.6,21.3,30.6,0,53.0,7.4,10.1
2024-05-01,21,25.6,20.5,30.5,0,55.0,11.0,12.1
2024-05-01,22,23.8,20.1,28.6,0,68.0,16.8,10.9
2024-05-01,23,31.8,27.2,37.0,0,20.0,8.9,9.3
2024-05-01,24,23.6,20.2,29.6,0,58.0,6.6,11.4
2024-05-01,25,27.5,23.3,32.9,0,38.0,26.4,9.2
2024-05-02,1,24.4,19.3,28.2,0,63.0,20.0,10.7
2024-05-02,2,25.9,20.3,32.9,0,67.0,8.7,12.4
2024-05-02,3,23.7,20.3,27.9,1.2,42.0,19.6,11.6
2024-05-02,4,24.5,21.3,28.8,0,59.0,17.3,10.9
2024-05-02,5,26.2,22.5,32.6,0,53.0,25.8,12.5
2024-05-02,6,25.2,21.2,31.7,0,61.0,17.0,11.2
2024-05-02,7,24.5,21.4,31.3,0,64.0,15.7,7.5
2024-05-02,8,25.8,21.2,29.7,0,65.0,19.1,12.4
2024-05-02,9,25.1,19.2,28.5,0,63.0,15.5,12.4
2024-05-02,10,24.7,19.7,29.1,0,69.0,18.2,11.8
2024-05-02,11,24.7,20.4,30.9,0,57.0,7.7,9.6
2024-05-02,12,24.9,21.7,31.1,0,68.0,15.2,12.9
2024-05-02,13,26.0,20.3,32.3,0,41.0,4.8,9.4
2024-05-02,14,25.9,20.4,30.3,0,62.0,25.2,11.6
2024-05-02,15,27.8,23.6,34.1,0,65.0,23.5,11.1
2024-05-02,16,28.1,24.0,32.1,0,49.0,31.5,11.6
2024-05-02,17,27.7,23.2,34.6,0,40.0,6.3,11.5
2024-05-02,18,24.4,20.1,31.4,0,48.0,15.8,8.8
2024-05-02,19,27.3,23.7,32.6,0,54.0,18.7,10.0
2024-05-02,20,26.0,21.4,30.4,0,38.0,11.0,13.4
2024-05-02,21,23.9,19.4,29.3,0,30.0,13.3,10.9
2024-05-02,22,23.7,18.6,28.4,4.4,39.0,21.4,9.8
2024-05-02,23,32.0,27.7,36.3,0,40.0,15.2,12.3
2024-05-02,24,24.7,19.5,28.2,0,61.0,10.0,9.8
2024-05-02,25,24.8,20.2,30.5,0,31.0,11.5,11.2
2024-05-03,1,26.0,21.8,32.1,0,57.0,13.8,9.8
2024-05-03,2,25.4,21.8,29.0,4.2,68.0,17.2,7.9
2024-05-03,3,26.5,21.7,32.8,0,56.0,16.3,10.3
2024-05-03,4,26.5,22.7,30.4,0.5,53.0,11.9,13.0
2024-05-03,5,24.3,19.0,28.9,0,55.0,14.2,11.3
2024-05-03,6,22.9,19.4,29.2,0,52.0,15.0,9.4
2024-05-03,7,26.0,21.6,32.0,0,51.0,18.9,8.5
2024-05-03,8,24.9,19.4,28.9,0,66.0,25.4,11.5
2024-05-03,9,27.0,21.3,32.9,0,63.0,22.0,11.2
2024-05-03,10,26.7,21.7,31.9,0,55.0,15.7,11.2
2024-05-03,11,25.9,22.4,32.0,0,68.0,25.5,12.1
2024-05-03,12,24.7,19.5,27.9,0,74.0,17.0,11.5
2024-05-03,13,28.3,22.5,33.0,0,47.0,21.2,6.9
2024-05-03,14,27.0,23.1,33.3,0,67.0,13.8,9.8
2024-05-03,15,24.2,19.9,29.6,27.6,66.0,17.9,10.1
2024-05-03,16,21.9,17.1,27.7,0,74.0,16.6,10.6
2024-05-03,17,29.7,23.9,36.3,0.9,29.0,19.0,9.1
2024-05-03,18,24.8,19.0,31.8,0,45.0,25.0,11.4
2024-05-03,19,29.1,25.7,35.5,0,50.0,1.8,10.4
2024-05-03,20,27.0,21.3,33.9,0,57.0,17.7,11.9
2024-05-03,21,24.6,19.6,29.5,0,43.0,10.5,9.9
2024-05-03,22,25.2,21.3,30.2,0,50.0,25.5,8.7
2024-05-03,23,33.9,28.6,37.3,0,39.0,28.2,9.2
2024-05-03,24,26.6,22.3,33.1,10.5,59.0,4.0,9.7
2024-05-03,25,27.2,21.7,32.1,0,45.0,7.8,13.4
2024-05-04,1,26.0,20.2,29.9,0,57.0,19.5,9.3
2024-05-04,2,23.3,19.8,26.6,0,69.0,17.2,10.4
2024-05-04,3,24.7,18.8,30.3,0,53.0,20.9,5.1
2024-05-04,4,26.5,23.2,30.7,4.5,68.0,21.3,11.2
2024-05-04,5,24.7,19.7,31.6,0.3,66.0,1.0,9.7
2024-05-04,6,22.7,19.2,28.3,0,83.0,15.4,10.4
2024-05-04,7,24.5,19.3,27.7,0,56.0,5.7,9.5
2024-05-04,8,23.9,18.2,28.4,0,55.0,12.9,12.4
2024-05-04,9,27.5,24.3,32.0,0,53.0,6.1,8.7
2024-05-04,10,25.2,20.2,29.8,0,58.0,16.2,9.3
2024-05-04,11,27.6,23.2,33.5,0,82.0,11.7,11.0
2024-05-04,12,23.9,20.8,28.5,0.1,56.0,21.4,10.8
2024-05-04,13,30.8,27.4,34.7,0,48.0,6.7,12.0
2024-05-04,14,30.4,26.6,36.5,0,49.0,15.7,9.8
2024-05-04,15,27.7,21.8,32.4,0,66.0,20.9,10.9
2024-05-04,16,27.8,23.3,32.9,1.4,59.0,19.5,12.7
2024-05-04,17,30.8,25.8,34.3,0,49.0,18.0,11.2
2024-05-04,18,25.7,21.9,30.0,0,44.0,27.3,14
2024-05-04,19,26.9,23.9,30.3,0,44.0,6.7,9.9
2024-05-04,20,28.3,22.7,31.8,0,43.0,15.3,12.7
2024-05-04,21,27.1,23.1,31.3,0,36.0,10.8,10.8
2024-05-04,22,26.1,22.7,32.4,0,41.0,11.3,10.8
2024-05-04,23,31.1,25.2,36.3,0,17.0,15.6,8.7
2024-05-04,24,28.9,25.8,32.2,0,62.0,20.3,11.2
2024-05-04,25,30.0,26.3,33.3,0,27.0,15.8,7.9
2024-05-05,1,22.4,16.6,26.4,0,57.0,7.6,11.4
2024-05-05,2,25.4,20.7,29.1,0,47.0,6.6,7.5
2024-05-05,3,25.9,20.6,30.9,0,66.0,1.9,7.5
2024-05-05,4,25.1,20.4,31.2,0,53.0,27.2,12.2
2024-05-05,5,23.3,18.9,30.0,0,47.0,18.5,9.2
2024-05-05,6,24.4,20.5,28.7,0,56.0,7.3,10.6
2024-05-05,7,23.3,20.3,29.4,0,55.0,15.2,10.5
2024-05-05,8,22.0,17.3,25.2,0,71.0,22.6,9.4
2024-05-05,9,27.1,23.0,33.0,0,47.0,9.8,11.1
2024-05-05,10,25.5,21.1,28.6,0,57.0,20.1,11.8
2024-05-05,11,26.3,21.6,30.5,0,59.0,22.0,11.1
2024-05-05,12,23.7,20.1,29.6,0,56.0,20.9,12.3
2024-05-05,13,26.6,22.2,32.9,0,52.0,21.1,13.0
2024-05-05,14,28.3,23.3,32.3,0,44.0,15.0,11.6
2024-05-05,15,21.4,17.5,26.2,0.6,64.0,12.1,11.5
2024-05-05,16,26.8,22.8,31.2,0,53.0,21.0,8.9
2024-05-05,17,29.7,25.2,35.9,0.4,39.0,13.1,11.0
2024-05-05,18,26.8,21.8,32.3,0,43.0,8.9,9.7
2024-05-05,19,30.8,26.8,35.9,0,41.0,9.3,10.4
2024-05-05,20,27.5,24.1,32.2,0,65.0,23.2,9.2
2024-05-05,21,26.3,21.8,33.1,0,55.0,15.9,10.3
2024-05-05,22,27.5,21.7,31.2,5.2,56.0,0.5,8.8
2024-05-05,23,31.2,25.6,37.5,0,32.0,29.7,10.3
2024-05-05,24,25.7,22.3,29.6,0.2,38.0,3.5,9.9
2024-05-05,25,27.1,24.0,30.5,0,45.0,19.6,11.2
2024-05-06,1,25.8,22.1,31.2,0.2,65.0,16.6,10.7
2024-05-06,2,25.2,20.9,29.7,0,47.0,8.2,12.6
2024-05-06,3,24.7,21.5,30.7,0,47.0,14.5,10.6
2024-05-06,4,20.8,15.4,24.4,5.7,66.0,6.9,12.9
2024-05-06,5,26.2,23.0,30.8,0,72.0,1.4,11.2
2024-05-06,6,25.9,21.7,30.6,0,52.0,15.0,10.9
2024-05-06,7,25.4,19.5,29.8,0,50.0,13.8,9.9
2024-05-06,8,27.0,22.5,33.8,0,65.0,11.1,11.8
2024-05-06,9,25.6,20.3,28.8,1.5,45.0,1.0,9.7
2024-05-06,10,25.7,22.6,31.4,0,47.0,11.7,10.0
2024-05-06,11,25.1,20.9,30.6,0,75.0,7.6,11.1
2024-05-06,12,26.0,22.4,30.0,3.8,53.0,20.4,11.6
2024-05-06,13,29.4,25.2,34.9,0,61.0,10.4,9.5
2024-05-06,14,28.1,24.8,34.4,0,62.0,15.8,11.0
2024-05-06,15,25.1,19.6,31.1,7.5,63.0,3.6,9.7
2024-05-06,16,27.2,23.9,30.7,0,52.0,5.9,9.4
2024-05-06,17,29.8,26.2,36.7,0,31.0,9.0,10.4
2024-05-06,18,24.0,18.6,29.0,0,43.0,36.0,12.5
2024-05-06,19,30.9,27.5,34.3,0,37.0,14.0,10.3
2024-05-06,20,27.2,22.1,31.7,0,53.0,1.6,11.5
2024-05-06,21,26.3,23.1,29.8,1.6,69.0,20.3,10.2
2024-05-06,22,26.6,20.7,31.0,0,45.0,22.2,10.0
2024-05-06,23,30.6,26.0,35.7,0,29.0,18.5,11.6
2024-05-06,24,26.1,22.0,29.6,0,53.0,10.1,9.7
2024-05-06,25,29.8,23.9,34.5,0,38.0,29.3,9.3
2024-05-07,1,27.2,21.7,33.3,0,67.0,24.0,9.0
2024-05-07,2,27.4,22.2,33.2,0,75.0,10.2,10.1
2024-05-07,3,25.4,22.0,28.9,2.1,52.0,16.6,9.3
2024-05-07,4,26.7,23.1,33.3,0,58.0,27.2,10.4
2024-05-07,5,27.2,22.1,31.4,0,49.0,4.7,10.8
2024-05-07,6,26.4,23.0,31.4,0,55.0,16.7,10.8
2024-05-07,7,25.9,22.5,30.0,0,72.0,25.4,7.6
2024-05-07,8,28.1,24.5,33.6,0,56.0,8.6,7.5
2024-05-07,9,26.5,23.3,33.2,0,49.0,15.9,9.1
2024-05-07,10,25.6,22.0,29.2,0,60.0,24.6,10.4
2024-05-07,11,25.3,19.4,31.9,0,66.0,34.2,11.3
2024-05-07,12,28.1,23.1,32.3,0,68.0,25.3,12.7
2024-05-07,13,28.3,24.7,35.2,0,32.0,22.0,8.8
2024-05-07,14,25.2,20.7,31.9,0,66.0,7.6,9.6
2024-05-07,15,24.1,20.5,27.1,0,61.0,10.2,8.8
2024-05-07,16,25.3,19.5,28.8,0,69.0,9.3,11.8
2024-05-07,17,26.5,23.1,30.2,0,31.0,4.0,12.9
2024-05-07,18,29.0,24.8,35.3,0,33.0,17.3,10.3
2024-05-07,19,29.4,26.0,33.7,0,44.0,11.3,7.6
2024-05-07,20,27.2,24.0,34.0,0,40.0,3.1,9.5
2024-05-07,21,25.7,20.8,29.0,1.3,46.0,10.4,11.9
2024-05-07,22,25.7,22.1,30.1,0,50.0,11.4,9.7
2024-05-07,23,31.3,26.9,35.7,0,20.0,26.0,11.2
2024-05-07,24,27.1,21.3,31.6,0,64.0,0.3,10.9
2024-05-07,25,27.7,21.8,33.1,0,40.0,2.1,11.4
2024-05-08,1,28.5,23.9,33.8,0,68.0,11.3,10.8
2024-05-08,2,27.2,21.4,31.9,0,62.0,18.9,10.6
2024-05-08,3,24.4,18.9,29.2,0,54.0,13.8,9.8
2024-05-08,4,26.5,22.0,29.6,0,65.0,35.8,11.4
2024-05-08,5,24.6,20.8,30.1,1.7,57.0,9.2,12.8
2024-05-08,6,24.9,19.0,31.8,0,57.0,3.7,9.3
2024-05-08,7,26.2,22.0,29.7,0,65.0,16.5,9.0
2024-05-08,8,25.2,21.2,31.5,0,59.0,6.7,11.5
2024-05-08,9,27.1,21.4,30.9,0,54.0,9.6,10.6
2024-05-08,10,28.3,23.9,32.9,0,49.0,17.1,9.7
2024-05-08,11,24.4,18.9,30.2,0.4,73.0,4.1,10.3
2024-05-08,12,21.7,18.7,26.9,0,72.0,15.9,10.7
2024-05-08,13,30.9,27.5,36.8,1.5,38.0,19.8,9.1
2024-05-08,14,27.8,23.3,32.7,0,48.0,14.7,8.2
2024-05-08,15,26.1,22.2,30.3,0,74.0,5.6,10.9
2024-05-08,16,25.7,20.9,28.7,0,61.0,16.5,11.1
2024-05-08,17,31.1,27.7,35.3,0,50.0,17.5,12.9
2024-05-08,18,28.5,24.1,34.8,0,47.0,18.5,10.7
2024-05-08,19,25.9,20.8,30.7,0,35.0,5.1,9.7
2024-05-08,20,29.6,24.8,34.0,0,52.0,16.0,9.2
2024-05-08,21,28.0,22.9,33.0,1.6,55.0,14.8,11.0
2024-05-08,22,26.3,20.5,32.6,0,46.0,22.8,10.6
2024-05-08,23,32.2,27.9,36.0,0,22.0,17.4,11.2
2024-05-08,24,27.0,21.0,32.8,0,61.0,10.8,11.7
2024-05-08,25,27.5,22.2,31.8,0,33.0,12.2,10.4
2024-05-09,1,26.5,21.4,29.6,0,57.0,17.2,10.0
2024-05-09,2,27.9,24.5,32.3,0,58.0,16.6,11.9
2024-05-09,3,24.8,20.4,30.0,0,59.0,16.2,12.0
2024-05-09,4,25.1,20.6,28.4,0,57.0,13.3,12.3
2024-05-09,5,23.6,19.4,30.5,0,52.0,35.6,8.8
2024-05-09,6,25.2,19.7,31.4,0.9,63.0,33.3,9.5
2024-05-09,7,24.8,20.6,29.3,0,47.0,20.0,12.0
2024-05-09,8,24.3,19.6,28.0,0,74.0,11.8,9.7
2024-05-09,9,27.5,21.8,33.2,0,55.0,3.7,10.2
2024-05-09,10,29.0,24.9,32.1,0.0,61.0,15.6,9.6
2024-05-09,11,26.1,22.8,32.9,0,54.0,25.8,11.5
2024-05-09,12,24.6,20.7,29.3,0,39.0,17.2,12.8
2024-05-09,13,28.4,22.9,31.7,3.1,30.0,6.7,9.8
2024-05-09,14,27.2,22.5,32.3,0,49.0,17.5,9.6
2024-05-09,15,26.1,22.6,31.7,0,46.0,4.9,14.0
2024-05-09,16,27.6,21.7,33.6,0,64.0,27.5,11.6
2024-05-09,17,30.5,26.8,35.2,0,39.0,15.4,12.3
2024-05-09,18,28.0,24.9,34.1,12.6,58.0,11.1,9.4
2024-05-09,19,31.3,25.7,36.6,0,54.0,32.8,8.2
2024-05-09,20,28.9,23.3,35.6,0,32.0,30.9,10.7
2024-05-09,21,29.7,24.6,36.4,0,64.0,14.9,10.6
2024-05-09,22,25.3,21.7,30.1,0,44.0,18.5,10.7
2024-05-09,23,31.9,28.0,37.6,0,25.0,6.9,11.0
2024-05-09,24,27.5,22.2,30.9,0,50.0,4.0,11.8
2024-05-09,25,29.8,25.6,36.4,0,46.0,4.4,9.8
2024-05-10,1,25.3,20.6,31.9,0,60.0,27.8,11.2
2024-05-10,2,24.1,19.2,29.0,0,66.0,10.7,10.3
2024-05-10,3,24.7,19.2,29.8,0,61.0,11.7,9.3
2024-05-10,4,23.3,17.3,27.6,0,69.0,24.4,9.8
2024-05-10,5,27.6,22.8,32.5,0,52.0,15.4,12.2
2024-05-10,6,25.4,21.4,30.3,0,57.0,4.8,12.5
2024-05-10,7,26.7,23.6,33.0,0,54.0,6.0,12.7
2024-05-10,8,26.3,23.1,32.1,0,61.0,21.1,12.0
2024-05-10,9,29.2,25.2,34.4,0,46.0,28.5,12.0
2024-05-10,10,24.1,20.0,28.7,0,44.0,6.6,10.5
2024-05-10,11,23.7,19.8,28.4,3.5,50.0,15.1,10.7
2024-05-10,12,24.5,19.7,30.0,0,59.0,0.6,11.8
2024-05-10,13,26.1,20.1,31.6,0,48.0,16.6,8.9
2024-05-10,14,28.9,23.3,33.2,1.5,53.0,6.3,12.2
2024-05-10,15,23.5,18.2,26.6,0,65.0,11.3,10.3
2024-05-10,16,26.4,22.8,31.8,0,66.0,14.1,10.6
2024-05-10,17,29.7,24.4,34.7,0,39.0,28.6,9.8
2024-05-10,18,27.2,22.3,31.9,0,25.0,18.0,9.3
2024-05-10,19,28.9,23.7,33.1,1.5,67.0,1.0,10.9
2024-05-10,20,30.5,26.7,35.1,0,54.0,0.9,9.0
2024-05-10,21,24.8,21.0,30.7,0,37.0,9.5,10.9
2024-05-10,22,26.0,21.9,30.1,0,45.0,12.8,13.0
2024-05-10,23,36.0,31.0,40.7,0,14.0,3.2,10.7
2024-05-10,24,27.4,22.1,32.7,0,51.0,5.3,7.9
2024-05-10,25,26.5,21.6,32.9,0,24.0,19.7,14
2024-05-11,1,27.2,23.5,30.3,0,49.0,7.6,11.3
2024-05-11,2,23.0,17.2,27.1,7.7,60.0,2.9,12.4
2024-05-11,3,24.3,19.3,28.5,0,53.0,11.4,5.9
2024-05-11,4,25.2,22.1,28.3,0,42.0,10.1,13.4
2024-05-11,5,24.8,20.0,29.9,0,68.0,22.6,13.3
2024-05-11,6,27.2,23.7,34.2,0,60.0,15.8,11.3
2024-05-11,7,25.0,19.8,31.6,0,61.0,9.7,10.3
2024-05-11,8,26.4,21.5,32.1,0,53.0,17.6,10.7
2024-05-11,9,28.5,24.5,33.0,0,62.0,10.8,8.9
2024-05-11,10,26.9,21.9,33.7,0,61.0,16.4,11.9
2024-05-11,11,28.5,23.7,34.6,0,69.0,9.0,8.3
2024-05-11,12,25.5,20.0,29.9,4.2,51.0,18.2,10.5
2024-05-11,13,28.5,25.4,35.4,0,55.0,4.6,13.3
2024-05-11,14,28.7,24.3,34.4,0,48.0,17.5,9.6
2024-05-11,15,23.9,19.4,29.0,0,55.0,11.7,9.7
2024-05-11,16,25.7,20.8,30.4,2.5,63.0,17.8,10.6
2024-05-11,17,29.7,25.3,36.3,0,41.0,18.3,9.8
2024-05-11,18,25.7,20.6,32.4,0,31.0,5.1,11.2
2024-05-11,19,30.1,26.4,34.1,0,53.0,23.6,8.5
2024-05-11,20,27.4,23.3,32.1,0,34.0,18.3,10.2
2024-05-11,21,23.6,20.1,28.3,0,60.0,5.6,10.6
2024-05-11,22,27.2,23.7,32.6,0,42.0,9.8,11.4
2024-05-11,23,31.7,28.6,38.0,0,22.0,1.0,8.8
2024-05-11,24,24.7,21.5,29.0,0,62.0,12.3,8.2
2024-05-11,25,25.4,22.0,31.1,0,36.0,3.8,11.7
2024-05-12,1,27.2,21.9,31.3,0,60.0,17.9,7.6
2024-05-12,2,26.0,21.5,32.4,1.2,57.0,17.6,11.6
2024-05-12,3,25.5,21.6,28.7,0,53.0,1.7,10.1
2024-05-12,4,26.5,23.1,30.9,0,63.0,11.3,11.6
2024-05-12,5,25.8,21.9,31.2,0,56.0,11.4,10.2
2024-05-12,6,28.9,25.3,33.1,0,66.0,10.7,10.2
2024-05-12,7,27.0,21.9,33.4,0,44.0,7.1,10.1
2024-05-12,8,25.8,22.8,29.4,0,57.0,32.8,9.8
2024-05-12,9,26.2,20.9,30.6,1.1,49.0,21.0,9.6
2024-05-12,10,27.9,23.0,33.8,0,50.0,0.2,11.1
2024-05-12,11,26.0,21.3,30.6,0,65.0,17.0,9.4
2024-05-12,12,24.9,20.5,31.0,0,54.0,3.9,10.1
2024-05-12,13,26.9,23.0,33.3,0,48.0,16.8,10.4
2024-05-12,14,28.7,24.9,31.9,0,50.0,16.9,11.7
2024-05-12,15,23.1,18.6,28.4,0,54.0,20.4,11.2
2024-05-12,16,28.1,22.5,31.8,0,56.0,4.1,12.4
2024-05-12,17,31.9,28.7,34.9,0,40.0,16.5,9.8
2024-05-12,18,26.1,22.1,31.6,0,34.0,14.0,9.9
2024-05-12,19,27.3,24.2,33.9,0,51.0,10.6,9.6
2024-05-12,20,31.6,27.7,35.6,0,54.0,24.3,11.6
2024-05-12,21,26.6,22.8,32.2,7.6,53.0,21.3,13.2
2024-05-12,22,26.9,23.6,32.9,0,38.0,25.1,12.8
2024-05-12,23,31.8,28.7,36.9,0,31.0,10.1,9.0
2024-05-12,24,25.0,19.8,30.4,0,35.0,2.5,10.8
2024-05-12,25,27.8,24.3,31.0,0,33.0,25.8,12.1
2024-05-13,1,26.9,22.5,29.9,1.0,58.0,0.0,9.9
2024-05-13,2,28.7,24.1,34.1,0.9,59.0,22.7,11.1
2024-05-13,3,26.8,22.0,30.1,0,41.0,10.3,9.9
2024-05-13,4,28.0,23.5,33.4,0,54.0,12.0,11.5
2024-05-13,5,27.1,23.9,31.9,0,66.0,19.6,8.9
2024-05-13,6,25.7,20.5,32.1,0,50.0,12.7,11.6
2024-05-13,7,26.1,21.9,32.2,0,46.0,22.2,10.5
2024-05-13,8,24.6,21.0,30.9,0,60.0,14.8,8.2
2024-05-13,9,29.8,26.2,35.5,0,58.0,26.4,10.4
2024-05-13,10,28.7,23.4,35.3,0,52.0,3.5,12.1
2024-05-13,11,29.4,26.1,35.6,0,62.0,20.5,11.7
2024-05-13,12,25.2,21.7,30.3,1.7,59.0,6.8,10.7
2024-05-13,13,29.8,25.4,36.2,0,42.0,0.7,13.9
2024-05-13,14,27.2,22.7,30.2,0,58.0,4.0,9.6
2024-05-13,15,25.9,22.3,31.7,0,64.0,16.8,13.4
2024-05-13,16,26.0,22.0,32.9,0,57.0,27.2,14.0
2024-05-13,17,31.9,26.9,35.6,0,36.0,7.0,12.4
2024-05-13,18,26.8,23.0,31.3,0,44.0,17.2,11.5
2024-05-13,19,28.1,23.6,32.3,0,46.0,16.2,11.6
2024-05-13,20,30.8,25.4,37.5,0,55.0,20.3,9.6
2024-05-13,21,25.8,20.6,32.2,0,43.0,14.9,13.0
2024-05-13,22,28.7,24.3,34.1,0,43.0,18.9,10.7
2024-05-13,23,32.5,27.9,37.1,0,27.0,6.6,11.9
2024-05-13,24,28.2,23.3,35.2,0,64.0,18.2,11.0
2024-05-13,25,29.6,24.0,36.0,0,54.0,17.3,10.5
2024-05-14,1,24.3,20.8,29.1,0,65.0,19.3,9.6
2024-05-14,2,27.9,23.7,32.6,0,71.0,7.2,12.0
2024-05-14,3,26.1,21.4,32.6,0,56.0,11.1,9.2
2024-05-14,4,24.9,20.7,31.8,0.2,52.0,16.0,8.9
2024-05-14,5,27.2,21.2,31.6,0,58.0,13.7,10.4
2024-05-14,6,27.4,23.8,34.1,0,80.0,15.4,12.7
2024-05-14,7,27.2,22.4,33.2,3.2,54.0,18.0,10.1
2024-05-14,8,25.4,20.1,29.8,0,50.0,7.7,11.0
2024-05-14,9,24.2,18.6,29.9,0,64.0,0.6,10.2
2024-05-14,10,29.3,23.3,33.2,0,67.0,19.3,12.1
2024-05-14,11,27.1,22.8,31.2,0,60.0,13.4,10.1
2024-05-14,12,22.9,18.0,29.3,0,56.0,22.4,8.6
2024-05-14,13,30.9,25.2,34.3,0,34.0,17.1,11.9
2024-05-14,14,28.9,24.3,32.8,0,48.0,12.7,11.6
2024-05-14,15,25.5,21.7,29.4,0,77.0,15.5,11.5
2024-05-14,16,26.5,21.1,31.8,0,77.0,13.9,8.5
2024-05-14,17,28.5,24.2,34.1,0,29.0,17.4,9.2
2024-05-14,18,27.8,22.7,33.1,0,47.0,11.1,10.5
2024-05-14,19,30.5,25.1,34.2,0,53.0,15.2,10.4
2024-05-14,20,28.7,23.0,32.5,0,49.0,18.0,12.5
2024-05-14,21,29.0,25.6,34.6,0,54.0,27.4,10.7
2024-05-14,22,27.6,24.1,31.3,0,54.0,13.4,13.3
2024-05-14,23,30.7,25.6,37.0,0,25.0,12.2,10.1
2024-05-14,24,26.4,22.5,29.5,0,49.0,26.5,12.6
2024-05-14,25,28.8,23.5,34.0,0,45.0,28.0,14
2024-05-15,1,29.0,25.2,35.3,0,59.0,12.8,9.9
2024-05-15,2,24.7,18.9,28.2,0,63.0,12.4,11.4
2024-05-15,3,24.4,21.3,30.6,0,78.0,12.3,12.4
2024-05-15,4,25.2,22.0,29.0,1.3,49.0,10.6,10.2
2024-05-15,5,26.4,21.5,29.6,0,61.0,21.8,13.8
2024-05-15,6,25.3,22.1,30.9,0,45.0,12.3,12.2
2024-05-15,7,26.4,22.9,31.9,0,49.0,2.5,11.4
2024-05-15,8,24.4,18.4,29.8,0,65.0,9.7,10.6
2024-05-15,9,27.1,23.3,33.4,0,53.0,2.1,10.5
2024-05-15,10,27.5,22.6,31.4,0,53.0,23.1,12.7
2024-05-15,11,26.7,22.5,32.4,0,57.0,18.1,12.5
2024-05-15,12,26.3,21.7,31.7,0,68.0,14.6,12.8
2024-05-15,13,31.9,27.3,36.6,0,59.0,13.9,9.3
2024-05-15,14,28.9,25.1,33.1,0,44.0,23.5,14
2024-05-15,15,26.7,22.7,31.5,9.3,60.0,30.8,11.5
2024-05-15,16,27.7,23.0,34.3,0,71.0,9.4,10.1
2024-05-15,17,29.6,25.1,35.1,1.0,60.0,18.8,9.2
2024-05-15,18,28.4,24.7,33.8,0,40.0,8.0,11.4
2024-05-15,19,29.2,24.5,33.0,0.8,51.0,9.6,10.5
2024-05-15,20,25.7,22.1,29.8,0,41.0,13.5,9.0
2024-05-15,21,26.0,21.7,30.8,0,43.0,7.2,10.3
2024-05-15,22,26.8,21.7,33.2,9.0,52.0,21.5,9.5
2024-05-15,23,34.5,30.2,37.8,0.9,30.0,16.9,10.0
2024-05-15,24,29.0,23.1,32.4,0,54.0,19.0,9.7
2024-05-15,25,29.2,25.2,34.3,0,40.0,26.4,10.3
2024-05-16,1,25.2,21.4,31.7,0,65.0,18.5,13.4
2024-05-16,2,28.2,22.6,35.2,0,55.0,7.2,13.9
2024-05-16,3,28.0,22.7,31.1,0,56.0,1.7,12.8
2024-05-16,4,23.6,19.1,27.8,4.5,48.0,29.0,9.3
2024-05-16,5,27.3,22.8,33.1,0,49.0,26.6,9.6
2024-05-16,6,29.5,24.0,33.8,0,72.0,12.6,10.1
2024-05-16,7,25.4,21.0,31.4,0,71.0,19.8,10.3
2024-05-16,8,27.1,22.8,33.1,0,60.0,13.6,12.2
2024-05-16,9,27.8,22.2,33.5,0,38.0,9.4,11.1
2024-05-16,10,27.7,22.4,34.1,0,50.0,7.6,10.7
2024-05-16,11,24.0,19.2,27.9,0,80.0,9.1,9.8
2024-05-16,12,23.8,18.1,28.7,0,74.0,8.5,12.4
2024-05-16,13,30.1,25.9,33.3,0,42.0,9.6,11.7
2024-05-16,14,28.4,23.6,33.0,0,47.0,5.6,12.9
2024-05-16,15,25.0,21.8,31.9,2.5,67.0,13.5,10.6
2024-05-16,16,25.9,22.8,32.5,0,47.0,20.1,10.3
2024-05-16,17,31.4,25.8,35.1,0,30.0,18.9,12.0
2024-05-16,18,25.9,20.8,30.9,0,48.0,0.7,10.1
2024-05-16,19,27.6,22.2,34.4,0,47.0,5.8,9.7
2024-05-16,20,27.2,21.7,33.1,0,31.0,11.8,11.9
2024-05-16,21,27.0,21.3,33.4,0,38.0,16.9,9.5
2024-05-16,22,25.6,21.8,29.7,14.3,52.0,6.1,11.4
2024-05-16,23,35.4,31.4,39.6,0,32.0,15.4,8.6
2024-05-16,24,26.2,21.4,29.5,4.9,53.0,9.2,10.6
2024-05-16,25,30.8,26.6,36.7,0,41.0,14.6,8.8
2024-05-17,1,25.9,20.0,30.2,0,65.0,10.1,12.2
2024-05-17,2,27.3,22.3,34.1,0,61.0,26.9,11.7
2024-05-17,3,29.1,23.5,32.2,0,50.0,21.4,9.7
2024-05-17,4,27.4,23.6,31.6,0,58.0,7.5,8.8
2024-05-17,5,28.7,23.4,33.7,0,63.0,9.4,12.0
2024-05-17,6,28.6,23.5,32.8,0,62.0,28.7,10.6
2024-05-17,7,26.3,22.4,30.5,0,68.0,23.5,10.4
2024-05-17,8,26.7,22.2,29.7,0,51.0,14.1,9.7
2024-05-17,9,26.5,21.0,31.7,0,40.0,5.1,9.6
2024-05-17,10,27.6,23.5,33.0,0,46.0,4.0,10.9
2024-05-17,11,25.9,22.2,29.8,0,66.0,10.4,10.8
2024-05-17,12,25.0,21.9,29.1,0,65.0,15.5,13.1
2024-05-17,13,29.5,25.7,33.9,0,51.0,21.7,12.0
2024-05-17,14,30.6,26.2,34.6,0,53.0,18.2,10.2
2024-05-17,15,24.9,21.4,29.7,0,54.0,15.3,11.1
2024-05-17,16,26.0,22.7,32.7,0,65.0,6.6,8.3
2024-05-17,17,30.7,25.8,37.0,0,46.0,2.1,10.6
2024-05-17,18,26.5,22.3,33.2,0,27.0,11.4,11.3
2024-05-17,19,30.3,26.2,35.3,0,49.0,21.1,12.6
2024-05-17,20,30.5,24.6,36.6,0,63.0,19.8,11.7
2024-05-17,21,25.8,21.2,31.3,0,45.0,4.2,11.3
2024-05-17,22,26.4,21.6,32.7,0,59.0,11.7,9.0
2024-05-17,23,37.1,31.2,42.3,0,24.0,8.8,12.6
2024-05-17,24,29.2,25.1,33.6,0,47.0,16.2,12.2
2024-05-17,25,30.6,26.7,36.7,0,31.0,2.9,10.5
2024-05-18,1,27.5,23.9,32.6,0,57.0,18.5,10.5
2024-05-18,2,28.4,23.0,32.7,4.2,64.0,22.5,9.9
2024-05-18,3,27.0,21.7,30.2,0,51.0,19.4,10.8
2024-05-18,4,26.1,20.4,30.3,0,56.0,12.7,12.7
2024-05-18,5,27.2,21.6,31.6,0,61.0,17.7,11.4
2024-05-18,6,27.2,21.7,31.3,0,63.0,3.3,10.8
2024-05-18,7,27.0,21.0,33.0,0,61.0,3.7,10.6
2024-05-18,8,26.0,20.8,31.8,0,68.0,17.2,10.0
2024-05-18,9,28.6,23.9,35.5,0,51.0,21.7,12.1
2024-05-18,10,25.5,21.7,29.2,0,42.0,7.5,8.0
2024-05-18,11,28.5,25.4,35.4,0,54.0,14.7,7.0
2024-05-18,12,24.6,21.6,31.2,0,69.0,22.6,9.3
2024-05-18,13,28.6,24.9,34.8,0,43.0,6.9,10.9
2024-05-18,14,28.2,23.2,33.8,0,51.0,22.3,10.6
2024-05-18,15,24.3,19.4,30.4,0,57.0,20.2,11.4
2024-05-18,16,26.4,20.6,29.7,1.1,70.0,16.4,13.4
2024-05-18,17,28.3,22.4,32.7,0,23.0,22.6,12.8
2024-05-18,18,28.5,25.1,31.7,0,43.0,0.0,11.9
2024-05-18,19,27.6,22.4,31.6,0,43.0,11.0,11.4
2024-05-18,20,29.0,25.0,35.6,0,44.0,2.1,14
2024-05-18,21,29.2,26.2,35.9,0,42.0,22.6,10.8
2024-05-18,22,27.9,23.2,31.5,0,47.0,15.5,11.5
2024-05-18,23,34.5,28.8,38.6,0,11.0,3.0,13.7
2024-05-18,24,27.4,22.7,31.5,2.7,57.0,13.7,9.5
2024-05-18,25,26.0,22.2,29.1,0,48.0,7.7,13.8
2024-05-19,1,26.4,21.8,31.3,0,58.0,2.1,11.1
2024-05-19,2,25.9,20.0,32.8,0,62.0,15.4,12.3
2024-05-19,3,26.8,21.9,33.4,3.2,54.0,33.7,8.2
2024-05-19,4,28.0,23.3,31.0,0,41.0,18.1,10.2
2024-05-19,5,27.2,23.9,32.5,2.8,40.0,16.1,12.0
2024-05-19,6,26.9,20.9,32.2,0,51.0,12.4,12.3
2024-05-19,7,27.9,24.0,31.2,0,71.0,21.4,12.4
2024-05-19,8,26.3,22.2,30.5,0.7,58.0,12.8,11.8
2024-05-19,9,27.9,23.0,34.2,0,44.0,17.1,13.5
2024-05-19,10,27.9,23.3,34.4,0,54.0,5.7,12.5
2024-05-19,11,26.2,20.8,30.7,0,53.0,11.0,10.8
2024-05-19,12,26.8,22.2,30.5,0,43.0,10.3,11.2
2024-05-19,13,29.2,23.9,34.3,0,46.0,13.4,11.6
2024-05-19,14,30.5,26.3,36.4,0,46.0,19.5,9.8
2024-05-19,15,23.8,20.7,30.5,0,68.0,16.8,10.3
2024-05-19,16,29.1,24.4,35.5,0,57.0,18.5,12.2
2024-05-19,17,30.3,25.8,36.8,0,34.0,12.2,9.3
2024-05-19,18,28.6,23.8,32.7,0,49.0,18.3,11.2
2024-05-19,19,28.7,24.8,33.8,0,35.0,19.6,11.2
2024-05-19,20,27.2,21.7,32.8,0,51.0,8.8,10.2
2024-05-19,21,26.7,22.5,32.9,2.1,57.0,10.6,10.3
2024-05-19,22,29.0,24.4,33.7,0,55.0,29.5,11.4
2024-05-19,23,33.1,27.9,39.4,0,24.0,25.8,13.0
2024-05-19,24,27.4,22.2,32.7,0,55.0,25.1,14
2024-05-19,25,30.8,25.5,37.0,0,47.0,16.5,9.3
2024-05-20,1,25.6,22.5,31.2,0,57.0,3.7,12.2
2024-05-20,2,29.8,24.2,36.7,0,52.0,16.4,10.4
2024-05-20,3,27.1,21.6,31.5,0,57.0,14.9,9.9
2024-05-20,4,28.3,22.3,33.2,0,51.0,12.1,12.4
2024-05-20,5,28.2,23.4,34.8,8.6,52.0,8.7,11.5
2024-05-20,6,27.1,22.2,30.7,3.9,33.0,15.0,9.8
2024-05-20,7,25.9,21.1,29.2,0,46.0,20.6,12.9
2024-05-20,8,28.3,23.1,35.0,0,58.0,1.9,11.3
2024-05-20,9,28.5,22.8,32.9,0,56.0,25.6,9.6
2024-05-20,10,28.7,25.0,31.8,0,49.0,11.2,12.4
2024-05-20,11,28.4,24.3,33.1,0,75.0,8.7,10.4
2024-05-20,12,25.6,20.3,28.6,0,56.0,15.3,11.0
2024-05-20,13,28.0,23.0,34.6,0,47.0,25.1,10.6
2024-05-20,14,30.8,26.6,34.4,0,55.0,14.4,12.0
2024-05-20,15,24.4,20.4,30.1,0,76.0,13.4,13.2
2024-05-20,16,24.6,20.8,30.7,0,58.0,9.2,10.8
2024-05-20,17,29.5,24.1,34.8,0.0,39.0,9.1,13.5
2024-05-20,18,27.6,23.9,33.9,0,55.0,16.0,9.5
2024-05-20,19,29.3,23.7,35.5,0,43.0,15.4,11.4
2024-05-20,20,27.4,21.9,30.7,0,40.0,20.6,11.0
2024-05-20,21,28.3,24.2,33.2,0.3,46.0,18.9,11.6
2024-05-20,22,27.3,23.0,31.3,0,55.0,20.8,11.1
2024-05-20,23,37.0,33.2,42.2,0,34.0,10.4,12.5
2024-05-20,24,28.5,24.7,32.4,0,56.0,26.1,10.9
2024-05-20,25,29.2,25.2,34.8,0,47.0,9.9,10.4
2024-05-21,1,27.3,23.2,31.8,0,61.0,21.0,9.4
2024-05-21,2,23.8,19.8,29.8,0,46.0,3.3,11.6
2024-05-21,3,28.5,25.4,34.7,0,61.0,15.9,10.2
2024-05-21,4,25.6,21.4,29.6,0,46.0,3.5,8.2
2024-05-21,5,27.2,24.2,30.6,0,58.0,3.2,9.1
2024-05-21,6,26.8,21.6,31.8,0,55.0,12.3,8.7
2024-05-21,7,25.5,22.1,29.9,0,39.0,13.7,11.7
2024-05-21,8,26.5,22.6,32.3,0,50.0,16.3,11.6
2024-05-21,9,27.1,24.0,31.9,0,48.0,30.2,11.9
2024-05-21,10,28.3,25.2,32.9,0,45.0,8.7,9.8
2024-05-21,11,24.8,20.0,31.6,0,62.0,11.6,10.0
2024-05-21,12,26.2,20.8,31.5,0,58.0,8.0,9.2
2024-05-21,13,30.9,26.7,34.9,0,42.0,17.3,9.7
2024-05-21,14,29.4,24.1,35.3,0,68.0,17.6,11.5
2024-05-21,15,26.7,23.0,32.8,0,70.0,15.9,12.7
2024-05-21,16,27.7,24.6,31.7,1.7,62.0,18.0,10.7
2024-05-21,17,28.2,24.5,32.8,0,20.0,16.4,13.1
2024-05-21,18,28.2,23.8,34.4,3.6,31.0,13.3,11.3
2024-05-21,19,28.9,23.2,32.0,0,31.0,2.7,12.0
2024-05-21,20,30.6,26.3,35.1,0,33.0,13.6,11.6
2024-05-21,21,28.9,25.3,35.8,0,65.0,22.2,10.4
2024-05-21,22,27.0,21.7,30.3,0,46.0,21.4,10.0
2024-05-21,23,32.5,29.2,36.0,0,31.0,19.8,13.9
2024-05-21,24,29.1,25.6,35.6,0,62.0,18.3,11.7
2024-05-21,25,27.7,23.0,34.7,0,40.0,20.9,8.6
2024-05-22,1,25.4,21.4,32.2,0,64.0,12.5,14
2024-05-22,2,27.0,22.0,31.3,0,51.0,23.6,12.3
2024-05-22,3,28.0,23.0,34.1,0,44.0,21.7,12.2
2024-05-22,4,25.6,22.6,30.0,2.9,59.0,9.0,9.9
2024-05-22,5,27.0,21.4,32.8,0,52.0,16.9,9.6
2024-05-22,6,29.7,23.9,33.8,0,48.0,24.8,14
2024-05-22,7,26.8,23.2,31.1,0,69.0,18.1,11.0
2024-05-22,8,25.2,19.5,28.2,1.8,63.0,18.1,8.1
2024-05-22,9,26.7,21.5,29.7,0,55.0,10.6,10.0
2024-05-22,10,29.4,25.0,33.0,0,52.0,23.4,11.4
2024-05-22,11,23.6,18.7,27.4,0.5,63.0,13.1,13.2
2024-05-22,12,24.5,19.6,28.0,0,60.0,12.8,11.2
2024-05-22,13,31.3,27.1,35.5,0,38.0,6.0,12.6
2024-05-22,14,28.6,23.8,33.2,0,52.0,26.1,10.0
2024-05-22,15,25.2,19.9,29.2,0,62.0,25.1,11.8
2024-05-22,16,26.5,23.5,30.7,0,50.0,12.9,10.8
2024-05-22,17,32.6,29.4,37.8,0,34.0,7.7,12.8
2024-05-22,18,29.8,26.4,34.4,0,65.0,10.2,11.6
2024-05-22,19,33.1,29.9,37.1,0,42.0,13.1,8.8
2024-05-22,20,29.3,24.0,32.9,0,50.0,1.6,9.9
2024-05-22,21,29.9,25.6,36.1,0,53.0,24.7,13.7
2024-05-22,22,27.3,21.3,32.5,0,46.0,17.4,10.6
2024-05-22,23,35.5,32.5,40.0,0,16.0,20.1,8.7
2024-05-22,24,26.0,22.2,31.3,0,58.0,13.9,10.7
2024-05-22,25,31.7,27.8,38.4,0,30.0,20.9,12.9
2024-05-23,1,28.1,24.0,35.0,0,66.0,4.6,11.7
2024-05-23,2,28.7,23.4,34.1,9.5,53.0,23.0,12.3
2024-05-23,3,27.8,23.6,32.6,3.1,56.0,20.5,12.0
2024-05-23,4,28.8,24.8,35.6,0,53.0,19.9,9.1
2024-05-23,5,26.1,22.4,30.9,0,49.0,22.6,12.7
2024-05-23,6,27.6,23.2,33.2,0,49.0,21.5,11.5
2024-05-23,7,25.7,20.7,31.6,0,77.0,12.5,9.3
2024-05-23,8,26.5,23.3,32.5,0,54.0,20.5,11.8
2024-05-23,9,28.2,22.9,34.1,0,67.0,34.6,9.2
2024-05-23,10,29.4,23.7,32.8,1.4,49.0,27.6,9.7
2024-05-23,11,24.5,18.6,30.4,0,55.0,17.6,11.9
2024-05-23,12,26.4,22.3,30.5,0,62.0,1.6,12.2
2024-05-23,13,26.6,21.2,32.5,0,37.0,0.0,11.9
2024-05-23,14,29.8,23.9,35.1,0,53.0,20.6,10.5
2024-05-23,15,24.9,20.9,28.5,0,56.0,10.4,11.7
2024-05-23,16,26.6,22.1,30.7,0,54.0,20.3,11.6
2024-05-23,17,32.9,27.0,37.4,0,37.0,14.9,11.2
2024-05-23,18,25.9,20.7,29.6,0,46.0,5.6,9.0
2024-05-23,19,31.6,25.8,37.7,0,50.0,3.7,9.4
2024-05-23,20,32.3,27.9,36.8,1.0,35.0,0.3,10.1
2024-05-23,21,26.5,22.0,31.8,0,55.0,21.4,8.3
2024-05-23,22,30.6,27.4,35.3,0,55.0,12.4,12.1
2024-05-23,23,33.7,28.7,36.9,0,23.0,29.5,9.5
2024-05-23,24,27.2,23.6,34.0,0,62.0,16.3,10.4
2024-05-23,25,29.2,25.3,32.3,0,36.0,14.5,11.1
2024-05-24,1,29.6,24.9,36.5,0,40.0,14.8,11.4
2024-05-24,2,25.8,22.3,30.6,0,48.0,13.0,12.2
2024-05-24,3,27.2,23.2,32.1,0,60.0,22.7,11.8
2024-05-24,4,28.6,22.9,33.8,0,54.0,4.2,12.0
2024-05-24,5,27.5,22.8,33.5,0,61.0,16.3,10.4
2024-05-24,6,25.0,19.3,30.1,1.1,73.0,2.3,12.4
2024-05-24,7,26.8,22.8,30.0,0,63.0,23.3,11.2
2024-05-24,8,23.3,18.7,26.5,0,55.0,16.4,13.5
2024-05-24,9,29.0,23.4,35.7,4.1,56.0,5.8,9.9
2024-05-24,10,27.8,23.6,31.6,0,60.0,11.2,11.1
2024-05-24,11,27.3,22.0,31.0,0,51.0,0.0,11.5
2024-05-24,12,26.2,22.8,30.5,0,55.0,6.2,12.6
2024-05-24,13,32.3,27.6,36.6,0.0,58.0,16.7,12.4
2024-05-24,14,29.3,26.3,33.6,0,51.0,19.0,13.1
2024-05-24,15,25.3,19.5,28.9,6.6,66.0,15.0,10.9
2024-05-24,16,28.2,24.1,32.3,0,54.0,4.1,11.1
2024-05-24,17,29.9,26.8,36.5,0,26.0,21.1,12.7
2024-05-24,18,28.0,24.7,31.7,0,40.0,9.5,11.0
2024-05-24,19,30.2,24.6,34.8,0,48.0,21.1,10.8
2024-05-24,20,29.7,24.3,33.5,0,28.0,1.3,14
2024-05-24,21,28.5,23.8,33.1,0,56.0,17.5,11.5
2024-05-24,22,29.3,24.9,34.7,0,52.0,12.4,11.8
2024-05-24,23,34.5,30.0,37.9,0,16.0,22.6,11.6
2024-05-24,24,27.2,22.7,34.1,0,47.0,14.1,11.2
2024-05-24,25,30.6,27.2,34.1,0,41.0,2.8,10.8
2024-05-25,1,28.3,24.9,33.6,0,60.0,20.1,9.8
2024-05-25,2,29.1,24.3,34.1,0,45.0,22.9,12.7
2024-05-25,3,30.6,24.9,36.8,6.6,49.0,18.7,9.5
2024-05-25,4,29.3,23.4,35.9,0,61.0,19.3,10.1
2024-05-25,5,27.3,22.0,31.6,3.2,53.0,9.2,11.8
2024-05-25,6,26.3,22.3,29.6,0,61.0,15.2,12.1
2024-05-25,7,26.6,20.6,32.7,0,69.0,2.2,12.3
2024-05-25,8,25.7,21.3,29.4,0,49.0,11.7,13.6
2024-05-25,9,29.6,24.0,35.1,0,69.0,4.1,11.6
2024-05-25,10,29.5,26.2,36.1,0,47.0,18.4,10.7
2024-05-25,11,24.4,21.3,28.1,0,60.0,28.9,12.3
2024-05-25,12,26.4,23.4,30.6,0,71.0,7.7,10.8
2024-05-25,13,30.2,27.1,34.4,0,47.0,8.5,12.2
2024-05-25,14,29.8,25.9,33.5,0,59.0,17.2,9.3
2024-05-25,15,26.6,21.8,33.3,8.2,69.0,16.3,13.5
2024-05-25,16,30.4,24.6,35.9,0.3,69.0,10.6,13.0
2024-05-25,17,33.1,27.9,36.9,0,44.0,13.9,12.0
2024-05-25,18,25.3,21.0,32.2,0.0,42.0,20.8,12.0
2024-05-25,19,32.4,28.8,36.7,0,39.0,14.3,9.9
2024-05-25,20,29.8,25.2,33.7,0,50.0,16.0,9.0
2024-05-25,21,26.2,20.5,31.1,0,43.0,35.9,9.8
2024-05-25,22,28.4,23.0,32.1,0,60.0,18.5,12.6
2024-05-25,23,34.6,30.6,37.7,0,20.0,13.9,11.4
2024-05-25,24,31.5,28.3,35.7,0,62.0,29.0,12.7
2024-05-25,25,30.0,25.5,34.0,0,43.0,12.2,12.6
2024-05-26,1,29.8,26.0,35.4,3.5,51.0,4.6,10.2
2024-05-26,2,27.6,23.3,32.1,0,43.0,20.4,11.2
2024-05-26,3,28.9,23.8,33.5,1.4,75.0,18.3,14
2024-05-26,4,26.8,20.9,31.2,0,53.0,9.7,11.2
2024-05-26,5,26.6,21.2,31.6,0,58.0,15.4,14
2024-05-26,6,27.8,22.9,34.1,0,64.0,17.4,12.6
2024-05-26,7,26.2,22.7,32.2,0,73.0,25.3,11.8
2024-05-26,8,25.6,21.2,28.8,0,68.0,32.1,12.5
2024-05-26,9,28.0,22.5,32.3,0,55.0,11.5,11.6
2024-05-26,10,29.9,24.3,33.1,0,51.0,26.1,11.1
2024-05-26,11,26.3,22.9,31.9,0,55.0,12.8,12.9
2024-05-26,12,26.5,21.7,31.0,0,64.0,21.0,12.3
2024-05-26,13,27.2,21.4,33.3,0.2,45.0,15.1,14
2024-05-26,14,31.0,27.9,36.9,0,50.0,10.9,9.7
2024-05-26,15,25.7,22.5,31.5,0,76.0,10.3,13.1
2024-05-26,16,27.3,21.4,33.9,0,51.0,16.5,10.7
2024-05-26,17,29.2,23.3,33.9,1.8,35.0,21.0,12.6
2024-05-26,18,28.7,23.7,33.9,0,38.0,23.1,11.1
2024-05-26,19,30.1,24.7,34.9,0,47.0,12.5,12.7
2024-05-26,20,32.1,27.1,37.1,0,50.0,8.8,9.9
2024-05-26,21,27.4,23.8,31.2,0,52.0,33.4,12.1
2024-05-26,22,30.9,27.8,34.1,0,52.0,15.8,10.0
2024-05-26,23,35.2,31.5,38.8,0,27.0,4.9,11.3
2024-05-26,24,26.6,22.8,33.5,0,56.0,29.2,13.9
2024-05-26,25,29.7,23.8,34.6,0,38.0,9.1,13.0
2024-05-27,1,26.3,20.5,29.5,0,39.0,25.4,12.0
2024-05-27,2,26.9,22.3,33.0,0,63.0,15.9,12.0
2024-05-27,3,26.8,22.4,33.1,0,56.0,18.9,11.5
2024-05-27,4,26.2,21.9,31.8,0,42.0,11.1,12.6
2024-05-27,5,26.7,21.5,32.8,0,58.0,17.4,14
2024-05-27,6,24.8,20.2,30.2,0,45.0,11.6,11.3
2024-05-27,7,27.2,22.3,31.0,0,81.0,22.0,12.3
2024-05-27,8,27.3,23.0,32.4,0,61.0,12.1,11.8
2024-05-27,9,26.4,20.7,29.7,0,48.0,8.2,12.2
2024-05-27,10,27.6,23.4,34.6,0,48.0,15.0,9.8
2024-05-27,11,28.7,25.1,35.4,0.1,55.0,6.1,13.9
2024-05-27,12,26.0,20.7,30.0,0,67.0,0.9,12.0
2024-05-27,13,31.0,26.9,36.8,0,46.0,11.0,11.1
2024-05-27,14,28.5,23.8,34.2,0.2,55.0,14.8,12.1
2024-05-27,15,29.4,25.5,33.7,0,57.0,21.7,11.6
2024-05-27,16,29.1,23.8,32.2,0,58.0,28.4,10.2
2024-05-27,17,29.9,25.0,33.8,0,32.0,20.1,12.7
2024-05-27,18,28.3,22.9,34.4,0,42.0,17.3,13.8
2024-05-27,19,32.2,28.3,36.4,0,48.0,10.8,10.9
2024-05-27,20,32.5,27.4,35.9,0,47.0,4.5,10.7
2024-05-27,21,27.6,22.3,31.2,0,57.0,12.4,10.3
2024-05-27,22,25.9,22.4,30.2,0,47.0,11.2,13.0
2024-05-27,23,35.7,32.6,39.6,0,26.0,22.6,12.0
2024-05-27,24,24.8,18.9,28.2,0,60.0,9.8,10.1
2024-05-27,25,30.2,26.9,35.3,0,24.0,16.3,9.8
2024-05-28,1,28.9,24.7,33.6,0,52.0,19.9,8.9
2024-05-28,2,27.9,23.4,32.1,0,60.0,13.6,11.3
2024-05-28,3,25.3,21.0,29.6,0,51.0,3.5,9.8
2024-05-28,4,28.9,25.0,33.1,0.6,41.0,27.2,11.3
2024-05-28,5,28.9,23.4,32.6,7.9,65.0,15.3,12.2
2024-05-28,6,27.1,23.8,33.4,3.0,61.0,12.4,10.3
2024-05-28,7,25.9,22.5,29.9,3.9,66.0,11.0,10.3
2024-05-28,8,27.1,22.7,33.2,1.9,60.0,17.1,11.0
2024-05-28,9,30.4,25.0,33.9,0,59.0,34.0,10.4
2024-05-28,10,28.4,24.5,33.3,0,49.0,12.3,10.7
2024-05-28,11,27.3,23.5,31.4,0,62.0,18.4,11.9
2024-05-28,12,32.3,27.6,35.7,13.5,50.0,25.9,10.5
2024-05-28,13,30.3,26.9,36.8,0,53.0,11.8,13.2
2024-05-28,14,28.2,23.5,32.3,10.9,51.0,12.2,12.1
2024-05-28,15,24.9,20.3,28.2,1.6,55.0,19.8,9.3
2024-05-28,16,26.3,23.0,32.4,0,63.0,10.2,10.2
2024-05-28,17,31.5,26.3,34.6,0,38.0,23.7,11.6
2024-05-28,18,28.4,23.6,35.3,0,52.0,10.4,11.0
2024-05-28,19,28.4,24.3,35.3,0,38.0,27.5,13.1
2024-05-28,20,29.2,26.2,33.8,0,50.0,2.0,12.9
2024-05-28,21,26.0,20.9,31.3,0,66.0,22.2,11.0
2024-05-28,22,31.1,27.8,38.0,0,57.0,10.9,10.7
2024-05-28,23,35.2,31.5,38.3,0,21.0,21.4,11.8
2024-05-28,24,27.3,22.9,31.5,0,66.0,16.8,9.5
2024-05-28,25,31.4,26.8,36.4,0,29.0,19.8,11.0
2024-05-29,1,28.0,24.8,34.5,0,54.0,18.1,11.7
2024-05-29,2,24.1,18.5,29.7,0,57.0,24.0,10.6
2024-05-29,3,28.8,23.0,33.6,9.7,42.0,18.4,12.0
2024-05-29,4,27.4,24.2,30.5,0,48.0,16.7,12.2
2024-05-29,5,27.7,21.8,32.1,0,60.0,9.3,12.2
2024-05-29,6,28.1,23.5,33.7,0,68.0,33.2,11.3
2024-05-29,7,26.8,22.1,30.2,0,62.0,20.4,11.8
2024-05-29,8,27.5,24.5,34.3,2.6,65.0,18.1,9.8
2024-05-29,9,27.7,23.7,33.6,0,58.0,25.6,11.1
2024-05-29,10,27.8,24.5,32.7,0,46.0,24.2,9.8
2024-05-29,11,26.6,22.1,32.5,8.3,56.0,18.9,9.0
2024-05-29,12,28.2,24.1,32.5,0,47.0,17.4,10.9
2024-05-29,13,27.5,22.8,33.1,0,48.0,31.1,13.3
2024-05-29,14,29.9,24.6,36.5,0,61.0,8.3,10.6
2024-05-29,15,26.1,22.0,31.6,0,63.0,15.9,13.0
2024-05-29,16,26.8,21.7,31.4,0,56.0,3.6,13.4
2024-05-29,17,30.7,25.1,36.7,0,34.0,3.0,13.3
2024-05-29,18,26.7,23.6,33.4,0,38.0,10.1,10.7
2024-05-29,19,27.4,23.8,33.3,0,47.0,23.3,13.4
2024-05-29,20,32.7,26.8,37.3,0,44.0,22.4,11.4
2024-05-29,21,30.2,25.3,34.5,0,61.0,25.7,14
2024-05-29,22,30.9,25.6,37.1,6.6,49.0,28.9,12.6
2024-05-29,23,33.7,28.2,38.5,0,29.0,19.9,7.8
2024-05-29,24,27.8,24.6,34.6,0,45.0,27.0,11.7
2024-05-29,25,29.9,24.6,35.0,0,37.0,29.9,11.2
2024-05-30,1,26.1,21.0,32.6,0,46.0,7.4,11.1
2024-05-30,2,29.5,25.8,32.7,0,64.0,5.8,11.4
2024-05-30,3,31.1,25.2,35.1,0,41.0,26.7,8.9
2024-05-30,4,30.3,27.1,33.8,0,53.0,16.4,9.9
2024-05-30,5,28.4,24.2,34.4,0,60.0,29.8,11.4
2024-05-30,6,29.0,24.1,34.5,0,62.0,17.2,10.9
2024-05-30,7,25.3,20.2,30.0,0,66.0,8.0,11.6
2024-05-30,8,26.0,21.8,30.9,0,51.0,17.3,11.0
2024-05-30,9,29.3,24.2,35.3,0,41.0,19.3,11.6
2024-05-30,10,29.6,23.9,35.8,0,50.0,19.2,11.2
2024-05-30,11,27.8,23.1,33.2,0,57.0,8.2,14
2024-05-30,12,28.2,22.4,32.8,0,58.0,11.9,13.4
2024-05-30,13,30.4,24.6,35.9,0,40.0,13.9,10.1
2024-05-30,14,32.9,29.6,37.2,0,65.0,16.5,13.3
2024-05-30,15,28.3,25.2,33.5,0,65.0,18.8,10.6
2024-05-30,16,26.2,20.8,29.4,0,68.0,2.2,13.7
2024-05-30,17,32.1,26.3,35.3,0,26.0,4.2,10.6
2024-05-30,18,31.1,25.3,37.9,0,42.0,18.7,12.3
2024-05-30,19,30.2,25.0,34.0,0,38.0,11.9,11.7
2024-05-30,20,30.7,26.7,36.3,0,41.0,23.6,11.2
2024-05-30,21,28.5,22.8,33.8,0,59.0,9.1,13.0
2024-05-30,22,26.5,23.3,33.4,0,42.0,14.7,13.3
2024-05-30,23,34.9,30.5,38.8,0,23.0,16.1,11.6
2024-05-30,24,27.5,21.6,32.1,0,48.0,17.4,11.2
2024-05-30,25,32.7,28.8,39.1,0,55.0,16.3,11.7
2024-05-31,1,29.4,25.7,35.4,0,58.0,27.5,14
2024-05-31,2,24.6,19.9,29.7,0,37.0,28.5,10.1
2024-05-31,3,28.1,23.7,34.0,0,53.0,24.9,12.8
2024-05-31,4,28.2,24.1,34.8,0,64.0,15.3,11.8
2024-05-31,5,28.3,24.0,31.4,0,59.0,9.1,11.4
2024-05-31,6,27.2,22.1,32.2,0,49.0,15.4,10.7
2024-05-31,7,27.1,22.2,33.0,0,60.0,25.6,13.0
2024-05-31,8,28.9,25.7,34.0,0,59.0,9.9,9.4
2024-05-31,9,28.8,23.1,32.6,0.4,48.0,23.8,11.8
2024-05-31,10,29.9,26.4,35.5,0,58.0,13.6,10.8
2024-05-31,11,26.9,21.4,31.0,0,65.0,12.4,12.6
2024-05-31,12,28.2,23.5,34.6,0,66.0,17.6,11.2
2024-05-31,13,29.0,25.7,35.4,0,50.0,3.4,9.9
2024-05-31,14,27.7,24.7,31.6,0.7,53.0,17.5,11.4
2024-05-31,15,26.7,22.5,32.0,6.3,63.0,11.7,14
2024-05-31,16,27.3,23.3,33.0,0,60.0,11.8,13.6
2024-05-31,17,29.8,25.3,35.2,0,42.0,15.6,11.8
2024-05-31,18,29.7,23.8,34.3,0,30.0,14.0,11.1
2024-05-31,19,30.3,26.3,33.9,0,40.0,18.2,12.7
2024-05-31,20,31.6,25.7,38.3,0,56.0,17.7,10.9
2024-05-31,21,26.8,22.9,31.2,0,53.0,26.6,12.5
2024-05-31,22,28.4,24.2,35.2,0,39.0,10.2,9.9
2024-05-31,23,35.9,32.6,40.2,0,27.0,10.7,13.3
2024-05-31,24,27.1,22.7,32.3,0,59.0,10.4,12.3
2024-05-31,25,32.0,27.2,38.9,5.0,38.0,4.1,14
2024-06-01,1,29.4,24.3,34.8,2.8,49.0,30.3,13.0
2024-06-01,2,29.6,26.2,35.0,0,43.0,6.6,13.5
2024-06-01,3,30.5,25.5,35.0,0,52.0,27.5,12.4
2024-06-01,4,27.1,23.1,32.1,0,62.0,17.3,11.2
2024-06-01,5,28.6,23.9,33.8,1.4,65.0,11.0,13.1
2024-06-01,6,29.9,25.9,36.4,23.1,69.0,25.4,11.8
2024-06-01,7,28.7,24.1,33.5,0,54.0,16.1,11.1
2024-06-01,8,25.6,22.1,29.0,0,73.0,8.0,13.0
2024-06-01,9,29.1,23.4,32.9,0,50.0,13.7,11.2
2024-06-01,10,28.0,22.3,33.3,0,42.0,38.9,12.0
2024-06-01,11,25.6,22.3,29.0,0,61.0,20.7,10.0
2024-06-01,12,25.8,20.2,31.2,0,52.0,2.7,9.2
2024-06-01,13,29.2,23.5,35.7,0,28.0,5.9,11.5
2024-06-01,14,28.3,24.2,34.6,0,48.0,12.9,7.9
2024-06-01,15,24.1,19.9,29.7,0,58.0,16.5,9.2
2024-06-01,16,29.2,24.1,32.4,0,57.0,4.5,10.9
2024-06-01,17,30.1,26.3,35.5,0,37.0,17.7,9.4
2024-06-01,18,30.0,26.1,35.8,0,28.0,14.8,14
2024-06-01,19,30.0,26.9,34.6,0,61.0,19.0,13.1
2024-06-01,20,28.6,24.5,34.2,0,55.0,7.9,12.2
2024-06-01,21,26.3,23.2,32.5,0,45.0,8.7,13.6
2024-06-01,22,25.5,21.0,32.4,0,47.0,23.5,9.9
2024-06-01,23,33.3,28.0,40.2,0,28.0,20.4,10.5
2024-06-01,24,28.1,23.7,32.8,0,38.0,7.6,11.3
2024-06-01,25,25.9,22.3,30.2,3.9,34.0,14.0,11.3
2024-06-02,1,26.0,20.6,32.3,0,60.0,2.4,13.8
2024-06-02,2,26.9,23.0,30.0,0,41.0,5.1,11.9
2024-06-02,3,27.4,23.8,33.3,0,58.0,13.8,12.9
2024-06-02,4,28.8,24.0,32.3,0,65.0,14.0,11.4
2024-06-02,5,28.3,22.3,31.9,0,60.0,17.2,10.5
2024-06-02,6,28.7,23.6,34.5,0,61.0,13.1,13.4
2024-06-02,7,27.4,23.9,34.3,0,71.0,11.9,11.8
2024-06-02,8,25.8,20.1,31.1,0,64.0,12.1,13.1
2024-06-02,9,24.8,19.0,28.4,0.2,60.0,15.0,12.8
2024-06-02,10,30.2,24.4,34.7,0,51.0,7.2,12.1
2024-06-02,11,27.2,22.5,33.9,0,57.0,19.4,11.6
2024-06-02,12,26.0,22.9,30.7,4.4,48.0,18.7,12.3
2024-06-02,13,32.7,28.1,36.6,0,33.0,22.8,12.0
2024-06-02,14,29.7,25.6,35.3,0,60.0,10.1,12.7
2024-06-02,15,27.9,24.8,34.8,2.2,59.0,24.4,11.9
2024-06-02,16,27.8,22.8,34.5,0,48.0,9.4,10.4
2024-06-02,17,32.5,27.4,35.8,0,31.0,13.3,12.0
2024-06-02,18,30.0,26.3,35.3,0,52.0,30.1,11.5
2024-06-02,19,32.1,26.3,35.1,0,43.0,16.2,12.3
2024-06-02,20,27.1,22.1,31.7,0,52.0,8.3,10.8
2024-06-02,21,30.0,24.3,33.3,0,47.0,16.8,12.0
2024-06-02,22,29.7,26.0,35.2,0,63.0,1.2,9.9
2024-06-02,23,36.6,31.5,41.8,0,21.0,15.9,14
2024-06-02,24,28.4,22.8,31.6,0,69.0,8.1,11.1
2024-06-02,25,30.4,27.4,34.8,0.2,35.0,18.9,13.2
2024-06-03,1,30.2,26.9,33.8,0,43.0,2.1,12.4
2024-06-03,2,29.2,25.2,34.7,0,68.0,14.1,10.0
2024-06-03,3,27.3,22.6,30.8,0,57.0,22.2,13.7
2024-06-03,4,25.8,20.6,32.7,0,54.0,25.8,14
2024-06-03,5,25.1,21.3,30.9,0,51.0,11.2,11.4
2024-06-03,6,29.4,26.4,34.7,0,50.0,20.0,9.9
2024-06-03,7,30.4,26.1,36.2,0,46.0,18.0,10.6
2024-06-03,8,27.0,22.3,32.8,0,63.0,5.5,11.3
2024-06-03,9,29.2,24.1,34.7,0,52.0,6.2,12.0
2024-06-03,10,32.3,29.1,39.0,0,33.0,0.5,9.5
2024-06-03,11,27.9,23.7,31.1,0,66.0,8.9,11.4
2024-06-03,12,28.9,25.7,34.5,0,53.0,16.4,12.0
2024-06-03,13,28.9,25.7,34.0,0,59.0,8.4,13.9
2024-06-03,14,28.7,23.3,32.0,0,56.0,10.1,10.7
2024-06-03,15,30.1,25.4,34.6,3.4,62.0,1.9,11.3
2024-06-03,16,29.5,23.5,33.0,0,49.0,15.6,13.3
2024-06-03,17,31.7,27.6,34.8,0,32.0,24.5,12.9
2024-06-03,18,28.2,23.6,31.2,0,31.0,2.9,12.2
2024-06-03,19,31.0,26.6,37.6,0,33.0,23.7,12.2
2024-06-03,20,33.5,29.1,37.7,0,57.0,18.4,14
2024-06-03,21,26.4,21.6,31.2,11.7,44.0,4.9,13.0
2024-06-03,22,28.8,25.7,35.1,0,51.0,23.5,12.3
2024-06-03,23,36.2,30.9,39.3,0,17.0,11.8,12.4
2024-06-03,24,27.1,23.6,33.2,0,47.0,11.8,9.8
2024-06-03,25,31.2,26.2,36.7,0,39.0,7.6,13.4
2024-06-04,1,27.2,22.8,33.0,0,52.0,25.6,11.0
2024-06-04,2,29.2,24.4,35.2,0,49.0,9.5,14
2024-06-04,3,28.6,23.6,34.3,0,59.0,14.4,14.0
2024-06-04,4,28.7,24.9,33.1,0,56.0,12.9,12.0
2024-06-04,5,28.8,24.7,35.4,0,45.0,16.4,14
2024-06-04,6,30.7,25.1,36.9,0,55.0,6.7,13.0
2024-06-04,7,28.1,24.0,31.6,0,48.0,2.2,14
2024-06-04,8,28.4,23.9,31.7,0,52.0,11.3,13.9
2024-06-04,9,29.7,24.9,34.3,0,43.0,13.3,13.8
2024-06-04,10,29.7,23.8,35.9,0,53.0,21.2,14.0
2024-06-04,11,26.4,22.6,29.6,0,53.0,9.9,11.5
2024-06-04,12,27.1,23.1,34.0,0,74.0,28.3,13.9
2024-06-04,13,33.8,28.1,38.9,0,56.0,28.2,8.9
2024-06-04,14,30.2,24.5,35.6,0,62.0,13.4,9.8
2024-06-04,15,26.4,22.4,31.7,5.9,59.0,26.1,12.5
2024-06-04,16,27.5,23.7,34.3,0,53.0,16.6,11.5
2024-06-04,17,33.3,29.0,36.9,0,45.0,26.2,11.1
2024-06-04,18,30.0,26.0,35.1,0,46.0,0.6,10.5
2024-06-04,19,33.7,29.0,37.1,0,37.0,30.4,11.2
2024-06-04,20,31.2,26.2,36.7,0,37.0,7.5,12.3
2024-06-04,21,28.0,22.2,34.9,0,61.0,9.2,11.5
2024-06-04,22,26.5,22.9,30.5,0.9,51.0,13.7,12.2
2024-06-04,23,35.2,30.3,41.7,0,40.0,25.1,9.7
2024-06-04,24,26.9,21.9,31.7,0,50.0,3.8,11.3
2024-06-04,25,30.5,25.9,37.0,0,44.0,20.7,11.6
2024-06-05,1,31.6,25.8,35.1,0,56.0,37.9,11.6
2024-06-05,2,25.5,22.5,29.8,0,64.0,18.6,13.4
2024-06-05,3,27.9,22.8,31.8,0,53.0,15.1,13.9
2024-06-05,4,30.4,24.9,35.5,0,65.0,9.1,12.0
2024-06-05,5,27.8,23.5,34.5,1.7,45.0,7.4,11.3
2024-06-05,6,27.6,23.8,34.1,0,44.0,15.7,11.5
2024-06-05,7,25.9,21.4,32.4,0,64.0,16.7,12.1
2024-06-05,8,27.3,21.5,31.3,4.9,50.0,19.8,11.6
2024-06-05,9,30.8,25.6,35.8,0,45.0,11.9,11.2
2024-06-05,10,28.3,24.2,32.0,3.0,68.0,17.2,12.3
2024-06-05,11,27.0,22.4,30.7,0,60.0,1.1,11.2
2024-06-05,12,28.5,24.6,35.1,0,56.0,19.6,10.8
2024-06-05,13,29.8,25.5,35.6,0,49.0,13.1,11.8
2024-06-05,14,28.9,24.3,33.2,0,43.0,20.6,13.8
2024-06-05,15,25.8,21.1,32.5,0,55.0,21.1,11.5
2024-06-05,16,25.7,21.1,30.0,0,52.0,34.6,8.8
2024-06-05,17,34.6,30.2,37.7,0,15.0,15.6,14
2024-06-05,18,29.6,24.7,34.8,0,36.0,25.9,13.2
2024-06-05,19,31.4,27.9,34.4,0,41.0,24.2,11.2
2024-06-05,20,31.5,27.1,38.0,0,45.0,8.5,12.9
2024-06-05,21,26.5,22.5,31.4,0,47.0,13.4,7.6
2024-06-05,22,29.0,24.5,35.6,0,44.0,15.9,13.0
2024-06-05,23,39.3,36.2,43.0,0,22.0,17.8,10.8
2024-06-05,24,26.4,21.1,33.3,0,45.0,11.0,12.7
2024-06-05,25,31.8,26.0,35.3,0,35.0,20.0,10.4
2024-06-06,1,28.1,24.4,32.0,0,53.0,12.5,10.2
2024-06-06,2,29.0,24.6,34.9,0,57.0,22.1,13.2
2024-06-06,3,29.3,23.6,32.4,0,42.0,15.6,11.4
2024-06-06,4,28.1,24.1,32.3,0,51.0,3.8,10.3
2024-06-06,5,26.5,21.1,33.1,0,36.0,11.1,10.9
2024-06-06,6,29.6,24.9,36.0,6.1,62.0,2.7,13.1
2024-06-06,7,27.1,22.7,32.2,0,74.0,22.3,11.8
2024-06-06,8,26.8,20.9,31.8,0,54.0,13.9,14
2024-06-06,9,28.2,24.6,31.9,0,52.0,19.7,11.7
2024-06-06,10,27.9,23.3,34.6,0,50.0,30.5,12.1
2024-06-06,11,28.1,23.3,34.9,0,57.0,2.2,10.3
2024-06-06,12,28.8,25.7,33.4,0,58.0,10.5,11.3
2024-06-06,13,33.8,30.6,40.2,0,55.0,2.7,11.7
2024-06-06,14,30.4,25.9,36.9,0,70.0,9.2,11.6
2024-06-06,15,24.4,20.4,31.0,0,67.0,23.9,12.7
2024-06-06,16,28.5,23.1,32.3,0,59.0,17.5,10.6
2024-06-06,17,31.4,26.4,36.4,0,36.0,12.3,13.2
2024-06-06,18,30.4,26.1,35.9,0,37.0,25.3,10.8
2024-06-06,19,29.7,25.6,34.0,0,65.0,16.8,11.8
2024-06-06,20,29.0,25.3,34.5,0,59.0,14.2,11.3
2024-06-06,21,30.0,24.4,36.9,0,57.0,20.1,12.4
2024-06-06,22,28.7,24.8,34.6,0,52.0,5.2,13.9
2024-06-06,23,37.2,32.2,42.3,0,29.0,21.9,14
2024-06-06,24,27.2,21.6,32.7,0,61.0,27.6,13.4
2024-06-06,25,30.3,26.4,33.9,0,43.0,29.0,12.6
2024-06-07,1,29.7,24.4,36.2,0,64.0,27.8,12.3
2024-06-07,2,27.1,23.9,33.4,0,53.0,18.1,11.2
2024-06-07,3,30.7,25.5,34.8,0,50.0,27.4,12.0
2024-06-07,4,23.5,19.2,27.7,0,41.0,17.3,10.0
2024-06-07,5,30.5,27.3,35.7,4.9,64.0,11.0,10.7
2024-06-07,6,26.5,23.3,29.6,0,52.0,2.5,12.3
2024-06-07,7,30.1,25.1,36.7,0,66.0,12.2,12.2
2024-06-07,8,28.3,22.4,31.8,0,56.0,14.3,9.5
2024-06-07,9,29.6,24.4,34.5,0,67.0,5.2,10.5
2024-06-07,10,28.4,24.0,33.6,1.2,54.0,13.9,12.7
2024-06-07,11,27.4,22.1,32.9,0,56.0,12.5,10.2
2024-06-07,12,27.7,23.9,34.2,0,60.0,20.1,13.5
2024-06-07,13,29.2,24.3,35.0,0,39.0,12.0,10.7
2024-06-07,14,29.7,24.2,33.1,0,54.0,6.9,10.9
2024-06-07,15,27.2,23.3,34.1,0,65.0,13.8,11.3
2024-06-07,16,28.9,24.6,35.3,0,57.0,21.4,12.3
2024-06-07,17,35.0,29.0,41.6,0,28.0,18.5,11.1
2024-06-07,18,27.4,22.5,33.9,0,37.0,12.9,11.9
2024-06-07,19,30.9,27.2,34.7,0,43.0,17.0,7.5
2024-06-07,20,30.4,25.6,35.1,0,59.0,30.0,13.4
2024-06-07,21,27.3,24.1,33.1,0,51.0,15.0,11.0
2024-06-07,22,28.7,25.2,32.0,0,37.0,14.9,11.1
2024-06-07,23,36.7,32.2,42.2,0,26.0,32.9,14
2024-06-07,24,26.3,23.2,32.4,0,37.0,0.6,13.0
2024-06-07,25,32.2,26.6,37.6,0,39.0,17.3,13.4
2024-06-08,1,28.5,24.5,34.0,0,54.0,2.5,10.3
2024-06-08,2,26.5,22.8,32.4,0,63.0,15.2,14
2024-06-08,3,29.9,24.7,34.2,0,59.0,17.1,10.0
2024-06-08,4,28.7,23.7,33.9,0,53.0,17.8,13.1
2024-06-08,5,29.8,25.6,36.4,0,44.0,10.6,14
2024-06-08,6,26.5,23.0,33.0,2.5,54.0,14.3,11.8
2024-06-08,7,27.0,22.4,33.5,0,56.0,17.3,11.2
2024-06-08,8,25.3,20.1,29.7,0,72.0,23.5,13.3
2024-06-08,9,30.8,26.5,33.9,0,59.0,9.1,14
2024-06-08,10,29.5,25.0,34.8,0,46.0,13.7,10.9
2024-06-08,11,29.4,25.8,36.2,0,50.0,27.1,12.4
2024-06-08,12,26.0,21.4,30.6,0,65.0,13.8,13.5
2024-06-08,13,28.4,25.1,32.4,0,47.0,20.5,13.0
2024-06-08,14,31.4,25.7,36.7,0,55.0,21.0,12.2
2024-06-08,15,26.2,22.9,32.2,8.7,62.0,11.6,12.6
2024-06-08,16,28.8,25.2,33.3,1.4,63.0,12.3,12.4
2024-06-08,17,32.0,28.4,36.5,0,36.0,8.7,11.0
2024-06-08,18,29.2,25.2,35.1,0,26.0,32.3,11.3
2024-06-08,19,31.5,25.6,36.0,0,52.0,32.1,10.3
2024-06-08,20,35.4,30.9,38.7,0,41.0,21.5,12.1
2024-06-08,21,29.1,24.1,33.3,0,44.0,4.0,11.0
2024-06-08,22,29.4,25.7,32.4,4.1,46.0,4.1,14
2024-06-08,23,37.2,31.4,44.1,0,36.0,0.1,10.2
2024-06-08,24,27.4,22.5,33.3,0,45.0,14.4,9.2
2024-06-08,25,29.8,25.2,35.5,0,44.0,21.6,11.4
2024-06-09,1,27.6,21.7,33.0,0,47.0,17.1,9.9
2024-06-09,2,30.3,24.6,33.4,0.8,61.0,19.7,9.4
2024-06-09,3,29.9,24.1,33.9,0,45.0,7.9,10.5
2024-06-09,4,29.3,24.9,34.1,2.0,67.0,21.8,8.7
2024-06-09,5,27.3,23.3,33.1,0,66.0,23.3,14
2024-06-09,6,28.3,24.1,33.6,0,67.0,26.5,8.3
2024-06-09,7,27.9,22.8,34.8,0,49.0,20.0,12.9
2024-06-09,8,23.9,20.6,30.8,0,58.0,33.5,11.8
2024-06-09,9,30.8,26.4,34.9,0,43.0,11.6,10.9
2024-06-09,10,29.4,25.7,35.1,0,42.0,12.6,10.1
2024-06-09,11,28.1,22.3,33.1,0,53.0,31.8,13.9
2024-06-09,12,27.7,23.3,32.5,0,58.0,24.7,13.3
2024-06-09,13,29.3,25.3,33.9,3.2,37.0,21.1,12.2
2024-06-09,14,34.0,29.3,39.2,0,50.0,20.8,11.3
2024-06-09,15,24.1,18.6,30.3,0,50.0,12.3,12.6
2024-06-09,16,30.6,26.0,36.2,0,58.0,8.3,9.5
2024-06-09,17,31.6,26.6,36.9,0,20.0,13.6,11.5
2024-06-09,18,31.3,27.2,36.9,0,53.0,0.2,12.4
2024-06-09,19,29.8,24.1,35.7,0,54.0,8.5,11.2
2024-06-09,20,30.4,24.8,36.6,0,46.0,32.1,10.5
2024-06-09,21,26.9,23.5,31.5,13.0,51.0,14.6,13.4
2024-06-09,22,27.0,21.0,33.4,0,31.0,15.5,10.3
2024-06-09,23,36.1,30.8,42.6,0,20.0,29.2,11.2
2024-06-09,24,26.7,21.2,32.8,0,40.0,18.7,13.5
2024-06-09,25,31.0,27.1,36.7,0,29.0,14.2,11.9
2024-06-10,1,26.5,23.1,30.1,0,57.0,13.2,12.5
2024-06-10,2,30.2,24.9,36.5,0,61.0,17.5,12.7
2024-06-10,3,24.4,21.2,29.0,0,57.0,14.4,11.1
2024-06-10,4,25.4,19.9,30.6,0,63.0,9.9,9.7
2024-06-10,5,26.9,22.7,33.2,0,58.0,28.5,11.5
2024-06-10,6,28.6,23.6,34.6,5.5,56.0,4.1,9.5
2024-06-10,7,25.3,20.8,31.4,0,63.0,2.0,11.8
2024-06-10,8,29.9,25.6,36.2,0,52.0,19.8,13.4
2024-06-10,9,30.7,27.6,37.6,0,41.0,15.9,13.7
2024-06-10,10,27.5,22.4,32.5,0,45.0,7.4,12.5
2024-06-10,11,26.6,22.5,33.0,0,50.0,12.1,10.9
2024-06-10,12,26.7,23.3,31.6,0,66.0,12.7,14
2024-06-10,13,29.1,24.7,34.4,0,45.0,14.4,11.9
2024-06-10,14,30.8,26.8,36.8,0,49.0,23.0,12.5
2024-06-10,15,27.3,21.3,30.5,7.3,72.0,6.0,9.2
2024-06-10,16,25.8,21.7,30.6,0,74.0,5.3,10.4
2024-06-10,17,37.0,31.7,43.2,0,40.0,22.6,12.3
2024-06-10,18,28.5,24.5,34.1,0,47.0,7.6,12.9
2024-06-10,19,31.9,27.2,36.8,0,50.0,13.5,11.8
2024-06-10,20,30.6,25.1,34.4,0,38.0,16.2,9.9
2024-06-10,21,29.1,24.8,32.9,0,54.0,26.3,14
2024-06-10,22,29.1,23.2,34.1,0,44.0,27.0,10.2
2024-06-10,23,36.5,33.0,40.9,0,16.0,19.7,12.6
2024-06-10,24,28.6,23.3,34.4,0,65.0,27.3,12.0
2024-06-10,25,30.5,26.7,37.1,0,49.0,9.1,12.3
2024-06-11,1,29.5,25.9,33.0,0,71.0,22.3,10.8
2024-06-11,2,27.0,22.1,33.9,3.7,54.0,23.7,10.6
2024-06-11,3,30.1,25.8,35.4,0,56.0,10.1,10.8
2024-06-11,4,30.5,26.0,35.2,0,50.0,1.4,11.2
2024-06-11,5,27.5,23.4,33.4,0,50.0,13.3,9.7
2024-06-11,6,29.8,24.7,36.0,0,61.0,10.8,10.6
2024-06-11,7,28.9,25.5,35.2,0,59.0,35.6,11.2
2024-06-11,8,26.2,21.4,30.3,0,62.0,4.9,11.6
2024-06-11,9,28.1,24.4,32.9,0,44.0,2.5,12.6
2024-06-11,10,28.0,23.0,31.3,0,38.0,15.3,12.6
2024-06-11,11,24.9,19.4,29.6,0,59.0,12.9,12.4
2024-06-11,12,27.3,23.3,31.8,0,58.0,24.8,10.8
2024-06-11,13,29.0,25.9,34.6,0,52.0,12.5,13.4
2024-06-11,14,31.4,26.7,37.2,0,54.0,21.6,13.5
2024-06-11,15,26.3,21.1,30.2,0,59.0,9.2,14
2024-06-11,16,27.3,23.3,32.5,0,61.0,22.2,11.1
2024-06-11,17,33.0,28.7,38.4,0,47.0,9.4,13.7
2024-06-11,18,31.3,27.2,37.4,0,41.0,6.0,13.9
2024-06-11,19,30.3,25.9,35.4,0,41.0,27.4,12.8
2024-06-11,20,32.8,27.5,39.5,0,51.0,9.3,12.9
2024-06-11,21,27.2,23.2,31.8,0,30.0,18.5,14
2024-06-11,22,30.8,27.2,37.5,0,66.0,5.1,11.2
2024-06-11,23,37.9,34.9,41.3,0,30.0,9.6,11.2
2024-06-11,24,26.9,21.0,30.0,0,55.0,28.1,11.6
2024-06-11,25,30.3,25.0,36.4,0,42.0,3.9,11.0
2024-06-12,1,27.5,22.7,33.0,0,47.0,6.5,12.1
2024-06-12,2,31.0,26.0,36.4,0,60.0,20.8,11.3
2024-06-12,3,30.6,25.6,36.1,0,50.0,22.4,12.1
2024-06-12,4,27.3,23.5,32.0,0,55.0,9.5,14
2024-06-12,5,29.0,23.1,34.2,0,44.0,24.8,10.3
2024-06-12,6,29.2,25.3,34.2,0,37.0,10.7,10.7
2024-06-12,7,25.4,20.8,30.2,0,78.0,12.1,13.5
2024-06-12,8,29.5,24.2,34.5,0,63.0,12.8,14
2024-06-12,9,28.2,24.0,32.4,0,61.0,19.5,12.2
2024-06-12,10,29.0,25.9,35.5,0,56.0,18.8,10.6
2024-06-12,11,25.8,20.9,29.9,0,67.0,15.9,10.9
2024-06-12,12,27.4,23.4,34.4,0,68.0,21.0,12.8
2024-06-12,13,32.0,27.6,35.0,0,46.0,19.0,14
2024-06-12,14,29.3,25.1,36.0,0,53.0,23.5,12.6
2024-06-12,15,26.4,22.1,33.0,7.3,68.0,17.9,12.3
2024-06-12,16,29.1,26.0,35.2,0,71.0,18.3,10.6
2024-06-12,17,31.9,26.5,37.7,0,42.0,11.6,9.9
2024-06-12,18,29.8,24.4,34.0,0,39.0,10.5,11.3
2024-06-12,19,28.9,24.7,34.8,0,56.0,19.6,12.6
2024-06-12,20,29.9,24.6,33.1,0,57.0,17.0,10.3
2024-06-12,21,29.0,23.0,35.5,9.3,49.0,20.9,9.2
2024-06-12,22,31.0,25.2,36.2,0,54.0,27.5,10.6
2024-06-12,23,34.2,28.9,37.7,0,19.0,5.9,10.3
2024-06-12,24,29.8,26.4,33.2,0,58.0,17.1,11.0
2024-06-12,25,32.8,28.5,37.8,0,35.0,5.8,12.0
2024-06-13,1,26.3,21.5,29.9,0,52.0,11.4,9.6
2024-06-13,2,31.2,25.5,38.0,0,50.0,16.5,12.0
2024-06-13,3,30.5,25.7,33.8,0,49.0,17.7,14
2024-06-13,4,29.3,24.6,33.0,3.0,57.0,27.8,11.1
2024-06-13,5,28.2,22.4,34.5,0,68.0,6.6,8.8
2024-06-13,6,27.0,22.4,31.6,0,57.0,15.0,12.1
2024-06-13,7,27.5,21.7,34.3,0,60.0,3.8,14
2024-06-13,8,28.2,24.5,31.4,0,60.0,22.7,11.9
2024-06-13,9,30.6,25.6,34.3,0,55.0,1.3,13.2
2024-06-13,10,30.0,26.6,35.9,0,53.0,11.6,9.4
2024-06-13,11,28.9,24.1,32.8,1.3,52.0,3.6,10.7
2024-06-13,12,27.7,21.9,30.9,0,50.0,17.5,14
2024-06-13,13,31.5,27.2,37.1,0,38.0,2.8,10.2
2024-06-13,14,30.7,25.9,35.2,0,51.0,16.3,9.0
2024-06-13,15,27.6,24.5,31.3,7.6,64.0,22.8,9.7
2024-06-13,16,28.7,23.4,34.8,0,58.0,25.5,10.3
2024-06-13,17,32.4,27.0,38.7,0,48.0,11.3,9.8
2024-06-13,18,28.7,25.6,34.8,0,40.0,13.5,13.9
2024-06-13,19,30.8,26.7,37.1,1.0,55.0,19.2,10.9
2024-06-13,20,32.4,28.2,36.0,0,40.0,14.4,13.5
2024-06-13,21,28.1,23.2,33.2,0,47.0,12.9,11.8
2024-06-13,22,29.3,25.5,33.5,0,59.0,11.4,10.9
2024-06-13,23,33.7,27.7,38.5,0,39.0,12.9,12.9
2024-06-13,24,28.6,24.2,34.6,0,46.0,25.5,10.1
2024-06-13,25,31.7,25.8,38.5,0,41.0,3.9,11.6
2024-06-14,1,31.7,26.7,36.2,0,72.0,13.8,11.9
2024-06-14,2,32.2,28.0,37.6,0,51.0,11.9,12.5
2024-06-14,3,27.8,22.7,32.4,0.8,58.0,11.6,11.5
2024-06-14,4,29.0,24.4,35.7,0,47.0,10.8,10.4
2024-06-14,5,29.9,25.8,36.3,0,58.0,17.9,10.8
2024-06-14,6,30.2,24.7,35.2,0.4,70.0,21.5,11.5
2024-06-14,7,27.4,23.4,31.8,0,78.0,15.1,11.9
2024-06-14,8,26.7,21.2,31.0,0,72.0,19.7,12.3
2024-06-14,9,27.6,23.6,31.2,0,64.0,29.3,10.2
2024-06-14,10,28.2,24.7,31.7,0,64.0,16.3,11.8
2024-06-14,11,25.3,21.6,31.0,0,50.0,23.9,13.7
2024-06-14,12,28.9,23.3,35.6,0,68.0,29.5,10.4
2024-06-14,13,31.1,25.6,37.7,0,49.0,29.2,13.3
2024-06-14,14,31.1,25.7,36.2,0,41.0,28.2,10.3
2024-06-14,15,25.6,19.9,30.5,0,52.0,24.5,14
2024-06-14,16,28.8,23.0,33.5,0,59.0,15.8,13.0
2024-06-14,17,31.1,26.0,37.0,0,28.0,16.1,12.1
2024-06-14,18,31.6,27.5,38.1,0,43.0,6.3,14
2024-06-14,19,28.9,23.5,35.1,0,44.0,9.2,13.3
2024-06-14,20,33.5,27.9,40.0,0,43.0,15.7,10.7
2024-06-14,21,27.1,23.5,33.1,0,49.0,10.1,11.0
2024-06-14,22,29.2,24.3,33.0,10.3,53.0,26.9,11.6
2024-06-14,23,36.0,32.0,43.0,0,15.0,8.3,13.4
2024-06-14,24,26.7,22.3,29.7,0,54.0,8.2,12.9
2024-06-14,25,33.5,28.9,38.6,0,32.0,11.2,14
2024-06-15,1,29.2,24.1,32.8,0,47.0,13.8,12.5
2024-06-15,2,29.0,23.3,34.3,0,50.0,26.1,13.6
2024-06-15,3,28.1,24.8,33.7,0,47.0,10.2,14
2024-06-15,4,30.8,27.0,33.8,0,62.0,22.9,12.1
2024-06-15,5,28.3,24.8,34.4,0,62.0,21.8,11.4
2024-06-15,6,27.3,23.7,30.6,0,58.0,17.1,11.4
2024-06-15,7,30.1,26.4,36.4,0,69.0,19.1,8.6
2024-06-15,8,28.8,23.9,31.9,0.1,65.0,18.1,14
2024-06-15,9,29.7,24.9,34.1,0,59.0,10.6,9.4
2024-06-15,10,29.0,23.8,34.1,0,41.0,23.7,11.2
2024-06-15,11,29.7,23.9,36.2,2.8,64.0,21.2,13.7
2024-06-15,12,27.8,22.0,32.9,0,68.0,11.2,14
2024-06-15,13,32.0,28.6,35.6,0,43.0,10.0,11.3
2024-06-15,14,33.5,30.4,38.3,0,54.0,27.9,11.7
2024-06-15,15,28.7,24.1,34.9,0,51.0,11.7,13.6
2024-06-15,16,28.7,24.3,32.6,0,53.0,29.4,8.7
2024-06-15,17,32.3,27.3,37.1,0,36.0,25.1,14
2024-06-15,18,28.6,23.0,32.4,0,39.0,11.1,11.8
2024-06-15,19,31.5,25.9,36.1,0,40.0,20.2,13.6
2024-06-15,20,30.9,26.6,36.7,0,54.0,19.3,14
2024-06-15,21,31.0,26.9,36.3,0,43.0,4.3,11.0
2024-06-15,22,30.9,26.0,35.5,0,50.0,8.0,10.8
2024-06-15,23,36.8,31.8,40.9,0,28.0,2.2,11.7
2024-06-15,24,23.2,19.9,30.0,0,41.0,29.2,11.7
2024-06-15,25,30.9,27.2,34.4,0,42.0,15.0,10.3
2024-06-16,1,27.8,22.7,32.0,0,47.0,28.1,11.0
2024-06-16,2,28.4,25.1,34.2,0,75.0,1.0,10.4
2024-06-16,3,28.3,22.9,34.1,0,40.0,14.8,12.6
2024-06-16,4,28.5,24.9,31.9,0,65.0,0.2,13.8
2024-06-16,5,26.9,23.4,31.5,0,62.0,5.8,12.1
2024-06-16,6,27.2,22.5,30.5,0,53.0,11.7,13.6
2024-06-16,7,28.6,24.5,34.7,0,58.0,25.0,12.3
2024-06-16,8,26.8,22.5,31.7,0.6,56.0,5.6,10.6
2024-06-16,9,28.0,23.9,31.1,0,53.0,24.6,13.0
2024-06-16,10,28.6,25.6,32.7,0,60.0,9.8,12.6
2024-06-16,11,25.6,21.8,31.0,0.0,51.0,12.1,8.4
2024-06-16,12,30.3,25.0,37.0,0,71.0,4.4,12.5
2024-06-16,13,30.2,24.8,35.6,0,55.0,5.4,14
2024-06-16,14,30.8,27.8,35.7,0,62.0,6.3,13.5
2024-06-16,15,25.8,22.7,31.5,8.7,65.0,15.6,10.3
2024-06-16,16,27.0,23.5,31.5,0,60.0,7.2,11.3
2024-06-16,17,33.1,29.0,40.1,0,40.0,21.4,10.2
2024-06-16,18,28.0,23.2,31.6,0,49.0,11.1,12.1
2024-06-16,19,30.4,25.6,36.8,0,39.0,3.8,12.0
2024-06-16,20,32.2,27.9,38.4,0,59.0,6.8,11.9
2024-06-16,21,27.2,22.3,32.4,0,47.0,28.1,12.5
2024-06-16,22,28.4,24.8,32.7,0,57.0,30.6,11.4
2024-06-16,23,37.1,33.3,41.0,0,11.0,20.4,14
2024-06-16,24,28.0,24.9,32.6,2.0,72.0,6.6,12.1
2024-06-16,25,32.5,27.7,38.7,0,23.0,14.1,10.2
2024-06-17,1,27.7,22.8,33.9,0,48.0,28.0,11.6
2024-06-17,2,26.8,21.4,30.8,0,68.0,28.3,10.3
2024-06-17,3,27.1,23.7,30.2,0,45.0,10.4,12.3
2024-06-17,4,27.3,23.5,33.7,0,47.0,1.8,13.8
2024-06-17,5,27.8,22.1,31.7,0,51.0,9.1,13.5
2024-06-17,6,30.9,26.5,33.9,0,51.0,17.7,14
2024-06-17,7,26.9,23.4,32.8,1.4,64.0,0.9,14
2024-06-17,8,25.7,21.9,31.8,0,56.0,12.4,12.1
2024-06-17,9,29.9,25.8,35.8,0,46.0,25.7,14
2024-06-17,10,29.5,26.2,35.7,0,54.0,6.9,13.0
2024-06-17,11,28.6,23.9,32.4,0,54.0,23.0,11.2
2024-06-17,12,26.8,20.8,32.9,0,55.0,23.7,10.1
2024-06-17,13,31.0,25.2,37.6,0,61.0,17.3,10.0
2024-06-17,14,30.4,26.9,33.6,0,57.0,1.9,10.7
2024-06-17,15,29.3,26.2,34.8,0,69.0,5.2,12.2
2024-06-17,16,27.2,23.8,31.4,0,48.0,7.5,11.1
2024-06-17,17,30.9,26.4,37.9,0,31.0,18.4,12.1
2024-06-17,18,29.5,25.1,35.1,0,57.0,24.3,11.4
2024-06-17,19,31.3,25.5,38.0,0,52.0,16.4,9.7
2024-06-17,20,30.2,25.8,36.1,0,48.0,6.6,12.3
2024-06-17,21,27.3,22.4,34.0,0,52.0,32.8,10.7
2024-06-17,22,28.6,23.4,35.3,0,45.0,11.2,11.7
2024-06-17,23,34.8,30.0,40.2,0,25.0,18.6,11.8
2024-06-17,24,28.4,22.7,33.4,0,51.0,8.2,12.4
2024-06-17,25,30.6,27.5,35.9,0,25.0,5.7,10.2
2024-06-18,1,29.3,23.6,35.6,0,49.0,5.8,12.1
2024-06-18,2,26.0,21.0,30.2,0,53.0,12.5,14
2024-06-18,3,28.9,24.3,34.9,0,50.0,0.4,13.2
2024-06-18,4,27.3,24.2,31.4,0,45.0,18.5,12.7
2024-06-18,5,28.7,25.3,33.5,0,56.0,0.8,11.9
2024-06-18,6,29.1,25.3,35.1,2.6,42.0,1.9,11.7
2024-06-18,7,26.8,23.0,30.9,2.2,58.0,8.7,11.4
2024-06-18,8,27.9,24.3,31.7,0,52.0,1.2,12.8
2024-06-18,9,26.8,21.4,30.5,0,58.0,15.8,11.2
2024-06-18,10,28.8,23.1,32.0,0,56.0,26.1,11.3
2024-06-18,11,26.7,23.6,32.1,0,63.0,21.4,11.2
2024-06-18,12,28.9,23.0,35.8,3.0,58.0,3.0,10.5
2024-06-18,13,30.6,27.4,34.3,0,59.0,16.6,11.8
2024-06-18,14,33.0,28.1,36.8,0,67.0,15.7,11.9
2024-06-18,15,26.2,21.2,31.4,0,67.0,15.6,9.7
2024-06-18,16,26.6,21.2,29.9,0,64.0,23.7,13.6
2024-06-18,17,29.5,26.3,36.3,0,28.0,12.9,13.6
2024-06-18,18,30.7,25.4,35.7,0,36.0,19.1,14
2024-06-18,19,31.8,26.3,36.1,0,43.0,16.3,14
2024-06-18,20,30.6,27.1,34.1,0,47.0,16.5,9.0
2024-06-18,21,27.9,24.5,32.3,0,52.0,9.9,12.0
2024-06-18,22,28.1,23.0,34.2,0,57.0,13.3,11.5
2024-06-18,23,37.7,33.9,44.4,0,19.0,3.6,13.1
2024-06-18,24,29.1,25.2,35.1,0,50.0,26.4,13.6
2024-06-18,25,33.8,30.0,39.1,0,39.0,24.5,13.6
2024-06-19,1,28.3,23.6,33.9,0,57.0,14.4,11.6
2024-06-19,2,28.8,23.0,33.5,0,54.0,10.7,13.1
2024-06-19,3,27.7,24.0,34.1,0,42.0,17.5,12.3
2024-06-19,4,28.5,25.1,33.3,0,51.0,0.6,12.9
2024-06-19,5,26.1,22.3,31.4,1.3,43.0,13.9,11.2
2024-06-19,6,27.7,23.8,33.0,0,56.0,6.0,12.2
2024-06-19,7,29.7,24.6,36.2,0,60.0,9.7,11.3
2024-06-19,8,29.0,23.7,33.8,0,49.0,11.8,8.9
2024-06-19,9,28.8,23.7,33.1,0,54.0,17.3,11.4
2024-06-19,10,28.5,24.5,31.7,0,61.0,6.7,12.5
2024-06-19,11,25.6,21.5,29.1,4.9,50.0,17.6,12.7
2024-06-19,12,26.1,20.7,32.9,0,61.0,26.7,11.3
2024-06-19,13,31.2,25.5,36.8,1.0,49.0,22.0,11.7
2024-06-19,14,30.6,26.5,37.4,0,57.0,9.4,13.2
2024-06-19,15,26.8,20.8,33.6,0,66.0,19.1,14
2024-06-19,16,29.6,23.6,35.6,0,54.0,29.0,12.9
2024-06-19,17,30.6,26.7,36.8,0,26.0,23.2,12.3
2024-06-19,18,29.2,26.0,32.6,0,33.0,10.7,10.3
2024-06-19,19,31.1,25.9,35.9,0,41.0,8.9,12.9
2024-06-19,20,34.4,29.3,38.4,0,50.0,14.1,11.6
2024-06-19,21,25.6,21.0,30.6,0,41.0,5.4,8.2
2024-06-19,22,30.9,25.6,34.7,0.5,50.0,17.7,11.2
2024-06-19,23,36.6,33.5,42.5,0,31.0,13.7,9.7
2024-06-19,24,30.0,25.5,33.2,0,53.0,6.5,9.3
2024-06-19,25,29.4,24.9,36.2,0,35.0,24.1,12.7
2024-06-20,1,28.8,22.9,33.6,5.1,62.0,16.2,10.4
2024-06-20,2,28.5,22.9,34.7,0,72.0,8.5,11.7
2024-06-20,3,28.2,24.6,34.3,0,50.0,10.5,12.1
2024-06-20,4,29.0,23.5,33.0,0,49.0,19.2,14
2024-06-20,5,29.4,23.9,34.0,0,64.0,16.5,10.7
2024-06-20,6,30.4,26.0,36.7,0,63.0,11.2,11.4
2024-06-20,7,26.8,23.5,33.5,0,64.0,17.2,11.0
2024-06-20,8,28.6,24.6,31.9,0,47.0,17.9,10.6
2024-06-20,9,28.9,25.1,35.7,0,48.0,17.8,10.1
2024-06-20,10,31.4,26.7,35.9,0,53.0,8.3,11.2
2024-06-20,11,26.2,23.0,32.7,0,47.0,0.1,11.3
2024-06-20,12,25.1,21.4,31.2,0,53.0,18.2,11.4
2024-06-20,13,29.7,26.1,32.9,0,51.0,16.5,14
2024-06-20,14,30.6,26.4,36.4,0,47.0,0.4,13.7
2024-06-20,15,25.3,19.4,30.3,14.2,39.0,16.7,10.7
2024-06-20,16,26.0,20.3,31.7,0,67.0,3.1,13.6
2024-06-20,17,36.1,30.7,41.0,0,24.0,13.8,11.6
2024-06-20,18,29.2,24.0,35.8,0,42.0,6.7,12.2
2024-06-20,19,28.7,24.9,35.6,0,30.0,16.1,12.4
2024-06-20,20,30.0,25.7,33.8,0,48.0,15.0,12.4
2024-06-20,21,28.8,23.8,33.6,0,53.0,11.5,9.1
2024-06-20,22,30.2,27.0,35.5,0,53.0,3.3,11.6
2024-06-20,23,34.5,30.3,40.0,0,13.0,8.6,14
2024-06-20,24,27.7,22.8,34.7,0,65.0,21.3,10.0
2024-06-20,25,28.0,22.4,32.7,0,38.0,18.6,13.6
2024-06-21,1,26.5,21.2,30.0,0,48.0,21.7,12.9
2024-06-21,2,30.7,26.1,37.5,0,49.0,12.8,12.0
2024-06-21,3,29.7,25.1,34.1,0,64.0,6.4,9.7
2024-06-21,4,27.7,23.5,33.2,6.8,69.0,2.7,12.4
2024-06-21,5,27.3,24.0,30.7,0,65.0,5.9,14
2024-06-21,6,28.7,22.9,31.7,0,54.0,13.5,9.5
2024-06-21,7,27.3,23.0,30.3,0,62.0,32.7,9.5
2024-06-21,8,29.5,25.1,33.8,0,64.0,16.7,11.3
2024-06-21,9,30.6,25.1,33.8,0,52.0,8.3,11.0
2024-06-21,10,29.5,25.3,34.1,0,55.0,20.5,12.3
2024-06-21,11,24.8,18.9,29.2,4.7,70.0,15.0,13.3
2024-06-21,12,26.7,20.8,33.2,0,67.0,1.0,13.8
2024-06-21,13,31.0,25.8,34.4,7.7,41.0,27.7,10.3
2024-06-21,14,33.4,28.8,36.6,0,41.0,6.5,14
2024-06-21,15,27.1,23.8,32.2,0,41.0,3.3,12.7
2024-06-21,16,28.3,24.6,34.5,0,63.0,19.5,9.6
2024-06-21,17,32.7,27.1,36.8,0,34.0,8.9,11.3
2024-06-21,18,32.1,28.1,38.4,0,48.0,10.5,11.5
2024-06-21,19,32.5,28.8,36.1,0,35.0,11.6,10.6
2024-06-21,20,29.7,23.9,34.0,0,44.0,27.6,12.4
2024-06-21,21,28.0,23.0,31.3,0,65.0,13.0,11.9
2024-06-21,22,29.3,25.6,33.4,0,50.0,14.1,10.9
2024-06-21,23,33.8,30.8,38.7,0,32.0,13.4,11.1
2024-06-21,24,28.3,23.6,33.5,0,53.0,5.3,14
2024-06-21,25,31.9,28.8,37.4,1.3,56.0,21.3,9.8
2024-06-22,1,27.8,24.3,33.6,0,56.0,23.3,14
2024-06-22,2,29.0,25.4,35.7,0,50.0,14.9,11.3
2024-06-22,3,26.7,22.5,31.8,0,43.0,8.9,11.1
2024-06-22,4,28.1,22.2,32.0,0,58.0,13.2,11.9
2024-06-22,5,27.2,22.2,33.1,0,35.0,3.3,10.6
2024-06-22,6,27.0,23.3,32.6,0,50.0,19.0,14
2024-06-22,7,27.6,23.0,33.4,0,67.0,12.6,13.4
2024-06-22,8,27.2,23.3,34.2,0,44.0,22.8,14.0
2024-06-22,9,26.4,22.2,29.4,0,44.0,22.3,11.5
2024-06-22,10,28.2,24.0,34.6,0,60.0,20.1,11.1
2024-06-22,11,29.6,26.1,33.1,0,75.0,16.0,12.3
2024-06-22,12,29.9,25.0,34.4,0,73.0,18.9,11.8
2024-06-22,13,28.2,25.2,31.7,0,51.0,25.6,10.3
2024-06-22,14,30.4,25.4,35.7,0,50.0,25.2,12.0
2024-06-22,15,26.2,20.6,33.2,0,60.0,11.0,12.5
2024-06-22,16,31.4,26.0,37.1,0,61.0,5.9,12.4
2024-06-22,17,32.0,28.2,37.4,0,35.0,11.8,12.5
2024-06-22,18,30.2,26.2,35.8,0,39.0,8.4,11.1
2024-06-22,19,27.4,23.1,33.0,0,53.0,7.0,13.8
2024-06-22,20,30.3,25.5,34.0,1.8,44.0,18.3,11.6
2024-06-22,21,29.4,23.8,35.3,0,58.0,14.4,10.3
2024-06-22,22,29.1,24.1,32.8,3.1,58.0,22.1,13.0
2024-06-22,23,35.7,31.1,41.3,0,40.0,5.2,11.5
2024-06-22,24,28.3,23.8,33.3,0,47.0,13.2,13.6
2024-06-22,25,31.7,26.9,37.2,0,54.0,10.0,13.6
2024-06-23,1,28.7,24.6,34.0,0,61.0,20.3,13.0
2024-06-23,2,28.9,24.1,32.1,0,40.0,14.7,14
2024-06-23,3,29.5,25.1,34.8,0,60.0,25.2,11.5
2024-06-23,4,28.7,25.6,34.3,0,61.0,5.4,11.3
2024-06-23,5,30.6,26.0,35.6,0,59.0,16.6,10.6
2024-06-23,6,28.7,25.2,34.5,3.6,71.0,13.3,13.9
2024-06-23,7,26.3,22.9,30.0,0,59.0,5.1,10.8
2024-06-23,8,28.8,25.4,32.7,0,71.0,16.4,11.2
2024-06-23,9,29.8,25.4,34.5,0,60.0,21.0,12.0
2024-06-23,10,28.1,22.7,32.9,0,42.0,13.3,11.6
2024-06-23,11,26.7,21.7,32.6,0,68.0,6.8,11.4
2024-06-23,12,28.4,23.4,32.3,0,77.0,16.6,13.1
2024-06-23,13,31.5,26.4,36.5,2.1,44.0,22.2,11.0
2024-06-23,14,31.6,28.5,37.8,0,52.0,12.7,10.6
2024-06-23,15,23.6,20.0,29.0,4.6,43.0,8.5,12.8
2024-06-23,16,28.8,25.7,33.8,0,50.0,25.4,12.2
2024-06-23,17,32.1,27.4,38.8,0,49.0,26.0,13.6
2024-06-23,18,30.6,25.1,36.7,0,43.0,14.7,13.0
2024-06-23,19,30.6,27.3,37.5,0,55.0,12.0,11.9
2024-06-23,20,28.9,24.7,35.5,0,42.0,30.3,14
2024-06-23,21,29.2,24.5,33.7,0,34.0,10.8,13.6
2024-06-23,22,30.4,27.1,33.7,0,32.0,20.0,12.2
2024-06-23,23,34.5,29.6,41.0,0,27.0,10.8,14
2024-06-23,24,27.9,24.0,34.7,0,49.0,9.9,14
2024-06-23,25,32.4,29.0,36.3,0,38.0,18.0,10.0
2024-06-24,1,28.2,24.4,32.3,0,51.0,23.5,10.1
2024-06-24,2,28.5,24.7,33.0,10.9,62.0,9.8,11.0
2024-06-24,3,30.0,26.8,35.6,0,51.0,16.7,10.9
2024-06-24,4,25.8,22.6,30.6,0,48.0,10.0,13.1
2024-06-24,5,28.2,23.3,34.1,0,59.0,19.9,12.0
2024-06-24,6,28.3,24.3,31.6,0,60.0,21.0,11.2
2024-06-24,7,27.9,23.3,34.7,0,73.0,19.0,12.7
2024-06-24,8,28.5,23.3,31.5,0,66.0,25.7,11.7
2024-06-24,9,30.6,26.4,36.7,0,49.0,23.6,13.4
2024-06-24,10,30.6,26.2,34.3,0.7,57.0,14.5,10.7
2024-06-24,11,27.7,23.0,31.2,0,63.0,12.2,11.3
2024-06-24,12,25.7,21.2,29.9,0,55.0,15.0,10.9
2024-06-24,13,29.5,24.4,36.1,0,44.0,9.3,11.4
2024-06-24,14,31.1,28.1,34.6,0,56.0,14.1,11.3
2024-06-24,15,26.3,23.2,32.9,0,64.0,12.4,10.5
2024-06-24,16,29.8,25.2,34.4,0,57.0,3.2,11.4
2024-06-24,17,33.0,27.6,36.5,0,39.0,3.5,12.6
2024-06-24,18,33.0,27.2,37.2,0,34.0,12.4,11.4
2024-06-24,19,32.1,26.7,37.9,0,41.0,18.5,12.1
2024-06-24,20,31.6,26.0,35.5,0,54.0,19.7,10.4
2024-06-24,21,30.8,26.9,36.0,0,68.0,27.7,11.6
2024-06-24,22,30.9,25.7,34.9,2.2,58.0,20.7,10.2
2024-06-24,23,36.8,30.8,41.1,0,25.0,31.2,11.4
2024-06-24,24,29.5,25.2,32.6,0,64.0,9.8,12.8
2024-06-24,25,33.7,30.1,40.7,0,51.0,7.9,9.9
2024-06-25,1,26.1,20.4,31.9,0,56.0,8.1,14
2024-06-25,2,27.5,23.0,33.9,2.1,39.0,7.5,14
2024-06-25,3,28.7,25.0,32.6,5.6,53.0,15.9,11.7
2024-06-25,4,27.2,22.4,33.6,0,42.0,23.8,14
2024-06-25,5,28.7,24.9,33.5,0,52.0,27.1,13.0
2024-06-25,6,27.5,22.5,32.9,0,48.0,22.4,9.9
2024-06-25,7,30.2,26.5,35.4,0,54.0,17.2,14
2024-06-25,8,28.3,22.5,33.6,0,53.0,2.3,8.8
2024-06-25,9,27.6,23.3,33.2,0,42.0,7.8,12.6
2024-06-25,10,30.5,25.5,34.4,0,49.0,3.8,12.6
2024-06-25,11,29.3,25.2,33.2,0,65.0,13.1,9.7
2024-06-25,12,25.6,20.6,29.9,0,53.0,12.3,12.1
2024-06-25,13,32.6,27.1,38.2,0,45.0,5.9,13.7
2024-06-25,14,28.0,24.1,32.1,0,46.0,1.5,9.8
2024-06-25,15,26.9,22.8,31.6,0,69.0,17.2,12.4
2024-06-25,16,27.7,23.8,33.1,4.1,58.0,14.7,13.2
2024-06-25,17,30.9,27.4,35.3,0,45.0,26.9,13.6
2024-06-25,18,30.5,25.3,35.9,0,29.0,21.8,12.9
2024-06-25,19,30.2,24.4,36.0,0,39.0,23.1,12.2
2024-06-25,20,30.7,27.0,37.1,0,49.0,16.7,14
2024-06-25,21,28.9,23.4,34.9,0,49.0,5.6,12.1
2024-06-25,22,30.2,26.5,33.7,0,46.0,5.6,12.1
2024-06-25,23,37.0,31.2,44.0,0,10.0,26.6,11.4
2024-06-25,24,29.0,25.7,34.1,0,71.0,27.3,10.0
2024-06-25,25,32.3,27.6,36.2,0,27.0,12.0,13.5
2024-06-26,1,27.4,21.8,34.2,8.4,43.0,8.5,12.4
2024-06-26,2,27.5,21.9,34.0,0,52.0,24.3,13.0
2024-06-26,3,29.5,23.5,36.1,0,53.0,10.2,11.9
2024-06-26,4,28.6,23.4,32.9,0,70.0,24.2,10.5
2024-06-26,5,29.5,23.7,32.9,0,57.0,15.3,13.5
2024-06-26,6,27.0,23.8,30.2,0.3,54.0,16.8,12.5
2024-06-26,7,27.9,23.6,31.4,0,68.0,7.6,12.7
2024-06-26,8,26.2,21.3,31.7,0,55.0,24.5,12.7
2024-06-26,9,26.8,21.2,30.6,0,45.0,20.1,12.1
2024-06-26,10,28.8,25.1,32.6,0,61.0,21.5,12.9
2024-06-26,11,27.9,24.8,34.2,0.0,61.0,13.6,12.9
2024-06-26,12,27.6,21.7,32.4,0,68.0,23.6,12.5
2024-06-26,13,31.8,26.7,37.5,0,44.0,6.6,13.9
2024-06-26,14,32.1,27.1,37.1,0,50.0,23.6,12.8
2024-06-26,15,26.7,22.0,32.1,0,45.0,0.3,11.0
2024-06-26,16,26.4,21.2,33.1,0,60.0,16.8,13.6
2024-06-26,17,32.0,28.3,37.1,0,32.0,5.1,11.0
2024-06-26,18,27.7,24.6,32.8,0,29.0,14.4,12.7
2024-06-26,19,30.9,26.4,37.6,0,52.0,26.3,13.2
2024-06-26,20,28.6,24.8,33.8,0,49.0,35.1,12.7
2024-06-26,21,27.6,23.6,33.3,0,46.0,12.5,11.4
2024-06-26,22,31.4,26.8,36.8,0,38.0,33.1,14
2024-06-26,23,35.2,31.0,38.7,0,21.0,13.8,13.2
2024-06-26,24,28.8,25.3,32.2,0,62.0,14.8,14
2024-06-26,25,31.6,27.3,36.4,0,45.0,23.5,12.5
2024-06-27,1,26.7,23.1,32.0,0,45.0,31.0,13.0
2024-06-27,2,27.0,21.9,33.1,0,64.0,13.0,14
2024-06-27,3,29.4,23.6,34.4,0,48.0,7.3,12.8
2024-06-27,4,31.4,26.8,37.6,0,52.0,21.5,14
2024-06-27,5,27.9,22.5,33.9,0.2,35.0,17.2,9.7
2024-06-27,6,29.6,24.3,35.1,0,56.0,38.2,11.1
2024-06-27,7,28.2,24.9,32.9,0,52.0,13.6,11.9
2024-06-27,8,28.5,22.9,35.4,0,57.0,7.2,11.5
2024-06-27,9,30.8,24.9,34.4,0,56.0,15.8,10.7
2024-06-27,10,31.1,26.0,36.3,0,49.0,27.6,13.3
2024-06-27,11,29.2,24.8,32.2,0,59.0,8.6,14
2024-06-27,12,26.6,23.0,32.7,0,49.0,25.2,14
2024-06-27,13,29.5,24.8,35.0,0,33.0,23.4,10.7
2024-06-27,14,30.6,27.0,36.7,0,47.0,24.3,11.5
2024-06-27,15,27.8,22.9,34.3,0,67.0,11.2,11.5
2024-06-27,16,26.3,22.5,29.4,0,64.0,28.3,14
2024-06-27,17,32.2,27.6,38.2,0,33.0,17.2,12.4
2024-06-27,18,29.3,25.1,33.7,0,48.0,21.3,13.1
2024-06-27,19,28.3,23.8,31.3,0,36.0,22.3,11.0
2024-06-27,20,31.8,27.8,36.4,0,60.0,8.9,14
2024-06-27,21,29.6,25.6,34.1,0,37.0,23.5,10.4
2024-06-27,22,29.6,25.5,33.0,4.0,51.0,16.6,11.8
2024-06-27,23,36.8,32.4,40.8,0,31.0,12.7,11.7
2024-06-27,24,31.4,27.9,38.3,0,59.0,23.2,14
2024-06-27,25,31.7,25.8,35.7,0,30.0,19.2,10.2
2024-06-28,1,27.8,23.5,31.3,0,49.0,21.7,11.6
2024-06-28,2,28.6,23.7,32.6,5.7,45.0,20.5,12.6
2024-06-28,3,29.0,24.7,35.1,0,49.0,10.5,11.8
2024-06-28,4,26.0,21.2,29.3,6.9,53.0,1.3,10.5
2024-06-28,5,28.2,22.8,31.8,0,58.0,11.0,12.7
2024-06-28,6,28.1,24.5,33.8,0,58.0,9.2,13.8
2024-06-28,7,27.5,24.4,33.8,0,58.0,23.9,10.2
2024-06-28,8,25.9,20.3,31.4,0,58.0,16.5,13.1
2024-06-28,9,29.7,26.3,33.4,0,46.0,5.9,12.2
2024-06-28,10,29.3,25.5,33.9,0,66.0,15.2,13.2
2024-06-28,11,27.3,23.0,31.8,0,63.0,10.7,11.9
2024-06-28,12,26.9,21.0,32.6,0,68.0,11.4,12.7
2024-06-28,13,29.8,24.2,36.8,0,46.0,11.2,10.9
2024-06-28,14,30.5,27.2,34.0,0,49.0,14.8,13.6
2024-06-28,15,27.1,21.2,33.1,0,57.0,27.9,12.6
2024-06-28,16,30.5,25.7,37.5,0,64.0,22.2,9.9
2024-06-28,17,30.8,27.3,37.6,0,37.0,28.2,10.9
2024-06-28,18,29.0,25.6,33.6,0.4,34.0,28.9,13.0
2024-06-28,19,30.9,25.5,35.1,0,23.0,0.3,9.9
2024-06-28,20,30.8,27.4,36.0,0,51.0,12.7,10.9
2024-06-28,21,31.3,26.6,35.4,0,59.0,13.6,14
2024-06-28,22,28.6,22.9,34.4,0,60.0,5.8,12.4
2024-06-28,23,37.1,33.5,40.5,0,31.0,12.0,14
2024-06-28,24,27.9,22.7,33.0,0.6,52.0,7.9,9.0
2024-06-28,25,32.4,28.8,38.9,0,47.0,11.3,12.0
2024-06-29,1,26.0,20.9,32.1,0,63.0,27.5,12.5
2024-06-29,2,26.7,23.4,30.3,0,63.0,5.1,11.8
2024-06-29,3,29.7,23.9,35.5,0,54.0,4.3,11.5
2024-06-29,4,30.9,27.0,36.4,0,58.0,24.4,14
2024-06-29,5,26.0,22.6,32.1,0,54.0,0.8,12.1
2024-06-29,6,29.2,25.3,33.3,0,66.0,16.5,14
2024-06-29,7,28.6,23.2,34.5,0,55.0,16.8,13.5
2024-06-29,8,27.9,22.4,32.2,0.4,53.0,23.6,11.9
2024-06-29,9,29.9,24.3,35.5,0,57.0,12.4,10.5
2024-06-29,10,31.0,26.8,37.1,0,44.0,17.0,13.6
2024-06-29,11,26.5,22.7,33.3,0,66.0,25.4,12.0
2024-06-29,12,28.0,24.4,33.7,0,70.0,9.1,13.2
2024-06-29,13,31.1,26.8,37.4,0,51.0,25.9,11.7
2024-06-29,14,33.5,29.7,36.8,0,49.0,5.9,14
2024-06-29,15,26.6,22.3,33.3,0,50.0,4.1,9.5
2024-06-29,16,28.7,24.1,31.8,0,59.0,10.1,12.1
2024-06-29,17,30.4,27.1,34.0,0,31.0,0.3,11.5
2024-06-29,18,30.7,27.0,37.7,0,39.0,2.6,10.8
2024-06-29,19,31.6,26.1,37.8,0,49.0,22.6,10.8
2024-06-29,20,29.5,25.1,34.3,0,47.0,16.7,12.9
2024-06-29,21,29.6,25.0,35.8,0,41.0,19.9,11.1
2024-06-29,22,30.6,27.1,36.8,0,51.0,32.6,10.8
2024-06-29,23,37.5,32.9,42.5,0,28.0,12.2,10.3
2024-06-29,24,27.3,21.5,30.4,0,65.0,15.1,10.7
2024-06-29,25,33.3,27.6,37.0,0,41.0,9.3,12.6
2024-06-30,1,27.1,22.5,33.9,8.7,61.0,12.1,14
2024-06-30,2,30.9,25.2,36.5,0,59.0,5.7,9.1
2024-06-30,3,27.4,21.7,31.0,0,44.0,6.1,13.4
2024-06-30,4,30.2,26.6,35.5,0,50.0,0.3,13.3
2024-06-30,5,30.7,26.6,34.7,3.2,52.0,9.8,9.9
2024-06-30,6,27.7,22.5,34.1,0,46.0,18.9,10.7
2024-06-30,7,27.4,24.1,33.4,2.8,64.0,23.2,11.3
2024-06-30,8,28.8,22.9,33.8,0,65.0,10.0,10.6
2024-06-30,9,28.3,24.0,31.5,0,48.0,14.0,12.9
2024-06-30,10,30.2,26.4,35.9,0,45.0,33.3,11.9
2024-06-30,11,27.3,21.5,32.5,0,66.0,17.3,11.9
2024-06-30,12,26.7,22.6,32.9,0,56.0,5.2,13.8
2024-06-30,13,31.5,26.4,36.8,0,53.0,21.9,9.7
2024-06-30,14,31.3,25.4,37.2,0,48.0,16.9,13.2
2024-06-30,15,25.5,21.4,30.5,0.4,62.0,15.5,11.8
2024-06-30,16,26.5,21.6,33.0,0,56.0,8.5,11.2
2024-06-30,17,33.1,29.1,37.6,1.0,40.0,18.4,9.0
2024-06-30,18,30.2,25.8,35.4,0,35.0,5.3,10.5
2024-06-30,19,31.1,25.4,34.4,0,50.0,15.3,14
2024-06-30,20,30.3,25.6,34.6,0,50.0,4.2,11.4
2024-06-30,21,26.5,22.2,32.4,0,25.0,27.8,11.4
2024-06-30,22,29.8,26.7,33.9,0,40.0,21.9,9.6
2024-06-30,23,35.8,29.8,41.9,0,34.0,29.1,13.4
2024-06-30,24,27.0,21.2,30.8,0,57.0,26.2,13.1
2024-06-30,25,32.8,29.1,39.4,0,23.0,16.3,12.5
2024-07-01,1,27.2,22.8,31.4,1.4,62.0,29.9,11.4
2024-07-01,2,27.6,24.1,33.6,0,57.0,12.7,13.0
2024-07-01,3,26.9,23.2,30.1,4.8,56.0,6.0,11.9
2024-07-01,4,26.2,21.2,29.9,0,61.0,23.3,13.7
2024-07-01,5,26.5,21.1,33.1,0,51.0,18.8,13.0
2024-07-01,6,28.4,23.3,31.8,0,55.0,23.0,13.7
2024-07-01,7,27.5,23.0,34.2,0,64.0,1.4,12.7
2024-07-01,8,30.4,25.4,33.8,0,65.0,10.4,10.7
2024-07-01,9,30.6,26.0,37.0,0,53.0,21.3,10.9
2024-07-01,10,29.8,25.5,34.4,0,46.0,23.1,8.6
2024-07-01,11,27.3,23.2,32.2,0,52.0,10.1,12.6
2024-07-01,12,27.8,23.7,30.8,0,60.0,29.0,10.6
2024-07-01,13,31.8,27.8,36.1,0,52.0,12.1,11.9
2024-07-01,14,28.6,24.1,32.2,0,46.0,10.6,12.0
2024-07-01,15,24.7,21.3,27.8,6.5,72.0,13.5,12.2
2024-07-01,16,28.5,23.0,33.4,0,55.0,9.8,10.6
2024-07-01,17,32.1,27.9,37.0,0,33.0,20.5,10.7
2024-07-01,18,28.3,22.9,31.6,0,37.0,18.5,13.7
2024-07-01,19,31.5,25.8,35.5,0.1,55.0,27.7,10.6
2024-07-01,20,28.6,24.4,32.6,0,45.0,9.8,13.4
2024-07-01,21,27.2,23.1,32.4,0.4,59.0,18.9,13.8
2024-07-01,22,30.5,25.4,35.6,0,45.0,33.6,10.5
2024-07-01,23,36.4,31.9,42.3,0,22.0,15.4,13.3
2024-07-01,24,27.0,22.2,33.9,0,61.0,29.5,11.7
2024-07-01,25,28.6,24.6,35.2,0,34.0,13.5,11.4
2024-07-02,1,26.3,22.3,32.0,0,40.0,11.2,10.0
2024-07-02,2,28.3,22.9,34.9,0,30.0,14.3,13.5
2024-07-02,3,26.6,22.3,33.4,0,48.0,2.0,13.8
2024-07-02,4,29.4,25.1,35.8,0,53.0,4.4,12.1
2024-07-02,5,28.9,23.7,34.3,0,65.0,28.8,13.5
2024-07-02,6,31.3,25.8,36.3,5.5,74.0,3.4,7.3
2024-07-02,7,26.9,21.8,30.4,2.1,70.0,12.5,11.1
2024-07-02,8,28.4,22.9,32.9,0.1,56.0,13.9,13.3
2024-07-02,9,29.5,25.6,36.5,0,48.0,13.3,11.1
2024-07-02,10,30.4,26.2,35.9,0,56.0,17.8,14
2024-07-02,11,28.1,24.6,31.7,0.9,61.0,4.3,11.0
2024-07-02,12,27.8,23.3,32.0,0,60.0,15.6,9.0
2024-07-02,13,31.8,28.3,35.4,0,48.0,11.1,14
2024-07-02,14,29.3,25.2,35.3,0,58.0,18.8,14
2024-07-02,15,28.0,22.4,33.5,0,59.0,8.0,10.8
2024-07-02,16,28.5,24.6,34.7,6.4,63.0,24.2,12.0
2024-07-02,17,31.7,26.7,37.5,0,31.0,27.1,10.8
2024-07-02,18,27.1,23.4,31.8,0,41.0,12.3,12.1
2024-07-02,19,31.7,25.9,36.1,0,51.0,20.9,11.3
2024-07-02,20,31.6,27.5,36.3,0,43.0,10.7,10.1
2024-07-02,21,29.3,23.7,34.7,5.9,40.0,25.1,8.5
2024-07-02,22,27.2,23.9,33.8,0,64.0,16.0,13.0
2024-07-02,23,36.5,31.6,42.5,0,27.0,10.6,10.8
2024-07-02,24,28.8,24.4,32.5,0,62.0,16.5,11.4
2024-07-02,25,33.2,27.6,37.1,0,50.0,13.6,11.2
2024-07-03,1,29.6,25.9,35.4,0,55.0,2.5,12.7
2024-07-03,2,30.8,27.5,36.7,0,51.0,4.4,8.1
2024-07-03,3,31.6,27.4,37.2,0,59.0,13.0,11.6
2024-07-03,4,27.6,24.1,31.6,0,40.0,14.3,13.0
2024-07-03,5,29.3,24.6,35.5,0,44.0,14.9,12.7
2024-07-03,6,28.4,25.4,31.7,0,38.0,23.5,14
2024-07-03,7,25.5,21.8,29.2,0,63.0,20.5,10.4
2024-07-03,8,29.0,24.3,34.6,2.5,52.0,17.0,13.7
2024-07-03,9,28.9,25.8,32.1,1.0,54.0,12.1,11.2
2024-07-03,10,26.3,21.3,31.2,0,51.0,11.1,13.2
2024-07-03,11,26.5,23.0,32.2,0,59.0,11.6,10.9
2024-07-03,12,27.0,23.4,30.7,0,69.0,6.6,13.4
2024-07-03,13,32.9,27.3,38.0,0,43.0,16.0,10.5
2024-07-03,14,30.2,26.2,35.1,0,37.0,5.7,14
2024-07-03,15,30.4,26.3,36.5,0,72.0,4.6,11.9
2024-07-03,16,26.0,21.3,32.6,0,66.0,15.3,11.6
2024-07-03,17,32.6,27.3,39.3,0,24.0,8.4,12.3
2024-07-03,18,30.3,25.1,35.4,0,54.0,23.8,12.9
2024-07-03,19,32.0,28.0,37.9,0,61.0,4.4,12.1
2024-07-03,20,29.1,24.7,32.6,0,55.0,9.5,12.5
2024-07-03,21,27.9,24.0,31.1,0,69.0,5.1,12.2
2024-07-03,22,29.5,25.9,34.7,4.4,57.0,18.5,13.9
2024-07-03,23,37.5,32.5,42.9,0,39.0,13.7,11.6
2024-07-03,24,27.7,21.9,32.0,0,45.0,19.2,12.7
2024-07-03,25,29.6,24.6,35.0,0,40.0,0.6,9.8
2024-07-04,1,24.8,19.8,30.4,0,59.0,5.0,13.1
2024-07-04,2,31.8,27.5,35.4,0,58.0,7.8,12.5
2024-07-04,3,26.4,22.7,33.1,0,48.0,10.6,10.1
2024-07-04,4,27.5,23.0,34.0,0,64.0,16.2,11.7
2024-07-04,5,27.3,23.3,32.8,2.5,66.0,18.1,13.2
2024-07-04,6,28.2,22.8,34.3,0,52.0,14.5,11.0
2024-07-04,7,27.8,22.7,34.4,0,78.0,19.6,10.0
2024-07-04,8,29.6,24.5,33.7,0,76.0,17.3,9.6
2024-07-04,9,29.2,23.5,33.9,0,58.0,18.5,12.0
2024-07-04,10,31.1,25.9,34.5,0.9,49.0,10.2,11.8
2024-07-04,11,27.8,22.6,32.9,0,53.0,7.0,12.6
2024-07-04,12,28.4,24.6,35.0,0,59.0,21.0,12.0
2024-07-04,13,32.9,27.9,38.4,7.6,40.0,9.9,10.9
2024-07-04,14,30.5,26.6,33.7,0,45.0,3.1,11.3
2024-07-04,15,26.3,22.5,29.4,0,66.0,14.7,10.7
2024-07-04,16,27.2,23.8,33.5,0,60.0,5.7,11.9
2024-07-04,17,33.2,27.3,38.4,1.8,34.0,18.4,11.2
2024-07-04,18,29.3,25.6,34.3,0,37.0,26.0,12.2
2024-07-04,19,30.7,27.3,34.0,0,49.0,18.1,10.5
2024-07-04,20,30.7,27.5,36.8,0,40.0,17.1,12.7
2024-07-04,21,29.7,25.0,36.4,0,52.0,18.8,12.0
2024-07-04,22,27.6,22.0,34.4,6.7,41.0,8.0,12.0
2024-07-04,23,37.5,34.4,43.3,0,18.0,8.7,10.1
2024-07-04,24,28.2,23.8,34.7,0,53.0,26.0,10.0
2024-07-04,25,31.7,27.7,35.6,0,44.0,17.0,10.1
2024-07-05,1,28.3,22.5,32.5,0,51.0,11.3,13.8
2024-07-05,2,31.2,28.1,37.1,0,70.0,24.2,11.9
2024-07-05,3,27.2,24.1,31.2,1.0,54.0,27.7,11.7
2024-07-05,4,31.2,25.4,35.0,0,56.0,11.4,11.5
2024-07-05,5,28.6,24.5,34.3,7.7,52.0,18.8,11.1
2024-07-05,6,28.1,24.4,33.8,0,60.0,18.4,13.3
2024-07-05,7,28.1,22.5,34.7,0.3,62.0,5.5,12.6
2024-07-05,8,27.5,21.7,33.5,0,54.0,5.9,13.3
2024-07-05,9,31.2,27.0,36.2,0,60.0,1.5,13.2
2024-07-05,10,29.8,25.6,33.4,0,40.0,16.5,12.4
2024-07-05,11,27.7,24.0,31.4,0,68.0,15.9,10.9
2024-07-05,12,29.1,25.8,34.8,0,63.0,9.0,13.6
2024-07-05,13,34.1,31.1,40.3,1.8,48.0,15.5,11.3
2024-07-05,14,29.2,23.8,32.2,0,58.0,10.7,13.5
2024-07-05,15,24.7,21.5,30.8,0,67.0,4.9,12.6
2024-07-05,16,27.8,22.9,31.7,1.6,59.0,14.1,13.1
2024-07-05,17,35.4,31.7,39.7,0,40.0,29.9,13.5
2024-07-05,18,27.5,22.7,32.3,0,44.0,18.3,12.6
2024-07-05,19,33.5,28.9,37.4,0.1,48.0,15.0,11.3
2024-07-05,20,30.8,25.1,37.2,0,47.0,25.0,12.7
2024-07-05,21,28.9,25.0,33.5,5.4,51.0,5.2,9.7
2024-07-05,22,30.1,26.9,33.5,2.2,41.0,3.3,10.9
2024-07-05,23,36.7,31.0,41.9,0,17.0,12.6,11.3
2024-07-05,24,30.2,26.4,33.4,0,48.0,9.6,11.0
2024-07-05,25,30.4,24.5,35.5,0,50.0,17.1,12.2
2024-07-06,1,31.7,25.9,35.8,0,74.0,12.0,10.1
2024-07-06,2,27.5,23.3,30.8,0,47.0,22.1,13.2
2024-07-06,3,28.0,24.9,31.6,2.0,52.0,6.0,14
2024-07-06,4,24.5,19.2,27.6,0,57.0,9.8,10.1
2024-07-06,5,28.0,22.2,32.3,0,80.0,19.7,13.2
2024-07-06,6,30.0,24.9,33.3,0,68.0,7.5,10.2
2024-07-06,7,28.1,23.4,33.0,0,64.0,12.6,10.1
2024-07-06,8,31.4,26.5,37.9,0,56.0,10.0,10.8
2024-07-06,9,26.8,23.8,32.6,0,54.0,23.7,10.5
2024-07-06,10,27.7,23.5,33.6,0,49.0,12.2,13.2
2024-07-06,11,26.0,20.9,30.0,0,59.0,9.3,14
2024-07-06,12,27.5,22.4,32.9,0,53.0,3.9,11.1
2024-07-06,13,28.3,24.8,32.3,0,53.0,25.1,9.7
2024-07-06,14,32.1,26.3,37.6,0.2,37.0,9.7,12.3
2024-07-06,15,26.3,21.2,29.8,0,58.0,12.7,10.7
2024-07-06,16,27.1,21.2,31.8,0,52.0,18.0,10.0
2024-07-06,17,29.2,25.6,34.1,0,43.0,14.2,13.2
2024-07-06,18,28.5,22.8,35.2,0,28.0,27.9,9.3
2024-07-06,19,31.2,27.2,37.8,0,47.0,22.2,11.7
2024-07-06,20,30.0,24.6,35.5,0,42.0,10.2,14
2024-07-06,21,28.7,24.2,35.3,4.7,43.0,27.6,14
2024-07-06,22,28.8,23.9,35.4,0,58.0,12.5,13.7
2024-07-06,23,38.7,35.2,43.5,0,10,18.9,14
2024-07-06,24,25.8,21.7,31.4,0,45.0,5.0,14
2024-07-06,25,32.2,28.8,36.6,0,41.0,23.7,12.6
2024-07-07,1,29.1,24.4,35.8,0,48.0,34.2,12.9
2024-07-07,2,28.8,25.0,34.7,0,46.0,24.3,12.1
2024-07-07,3,29.0,25.1,35.8,0,62.0,3.2,11.3
2024-07-07,4,31.6,27.6,37.5,0,53.0,3.1,9.2
2024-07-07,5,27.9,23.6,33.8,0,56.0,13.8,10.3
2024-07-07,6,29.4,25.7,34.2,0,48.0,26.7,13.4
2024-07-07,7,28.4,23.8,33.4,0,45.0,9.6,10.7
2024-07-07,8,28.2,22.9,32.9,0,59.0,18.8,11.8
2024-07-07,9,29.1,23.9,32.9,0,53.0,21.1,11.8
2024-07-07,10,32.2,27.7,37.4,0,58.0,1.4,11.1
2024-07-07,11,28.8,25.1,32.4,0,58.0,22.4,12.3
2024-07-07,12,29.3,24.4,33.4,0,67.0,21.6,10.1
2024-07-07,13,30.6,25.2,36.6,0,34.0,18.4,11.1
2024-07-07,14,32.0,28.1,36.1,0,46.0,14.9,12.0
2024-07-07,15,23.2,19.7,29.1,0,65.0,3.7,12.9
2024-07-07,16,26.7,22.2,33.4,0,65.0,1.9,10.0
2024-07-07,17,31.3,26.3,37.1,0,57.0,15.2,10.0
2024-07-07,18,29.1,24.3,32.2,0,31.0,6.1,12.0
2024-07-07,19,31.5,25.9,35.3,0,35.0,21.9,11.9
2024-07-07,20,30.2,25.5,35.7,0,44.0,8.2,11.5
2024-07-07,21,28.8,25.1,32.0,17.4,36.0,13.3,11.9
2024-07-07,22,29.9,25.2,34.5,0,54.0,5.6,13.4
2024-07-07,23,36.3,32.2,42.0,0,19.0,1.4,13.8
2024-07-07,24,27.7,24.2,31.0,0,59.0,18.3,12.4
2024-07-07,25,31.7,26.8,38.4,0,44.0,18.0,11.2
2024-07-08,1,27.6,24.5,32.0,0,66.0,10.3,10.8
2024-07-08,2,27.0,21.6,32.6,0,61.0,2.6,12.4
2024-07-08,3,27.6,23.3,34.2,0,54.0,27.3,10.6
2024-07-08,4,26.6,22.1,33.0,0,71.0,15.0,9.3
2024-07-08,5,27.6,23.6,31.3,0,43.0,27.2,10.8
2024-07-08,6,28.7,23.4,35.1,4.2,49.0,19.7,9.3
2024-07-08,7,29.3,24.5,34.8,0,46.0,13.2,14.0
2024-07-08,8,28.4,22.8,32.3,0,52.0,2.9,11.8
2024-07-08,9,26.0,21.1,29.5,0,43.0,11.3,10.6
2024-07-08,10,29.0,24.4,35.1,0,53.0,10.8,8.3
2024-07-08,11,26.7,21.5,31.6,0,69.0,20.2,10.1
2024-07-08,12,31.3,26.3,36.8,0,71.0,13.0,10.4
2024-07-08,13,29.2,25.3,35.1,0,40.0,17.8,11.8
2024-07-08,14,29.8,24.4,33.6,0,52.0,23.7,12.6
2024-07-08,15,24.3,19.9,29.4,0,63.0,37.0,8.8
2024-07-08,16,28.3,24.6,33.3,0,55.0,12.4,9.7
2024-07-08,17,29.1,23.7,32.3,0,37.0,28.0,11.5
2024-07-08,18,28.6,23.1,32.8,3.2,38.0,15.0,13.9
2024-07-08,19,30.8,27.3,33.9,0,44.0,16.8,12.8
2024-07-08,20,32.1,26.9,37.8,0,40.0,1.1,10.1
2024-07-08,21,24.3,18.5,29.3,0,53.0,9.2,12.0
2024-07-08,22,26.7,22.3,30.9,0,55.0,6.9,14
2024-07-08,23,36.1,31.6,41.6,0,42.0,13.2,10.8
2024-07-08,24,28.3,25.0,31.5,0,44.0,17.0,13.0
2024-07-08,25,31.6,27.0,37.5,0,53.0,13.1,10.8
2024-07-09,1,28.5,24.4,34.5,13.1,54.0,7.8,11.5
2024-07-09,2,28.3,24.9,32.3,0,47.0,17.6,10.2
2024-07-09,3,27.0,23.7,32.5,6.3,60.0,11.7,13.4
2024-07-09,4,27.3,21.5,34.2,0,57.0,9.5,11.3
2024-07-09,5,30.1,25.8,36.6,0,56.0,12.4,11.9
2024-07-09,6,27.5,22.8,33.8,0,55.0,8.3,13.6
2024-07-09,7,28.8,23.5,33.3,0,70.0,1.9,12.4
2024-07-09,8,28.5,23.9,33.6,0,67.0,12.3,11.3
2024-07-09,9,27.6,22.8,34.4,0,39.0,12.9,12.2
2024-07-09,10,28.3,23.6,34.3,0,46.0,12.5,14
2024-07-09,11,22.2,16.2,26.9,0,81.0,24.2,13.9
2024-07-09,12,28.1,22.2,31.8,0,61.0,31.3,11.3
2024-07-09,13,30.2,25.6,34.5,0,38.0,18.0,11.7
2024-07-09,14,27.8,23.0,32.2,3.4,43.0,12.2,13.3
2024-07-09,15,29.3,24.3,33.3,0,68.0,16.1,8.0
2024-07-09,16,29.5,23.8,35.3,3.2,51.0,10.5,10.3
2024-07-09,17,32.1,27.2,36.0,0,34.0,4.4,12.8
2024-07-09,18,29.3,24.3,32.3,0,43.0,4.4,9.9
2024-07-09,19,30.4,26.6,35.3,0,38.0,8.4,11.8
2024-07-09,20,31.2,25.4,37.7,0,54.0,15.9,9.2
2024-07-09,21,25.1,21.1,28.5,0,52.0,31.5,12.8
2024-07-09,22,26.1,22.9,30.5,0,60.0,12.3,10.4
2024-07-09,23,33.9,28.3,38.5,0,30.0,32.4,9.1
2024-07-09,24,26.5,21.3,31.0,0,53.0,25.3,11.9
2024-07-09,25,30.2,26.0,36.7,0.5,42.0,3.4,14
2024-07-10,1,28.3,24.2,31.6,1.8,61.0,6.2,12.8
2024-07-10,2,28.6,23.5,35.2,0,58.0,14.5,10.4
2024-07-10,3,29.1,24.9,34.1,0,45.0,1.7,12.0
2024-07-10,4,25.8,21.6,29.6,0,55.0,17.5,11.5
2024-07-10,5,29.0,25.2,32.8,0,66.0,17.5,10.9
2024-07-10,6,28.1,22.9,32.8,0.0,42.0,21.7,12.9
2024-07-10,7,24.7,19.4,28.1,0,69.0,28.2,11.3
2024-07-10,8,29.8,24.2,33.8,0,67.0,6.2,9.4
2024-07-10,9,28.0,22.5,31.0,0,58.0,15.6,11.9
2024-07-10,10,29.5,25.8,35.4,0,60.0,7.2,13.2
2024-07-10,11,26.3,21.7,32.5,1.2,74.0,36.6,11.9
2024-07-10,12,29.8,26.3,33.6,0,64.0,24.5,13.5
2024-07-10,13,31.0,25.4,37.9,0,53.0,16.1,10.9
2024-07-10,14,29.5,23.9,32.8,0,37.0,13.3,10.9
2024-07-10,15,28.7,24.1,34.5,0,59.0,20.6,9.6
2024-07-10,16,25.9,19.9,32.8,0,54.0,10.1,11.3
2024-07-10,17,30.4,27.2,33.8,0,26.0,22.0,13.9
2024-07-10,18,26.1,23.0,32.8,0,44.0,7.9,12.4
2024-07-10,19,28.5,23.7,33.4,0,54.0,12.2,11.0
2024-07-10,20,31.6,27.1,36.0,0,44.0,24.2,11.4
2024-07-10,21,29.1,24.1,33.2,0,52.0,19.6,10.2
2024-07-10,22,29.2,25.6,35.1,0,60.0,18.4,12.6
2024-07-10,23,33.5,29.2,39.3,0,39.0,20.1,10.0
2024-07-10,24,26.4,20.9,32.3,2.0,69.0,12.3,11.8
2024-07-10,25,30.9,25.3,35.5,0,35.0,21.5,10.0
2024-07-11,1,28.4,23.9,32.0,0,45.0,20.7,11.4
2024-07-11,2,26.9,23.9,32.7,0,56.0,13.5,13.3
2024-07-11,3,26.6,23.4,31.2,7.0,56.0,0.8,12.7
2024-07-11,4,29.9,26.4,33.4,0,69.0,15.0,10.9
2024-07-11,5,26.6,22.8,33.3,0,54.0,30.6,12.1
2024-07-11,6,28.7,23.1,34.0,0,62.0,8.7,9.5
2024-07-11,7,27.3,22.9,33.6,0,74.0,17.1,11.2
2024-07-11,8,29.8,25.2,34.6,0,47.0,28.0,11.9
2024-07-11,9,29.1,23.4,35.5,0,51.0,4.4,10.3
2024-07-11,10,28.7,25.3,32.6,0,43.0,28.8,11.2
2024-07-11,11,24.6,19.8,28.3,0,75.0,24.3,10.7
2024-07-11,12,26.7,22.3,31.3,4.9,65.0,11.1,10.3
2024-07-11,13,29.7,26.6,36.4,0,37.0,14.1,11.3
2024-07-11,14,30.5,25.6,34.3,0,46.0,17.4,12.0
2024-07-11,15,29.2,24.3,33.8,0,64.0,23.6,11.4
2024-07-11,16,28.3,24.0,32.5,0,57.0,17.8,14
2024-07-11,17,30.5,26.1,33.9,0,43.0,23.2,11.7
2024-07-11,18,29.7,25.8,36.1,0,33.0,7.4,12.6
2024-07-11,19,29.7,25.3,35.1,0,53.0,14.9,13.7
2024-07-11,20,28.2,24.2,35.2,0,39.0,9.7,10.2
2024-07-11,21,30.5,27.4,34.9,0,48.0,11.3,12.0
2024-07-11,22,29.5,23.5,33.0,0,43.0,21.8,14
2024-07-11,23,33.9,27.9,40.0,0,29.0,11.0,9.9
2024-07-11,24,26.5,21.0,32.7,0,56.0,20.4,9.9
2024-07-11,25,28.2,25.1,31.5,0,41.0,30.8,12.7
2024-07-12,1,28.7,24.2,33.0,0,57.0,25.9,10.5
2024-07-12,2,26.1,22.2,32.5,0,46.0,16.2,13.6
2024-07-12,3,29.6,25.8,33.5,0,54.0,10.7,13.4
2024-07-12,4,25.9,22.5,29.7,1.3,56.0,24.1,10.9
2024-07-12,5,27.7,24.2,33.2,13.2,71.0,13.0,11.4
2024-07-12,6,27.8,22.2,30.9,0,46.0,11.6,10.6
2024-07-12,7,27.9,23.6,33.4,0,53.0,26.8,12.1
2024-07-12,8,27.4,22.7,33.2,0,54.0,22.9,11.5
2024-07-12,9,24.4,20.3,28.1,0,64.0,8.8,11.0
2024-07-12,10,29.3,25.7,36.1,0,53.0,8.8,10.1
2024-07-12,11,27.5,23.9,32.4,0,53.0,13.4,10.7
2024-07-12,12,25.1,20.8,28.7,0,59.0,9.2,9.8
2024-07-12,13,32.0,26.9,35.7,0,35.0,15.2,12.5
2024-07-12,14,30.5,24.7,35.7,0,51.0,19.2,12.3
2024-07-12,15,26.2,21.8,30.9,0,60.0,18.9,10.3
2024-07-12,16,26.8,23.4,32.6,0,60.0,9.8,10.0
2024-07-12,17,31.8,28.1,38.5,0,37.0,23.6,11.4
2024-07-12,18,28.9,24.8,34.4,0,35.0,16.1,14
2024-07-12,19,30.3,26.0,35.4,0,47.0,18.4,11.0
2024-07-12,20,30.3,24.6,34.9,0,37.0,17.1,11.2
2024-07-12,21,29.2,23.6,34.1,0,48.0,6.9,13.4
2024-07-12,22,28.2,24.1,31.9,0,54.0,10.5,14
2024-07-12,23,33.3,28.8,36.9,0,10,20.3,12.8
2024-07-12,24,28.9,23.0,34.7,0,48.0,12.5,12.1
2024-07-12,25,33.0,29.0,37.7,0,32.0,17.3,9.8
2024-07-13,1,26.9,22.7,32.9,0,62.0,22.5,11.9
2024-07-13,2,26.3,20.8,31.5,0,45.0,5.9,11.1
2024-07-13,3,27.8,23.1,31.9,0,59.0,27.5,12.5
2024-07-13,4,26.1,22.9,32.8,0,74.0,14.8,10.2
2024-07-13,5,28.0,24.4,33.2,1.4,63.0,22.4,11.3
2024-07-13,6,27.4,24.3,30.7,0,64.0,24.0,9.9
2024-07-13,7,29.4,24.5,34.0,0,44.0,26.4,11.7
2024-07-13,8,28.5,22.5,34.5,0,40.0,7.4,11.9
2024-07-13,9,27.4,23.2,31.1,0,41.0,3.7,11.4
2024-07-13,10,27.2,22.0,32.1,0,49.0,22.2,14
2024-07-13,11,27.1,23.5,32.3,0,70.0,13.1,13.5
2024-07-13,12,23.9,20.4,29.0,0,66.0,27.1,9.1
2024-07-13,13,30.3,25.1,37.1,3.8,41.0,33.1,10.8
2024-07-13,14,29.4,24.2,32.4,0,47.0,23.0,11.6
2024-07-13,15,24.4,20.7,30.4,0,73.0,10.3,12.6
2024-07-13,16,26.7,21.9,31.0,0,74.0,28.6,9.4
2024-07-13,17,33.6,30.5,37.6,0,43.0,32.1,12.2
2024-07-13,18,28.9,24.5,33.2,0,45.0,9.8,10.8
2024-07-13,19,27.6,22.9,32.1,0,51.0,2.3,12.8
2024-07-13,20,28.8,25.4,32.6,0,41.0,15.8,11.1
2024-07-13,21,25.5,21.2,30.6,0,59.0,20.3,11.3
2024-07-13,22,28.1,23.0,34.4,0,50.0,15.7,11.9
2024-07-13,23,35.5,31.2,40.6,0,32.0,9.9,10.4
2024-07-13,24,29.7,25.5,33.0,0,52.0,25.1,11.8
2024-07-13,25,29.9,26.4,34.5,0,41.0,13.6,11.6
2024-07-14,1,29.8,25.6,35.2,0,52.0,20.1,9.1
2024-07-14,2,27.0,23.8,30.4,0,50.0,16.0,14
2024-07-14,3,26.8,21.8,30.7,4.5,41.0,12.1,10.2
2024-07-14,4,27.7,24.2,33.8,1.2,64.0,18.6,10.5
2024-07-14,5,27.6,22.7,32.4,0,57.0,19.7,10.4
2024-07-14,6,28.6,25.4,35.0,0,66.0,5.2,11.4
2024-07-14,7,28.5,22.5,33.1,2.9,63.0,29.9,12.7
2024-07-14,8,28.2,23.4,33.7,0,55.0,9.5,10.7
2024-07-14,9,26.5,23.2,32.8,0,52.0,22.4,8.6
2024-07-14,10,27.9,23.7,33.4,0,73.0,9.5,14
2024-07-14,11,27.4,22.0,34.1,0,57.0,19.7,11.9
2024-07-14,12,26.3,22.7,31.4,0,57.0,14.4,12.7
2024-07-14,13,30.8,25.4,36.3,1.5,38.0,19.6,13.1
2024-07-14,14,30.7,25.7,37.7,0,52.0,14.9,8.7
2024-07-14,15,25.1,20.5,29.0,1.2,64.0,24.8,13.3
2024-07-14,16,27.1,23.2,31.2,0,69.0,23.6,14
2024-07-14,17,32.9,29.0,38.9,0,27.0,29.0,11.6
2024-07-14,18,26.1,21.5,30.5,0,40.0,25.2,12.1
2024-07-14,19,31.5,28.2,36.3,0,46.0,36.4,11.6
2024-07-14,20,31.2,27.7,38.1,0,55.0,15.5,9.8
2024-07-14,21,28.3,24.4,34.9,10.5,63.0,14.2,12.0
2024-07-14,22,29.4,25.9,32.6,0,38.0,4.2,11.7
2024-07-14,23,35.8,32.1,39.7,0,13.0,11.2,14.0
2024-07-14,24,31.3,26.2,35.2,0,48.0,11.6,12.4
2024-07-14,25,29.3,23.8,34.6,0,36.0,9.9,11.4
2024-07-15,1,29.4,24.4,35.6,0,55.0,9.9,12.1
2024-07-15,2,29.0,24.5,35.3,0,64.0,29.1,12.5
2024-07-15,3,29.2,24.7,32.6,0,52.0,17.1,10.9
2024-07-15,4,28.3,23.8,31.7,0,60.0,8.4,11.6
2024-07-15,5,25.3,20.6,31.0,0,59.0,8.9,11.6
2024-07-15,6,27.5,22.3,31.9,0,55.0,24.4,10.1
2024-07-15,7,28.7,24.7,35.5,0,54.0,1.2,11.9
2024-07-15,8,25.9,20.1,30.7,0,54.0,13.0,11.9
2024-07-15,9,27.7,23.3,31.1,0.2,69.0,23.6,11.5
2024-07-15,10,27.1,23.6,33.4,0,48.0,3.8,10.8
2024-07-15,11,26.5,22.9,30.5,0,60.0,11.5,12.0
2024-07-15,12,24.8,20.3,29.6,8.3,53.0,9.2,12.1
2024-07-15,13,29.4,24.4,32.8,0,45.0,12.0,11.6
2024-07-15,14,29.1,24.1,32.3,0,57.0,1.6,11.8
2024-07-15,15,27.2,21.4,31.1,0,76.0,35.0,11.8
2024-07-15,16,27.2,22.4,30.8,0,51.0,16.4,11.2
2024-07-15,17,28.8,25.3,34.2,0,17.0,9.2,11.7
2024-07-15,18,28.1,24.9,33.6,0,39.0,18.5,10.4
2024-07-15,19,31.2,26.8,36.9,0,45.0,16.4,11.2
2024-07-15,20,30.3,27.2,37.2,0,26.0,21.3,12.1
2024-07-15,21,28.5,22.9,33.8,0,44.0,15.8,13.0
2024-07-15,22,28.4,24.8,34.2,2.9,47.0,21.8,10.7
2024-07-15,23,36.6,33.4,39.8,0,19.0,29.5,11.9
2024-07-15,24,27.1,21.4,31.8,0,48.0,16.6,11.3
2024-07-15,25,32.3,26.9,38.9,0,25.0,17.4,9.9
2024-07-16,1,26.9,21.8,33.7,0,57.0,20.7,12.3
2024-07-16,2,26.4,22.7,32.5,1.1,57.0,20.4,10.2
2024-07-16,3,25.2,20.9,31.9,0,52.0,4.1,13.3
2024-07-16,4,26.8,23.6,33.7,0,47.0,11.6,11.1
2024-07-16,5,28.9,24.1,35.3,0,46.0,19.1,11.0
2024-07-16,6,25.5,22.3,32.0,2.9,51.0,25.0,12.8
2024-07-16,7,26.2,22.2,30.7,0,50.0,16.8,13.8
2024-07-16,8,26.8,22.5,30.3,0,68.0,4.5,9.9
2024-07-16,9,31.2,26.9,36.7,0,55.0,2.3,10.5
2024-07-16,10,30.5,27.5,33.8,0,61.0,23.5,11.8
2024-07-16,11,25.8,20.5,32.8,1.8,63.0,17.3,11.4
2024-07-16,12,26.8,23.3,31.4,0,50.0,19.6,13.2
2024-07-16,13,29.0,23.7,32.7,0,40.0,14.7,10.3
2024-07-16,14,28.0,22.5,33.4,0,46.0,4.9,13.4
2024-07-16,15,24.3,19.2,30.5,0,55.0,18.2,10.3
2024-07-16,16,26.7,22.6,33.3,0,72.0,5.6,9.9
2024-07-16,17,29.9,24.1,34.9,0,25.0,26.6,12.3
2024-07-16,18,28.9,23.8,33.3,0,51.0,23.0,12.0
2024-07-16,19,30.5,25.9,34.3,0,38.0,15.4,10.8
2024-07-16,20,29.7,26.6,32.9,0,52.0,3.3,14
2024-07-16,21,28.9,25.3,32.3,0,53.0,20.1,10.1
2024-07-16,22,29.8,26.8,33.2,2.7,60.0,28.0,11.4
2024-07-16,23,33.0,29.3,39.8,1.2,28.0,15.3,10.5
2024-07-16,24,27.2,22.0,33.8,0,53.0,17.5,13.3
2024-07-16,25,32.8,28.6,37.4,0,49.0,23.2,14
2024-07-17,1,29.8,25.8,36.6,0,59.0,20.8,11.3
2024-07-17,2,29.0,23.0,33.1,0,60.0,13.6,11.9
2024-07-17,3,26.8,20.9,31.9,0,70.0,20.2,11.7
2024-07-17,4,26.3,20.6,30.6,0,51.0,8.0,13.2
2024-07-17,5,28.7,25.0,31.8,0,73.0,20.7,11.4
2024-07-17,6,28.0,22.6,31.2,0,54.0,7.2,12.1
2024-07-17,7,25.9,20.9,30.2,0,63.0,17.0,12.2
2024-07-17,8,27.7,22.1,34.6,0,58.0,8.7,13.4
2024-07-17,9,30.0,25.7,33.3,0,50.0,25.1,11.6
2024-07-17,10,32.1,27.6,38.9,0,62.0,17.2,12.4
2024-07-17,11,26.8,22.1,33.5,0,53.0,9.4,12.4
2024-07-17,12,26.9,23.6,30.4,0,57.0,22.4,11.4
2024-07-17,13,28.5,24.4,35.3,0,53.0,7.8,12.8
2024-07-17,14,26.3,22.5,29.7,0,48.0,8.4,13.3
2024-07-17,15,23.0,17.9,28.3,0,55.0,21.4,10.9
2024-07-17,16,26.3,22.1,30.6,1.3,62.0,19.6,13.5
2024-07-17,17,31.6,26.2,38.4,0,37.0,3.6,12.7
2024-07-17,18,29.8,25.4,34.9,0,46.0,18.0,14
2024-07-17,19,31.1,27.3,37.6,0,59.0,9.2,13.3
2024-07-17,20,28.9,24.4,34.6,0,36.0,22.7,10.8
2024-07-17,21,28.7,24.6,33.0,0,55.0,17.9,9.9
2024-07-17,22,27.7,24.3,34.1,0,53.0,26.3,10.0
2024-07-17,23,36.6,33.3,43.6,0,29.0,11.2,11.3
2024-07-17,24,26.0,21.1,31.1,7.1,53.0,1.9,9.1
2024-07-17,25,30.0,24.7,34.2,0,48.0,25.0,10.4
2024-07-18,1,28.6,23.2,35.2,0,41.0,3.2,11.7
2024-07-18,2,27.3,22.7,30.4,0,69.0,18.8,9.5
2024-07-18,3,30.2,24.5,35.3,0,57.0,14.4,12.4
2024-07-18,4,26.7,22.7,29.8,0,71.0,24.7,13.0
2024-07-18,5,28.7,22.8,32.6,0,60.0,0.2,11.1
2024-07-18,6,24.8,20.1,30.4,0,63.0,20.6,5.5
2024-07-18,7,28.8,24.1,33.5,0,66.0,18.1,11.3
2024-07-18,8,29.6,23.8,36.4,0,51.0,15.7,10.6
2024-07-18,9,30.1,24.9,34.4,0,61.0,20.1,13.8
2024-07-18,10,30.9,27.1,36.0,0,58.0,20.6,9.7
2024-07-18,11,25.9,22.7,29.6,2.9,55.0,20.7,11.4
2024-07-18,12,26.2,21.9,30.9,0,55.0,2.2,11.5
2024-07-18,13,30.7,26.6,37.1,0,52.0,11.3,10.6
2024-07-18,14,28.9,24.8,32.1,0,61.0,3.0,11.4
2024-07-18,15,23.7,19.5,28.1,0,70.0,22.9,13.3
2024-07-18,16,29.7,26.1,36.3,0,52.0,16.0,11.1
2024-07-18,17,35.7,30.0,42.6,0,36.0,8.9,11.5
2024-07-18,18,29.3,23.6,35.0,0,37.0,22.3,8.2
2024-07-18,19,29.1,24.4,32.5,0,51.0,9.0,8.7
2024-07-18,20,30.1,24.5,33.3,0,52.0,13.0,14
2024-07-18,21,27.4,22.5,32.5,0,56.0,5.8,10.9
2024-07-18,22,27.8,23.0,32.3,0,48.0,20.2,13.4
2024-07-18,23,32.1,26.2,36.8,0,18.0,15.6,13.3
2024-07-18,24,28.1,24.1,34.7,0.9,60.0,14.2,9.1
2024-07-18,25,33.8,28.9,38.7,0,39.0,14.8,7.7
2024-07-19,1,29.3,23.5,35.7,2.6,74.0,22.5,12.2
2024-07-19,2,30.7,26.5,36.0,0,67.0,18.7,10.9
2024-07-19,3,25.3,21.4,30.1,0,65.0,11.8,10.3
2024-07-19,4,30.1,26.2,34.1,4.9,56.0,17.3,12.4
2024-07-19,5,26.4,22.1,32.0,0,43.0,4.8,11.7
2024-07-19,6,28.7,23.8,35.6,0,60.0,3.7,11.6
2024-07-19,7,26.9,23.6,32.5,0.0,47.0,15.7,12.5
2024-07-19,8,26.7,23.2,29.8,2.1,44.0,6.1,11.7
2024-07-19,9,27.2,23.5,33.7,0,48.0,14.1,12.1
2024-07-19,10,28.5,23.6,32.0,0,59.0,22.0,10.2
2024-07-19,11,25.4,21.1,29.9,0,63.0,39.9,12.8
2024-07-19,12,25.4,19.7,29.1,8.6,53.0,6.6,11.1
2024-07-19,13,31.8,28.2,35.7,0,49.0,12.6,9.6
2024-07-19,14,27.5,23.6,33.7,2.1,49.0,10.6,9.9
2024-07-19,15,27.0,21.4,33.1,5.9,57.0,16.8,10.1
2024-07-19,16,26.9,22.7,32.7,0,57.0,15.4,13.4
2024-07-19,17,29.7,24.8,33.0,0,35.0,21.3,10.8
2024-07-19,18,29.2,24.2,34.8,0,45.0,11.7,13.8
2024-07-19,19,28.2,23.2,31.4,0,49.0,2.2,10.2
2024-07-19,20,30.1,24.3,36.5,0,54.0,9.2,13.5
2024-07-19,21,27.7,22.4,31.3,0,44.0,22.7,12.6
2024-07-19,22,28.0,22.1,32.3,0,44.0,20.5,12.0
2024-07-19,23,34.6,30.3,39.2,0,35.0,24.1,10.4
2024-07-19,24,28.3,23.0,33.5,0,52.0,6.1,11.4
2024-07-19,25,31.3,26.4,34.9,0,44.0,16.6,11.7
2024-07-20,1,27.0,21.6,30.4,0,52.0,6.8,11.3
2024-07-20,2,26.7,23.1,30.0,0,58.0,11.7,10.9
2024-07-20,3,28.8,23.6,34.1,0,46.0,25.1,12.7
2024-07-20,4,25.8,20.8,28.9,0,44.0,9.9,10.3
2024-07-20,5,26.0,22.2,31.7,0,41.0,9.7,9.4
2024-07-20,6,28.8,24.1,33.4,0,48.0,9.0,9.6
2024-07-20,7,27.2,24.0,34.1,0.4,55.0,2.1,11.9
2024-07-20,8,28.8,23.2,32.8,0,64.0,15.5,12.4
2024-07-20,9,26.8,22.5,31.7,0,57.0,14.9,13.7
2024-07-20,10,28.8,23.3,33.1,0,46.0,12.6,12.2
2024-07-20,11,27.4,22.5,32.2,0.0,64.0,17.7,11.0
2024-07-20,12,27.9,22.3,31.1,0,54.0,25.1,12.4
2024-07-20,13,29.0,23.5,36.0,0,45.0,12.8,9.8
2024-07-20,14,29.4,25.5,33.0,0,36.0,18.0,11.0
2024-07-20,15,27.8,24.0,31.8,0,76.0,0.4,11.3
2024-07-20,16,27.3,23.6,31.7,0,47.0,29.0,10.1
2024-07-20,17,28.6,22.9,32.9,0,31.0,14.3,9.9
2024-07-20,18,28.4,23.9,33.6,0.2,54.0,5.3,11.3
2024-07-20,19,30.0,24.5,36.3,0,57.0,13.0,8.8
2024-07-20,20,30.2,25.2,33.6,0,46.0,8.0,9.7
2024-07-20,21,26.1,22.4,32.2,0,41.0,26.4,8.7
2024-07-20,22,26.7,22.9,32.0,0,60.0,12.5,11.0
2024-07-20,23,33.0,27.3,37.6,0,22.0,22.4,11.9
2024-07-20,24,25.3,22.0,32.3,0,65.0,20.5,11.9
2024-07-20,25,28.1,22.9,35.0,0,42.0,5.3,8.9
2024-07-21,1,28.0,24.7,33.9,0,48.0,23.8,9.4
2024-07-21,2,28.6,24.2,34.2,0,48.0,15.2,12.8
2024-07-21,3,28.6,23.7,32.3,0,53.0,9.6,13.5
2024-07-21,4,25.7,20.7,30.1,0,62.0,4.4,10.0
2024-07-21,5,27.7,24.1,33.0,0,58.0,6.6,10.0
2024-07-21,6,28.1,23.4,35.0,0,61.0,26.7,11.4
2024-07-21,7,25.8,20.7,29.2,0,57.0,6.9,12.5
2024-07-21,8,25.5,22.5,28.8,0,61.0,5.5,10.8
2024-07-21,9,29.6,26.4,33.2,0,58.0,20.7,11.8
2024-07-21,10,27.4,24.2,32.7,0,42.0,15.2,9.6
2024-07-21,11,24.5,20.5,29.9,3.9,46.0,12.3,11.9
2024-07-21,12,24.4,19.4,30.8,0,59.0,19.7,13.7
2024-07-21,13,29.7,24.4,35.6,0,50.0,16.0,12.4
2024-07-21,14,30.8,26.5,36.3,0,48.0,14.2,10.3
2024-07-21,15,25.8,21.6,30.8,4.0,53.0,10.2,13.6
2024-07-21,16,26.6,22.5,29.7,0,66.0,19.8,10.6
2024-07-21,17,30.8,27.4,36.0,0,18.0,11.1,9.6
2024-07-21,18,29.4,25.4,35.3,0,44.0,27.4,10.4
2024-07-21,19,29.5,26.2,32.6,0,39.0,23.0,12.5
2024-07-21,20,27.6,22.1,32.5,0,33.0,21.0,11.0
2024-07-21,21,25.4,21.1,31.7,0,56.0,22.5,10.9
2024-07-21,22,29.0,25.1,35.1,0,37.0,16.3,12.5
2024-07-21,23,32.8,28.1,39.7,0,29.0,1.8,11.7
2024-07-21,24,28.6,22.8,33.4,0,69.0,3.9,11.2
2024-07-21,25,29.6,26.0,33.8,0,40.0,11.1,10.4
2024-07-22,1,27.4,21.5,30.9,0,56.0,10.2,13.2
2024-07-22,2,26.9,22.7,32.4,0,61.0,9.7,10.0
2024-07-22,3,26.0,20.1,30.9,0,53.0,22.7,11.0
2024-07-22,4,24.7,18.9,30.0,0,51.0,26.1,12.6
2024-07-22,5,24.6,20.4,29.0,0,59.0,9.0,9.8
2024-07-22,6,24.3,19.7,29.6,0,55.0,28.3,9.5
2024-07-22,7,25.5,20.1,31.0,0,61.0,13.4,14
2024-07-22,8,26.0,22.8,30.8,0,41.0,11.9,12.5
2024-07-22,9,27.9,24.1,32.7,0,63.0,21.0,12.6
2024-07-22,10,26.3,22.2,32.6,0,53.0,17.9,10.9
2024-07-22,11,24.3,19.7,28.6,0,58.0,21.8,9.9
2024-07-22,12,26.9,23.3,32.3,0,61.0,17.8,11.3
2024-07-22,13,28.0,24.0,31.5,0,43.0,11.7,12.5
2024-07-22,14,31.3,28.1,35.2,0,54.0,18.3,12.6
2024-07-22,15,26.7,22.3,33.6,1.4,53.0,31.2,10.0
2024-07-22,16,27.0,23.0,30.8,0,46.0,19.3,13.5
2024-07-22,17,29.2,23.4,35.5,0,31.0,23.0,11.4
2024-07-22,18,28.1,23.0,31.6,0,33.0,24.3,11.2
2024-07-22,19,27.3,22.4,32.4,0,47.0,22.5,13.1
2024-07-22,20,28.5,22.9,33.2,0,47.0,23.0,10.5
2024-07-22,21,24.7,19.6,31.2,0,44.0,6.2,12.2
2024-07-22,22,24.9,20.4,29.2,0,27.0,31.4,11.4
2024-07-22,23,35.9,32.0,40.3,0,30.0,11.9,9.3
2024-07-22,24,28.1,22.2,35.0,0,67.0,18.3,11.3
2024-07-22,25,31.4,26.2,37.1,0,35.0,9.6,12.5
2024-07-23,1,27.5,23.8,31.9,0,62.0,21.6,11.8
2024-07-23,2,26.3,22.0,30.1,0,57.0,16.7,8.8
2024-07-23,3,27.1,21.7,31.3,7.6,52.0,18.5,8.3
2024-07-23,4,26.5,22.0,31.5,1.4,57.0,12.9,12.1
2024-07-23,5,26.8,23.2,31.3,0,57.0,6.5,11.4
2024-07-23,6,27.3,23.2,33.4,0,69.0,22.3,11.0
2024-07-23,7,27.4,23.2,32.0,0,45.0,16.8,9.4
2024-07-23,8,25.7,21.1,31.9,0,69.0,21.5,13.9
2024-07-23,9,26.5,22.2,33.0,0,53.0,18.7,12.2
2024-07-23,10,29.8,25.8,33.6,0,51.0,15.9,14
2024-07-23,11,25.1,22.0,32.0,0,64.0,16.7,12.7
2024-07-23,12,25.8,22.2,32.2,0,80.0,16.5,7.7
2024-07-23,13,28.2,23.6,32.9,0,49.0,22.7,11.6
2024-07-23,14,23.9,19.9,28.4,0,55.0,13.7,8.7
2024-07-23,15,24.7,21.7,31.5,0,67.0,10.8,9.8
2024-07-23,16,27.2,21.2,31.3,0,57.0,9.6,8.7
2024-07-23,17,28.3,23.8,31.6,0,34.0,27.3,9.8
2024-07-23,18,26.5,22.5,31.5,0,41.0,17.4,9.1
2024-07-23,19,29.7,25.8,33.1,0,47.0,17.4,11.4
2024-07-23,20,25.8,20.5,31.1,0,51.0,7.9,12.4
2024-07-23,21,28.9,23.4,32.3,0,61.0,0.5,8.3
2024-07-23,22,29.4,26.3,33.5,0,56.0,13.5,11.5
2024-07-23,23,34.6,29.9,37.7,0,22.0,11.4,10.8
2024-07-23,24,25.3,19.7,30.8,4.1,59.0,9.8,13.6
2024-07-23,25,28.4,23.5,34.4,0,35.0,9.4,9.7
2024-07-24,1,28.9,23.6,33.5,0,60.0,7.4,12.1
2024-07-24,2,27.6,23.7,32.7,0,52.0,5.3,11.3
2024-07-24,3,27.0,21.7,33.1,0,64.0,11.9,10.1
2024-07-24,4,24.9,20.1,31.2,0,44.0,11.5,9.0
2024-07-24,5,27.2,24.1,31.6,0,58.0,24.6,10.5
2024-07-24,6,26.2,20.5,31.4,0,79.0,17.5,9.6
2024-07-24,7,24.5,21.2,27.5,0,48.0,21.6,12.2
2024-07-24,8,24.8,20.5,28.1,0,56.0,24.0,10.6
2024-07-24,9,28.9,24.7,34.0,0,59.0,15.3,11.4
2024-07-24,10,28.9,24.8,32.4,0,46.0,17.2,11.4
2024-07-24,11,25.0,19.2,29.5,1.9,67.0,27.3,13.1
2024-07-24,12,26.1,21.8,31.4,0,65.0,22.5,13.8
2024-07-24,13,29.7,25.0,36.4,0,28.0,2.7,8.4
2024-07-24,14,27.3,22.7,32.9,0,52.0,8.5,10.0
2024-07-24,15,23.9,20.2,29.9,0,65.0,22.0,12.0
2024-07-24,16,27.2,21.3,33.5,0,57.0,20.1,10.5
2024-07-24,17,31.6,28.5,35.6,0,41.0,9.2,12.3
2024-07-24,18,27.0,22.0,32.9,7.0,49.0,5.8,12.2
2024-07-24,19,29.1,25.8,34.8,0,39.0,26.3,9.2
2024-07-24,20,31.8,27.1,35.8,0,41.0,17.0,10.4
2024-07-24,21,24.7,19.3,29.5,0,43.0,26.8,10.1
2024-07-24,22,27.1,22.6,31.7,0,54.0,3.3,11.3
2024-07-24,23,34.7,29.2,41.3,0.1,33.0,13.2,10.2
2024-07-24,24,27.1,23.0,31.6,0,62.0,27.0,14.0
2024-07-24,25,28.7,25.1,32.7,0,25.0,12.2,9.9
2024-07-25,1,27.7,23.7,34.5,0,48.0,5.5,9.2
2024-07-25,2,27.6,23.5,34.2,0,51.0,31.1,12.3
2024-07-25,3,25.6,22.0,28.6,0.3,49.0,10.8,11.7
2024-07-25,4,28.8,23.9,32.7,0,59.0,26.0,12.7
2024-07-25,5,27.6,23.3,31.6,0,65.0,21.1,12.2
2024-07-25,6,26.4,22.1,31.8,0,49.0,19.3,8.2
2024-07-25,7,23.8,18.5,29.0,0,52.0,11.4,8.7
2024-07-25,8,25.6,20.9,29.7,0,58.0,16.2,10.1
2024-07-25,9,25.5,21.0,32.5,0,55.0,15.0,9.6
2024-07-25,10,25.3,20.5,31.8,0,53.0,11.1,12.4
2024-07-25,11,24.4,19.9,30.5,0.3,66.0,24.0,12.7
2024-07-25,12,26.4,21.9,31.8,0,46.0,9.3,14
2024-07-25,13,27.1,23.5,30.5,0,44.0,33.8,10.5
2024-07-25,14,28.4,25.1,33.0,0,42.0,21.0,11.2
2024-07-25,15,25.2,21.8,30.6,0,66.0,21.8,9.0
2024-07-25,16,24.1,18.2,27.3,0,49.0,16.9,8.9
2024-07-25,17,30.2,24.5,34.7,0,46.0,20.8,8.3
2024-07-25,18,26.6,21.5,32.7,1.6,40.0,20.2,13.3
2024-07-25,19,28.4,25.3,32.0,0,52.0,6.7,8.8
2024-07-25,20,27.8,23.1,33.2,0,65.0,21.4,10.5
2024-07-25,21,25.6,20.5,32.0,0,44.0,18.6,10.9
2024-07-25,22,27.6,24.5,32.3,3.4,44.0,21.9,11.4
2024-07-25,23,31.4,26.6,38.1,0.1,28.0,7.7,9.9
2024-07-25,24,32.0,27.6,36.4,0,65.0,7.9,11.8
2024-07-25,25,29.6,25.0,34.2,1.0,39.0,25.8,10.1
2024-07-26,1,27.2,22.9,31.1,0,63.0,26.5,11.8
2024-07-26,2,23.3,18.0,28.6,0,62.0,31.9,11.2
2024-07-26,3,28.4,24.4,34.6,0,72.0,21.3,13.4
2024-07-26,4,24.5,18.5,31.2,0,58.0,7.9,10.9
2024-07-26,5,25.4,20.2,31.7,0,49.0,19.5,11.4
2024-07-26,6,26.7,22.7,30.4,0,62.0,17.3,10.2
2024-07-26,7,24.3,20.7,30.3,0,55.0,23.2,12.3
2024-07-26,8,26.9,21.9,33.3,0,55.0,16.0,9.6
2024-07-26,9,27.6,23.0,33.8,0,57.0,13.8,12.9
2024-07-26,10,30.1,24.6,35.4,0,59.0,14.0,12.6
2024-07-26,11,22.2,16.7,26.2,0,76.0,7.8,12.7
2024-07-26,12,25.6,20.1,29.9,0,63.0,12.8,11.1
2024-07-26,13,29.9,25.5,33.0,0,40.0,14.5,10.3
2024-07-26,14,28.7,23.1,34.9,0,48.0,27.5,10.9
2024-07-26,15,25.7,22.0,32.0,0,64.0,7.7,11.8
2024-07-26,16,26.7,22.8,29.9,0,60.0,4.4,7.0
2024-07-26,17,31.1,28.1,37.9,0,33.0,24.8,14
2024-07-26,18,28.8,25.6,33.4,0,45.0,15.5,9.5
2024-07-26,19,30.1,25.9,34.2,0,45.0,20.0,10.8
2024-07-26,20,30.8,25.7,34.3,0,47.0,12.5,12.6
2024-07-26,21,26.6,21.4,32.1,0,49.0,8.4,12.5
2024-07-26,22,25.3,22.2,31.6,0,43.0,7.6,11.9
2024-07-26,23,34.1,30.6,38.7,0,16.0,12.2,10.7
2024-07-26,24,26.9,23.4,30.3,0,52.0,27.3,11.4
2024-07-26,25,30.4,25.0,34.9,0,20.0,22.8,11.6
2024-07-27,1,26.4,22.6,30.1,0,55.0,21.4,9.9
2024-07-27,2,25.9,21.2,30.4,1.5,69.0,22.4,12.9
2024-07-27,3,27.8,23.0,34.2,0,49.0,11.8,9.7
2024-07-27,4,25.9,21.3,32.6,0,60.0,10.5,8.2
2024-07-27,5,23.8,20.4,30.0,0,56.0,15.0,12.7
2024-07-27,6,28.8,25.5,32.1,1.2,68.0,21.9,12.9
2024-07-27,7,21.4,15.7,28.2,0,60.0,25.7,12.0
2024-07-27,8,26.3,21.1,32.9,0,63.0,14.1,12.9
2024-07-27,9,29.5,25.3,33.8,0,48.0,13.9,11.4
2024-07-27,10,26.0,23.0,30.0,0,65.0,6.6,8.8
2024-07-27,11,27.1,21.3,31.9,0,59.0,19.4,13.9
2024-07-27,12,27.4,23.0,32.5,0,70.0,10.0,9.4
2024-07-27,13,28.9,25.4,35.6,0,44.0,7.3,11.3
2024-07-27,14,30.0,26.9,33.2,2.2,50.0,7.3,9.0
2024-07-27,15,23.5,18.1,29.3,0,78.0,22.1,9.6
2024-07-27,16,29.0,25.8,33.7,0,56.0,13.4,13.3
2024-07-27,17,29.1,23.2,32.4,0,48.0,21.5,9.8
2024-07-27,18,28.4,22.6,32.0,0,34.0,10.9,10.8
2024-07-27,19,29.5,25.2,36.4,0,46.0,14.3,8.3
2024-07-27,20,27.4,23.2,31.3,0,52.0,28.6,10.0
2024-07-27,21,28.5,23.6,32.4,0,59.0,8.8,11.6
2024-07-27,22,29.4,25.5,33.4,11.7,55.0,21.9,11.9
2024-07-27,23,34.5,30.5,39.2,0,19.0,11.0,10.0
2024-07-27,24,29.0,24.6,36.0,0,67.0,25.4,10.1
2024-07-27,25,28.5,22.8,32.4,0,48.0,7.2,7.7
2024-07-28,1,23.6,20.4,28.5,0,53.0,21.8,8.8
2024-07-28,2,25.0,21.6,31.2,0,59.0,21.4,10.8
2024-07-28,3,25.9,20.3,30.0,0,50.0,11.7,12.6
2024-07-28,4,26.5,22.4,32.1,0,70.0,10.3,10.2
2024-07-28,5,26.5,23.2,31.2,0,49.0,25.9,14.0
2024-07-28,6,26.7,21.2,32.5,0,55.0,12.4,12.0
2024-07-28,7,28.0,23.6,31.3,0,60.0,3.9,10.7
2024-07-28,8,23.9,20.1,27.0,0,56.0,15.8,11.2
2024-07-28,9,27.0,22.9,32.4,0,43.0,6.5,10.2
2024-07-28,10,25.8,22.3,30.3,5.3,52.0,14.4,8.9
2024-07-28,11,25.0,21.7,31.7,3.0,58.0,16.4,10.6
2024-07-28,12,24.7,19.0,31.0,0,50.0,19.1,12.5
2024-07-28,13,26.5,23.4,33.4,0,34.0,14.9,10.4
2024-07-28,14,27.4,22.1,31.0,0,52.0,28.9,13.3
2024-07-28,15,24.2,19.5,30.3,0,68.0,20.0,14
2024-07-28,16,26.7,22.2,31.0,0,67.0,13.6,9.9
2024-07-28,17,31.8,26.2,35.3,0,22.0,11.1,11.1
2024-07-28,18,27.4,23.5,31.1,0,41.0,10.5,11.0
2024-07-28,19,28.2,23.1,34.6,0,56.0,17.6,8.7
2024-07-28,20,28.5,23.7,32.3,0,51.0,15.7,12.6
2024-07-28,21,28.1,23.7,33.6,0,60.0,16.6,11.3
2024-07-28,22,27.8,23.1,33.4,0,45.0,5.5,14
2024-07-28,23,35.2,32.2,41.3,0,19.0,10.1,8.6
2024-07-28,24,24.7,19.3,30.5,0,55.0,11.1,13.4
2024-07-28,25,27.1,23.0,30.6,0,41.0,9.1,9.8
2024-07-29,1,24.9,21.5,28.5,0,42.0,24.3,12.2
2024-07-29,2,25.5,21.9,29.0,0,53.0,22.4,14
2024-07-29,3,25.8,22.0,32.7,0,53.0,1.3,10.5
2024-07-29,4,25.7,22.4,29.5,0,70.0,19.0,11.6
2024-07-29,5,26.4,22.0,30.4,0,60.0,27.0,8.9
2024-07-29,6,22.7,17.5,28.6,0,61.0,1.9,9.4
2024-07-29,7,26.0,21.4,30.4,0,61.0,20.2,10.6
2024-07-29,8,25.4,19.6,28.9,0,57.0,14.7,9.9
2024-07-29,9,26.9,23.9,33.9,0,56.0,7.7,11.4
2024-07-29,10,26.8,22.5,32.0,0,52.0,6.7,9.8
2024-07-29,11,25.6,22.6,30.4,0,56.0,5.2,8.3
2024-07-29,12,26.1,22.8,32.3,0,53.0,10.0,9.1
2024-07-29,13,27.3,23.2,31.5,0,51.0,7.9,11.2
2024-07-29,14,31.6,25.8,35.8,0,54.0,0.6,10.5
2024-07-29,15,26.1,22.8,29.6,0,59.0,7.8,8.5
2024-07-29,16,23.7,19.1,28.0,0,55.0,26.5,13.4
2024-07-29,17,29.2,23.3,35.3,0,46.0,2.0,10.6
2024-07-29,18,26.7,22.6,32.8,6.5,45.0,17.0,9.8
2024-07-29,19,28.7,25.6,33.3,0,39.0,3.5,11.0
2024-07-29,20,28.0,22.7,31.9,0,40.0,15.7,10.3
2024-07-29,21,25.7,22.4,32.5,0,54.0,14.9,10.5
2024-07-29,22,26.8,23.5,30.6,0,56.0,16.1,12.6
2024-07-29,23,34.3,29.0,38.2,0,31.0,13.9,10.6
2024-07-29,24,27.8,24.4,31.0,16.4,64.0,12.1,11.4
2024-07-29,25,25.9,21.7,32.2,0,42.0,13.5,10.1
2024-07-30,1,25.1,20.6,28.6,0,60.0,17.5,10.6
2024-07-30,2,24.9,21.5,30.6,4.5,61.0,17.8,13.5
2024-07-30,3,28.1,24.7,31.2,0,53.0,24.2,13.5
2024-07-30,4,25.9,21.4,32.1,0,46.0,20.8,11.0
2024-07-30,5,25.4,22.3,32.3,3.6,47.0,21.7,7.1
2024-07-30,6,23.6,17.8,29.6,0,66.0,3.1,12.3
2024-07-30,7,21.1,16.0,26.2,3.5,69.0,12.7,14
2024-07-30,8,27.1,24.0,34.0,0,62.0,29.6,12.4
2024-07-30,9,25.6,21.6,30.5,0,63.0,29.0,11.0
2024-07-30,10,29.5,24.5,35.6,0,58.0,10.1,10.2
2024-07-30,11,25.7,22.0,29.7,0,62.0,14.3,11.2
2024-07-30,12,25.2,21.1,30.1,0,52.0,22.7,8.6
2024-07-30,13,27.9,24.0,32.0,0,56.0,31.7,11.1
2024-07-30,14,29.4,25.1,35.8,0,54.0,5.5,11.3
2024-07-30,15,25.0,20.4,29.7,2.8,77.0,11.6,13.9
2024-07-30,16,25.2,21.3,29.9,0,58.0,12.1,11.1
2024-07-30,17,29.6,25.2,33.9,0,39.0,18.9,10.8
2024-07-30,18,26.1,20.6,30.5,0,39.0,7.9,12.2
2024-07-30,19,30.1,25.3,34.3,0,54.0,23.0,10.2
2024-07-30,20,30.2,24.8,34.2,0,34.0,11.3,9.2
2024-07-30,21,27.2,21.2,32.8,0,37.0,21.3,8.2
2024-07-30,22,27.0,21.1,30.9,0,52.0,13.8,10.1
2024-07-30,23,31.1,27.6,35.3,0,30.0,9.8,11.4
2024-07-30,24,25.8,21.5,30.2,0,66.0,2.3,10.7
2024-07-30,25,29.4,26.1,35.1,0,51.0,1.3,10.7
2024-07-31,1,28.0,22.6,34.5,0,46.0,13.2,13.2
2024-07-31,2,24.9,19.1,30.3,0,45.0,16.7,9.1
2024-07-31,3,25.2,21.9,31.6,0,36.0,12.0,12.5
2024-07-31,4,30.1,27.1,33.2,0,46.0,3.3,12.7
2024-07-31,5,26.8,22.6,33.3,0,54.0,22.5,12.8
2024-07-31,6,23.3,18.8,28.6,0,53.0,9.1,10.9
2024-07-31,7,24.1,18.6,28.7,0,67.0,1.4,9.3
2024-07-31,8,25.3,21.6,31.8,0,61.0,0.5,9.6
2024-07-31,9,25.5,20.0,30.8,0,57.0,6.9,11.4
2024-07-31,10,23.7,18.5,29.5,0.2,63.0,17.8,12.1
2024-07-31,11,24.4,20.4,30.1,0,67.0,21.5,11.8
2024-07-31,12,22.7,17.2,27.9,0,55.0,15.1,9.1
2024-07-31,13,27.7,23.6,33.3,0,47.0,18.9,13.8
2024-07-31,14,26.1,20.2,31.1,0,46.0,23.6,8.7
2024-07-31,15,22.6,17.1,26.0,8.8,66.0,20.1,9.4
2024-07-31,16,26.5,22.4,33.3,0.2,59.0,10.6,11.7
2024-07-31,17,29.0,23.5,34.5,0,36.0,6.4,10.4
2024-07-31,18,25.6,19.7,29.5,0,49.0,30.5,8.8
2024-07-31,19,27.2,22.0,33.0,0,45.0,3.3,12.6
2024-07-31,20,28.6,24.8,32.9,0,39.0,20.1,12.9
2024-07-31,21,26.4,21.7,30.7,0.0,52.0,6.4,11.3
2024-07-31,22,26.5,21.6,32.2,2.2,46.0,10.6,12.3
2024-07-31,23,32.0,26.9,37.4,0,26.0,19.3,10.4
2024-07-31,24,29.2,23.7,32.3,0,43.0,5.3,11.7
2024-07-31,25,30.4,25.0,35.1,0,43.0,14.6,11.7
2024-08-01,1,27.6,22.1,34.5,0,51.0,13.3,11.1
2024-08-01,2,23.1,17.7,27.8,0,59.0,1.1,10.8
2024-08-01,3,25.4,21.6,28.9,0,52.0,12.3,10.5
2024-08-01,4,26.7,21.6,32.0,6.5,61.0,10.1,10.9
2024-08-01,5,24.8,21.5,30.3,0,54.0,7.5,9.5
2024-08-01,6,24.1,20.5,29.0,2.9,60.0,19.4,13.1
2024-08-01,7,25.7,20.9,29.2,0,46.0,9.2,10.8
2024-08-01,8,26.5,20.9,30.2,0,53.0,12.4,10.2
2024-08-01,9,29.2,24.2,34.8,0,55.0,12.0,10.2
2024-08-01,10,26.2,22.3,32.8,0.1,45.0,18.6,11.2
2024-08-01,11,23.2,19.9,27.9,0,65.0,2.2,14
2024-08-01,12,25.0,21.4,28.9,0,61.0,15.0,10.2
2024-08-01,13,25.4,19.5,31.1,0,62.0,14.9,11.8
2024-08-01,14,29.1,25.5,34.8,0,50.0,5.1,13.0
2024-08-01,15,24.0,18.4,29.2,0,37.0,15.6,13.1
2024-08-01,16,25.8,20.9,30.1,0,72.0,37.5,11.0
2024-08-01,17,29.8,24.5,35.6,0,45.0,9.8,11.0
2024-08-01,18,26.9,23.8,33.3,0,45.0,19.7,12.1
2024-08-01,19,27.5,21.9,33.0,0,44.0,13.2,9.6
2024-08-01,20,26.9,22.3,31.8,0,49.0,10.0,10.1
2024-08-01,21,23.7,19.0,27.8,0,52.0,20.0,7.9
2024-08-01,22,28.0,23.5,32.9,0,49.0,2.4,9.9
2024-08-01,23,33.5,29.1,39.3,0,31.0,18.9,12.0
2024-08-01,24,24.0,20.0,30.3,0,49.0,14.6,9.0
2024-08-01,25,29.7,26.3,33.9,0,45.0,14.7,10.5
2024-08-02,1,26.5,23.1,32.6,0,48.0,16.4,9.5
2024-08-02,2,29.0,24.7,33.8,0,64.0,12.9,12.1
2024-08-02,3,26.2,23.0,30.0,0,51.0,18.0,10.9
2024-08-02,4,27.6,23.0,32.0,0,49.0,17.5,13.7
2024-08-02,5,26.5,21.4,32.3,0,50.0,27.3,10.5
2024-08-02,6,25.6,19.9,30.4,0,64.0,24.3,11.0
2024-08-02,7,25.7,22.4,32.4,0,66.0,20.1,9.3
2024-08-02,8,24.5,19.7,30.8,0,62.0,29.4,12.2
2024-08-02,9,29.0,23.2,34.3,0,55.0,27.7,11.9
2024-08-02,10,24.0,18.3,27.6,0,50.0,16.1,10.5
2024-08-02,11,25.7,21.1,30.0,0,63.0,0.2,8.7
2024-08-02,12,28.2,24.3,31.6,0,69.0,15.0,12.5
2024-08-02,13,28.9,24.5,32.2,0,49.0,30.5,6.8
2024-08-02,14,29.0,25.9,35.6,0,54.0,26.1,9.5
2024-08-02,15,22.9,17.0,29.4,0,62.0,13.1,10.3
2024-08-02,16,27.2,22.4,31.0,0,59.0,24.3,8.6
2024-08-02,17,30.7,26.3,35.5,0.5,37.0,28.1,9.1
2024-08-02,18,25.6,21.1,28.6,0,47.0,18.5,12.0
2024-08-02,19,28.3,23.5,32.3,0,50.0,1.5,10.6
2024-08-02,20,28.8,24.8,32.8,0,34.0,5.7,10.4
2024-08-02,21,23.1,19.2,28.3,0,53.0,9.3,11.6
2024-08-02,22,22.8,18.1,28.5,0,44.0,9.3,12.0
2024-08-02,23,30.8,25.6,35.3,0,25.0,19.8,9.9
2024-08-02,24,25.7,21.8,32.7,0,55.0,2.1,8.3
2024-08-02,25,28.2,23.7,33.7,0,27.0,21.9,11.2
2024-08-03,1,27.0,23.6,31.7,0,60.0,3.2,11.9
2024-08-03,2,26.5,20.8,33.3,0,66.0,13.4,11.7
2024-08-03,3,24.0,19.5,28.2,0,63.0,22.8,9.9
2024-08-03,4,24.3,20.0,27.3,0,65.0,20.5,11.1
2024-08-03,5,23.9,20.5,30.6,0,64.0,9.7,9.2
2024-08-03,6,25.1,21.9,29.1,0,61.0,16.5,9.3
2024-08-03,7,27.2,24.1,32.9,0,63.0,3.2,13.7
2024-08-03,8,25.0,22.0,31.6,0,51.0,10.3,10.3
2024-08-03,9,26.4,22.0,29.8,0,62.0,23.1,9.8
2024-08-03,10,28.2,24.8,31.6,0,57.0,16.5,9.7
2024-08-03,11,25.0,19.4,29.1,3.3,56.0,16.1,9.9
2024-08-03,12,27.0,21.7,32.5,0,79.0,21.6,14
2024-08-03,13,23.7,18.3,26.9,0,53.0,10.7,10.2
2024-08-03,14,27.9,23.1,31.9,0,46.0,1.0,11.3
2024-08-03,15,22.1,17.5,28.5,1.0,73.0,16.1,9.2
2024-08-03,16,24.8,20.2,29.5,0,63.0,21.3,9.1
2024-08-03,17,29.9,24.9,36.0,0,45.0,18.4,9.9
2024-08-03,18,27.9,22.8,32.7,0,46.0,10.0,11.6
2024-08-03,19,26.3,23.0,29.8,0,61.0,12.7,11.0
2024-08-03,20,27.9,23.2,34.4,0,43.0,7.2,10.2
2024-08-03,21,26.3,20.7,29.5,0,49.0,15.7,13.6
2024-08-03,22,25.1,21.7,28.4,1.8,50.0,14.6,11.0
2024-08-03,23,28.6,25.5,34.1,0.3,22.0,17.8,9.0
2024-08-03,24,26.7,21.8,32.0,0,78.0,19.1,8.9
2024-08-03,25,28.8,23.1,34.8,0,57.0,9.5,9.4
2024-08-04,1,25.0,21.1,31.8,0,64.0,23.0,8.5
2024-08-04,2,25.8,22.7,28.9,0,52.0,17.3,13.2
2024-08-04,3,26.8,23.8,31.9,0,47.0,23.9,10.0
2024-08-04,4,26.7,21.1,32.5,0,59.0,14.4,10.4
2024-08-04,5,24.9,19.0,30.5,0,75.0,14.8,7.7
2024-08-04,6,27.1,23.8,32.8,0,62.0,19.7,11.9
2024-08-04,7,25.3,21.7,31.0,0,65.0,10.2,12.4
2024-08-04,8,28.2,22.5,33.3,0,66.0,21.2,9.9
2024-08-04,9,23.3,18.8,26.3,0,57.0,13.2,10.6
2024-08-04,10,27.0,23.1,30.0,0,59.0,13.0,11.4
2024-08-04,11,24.3,19.7,27.6,0,66.0,18.2,10.1
2024-08-04,12,24.3,21.1,30.5,0,68.0,1.6,10.9
2024-08-04,13,27.5,23.4,31.3,0,47.0,14.9,9.8
2024-08-04,14,26.4,21.9,30.8,0,52.0,14.0,11.3
2024-08-04,15,27.3,24.3,31.3,0,61.0,27.9,10.2
2024-08-04,16,24.4,19.7,31.1,0,66.0,16.5,9.7
2024-08-04,17,26.9,21.6,31.4,0,44.0,20.5,9.9
2024-08-04,18,25.9,21.1,29.1,0,52.0,12.7,9.7
2024-08-04,19,28.2,22.3,32.7,0,50.0,18.2,9.0
2024-08-04,20,29.7,24.2,33.5,0,60.0,21.2,8.8
2024-08-04,21,26.3,20.3,29.6,2.7,58.0,0.8,9.1
2024-08-04,22,25.0,20.8,30.8,4.8,53.0,32.1,8.2
2024-08-04,23,31.2,25.8,35.7,0,18.0,15.5,9.1
2024-08-04,24,25.6,19.6,32.3,0,48.0,16.3,12.7
2024-08-04,25,29.5,24.7,34.8,0,40.0,16.1,9.4
2024-08-05,1,25.2,21.6,29.3,0,56.0,18.6,13.1
2024-08-05,2,24.8,19.5,28.2,0,49.0,19.5,10.5
2024-08-05,3,27.8,22.8,32.8,0,60.0,21.8,10.7
2024-08-05,4,25.7,21.4,30.2,0,48.0,0.7,11.0
2024-08-05,5,24.6,19.4,29.4,0,53.0,6.7,10.4
2024-08-05,6,24.0,21.0,27.9,0,63.0,16.0,11.0
2024-08-05,7,23.5,17.6,27.3,0,58.0,23.6,10.9
2024-08-05,8,27.5,22.7,31.1,0,69.0,26.6,11.2
2024-08-05,9,25.3,19.5,28.8,1.3,62.0,4.9,8.6
2024-08-05,10,27.2,23.6,32.0,0,48.0,11.3,8.8
2024-08-05,11,22.9,18.3,28.2,1.6,50.0,21.0,9.5
2024-08-05,12,25.3,20.8,31.8,2.9,51.0,9.0,13.2
2024-08-05,13,26.0,22.2,30.3,0,55.0,2.8,11.7
2024-08-05,14,26.5,23.1,30.7,0,43.0,8.2,9.4
2024-08-05,15,23.6,20.2,28.8,0,64.0,13.8,12.9
2024-08-05,16,22.8,18.7,28.7,0,49.0,6.3,10.1
2024-08-05,17,25.3,19.9,29.4,0,30.0,15.1,11.6
2024-08-05,18,26.6,22.4,32.3,0,39.0,9.7,9.4
2024-08-05,19,28.4,23.4,33.4,1.1,53.0,14.9,8.9
2024-08-05,20,31.1,26.3,36.4,0,54.0,11.2,12.5
2024-08-05,21,23.0,19.9,28.8,0,51.0,25.1,14
2024-08-05,22,26.2,20.7,31.0,6.0,39.0,21.9,9.2
2024-08-05,23,36.4,33.1,42.5,0,32.0,4.0,9.9
2024-08-05,24,25.7,22.1,29.0,0,72.0,19.0,10.3
2024-08-05,25,26.2,20.2,30.2,0,42.0,13.0,12.8
2024-08-06,1,25.4,20.9,30.6,0,73.0,14.6,10.0
2024-08-06,2,24.1,19.9,27.6,0,49.0,23.2,7.4
2024-08-06,3,24.2,18.4,28.2,0.4,61.0,8.8,10.8
2024-08-06,4,26.1,21.3,31.9,0,57.0,11.6,11.9
2024-08-06,5,24.4,20.4,30.8,1.6,54.0,16.9,8.9
2024-08-06,6,25.7,20.9,32.7,15.8,64.0,5.3,11.4
2024-08-06,7,27.3,24.0,34.2,0,64.0,15.7,11.3
2024-08-06,8,24.4,19.8,30.1,0,43.0,26.0,10.3
2024-08-06,9,27.2,22.2,32.7,0,41.0,21.5,12.2
2024-08-06,10,26.3,21.0,30.0,0,67.0,11.9,10.7
2024-08-06,11,24.8,20.4,30.4,8.1,71.0,18.5,12.5
2024-08-06,12,25.8,20.4,29.4,0.9,66.0,7.3,12.0
2024-08-06,13,29.5,26.1,34.3,0,51.0,22.0,8.7
2024-08-06,14,29.9,26.7,35.3,3.6,56.0,17.1,10.6
2024-08-06,15,24.8,19.3,30.2,0,70.0,11.3,11.5
2024-08-06,16,25.0,21.8,31.6,0,59.0,17.6,9.8
2024-08-06,17,28.2,24.3,34.2,0,29.0,15.2,10.3
2024-08-06,18,24.8,19.6,29.1,0,39.0,1.8,8.9
2024-08-06,19,24.5,20.9,29.5,0,53.0,19.5,11.7
2024-08-06,20,25.6,19.9,30.9,0,57.0,15.0,9.9
2024-08-06,21,23.0,17.7,26.3,3.3,51.0,19.0,13.6
2024-08-06,22,26.5,23.4,29.6,0,51.0,20.3,11.7
2024-08-06,23,29.2,25.5,35.5,0,35.0,15.7,8.9
2024-08-06,24,26.3,21.3,30.7,0,66.0,21.5,10.2
2024-08-06,25,29.1,25.3,32.4,0,34.0,19.3,11.6
2024-08-07,1,23.9,18.8,30.9,0,55.0,5.9,9.9
2024-08-07,2,23.8,19.1,30.5,0,67.0,14.8,9.8
2024-08-07,3,24.8,19.2,28.5,0,47.0,1.2,9.9
2024-08-07,4,27.4,24.2,33.8,0,52.0,27.1,9.5
2024-08-07,5,27.4,22.5,34.3,0,61.0,2.5,10.4
2024-08-07,6,24.5,20.8,30.6,0,73.0,9.3,9.6
2024-08-07,7,24.2,18.4,30.9,0,53.0,13.1,7.3
2024-08-07,8,29.9,24.2,36.6,2.7,70.0,16.2,8.0
2024-08-07,9,27.7,22.3,33.8,0,51.0,18.3,12.8
2024-08-07,10,28.3,24.1,33.8,0,64.0,16.2,10.1
2024-08-07,11,23.2,19.3,30.1,0,58.0,20.3,12.0
2024-08-07,12,26.5,23.1,30.0,1.4,68.0,8.7,12.0
2024-08-07,13,27.5,21.7,33.6,0,48.0,14.6,10.3
2024-08-07,14,26.1,21.4,29.5,0,46.0,21.3,8.2
2024-08-07,15,23.8,19.8,28.3,0,77.0,0.1,6.5
2024-08-07,16,25.2,21.4,28.4,0,67.0,11.6,8.7
2024-08-07,17,31.1,27.5,37.9,0,40.0,9.5,12.2
2024-08-07,18,25.4,20.8,31.6,0,62.0,21.9,8.7
2024-08-07,19,27.6,22.6,34.0,0,43.0,20.9,12.2
2024-08-07,20,27.9,24.0,31.6,0,43.0,8.0,10.3
2024-08-07,21,24.9,20.2,30.2,0,63.0,9.2,9.1
2024-08-07,22,24.1,21.0,27.2,0,52.0,14.0,10.1
2024-08-07,23,30.7,25.7,34.4,0,31.0,26.5,9.4
2024-08-07,24,27.3,23.7,32.0,0,48.0,28.7,10.4
2024-08-07,25,26.8,21.6,30.0,0,40.0,28.2,10.3
2024-08-08,1,24.0,18.3,29.0,0,52.0,26.0,13.7
2024-08-08,2,25.8,21.5,32.1,0,68.0,20.0,7.7
2024-08-08,3,24.7,21.4,30.4,0,65.0,4.5,6.5
2024-08-08,4,26.5,21.3,31.7,0,54.0,11.4,10.8
2024-08-08,5,24.5,19.1,28.9,0,57.0,13.8,9.0
2024-08-08,6,23.8,18.3,29.0,0,60.0,11.4,10.3
2024-08-08,7,23.4,19.8,27.2,0,51.0,2.9,11.5
2024-08-08,8,25.3,21.6,29.5,0,76.0,28.1,8.4
2024-08-08,9,24.9,21.6,29.7,0,50.0,18.7,10.5
2024-08-08,10,26.4,23.2,31.3,0,56.0,7.9,8.1
2024-08-08,11,22.7,18.1,29.3,0,75.0,1.7,10.9
2024-08-08,12,23.1,17.3,27.0,0,73.0,25.9,11.0
2024-08-08,13,26.3,21.2,30.6,0,50.0,2.1,10.4
2024-08-08,14,28.1,22.9,32.9,0,53.0,17.3,9.5
2024-08-08,15,26.0,22.1,32.3,0,51.0,18.1,11.7
2024-08-08,16,22.8,18.9,26.2,0,60.0,8.1,12.1
2024-08-08,17,28.1,23.6,34.5,0.5,33.0,4.6,8.8
2024-08-08,18,24.2,20.5,29.6,0,54.0,18.3,8.4
2024-08-08,19,25.5,21.6,31.2,0,44.0,15.7,8.1
2024-08-08,20,28.1,24.5,32.2,0,54.0,27.0,9.5
2024-08-08,21,26.0,20.1,29.3,0,61.0,18.5,9.4
2024-08-08,22,24.2,21.1,28.9,0,44.0,22.7,11.5
2024-08-08,23,29.9,26.5,33.0,0,38.0,10.1,9.0
2024-08-08,24,25.3,21.2,28.7,0,61.0,14.6,8.7
2024-08-08,25,27.6,23.4,32.2,0,40.0,14.2,10.4
2024-08-09,1,26.0,20.9,30.0,0,63.0,15.0,10.1
2024-08-09,2,25.8,21.8,30.3,0,69.0,4.4,12.3
2024-08-09,3,26.5,22.4,32.5,0,46.0,13.3,8.2
2024-08-09,4,20.9,17.7,24.1,2.6,62.0,4.3,8.5
2024-08-09,5,25.2,21.5,30.6,0,55.0,24.4,8.4
2024-08-09,6,25.4,21.0,28.5,0,66.0,21.3,11.0
2024-08-09,7,25.3,19.8,30.2,0,57.0,16.8,8.9
2024-08-09,8,25.3,21.8,30.7,0,46.0,14.2,9.7
2024-08-09,9,27.1,22.4,30.4,0,50.0,12.7,9.6
2024-08-09,10,27.1,21.5,30.3,0,49.0,12.9,10.5
2024-08-09,11,21.5,18.3,26.8,0,70.0,23.5,11.7
2024-08-09,12,21.6,17.2,27.1,0,57.0,23.3,11.4
2024-08-09,13,26.3,21.6,31.8,0,57.0,8.9,9.8
2024-08-09,14,26.4,23.0,31.8,0,55.0,16.9,12.0
2024-08-09,15,23.3,19.4,28.2,0,56.0,1.9,9.4
2024-08-09,16,26.3,21.9,31.8,0,73.0,14.4,8.3
2024-08-09,17,27.0,21.0,33.7,0,41.0,14.6,10.0
2024-08-09,18,24.9,19.8,28.2,0,41.0,7.8,10.3
2024-08-09,19,27.7,22.3,31.5,0,48.0,22.4,9.7
2024-08-09,20,28.9,25.7,35.3,0,39.0,15.9,8.4
2024-08-09,21,25.0,21.5,30.1,0,54.0,15.1,8.7
2024-08-09,22,27.2,21.7,33.4,1.2,47.0,27.4,11.5
2024-08-09,23,32.1,27.2,37.8,0,31.0,10.9,9.0
2024-08-09,24,23.0,18.6,28.1,0,55.0,23.6,11.7
2024-08-09,25,25.8,21.2,29.1,0,37.0,20.1,7.7
2024-08-10,1,28.0,23.2,32.2,0,62.0,13.8,11.3
2024-08-10,2,25.1,20.4,29.4,0,47.0,16.0,11.3
2024-08-10,3,25.9,20.2,32.9,0,67.0,26.0,9.8
2024-08-10,4,24.2,18.6,29.5,2.5,51.0,35.1,10.0
2024-08-10,5,26.3,20.5,29.6,0,62.0,10.9,13.0
2024-08-10,6,22.9,17.2,27.4,5.6,65.0,9.0,7.5
2024-08-10,7,24.0,19.7,30.4,9.4,83.0,9.7,11.7
2024-08-10,8,26.5,22.7,32.3,0,60.0,9.5,8.8
2024-08-10,9,24.2,20.2,29.1,0,36.0,20.8,10.2
2024-08-10,10,26.3,21.0,31.3,0,63.0,4.9,10.8
2024-08-10,11,23.4,20.0,27.7,0,61.0,22.5,9.5
2024-08-10,12,23.7,19.9,30.6,0,61.0,9.5,10.1
2024-08-10,13,27.1,22.4,30.5,0,49.0,20.2,9.0
2024-08-10,14,27.6,22.1,34.5,0,72.0,15.1,7.8
2024-08-10,15,21.3,16.6,27.7,3.8,67.0,16.1,12.3
2024-08-10,16,23.7,20.1,27.8,0,68.0,17.5,11.2
2024-08-10,17,27.2,23.2,33.6,0,36.0,3.9,8.6
2024-08-10,18,24.0,18.1,27.8,0,37.0,32.8,7.5
2024-08-10,19,27.7,22.0,31.5,0,43.0,9.4,10.1
2024-08-10,20,26.5,22.6,30.2,0,49.0,9.7,8.0
2024-08-10,21,25.2,20.1,28.6,2.1,58.0,14.3,7.5
2024-08-10,22,26.0,21.7,31.3,0,47.0,20.9,9.2
2024-08-10,23,33.2,27.6,37.5,0,30.0,14.5,9.3
2024-08-10,24,24.2,19.3,28.3,0,69.0,13.0,9.3
2024-08-10,25,25.6,21.6,30.4,0,47.0,19.8,12.4
2024-08-11,1,22.2,16.6,25.8,0,63.0,28.4,7.4
2024-08-11,2,24.4,19.8,28.9,0,51.0,17.0,9.4
2024-08-11,3,25.3,20.2,28.6,0,63.0,0.1,10.8
2024-08-11,4,26.0,20.4,31.5,0,62.0,28.7,10.5
2024-08-11,5,26.0,20.5,32.5,0,48.0,2.1,11.3
2024-08-11,6,24.8,20.1,30.6,0,44.0,14.7,9.4
2024-08-11,7,29.0,24.2,33.9,0,60.0,22.9,8.3
2024-08-11,8,25.2,21.6,31.9,0,57.0,29.3,10.0
2024-08-11,9,25.0,19.7,32.0,0,45.0,3.4,11.9
2024-08-11,10,23.3,17.7,29.3,0,60.0,15.4,8.9
2024-08-11,11,23.9,19.0,30.6,0.6,68.0,35.6,10.4
2024-08-11,12,22.6,17.3,28.9,0,52.0,16.3,9.3
2024-08-11,13,24.1,20.8,29.2,0,44.0,0.4,9.0
2024-08-11,14,24.3,20.0,29.6,0,66.0,10.1,9.4
2024-08-11,15,26.3,21.4,31.4,0,75.0,17.5,10.8
2024-08-11,16,21.6,17.0,27.5,3.2,77.0,7.3,10.2
2024-08-11,17,24.8,19.6,28.8,0,39.0,10.0,9.0
2024-08-11,18,22.7,17.8,27.4,0,37.0,6.5,8.4
2024-08-11,19,26.2,22.8,30.5,0,53.0,4.9,9.5
2024-08-11,20,27.2,21.3,32.4,0,48.0,16.6,6.6
2024-08-11,21,24.5,21.3,31.1,0,44.0,12.3,12.5
2024-08-11,22,25.8,21.6,29.7,0,49.0,5.5,9.9
2024-08-11,23,29.7,25.1,33.7,0,38.0,18.8,12.8
2024-08-11,24,25.1,21.5,29.9,0,63.0,8.8,5.5
2024-08-11,25,27.1,22.5,33.9,0,37.0,24.6,11.0
2024-08-12,1,23.8,18.4,27.7,0,50.0,14.2,9.6
2024-08-12,2,23.1,17.2,27.4,0,54.0,1.0,9.8
2024-08-12,3,25.4,20.7,32.2,2.7,68.0,14.9,8.8
2024-08-12,4,24.8,19.0,31.4,0.6,62.0,6.6,11.4
2024-08-12,5,23.1,19.5,26.7,0,63.0,21.2,11.3
2024-08-12,6,26.5,23.5,30.2,0,69.0,25.0,12.3
2024-08-12,7,22.5,16.9,27.7,0,60.0,19.1,11.4
2024-08-12,8,25.6,21.4,29.1,0,63.0,17.5,9.6
2024-08-12,9,26.0,21.3,30.0,0,54.0,32.0,10.4
2024-08-12,10,27.4,21.8,33.4,0.9,61.0,12.0,9.3
2024-08-12,11,23.6,20.0,28.4,0.1,64.0,0.3,8.8
2024-08-12,12,24.4,19.6,27.4,0,62.0,15.3,8.5
2024-08-12,13,23.9,20.2,28.5,0,59.0,2.0,10.1
2024-08-12,14,27.7,23.8,30.9,0,63.0,15.9,10.0
2024-08-12,15,22.6,17.6,29.2,0,49.0,15.3,11.0
2024-08-12,16,28.1,23.0,32.8,0,65.0,21.3,10.5
2024-08-12,17,27.9,22.1,32.9,2.7,33.0,7.6,7.6
2024-08-12,18,25.0,21.3,28.5,0,43.0,12.5,10.2
2024-08-12,19,28.3,22.5,34.5,0,41.0,21.9,10.0
2024-08-12,20,26.4,21.7,32.1,0,45.0,15.7,11.9
2024-08-12,21,24.5,19.5,29.5,0,62.0,9.7,10.1
2024-08-12,22,23.1,17.5,26.2,7.1,45.0,12.6,11.4
2024-08-12,23,29.7,26.6,35.6,0,21.0,15.2,10.8
2024-08-12,24,24.4,18.9,27.5,0,61.0,17.0,6.8
2024-08-12,25,24.3,19.8,30.0,0,53.0,11.0,12.9
2024-08-13,1,24.2,20.9,27.6,0,64.0,11.4,9.5
2024-08-13,2,24.7,18.8,28.1,0,62.0,15.9,9.9
2024-08-13,3,24.3,20.9,29.2,0,44.0,7.9,10.3
2024-08-13,4,26.5,20.8,31.1,0,53.0,7.6,10.2
2024-08-13,5,25.9,20.2,31.5,0,61.0,6.9,7.0
2024-08-13,6,23.5,19.9,28.9,0,55.0,0.3,11.3
2024-08-13,7,25.6,20.3,30.6,0,55.0,31.7,10.1
2024-08-13,8,24.1,19.4,29.1,0,83.0,18.7,8.6
2024-08-13,9,24.9,20.4,30.9,0.6,51.0,27.9,13.0
2024-08-13,10,26.5,21.4,31.8,0,49.0,13.4,10.9
2024-08-13,11,24.7,20.6,27.8,0,58.0,19.3,10.2
2024-08-13,12,23.6,19.3,28.9,0,63.0,17.3,11.2
2024-08-13,13,27.0,21.6,32.8,0,46.0,18.3,12.0
2024-08-13,14,28.9,25.9,34.0,0,57.0,9.9,11.9
2024-08-13,15,24.5,19.6,29.3,1.2,75.0,21.7,10.0
2024-08-13,16,21.7,18.6,25.4,0,63.0,7.1,12.9
2024-08-13,17,26.8,23.1,30.2,0,36.0,25.0,9.9
2024-08-13,18,25.3,19.5,30.3,0,40.0,22.8,10.2
2024-08-13,19,28.5,25.4,34.6,0,48.0,17.0,10.6
2024-08-13,20,27.3,22.0,32.7,0,54.0,12.5,9.4
2024-08-13,21,24.3,18.6,29.5,0,34.0,4.6,11.0
2024-08-13,22,22.3,18.9,25.5,0,68.0,9.1,10.9
2024-08-13,23,29.7,23.7,34.2,0,14.0,18.2,8.6
2024-08-13,24,24.1,20.4,28.6,0,62.0,29.2,11.4
2024-08-13,25,27.1,21.7,33.4,0,38.0,8.1,9.4
2024-08-14,1,26.5,21.8,30.2,0,48.0,24.7,10.0
2024-08-14,2,22.5,19.2,26.4,0,49.0,21.9,11.7
2024-08-14,3,25.0,19.1,30.6,0,64.0,15.5,8.5
2024-08-14,4,22.5,16.6,29.0,0,55.0,16.3,9.6
2024-08-14,5,23.2,19.5,28.6,0,68.0,30.3,10.7
2024-08-14,6,25.6,21.1,32.2,0,80.0,0.9,9.2
2024-08-14,7,24.6,20.8,28.0,0,79.0,1.0,10.3
2024-08-14,8,22.2,16.6,27.6,0,55.0,14.3,8.5
2024-08-14,9,27.0,22.2,30.1,0,43.0,6.3,10.2
2024-08-14,10,25.3,20.2,28.4,0,49.0,39.2,8.2
2024-08-14,11,24.5,20.2,29.3,0,60.0,11.3,9.0
2024-08-14,12,24.1,20.2,30.3,0,46.0,8.8,10.5
2024-08-14,13,27.7,23.0,31.4,0,44.0,19.7,11.3
2024-08-14,14,26.8,23.1,32.8,0,60.0,22.1,8.3
2024-08-14,15,18.6,14.6,23.2,0,56.0,16.3,9.2
2024-08-14,16,24.7,21.0,28.4,0,61.0,5.7,11.2
2024-08-14,17,27.4,22.1,32.2,0,59.0,4.1,9.2
2024-08-14,18,24.0,19.9,29.8,0.3,42.0,16.2,9.0
2024-08-14,19,26.4,22.1,30.4,0,65.0,10.3,8.4
2024-08-14,20,26.2,20.3,31.3,0,49.0,13.8,10.8
2024-08-14,21,25.0,21.6,29.7,0,47.0,12.5,10.2
2024-08-14,22,24.3,20.2,30.9,1.0,46.0,6.1,10.3
2024-08-14,23,30.3,26.3,33.8,0,24.0,11.7,11.1
2024-08-14,24,27.0,22.7,33.8,4.1,54.0,16.7,8.1
2024-08-14,25,25.5,21.3,30.4,0,47.0,31.0,10.1
2024-08-15,1,22.1,18.4,25.9,2.9,58.0,8.7,11.1
2024-08-15,2,24.8,20.7,29.5,0,59.0,31.5,9.2
2024-08-15,3,24.4,21.2,30.1,10.8,53.0,19.5,10.7
2024-08-15,4,22.2,17.5,28.3,0,67.0,8.9,10.0
2024-08-15,5,21.6,16.2,26.5,0,73.0,10.1,10.2
2024-08-15,6,24.0,20.7,27.4,0,66.0,18.1,10.4
2024-08-15,7,23.9,17.9,28.1,0.7,53.0,16.9,7.7
2024-08-15,8,24.3,19.6,29.9,0,57.0,8.9,9.9
2024-08-15,9,25.8,21.1,32.7,0,65.0,28.5,11.5
2024-08-15,10,26.6,23.2,32.4,0,52.0,20.1,7.4
2024-08-15,11,24.0,20.0,27.8,0,66.0,8.7,11.1
2024-08-15,12,23.6,20.3,28.1,0.2,83.0,15.7,11.6
2024-08-15,13,27.9,22.6,32.7,1.7,55.0,5.6,14
2024-08-15,14,24.6,19.5,28.6,0,56.0,27.3,9.9
2024-08-15,15,22.5,18.1,25.8,0,70.0,10.8,8.4
2024-08-15,16,22.7,18.1,29.3,0,54.0,39.6,8.0
2024-08-15,17,27.3,21.4,33.5,0,23.0,9.1,8.4
2024-08-15,18,23.5,19.7,27.7,0,55.0,6.5,10.7
2024-08-15,19,28.8,23.4,31.9,0,65.0,12.0,11.5
2024-08-15,20,28.4,24.4,34.6,0,56.0,18.2,7.4
2024-08-15,21,23.8,18.7,28.8,5.5,57.0,13.3,11.5
2024-08-15,22,25.4,19.5,31.8,0,52.0,21.1,9.8
2024-08-15,23,25.5,19.9,29.2,0,39.0,17.5,11.3
2024-08-15,24,23.7,19.2,28.4,0,69.0,4.1,10.5
2024-08-15,25,23.6,19.1,27.5,0,38.0,17.6,8.2
2024-08-16,1,22.0,16.1,25.8,0,66.0,10.6,7.7
2024-08-16,2,23.5,18.8,28.9,0,52.0,15.9,8.5
2024-08-16,3,23.3,19.6,27.2,0,49.0,4.6,11.1
2024-08-16,4,23.2,17.7,27.7,0,51.0,22.9,8.7
2024-08-16,5,23.1,18.8,29.0,0,66.0,12.2,10.3
2024-08-16,6,21.0,16.4,25.6,0,47.0,8.9,7.3
2024-08-16,7,24.7,20.9,29.9,0,60.0,21.8,11.9
2024-08-16,8,25.0,21.2,29.1,0,57.0,21.2,12.3
2024-08-16,9,23.3,19.8,30.2,0,64.0,18.3,10.9
2024-08-16,10,26.8,21.1,33.5,0,54.0,11.6,5.9
2024-08-16,11,22.0,16.7,27.3,5.9,68.0,0.2,9.6
2024-08-16,12,24.6,20.2,28.0,3.1,63.0,23.2,6.5
2024-08-16,13,24.1,20.1,27.6,0,49.0,15.6,9.0
2024-08-16,14,26.7,20.8,33.2,0,47.0,14.9,8.7
2024-08-16,15,23.0,19.3,28.5,6.1,55.0,17.9,7.8
2024-08-16,16,25.3,22.1,32.0,0,78.0,10.4,10.7
2024-08-16,17,26.1,21.2,31.3,0,47.0,10.3,7.7
2024-08-16,18,22.4,17.0,26.9,0,33.0,11.4,10.8
2024-08-16,19,27.0,21.8,33.4,0,62.0,14.2,9.7
2024-08-16,20,28.0,23.9,31.5,0,51.0,20.3,6.9
2024-08-16,21,23.0,19.8,27.5,5.7,50.0,11.7,11.9
2024-08-16,22,22.8,18.1,27.9,0,59.0,16.5,12.0
2024-08-16,23,30.7,25.8,35.5,0,24.0,19.3,8.6
2024-08-16,24,23.7,19.1,27.8,0,61.0,8.3,10.4
2024-08-16,25,25.8,22.3,31.3,0,52.0,7.7,8.9
2024-08-17,1,21.9,17.2,28.0,0,67.0,16.5,9.0
2024-08-17,2,22.5,17.9,26.7,0,61.0,23.3,9.8
2024-08-17,3,24.0,19.7,28.4,4.9,66.0,22.5,11.0
2024-08-17,4,23.9,20.7,27.6,0,68.0,19.3,9.0
2024-08-17,5,26.0,22.1,29.8,0,62.0,13.7,9.1
2024-08-17,6,25.4,20.2,29.7,0,85.0,13.5,9.4
2024-08-17,7,24.7,20.5,30.8,0,64.0,11.0,9.4
2024-08-17,8,23.8,20.2,28.5,0,71.0,9.8,9.5
2024-08-17,9,24.1,20.0,31.0,0.2,46.0,7.9,10.6
2024-08-17,10,29.7,24.9,35.9,0,49.0,6.8,7.7
2024-08-17,11,23.1,17.5,27.7,0,61.0,22.3,10.4
2024-08-17,12,22.3,17.5,25.7,6.0,78.0,12.9,10.8
2024-08-17,13,26.3,21.1,32.8,0,50.0,11.9,11.5
2024-08-17,14,25.7,20.2,30.5,0,50.0,20.6,9.4
2024-08-17,15,21.0,15.7,26.0,0,73.0,6.6,8.4
2024-08-17,16,23.6,18.3,28.7,0,62.0,35.1,7.4
2024-08-17,17,25.9,22.1,31.2,0,49.0,20.3,8.9
2024-08-17,18,24.6,20.7,29.4,0,47.0,19.1,9.9
2024-08-17,19,25.9,22.4,31.1,0,57.0,10.1,9.0
2024-08-17,20,26.7,22.3,33.3,0,45.0,31.1,9.3
2024-08-17,21,23.4,19.6,29.6,3.8,59.0,33.9,9.2
2024-08-17,22,25.1,20.6,30.5,0,54.0,14.3,9.4
2024-08-17,23,28.6,24.1,33.4,0,23.0,13.1,9.7
2024-08-17,24,24.6,19.7,30.9,0,72.0,18.3,10.8
2024-08-17,25,27.0,22.2,34.0,0,41.0,12.6,8.5
2024-08-18,1,23.0,19.3,29.0,0,53.0,5.4,9.8
2024-08-18,2,24.3,20.0,30.4,0,67.0,30.6,11.0
2024-08-18,3,24.4,20.2,30.5,0.0,47.0,19.2,11.9
2024-08-18,4,22.6,17.1,27.6,0,63.0,8.7,8.6
2024-08-18,5,21.8,17.1,26.6,0,72.0,16.1,10.8
2024-08-18,6,26.3,20.8,33.2,0,58.0,14.0,10.4
2024-08-18,7,22.8,19.7,28.0,0.2,56.0,19.4,11.2
2024-08-18,8,23.6,19.1,28.8,0,69.0,17.6,7.6
2024-08-18,9,25.3,19.7,29.6,0,50.0,9.0,11.0
2024-08-18,10,23.2,20.1,26.5,0,49.0,15.7,10.2
2024-08-18,11,23.8,19.9,30.6,0,62.0,20.0,10.5
2024-08-18,12,21.4,17.6,27.6,0,67.0,6.7,9.1
2024-08-18,13,27.5,23.0,33.7,0,58.0,22.2,7.5
2024-08-18,14,26.0,22.3,30.3,0,60.0,2.0,7.4
2024-08-18,15,24.0,20.3,28.3,0,68.0,9.0,10.7
2024-08-18,16,24.7,21.1,30.0,0,52.0,13.3,8.2
2024-08-18,17,26.1,23.0,29.4,0,33.0,2.6,6.9
2024-08-18,18,26.3,21.3,31.9,0,44.0,18.9,10.5
2024-08-18,19,27.6,21.9,32.0,0,50.0,28.6,10.7
2024-08-18,20,26.5,21.2,30.6,0,44.0,10.3,9.8
2024-08-18,21,23.0,19.8,28.5,0,67.0,10.1,9.5
2024-08-18,22,26.9,23.5,31.1,1.8,51.0,18.9,12.6
2024-08-18,23,27.4,23.4,33.3,0,18.0,31.4,12.7
2024-08-18,24,22.9,17.6,25.9,0,54.0,0.2,9.4
2024-08-18,25,25.3,20.7,32.1,0,63.0,13.4,10.1
2024-08-19,1,23.4,20.3,29.1,0,54.0,2.0,9.5
2024-08-19,2,25.8,21.2,32.7,0,61.0,22.0,9.9
2024-08-19,3,25.9,21.6,30.3,1.8,54.0,26.1,9.8
2024-08-19,4,22.9,17.1,28.8,0,62.0,4.0,10.1
2024-08-19,5,24.1,21.1,27.6,0,66.0,10.8,10.3
2024-08-19,6,23.7,19.9,30.1,0.1,47.0,9.9,11.5
2024-08-19,7,27.7,22.4,33.6,0,72.0,1.6,7.9
2024-08-19,8,25.1,20.6,28.2,0,66.0,10.8,7.7
2024-08-19,9,25.2,21.3,31.1,0,52.0,27.5,8.7
2024-08-19,10,25.3,22.2,29.6,0,64.0,11.8,7.2
2024-08-19,11,25.2,21.1,28.8,0,60.0,9.0,8.6
2024-08-19,12,23.7,19.4,29.5,0,53.0,19.0,7.6
2024-08-19,13,22.9,19.3,26.1,0,42.0,23.7,10.4
2024-08-19,14,23.0,18.3,28.1,0,54.0,28.9,7.1
2024-08-19,15,24.9,20.9,28.6,0,68.0,4.1,9.4
2024-08-19,16,23.3,17.7,28.5,0,63.0,19.4,7.6
2024-08-19,17,23.8,19.3,28.5,0,33.0,14.5,9.2
2024-08-19,18,21.8,16.2,25.5,0,47.0,14.7,7.4
2024-08-19,19,27.0,23.6,30.4,0,50.0,9.4,8.3
2024-08-19,20,23.2,20.1,28.6,0,48.0,13.9,9.2
2024-08-19,21,20.7,15.0,23.9,0,74.0,28.9,7.5
2024-08-19,22,26.7,23.1,29.8,0,38.0,14.4,11.4
2024-08-19,23,27.3,22.4,30.4,0,31.0,19.1,6.8
2024-08-19,24,23.6,19.1,29.1,0,60.0,23.7,10.4
2024-08-19,25,23.4,20.1,27.1,0,35.0,15.4,7.8
2024-08-20,1,24.3,19.4,30.3,0,71.0,2.5,6.9
2024-08-20,2,23.9,18.9,30.8,0,58.0,6.9,10.3
2024-08-20,3,25.1,20.4,29.5,0,60.0,11.2,9.8
2024-08-20,4,23.3,19.5,30.1,0,58.0,15.4,8.5
2024-08-20,5,23.0,18.9,28.6,0,59.0,18.1,10.6
2024-08-20,6,26.9,23.7,33.7,0,60.0,17.8,8.1
2024-08-20,7,21.7,18.1,24.9,0,72.0,16.5,8.6
2024-08-20,8,24.1,19.9,27.6,12.8,59.0,5.3,11.1
2024-08-20,9,26.1,22.9,29.2,0,56.0,3.3,11.0
2024-08-20,10,24.6,20.0,31.2,0,75.0,14.6,11.3
2024-08-20,11,24.5,19.1,27.6,0,67.0,0.7,9.9
2024-08-20,12,24.1,18.9,29.7,0,54.0,13.7,6.9
2024-08-20,13,24.5,19.5,30.5,0,61.0,5.8,11.3
2024-08-20,14,25.1,21.4,31.0,0,56.0,2.5,10.0
2024-08-20,15,20.2,14.4,26.3,0,57.0,30.0,9.0
2024-08-20,16,25.3,20.5,30.8,0,65.0,18.0,12.2
2024-08-20,17,24.6,19.5,29.2,0,41.0,16.3,7.6
2024-08-20,18,22.1,18.5,28.6,2.8,60.0,13.2,9.3
2024-08-20,19,25.5,22.4,30.1,0,51.0,11.4,10.4
2024-08-20,20,24.3,19.0,29.0,0,62.0,10.3,5.9
2024-08-20,21,23.0,19.8,27.9,0,59.0,19.8,7.5
2024-08-20,22,26.1,22.0,29.7,0,58.0,36.9,8.3
2024-08-20,23,31.0,25.4,36.2,0,27.0,17.7,7.0
2024-08-20,24,23.2,17.7,28.7,0,80.0,3.0,8.9
2024-08-20,25,24.1,20.9,27.8,0,27.0,21.8,9.6
2024-08-21,1,23.6,17.7,29.3,0,58.0,18.7,9.0
2024-08-21,2,24.5,19.4,29.6,2.7,65.0,34.1,11.8
2024-08-21,3,22.3,18.1,27.0,0,53.0,12.7,9.8
2024-08-21,4,24.1,20.5,29.7,0.0,67.0,16.7,5.9
2024-08-21,5,21.4,17.1,26.1,0,59.0,12.7,10.5
2024-08-21,6,24.3,19.4,28.5,0,56.0,9.2,11.2
2024-08-21,7,23.0,19.5,27.8,0,68.0,0.3,8.7
2024-08-21,8,22.1,17.7,28.1,0,56.0,11.9,9.1
2024-08-21,9,23.2,19.5,26.8,0,52.0,15.0,11.1
2024-08-21,10,24.5,19.5,27.6,0,54.0,10.1,5.6
2024-08-21,11,21.6,16.2,26.0,0,52.0,24.0,10.5
2024-08-21,12,21.1,15.9,24.7,1.2,73.0,18.9,8.9
2024-08-21,13,24.3,19.2,28.8,0,42.0,5.3,7.9
2024-08-21,14,24.4,20.7,30.6,0,45.0,13.0,10.8
2024-08-21,15,25.7,20.3,31.4,0,56.0,16.3,7.8
2024-08-21,16,20.8,17.5,26.7,0,59.0,5.6,10.7
2024-08-21,17,25.9,20.0,31.2,3.4,35.0,11.4,8.6
2024-08-21,18,23.7,19.0,28.3,0,43.0,2.9,9.0
2024-08-21,19,27.3,22.5,34.0,0,46.0,15.1,11.1
2024-08-21,20,25.1,21.8,29.8,0,62.0,23.2,10.4
2024-08-21,21,22.6,17.8,26.8,0,49.0,10.7,8.8
2024-08-21,22,22.3,18.4,27.2,0,57.0,19.7,9.1
2024-08-21,23,29.0,24.0,34.2,0,27.0,8.1,8.9
2024-08-21,24,22.4,18.9,27.3,0,61.0,29.6,11.4
2024-08-21,25,24.3,19.3,31.1,0,46.0,7.3,10.3
2024-08-22,1,23.1,17.7,28.6,0,61.0,14.7,8.1
2024-08-22,2,24.6,19.5,31.0,1.8,60.0,7.6,8.1
2024-08-22,3,21.8,17.6,25.5,0,72.0,18.4,9.6
2024-08-22,4,21.5,16.7,25.7,0,69.0,2.9,9.9
2024-08-22,5,23.1,20.1,29.4,0,61.0,9.9,7.1
2024-08-22,6,24.7,20.5,29.9,0,59.0,22.5,10.5
2024-08-22,7,23.1,18.8,28.1,0,68.0,18.6,11.2
2024-08-22,8,21.0,15.4,24.5,0,61.0,25.5,11.3
2024-08-22,9,24.7,21.3,31.2,0,48.0,25.6,7.4
2024-08-22,10,23.4,18.3,27.8,0,66.0,16.3,8.6
2024-08-22,11,21.4,18.1,27.0,0,57.0,17.6,6.3
2024-08-22,12,20.6,14.9,26.1,0,61.0,3.4,9.2
2024-08-22,13,25.7,21.9,30.9,0,48.0,18.6,9.3
2024-08-22,14,24.5,18.8,31.4,0,56.0,21.8,8.5
2024-08-22,15,20.2,14.8,25.6,0,67.0,22.2,10.2
2024-08-22,16,22.8,17.0,25.9,0,74.0,13.9,9.0
2024-08-22,17,26.4,21.8,32.4,0,25.0,4.5,7.0
2024-08-22,18,22.4,17.5,26.9,0,49.0,13.7,10.1
2024-08-22,19,24.0,20.3,27.5,0,47.0,11.3,10.8
2024-08-22,20,25.7,22.2,30.9,0,51.0,6.4,11.5
2024-08-22,21,22.7,19.7,28.0,9.7,56.0,23.9,7.3
2024-08-22,22,22.8,19.1,25.8,0,53.0,10.6,9.5
2024-08-22,23,31.3,26.1,36.9,0,28.0,8.7,7.5
2024-08-22,24,25.4,21.9,30.3,7.6,66.0,27.6,10.3
2024-08-22,25,23.6,20.1,30.1,0,41.0,6.7,10.8
2024-08-23,1,23.6,20.4,30.0,0,67.0,39.6,8.5
2024-08-23,2,23.0,17.7,29.6,0,61.0,22.9,10.9
2024-08-23,3,24.0,20.1,30.3,2.9,50.0,17.1,11.0
2024-08-23,4,23.7,20.2,30.2,0,55.0,0.2,7.6
2024-08-23,5,23.6,18.7,29.1,0,53.0,24.3,10.3
2024-08-23,6,23.2,17.4,27.7,0,48.0,6.2,9.2
2024-08-23,7,26.1,21.1,30.1,0,60.0,6.2,7.0
2024-08-23,8,24.3,19.3,27.4,0,69.0,22.8,8.3
2024-08-23,9,24.5,21.1,29.1,0,70.0,4.8,8.1
2024-08-23,10,26.4,21.4,32.7,0,63.0,23.3,9.9
2024-08-23,11,21.4,16.5,25.2,0,76.0,24.6,8.2
2024-08-23,12,22.4,18.4,26.4,0,62.0,18.8,7.4
2024-08-23,13,23.7,18.8,28.8,0,48.0,5.1,9.0
2024-08-23,14,22.9,19.8,26.1,0,57.0,6.1,10.1
2024-08-23,15,22.2,18.2,27.4,11.7,47.0,1.9,5.5
2024-08-23,16,23.9,18.9,28.3,0,55.0,30.1,10.8
2024-08-23,17,25.0,19.7,30.7,0,46.0,13.0,10.0
2024-08-23,18,22.9,18.9,29.2,0,43.0,7.0,10.7
2024-08-23,19,23.1,18.4,27.8,0,51.0,18.7,9.3
2024-08-23,20,24.7,21.4,28.6,0,41.0,14.3,10.2
2024-08-23,21,19.2,15.4,24.1,0.7,40.0,18.4,8.8
2024-08-23,22,22.3,17.3,28.9,0,46.0,14.0,10.8
2024-08-23,23,27.1,21.3,32.9,0,25.0,20.2,7.6
2024-08-23,24,21.3,17.5,27.8,4.5,62.0,17.0,10.8
2024-08-23,25,23.2,17.4,26.6,0,34.0,26.9,10.0
2024-08-24,1,23.3,18.4,27.5,0,55.0,16.2,9.2
2024-08-24,2,22.5,19.4,26.1,0,75.0,8.5,11.9
2024-08-24,3,21.4,17.6,28.3,0,62.0,28.8,9.0
2024-08-24,4,22.8,17.2,27.3,0,42.0,10.2,10.2
2024-08-24,5,23.9,19.2,30.7,0,69.0,6.8,11.0
2024-08-24,6,21.4,15.5,26.4,0,65.0,11.2,8.0
2024-08-24,7,24.5,20.8,27.7,0,62.0,10.1,10.3
2024-08-24,8,22.6,18.8,27.3,0,79.0,19.1,10.0
2024-08-24,9,22.5,18.6,25.5,0,51.0,12.4,7.9
2024-08-24,10,25.9,21.8,32.0,0,60.0,0.7,10.6
2024-08-24,11,20.6,16.0,25.9,0,53.0,18.7,11.2
2024-08-24,12,23.2,18.4,27.5,0,60.0,19.3,10.8
2024-08-24,13,24.9,19.2,30.5,0,54.0,6.8,7.7
2024-08-24,14,26.6,21.4,29.9,0.2,42.0,12.0,7.6
2024-08-24,15,21.6,16.1,26.1,0,61.0,5.5,8.0
2024-08-24,16,24.0,19.2,28.8,0,57.0,16.4,10.7
2024-08-24,17,25.2,19.2,29.1,0,32.0,16.3,7.7
2024-08-24,18,23.8,20.1,28.8,3.0,43.0,30.2,11.0
2024-08-24,19,23.9,19.7,30.7,0,38.0,10.4,7.5
2024-08-24,20,26.2,22.0,30.5,0,64.0,22.2,8.2
2024-08-24,21,21.7,16.4,28.2,0.3,55.0,16.6,9.1
2024-08-24,22,21.4,17.5,24.9,0,68.0,19.1,6.7
2024-08-24,23,27.5,23.4,33.6,0,38.0,8.8,9.7
2024-08-24,24,20.1,15.2,24.8,0.1,56.0,6.3,8.9
2024-08-24,25,24.7,19.6,28.6,0,57.0,13.3,10.0
2024-08-25,1,22.8,19.0,28.1,0.7,74.0,8.4,10.4
2024-08-25,2,23.5,19.5,29.9,0.4,60.0,11.3,9.7
2024-08-25,3,22.2,18.6,25.6,0,55.0,7.1,8.0
2024-08-25,4,21.9,16.8,25.5,1.1,63.0,16.7,8.8
2024-08-25,5,22.0,16.1,25.0,0,61.0,9.2,9.2
2024-08-25,6,22.3,18.5,27.0,32.5,67.0,20.9,8.1
2024-08-25,7,23.8,19.7,27.9,0,62.0,8.1,7.5
2024-08-25,8,19.3,16.1,22.9,0,58.0,6.8,10.9
2024-08-25,9,25.5,19.6,29.4,0,64.0,21.3,7.8
2024-08-25,10,22.3,16.5,26.7,0,48.0,14.6,6.8
2024-08-25,11,21.3,18.1,27.8,4.2,65.0,15.2,10.3
2024-08-25,12,19.2,15.4,25.7,0,69.0,28.1,7.9
2024-08-25,13,24.3,20.1,27.6,0.6,49.0,21.3,9.2
2024-08-25,14,22.7,19.3,27.2,0,41.0,15.9,9.5
2024-08-25,15,18.7,14.4,24.9,0,69.0,12.1,8.1
2024-08-25,16,21.7,18.0,26.2,0,70.0,10.4,8.9
2024-08-25,17,24.8,20.1,29.5,0,46.0,7.1,10.3
2024-08-25,18,23.2,19.1,29.0,0,48.0,18.5,8.3
2024-08-25,19,23.4,17.5,30.3,0,50.0,7.0,10.3
2024-08-25,20,24.8,20.4,31.4,0.5,58.0,12.2,10.3
2024-08-25,21,21.3,15.9,26.3,0,49.0,6.1,7.2
2024-08-25,22,21.6,15.8,28.1,0,48.0,18.1,6.8
2024-08-25,23,28.4,24.5,31.6,0,35.0,20.5,9.5
2024-08-25,24,23.2,20.1,28.0,0,63.0,16.9,8.5
2024-08-25,25,24.7,20.9,30.0,0,37.0,16.0,8.4
2024-08-26,1,21.7,16.2,28.6,1.8,73.0,18.0,9.6
2024-08-26,2,23.3,17.7,30.2,0.0,68.0,16.5,6.9
2024-08-26,3,23.6,20.1,29.5,1.2,58.0,20.7,9.1
2024-08-26,4,24.0,21.0,27.4,2.7,70.0,7.0,7.8
2024-08-26,5,21.9,18.2,25.1,0,57.0,11.4,9.0
2024-08-26,6,23.7,18.4,29.1,0,59.0,29.2,11.4
2024-08-26,7,23.5,19.7,29.4,0,64.0,7.2,9.9
2024-08-26,8,22.2,16.9,28.2,0,66.0,7.8,8.0
2024-08-26,9,22.2,18.1,28.8,0.4,54.0,13.6,8.6
2024-08-26,10,24.5,18.7,29.0,0,60.0,31.6,7.9
2024-08-26,11,21.8,17.4,27.7,0,59.0,3.5,9.2
2024-08-26,12,22.3,17.6,26.5,0,58.0,9.9,7.3
2024-08-26,13,22.9,19.3,28.8,0,36.0,8.9,12.4
2024-08-26,14,25.1,21.6,28.8,0,61.0,20.2,10.5
2024-08-26,15,21.3,16.0,25.1,0,78.0,9.2,11.1
2024-08-26,16,23.0,19.9,26.5,0,75.0,17.1,6.0
2024-08-26,17,23.5,17.9,30.0,0,64.0,21.7,9.0
2024-08-26,18,22.3,18.8,27.6,0,52.0,18.0,7.6
2024-08-26,19,24.1,18.6,29.4,0,42.0,17.4,12.0
2024-08-26,20,24.7,20.4,28.3,0,49.0,13.1,8.0
2024-08-26,21,22.9,18.8,26.7,0,54.0,20.4,6.8
2024-08-26,22,23.2,18.1,28.0,0,52.0,2.8,7.7
2024-08-26,23,30.4,24.6,33.5,0,39.0,26.2,9.4
2024-08-26,24,22.2,18.1,26.6,0,72.0,22.4,8.9
2024-08-26,25,24.3,20.7,30.1,0,42.0,15.8,9.0
2024-08-27,1,19.5,14.8,24.9,0,69.0,18.7,7.6
2024-08-27,2,20.7,15.8,25.1,0,64.0,23.2,10.0
2024-08-27,3,22.0,17.9,26.5,0,41.0,16.4,7.0
2024-08-27,4,21.9,16.3,28.3,0,57.0,14.8,7.5
2024-08-27,5,23.8,18.4,29.4,0,71.0,17.9,8.4
2024-08-27,6,24.0,18.3,30.5,0,70.0,5.1,10.1
2024-08-27,7,23.2,18.2,28.0,0,64.0,1.0,8.8
2024-08-27,8,25.0,19.1,30.9,0,58.0,14.3,9.3
2024-08-27,9,24.1,20.6,28.3,0,72.0,16.4,4.7
2024-08-27,10,24.2,20.4,30.1,0,65.0,26.2,8.6
2024-08-27,11,21.6,16.0,27.4,0,72.0,29.1,4.8
2024-08-27,12,22.1,18.6,28.4,0,69.0,15.7,8.5
2024-08-27,13,25.6,19.8,30.7,0,56.0,32.4,9.5
2024-08-27,14,24.2,18.3,27.5,0,50.0,18.9,10.1
2024-08-27,15,20.7,16.9,25.5,0,55.0,6.7,9.3
2024-08-27,16,21.1,17.2,24.7,0,55.0,20.4,8.5
2024-08-27,17,22.3,19.2,27.4,0,44.0,13.5,6.5
2024-08-27,18,22.4,16.9,26.5,0,50.0,7.4,10.4
2024-08-27,19,24.5,21.2,29.6,0,55.0,13.6,8.7
2024-08-27,20,24.4,18.9,30.0,0,62.0,19.5,9.2
2024-08-27,21,21.7,16.2,25.9,0,59.0,21.5,8.9
2024-08-27,22,21.8,15.9,26.0,0,53.0,17.7,9.2
2024-08-27,23,25.1,21.3,32.0,0,34.0,17.4,7.5
2024-08-27,24,22.9,17.7,28.0,0,62.0,23.0,9.3
2024-08-27,25,23.6,18.2,29.2,0,36.0,14.5,10.0
2024-08-28,1,23.4,20.3,27.8,0,59.0,21.0,10.0
2024-08-28,2,22.9,18.9,26.9,0,63.0,20.7,9.6
2024-08-28,3,24.5,20.2,31.0,0,73.0,19.5,9.4
2024-08-28,4,21.4,18.1,26.0,0,65.0,8.7,9.4
2024-08-28,5,19.6,14.0,23.3,0,48.0,18.4,11.7
2024-08-28,6,23.1,17.4,26.8,0.6,64.0,14.0,6.9
2024-08-28,7,23.6,18.4,27.3,0,64.0,6.8,8.3
2024-08-28,8,22.9,18.6,28.3,0,52.0,28.8,7.9
2024-08-28,9,22.5,19.5,29.3,0,60.0,10.5,8.1
2024-08-28,10,25.8,19.9,32.6,0,66.0,14.7,9.3
2024-08-28,11,22.5,18.0,26.2,0,56.0,1.5,6.3
2024-08-28,12,23.8,20.4,29.6,0,75.0,18.9,10.5
2024-08-28,13,24.1,20.9,30.0,0,46.0,14.8,9.7
2024-08-28,14,22.8,18.9,27.1,0.8,65.0,14.7,9.7
2024-08-28,15,20.9,16.6,26.3,0,87.0,9.0,9.3
2024-08-28,16,22.8,18.8,29.6,0,66.0,12.3,8.2
2024-08-28,17,24.8,21.0,27.9,0,38.0,4.1,9.2
2024-08-28,18,21.4,17.0,24.6,0,54.0,1.8,8.6
2024-08-28,19,24.6,19.8,28.5,0,54.0,11.6,5.9
2024-08-28,20,25.1,21.8,29.5,0,64.0,19.7,9.1
2024-08-28,21,21.4,18.1,27.2,0,65.0,23.7,9.0
2024-08-28,22,22.7,17.3,27.0,0.7,54.0,5.0,6.4
2024-08-28,23,29.2,23.4,33.9,0,36.0,18.6,4.7
2024-08-28,24,22.3,18.5,28.0,0,61.0,14.8,7.9
2024-08-28,25,21.2,16.7,27.8,0,28.0,3.2,10.2
2024-08-29,1,19.2,15.6,25.5,0,70.0,17.4,8.6
2024-08-29,2,20.8,14.8,25.5,0,67.0,14.1,9.0
2024-08-29,3,20.6,16.6,27.3,0,52.0,20.3,9.1
2024-08-29,4,20.1,16.1,25.9,0,67.0,12.8,8.7
2024-08-29,5,25.8,20.1,32.5,0,60.0,24.2,9.6
2024-08-29,6,21.8,18.4,25.7,0.2,65.0,20.0,8.8
2024-08-29,7,19.7,14.8,22.8,0,50.0,3.2,7.5
2024-08-29,8,19.6,13.9,25.1,0,64.0,6.7,9.7
2024-08-29,9,22.1,16.6,25.5,0,55.0,3.4,7.3
2024-08-29,10,23.6,19.1,28.3,0,61.0,41.6,7.7
2024-08-29,11,21.9,16.4,26.3,0,60.0,14.7,8.0
2024-08-29,12,22.2,16.4,28.6,0,60.0,13.1,8.4
2024-08-29,13,20.4,16.3,27.1,0,48.0,22.8,9.3
2024-08-29,14,23.6,18.0,30.1,0,65.0,11.4,9.5
2024-08-29,15,21.6,15.9,25.6,0,50.0,24.3,8.5
2024-08-29,16,23.2,18.7,28.2,0,82.0,12.7,8.8
2024-08-29,17,24.2,19.7,27.5,0.0,40.0,5.4,6.7
2024-08-29,18,21.9,18.1,28.5,0,47.0,6.1,9.9
2024-08-29,19,23.0,18.9,28.8,0,45.0,16.1,8.0
2024-08-29,20,23.9,20.9,30.5,0,54.0,13.9,10.7
2024-08-29,21,20.6,16.8,26.3,0,70.0,12.5,9.1
2024-08-29,22,22.4,17.4,29.4,0,53.0,18.1,8.2
2024-08-29,23,27.9,22.6,34.1,0,36.0,18.8,10.0
2024-08-29,24,21.9,17.0,28.3,0,58.0,13.1,6.8
2024-08-29,25,24.9,20.2,29.5,0,37.0,10.1,9.4
2024-08-30,1,23.7,20.1,27.5,0,60.0,22.4,8.5
2024-08-30,2,24.6,20.0,28.3,0,47.0,7.3,8.1
2024-08-30,3,22.1,18.3,28.0,0,55.0,8.4,6.4
2024-08-30,4,23.0,18.1,26.1,0,57.0,21.6,9.2
2024-08-30,5,20.4,16.0,24.6,0,74.0,17.1,10.4
2024-08-30,6,22.0,16.9,25.1,10.5,69.0,19.7,10.1
2024-08-30,7,23.2,17.7,27.4,0,62.0,11.2,7.5
2024-08-30,8,22.8,19.3,28.8,0,48.0,14.4,8.7
2024-08-30,9,20.8,17.6,23.8,0,57.0,8.7,9.2
2024-08-30,10,24.0,19.0,29.8,0,53.0,9.3,9.8
2024-08-30,11,19.1,15.4,25.4,0,62.0,13.5,8.3
2024-08-30,12,20.2,15.3,23.2,0,56.0,7.8,8.0
2024-08-30,13,19.7,14.5,24.3,0,49.0,4.7,10.3
2024-08-30,14,18.3,14.4,23.4,0,52.0,23.2,10.4
2024-08-30,15,21.7,18.1,26.9,0,46.0,19.9,7.6
2024-08-30,16,22.3,19.2,28.8,0,64.0,16.9,8.9
2024-08-30,17,23.3,18.8,28.0,0.5,51.0,1.4,8.4
2024-08-30,18,21.8,18.1,28.8,0,30.0,24.9,9.5
2024-08-30,19,27.1,21.8,31.4,0,72.0,9.7,8.6
2024-08-30,20,22.5,18.6,27.4,0,52.0,9.1,11.6
2024-08-30,21,23.6,19.7,28.7,8.3,59.0,2.6,7.1
2024-08-30,22,23.7,20.5,28.7,0,59.0,19.8,7.6
2024-08-30,23,27.9,22.0,32.2,0,33.0,21.7,6.9
2024-08-30,24,22.8,17.8,27.4,0,51.0,16.6,10.1
2024-08-30,25,22.3,17.9,25.6,0,66.0,22.1,6.2
2024-08-31,1,21.5,17.6,26.2,1.2,57.0,25.4,6.8
2024-08-31,2,20.2,16.4,24.2,0,43.0,10.3,9.9
2024-08-31,3,22.5,18.4,27.5,0,69.0,15.2,8.0
2024-08-31,4,22.7,19.4,28.3,0,56.0,9.3,7.8
2024-08-31,5,22.1,16.6,27.4,0,61.0,8.7,6.2
2024-08-31,6,23.5,17.7,29.1,0,56.0,21.8,9.9
2024-08-31,7,19.1,14.7,24.0,0,50.0,20.7,8.6
2024-08-31,8,23.4,20.0,27.8,0,61.0,3.8,9.2
2024-08-31,9,23.4,18.5,27.1,0,59.0,18.4,6.5
2024-08-31,10,21.4,16.7,28.0,0,62.0,11.8,9.3
2024-08-31,11,20.5,15.5,24.6,0,71.0,11.2,10.6
2024-08-31,12,16.9,12.2,22.3,0,65.0,11.3,9.4
2024-08-31,13,21.6,18.1,27.3,0,42.0,14.8,9.0
2024-08-31,14,23.6,18.0,28.0,0,63.0,11.5,6.6
2024-08-31,15,22.6,16.7,25.9,0,67.0,10.6,7.3
2024-08-31,16,21.1,15.6,24.3,0,55.0,7.8,8.5
2024-08-31,17,23.1,18.5,26.3,0,26.0,16.2,6.8
2024-08-31,18,20.0,14.7,23.9,2.6,68.0,11.7,7.0
2024-08-31,19,23.7,19.8,30.2,0,42.0,14.1,9.4
2024-08-31,20,26.2,20.7,31.3,1.1,44.0,7.1,8.4
2024-08-31,21,20.4,15.3,25.6,0,46.0,6.5,8.2
2024-08-31,22,22.3,18.5,27.9,0,71.0,9.9,11.1
2024-08-31,23,27.5,22.8,31.3,0,36.0,7.9,8.2
2024-08-31,24,19.2,15.0,22.5,0,71.0,8.5,9.7
2024-08-31,25,24.7,19.5,28.5,0,52.0,7.8,4.6
2024-09-01,1,23.1,17.6,27.7,0,56.0,15.6,7.7
2024-09-01,2,22.7,17.7,28.1,0,74.0,13.1,6.4
2024-09-01,3,18.7,14.5,25.4,0.5,69.0,11.1,10.3
2024-09-01,4,20.8,17.0,25.4,0,58.0,22.6,7.8
2024-09-01,5,23.7,20.4,30.0,1.2,66.0,11.2,7.3
2024-09-01,6,20.4,15.8,26.2,1.5,58.0,20.5,9.9
2024-09-01,7,22.0,17.2,26.2,4.1,65.0,15.5,9.9
2024-09-01,8,22.5,17.0,28.8,0.2,70.0,21.9,7.2
2024-09-01,9,22.8,19.6,26.3,0,64.0,18.0,8.8
2024-09-01,10,22.4,16.9,27.1,0,59.0,4.3,9.5
2024-09-01,11,22.2,18.5,28.3,0,82.0,19.5,7.5
2024-09-01,12,20.2,14.6,23.9,0,65.0,20.7,8.5
2024-09-01,13,21.8,16.1,27.8,0,57.0,16.4,7.9
2024-09-01,14,24.6,20.7,29.2,0,61.0,16.9,8.0
2024-09-01,15,18.2,14.1,23.5,0,63.0,12.8,8.6
2024-09-01,16,23.9,20.9,28.6,0,73.0,22.1,9.8
2024-09-01,17,23.6,19.8,30.3,0,45.0,5.0,10.4
2024-09-01,18,22.1,16.5,27.6,0,36.0,22.1,4.7
2024-09-01,19,22.5,18.2,28.9,0,55.0,8.8,6.4
2024-09-01,20,25.4,22.0,31.0,0,46.0,16.5,9.2
2024-09-01,21,19.2,15.6,22.7,8.2,62.0,16.4,7.3
2024-09-01,22,22.4,19.0,27.8,0.4,47.0,11.3,7.9
2024-09-01,23,22.6,17.7,28.8,0,39.0,4.3,9.4
2024-09-01,24,20.6,15.9,26.5,0,62.0,17.7,9.0
2024-09-01,25,22.5,18.0,28.4,0,46.0,19.8,10.8
2024-09-02,1,24.3,18.6,27.8,0,59.0,18.8,4.8
2024-09-02,2,20.7,16.6,24.9,0,55.0,24.0,9.3
2024-09-02,3,21.3,15.4,26.4,0,49.0,27.5,9.0
2024-09-02,4,21.4,15.5,27.1,0,61.0,21.7,7.1
2024-09-02,5,23.3,19.7,29.6,0,69.0,16.4,9.5
2024-09-02,6,22.7,18.9,26.5,0,63.0,28.7,10.5
2024-09-02,7,20.4,15.6,26.4,0,74.0,17.3,8.9
2024-09-02,8,20.7,14.8,26.1,0,55.0,26.1,8.3
2024-09-02,9,21.2,18.0,25.7,1.9,50.0,9.9,10.5
2024-09-02,10,24.6,19.1,31.5,0,72.0,5.7,6.4
2024-09-02,11,22.9,19.9,29.5,5.7,69.0,28.4,8.6
2024-09-02,12,18.7,13.7,25.7,0,86.0,10.3,7.5
2024-09-02,13,21.3,15.7,25.0,0,47.0,10.7,7.8
2024-09-02,14,26.0,21.8,32.8,0,63.0,7.7,10.7
2024-09-02,15,22.7,18.6,26.4,0,68.0,27.9,7.9
2024-09-02,16,23.5,17.6,28.7,0,60.0,7.6,6.6
2024-09-02,17,23.4,18.0,30.4,0,42.0,14.4,9.6
2024-09-02,18,21.1,17.1,28.1,0,42.0,10.0,8.0
2024-09-02,19,23.7,19.7,29.8,0,50.0,15.5,6.2
2024-09-02,20,23.9,18.2,29.2,0,49.0,4.7,7.5
2024-09-02,21,20.6,15.8,26.3,0,69.0,8.0,9.3
2024-09-02,22,23.8,17.9,27.5,0,58.0,21.2,7.7
2024-09-02,23,21.8,17.2,27.7,0,32.0,25.9,8.3
2024-09-02,24,21.5,15.5,26.5,0,64.0,11.2,8.0
2024-09-02,25,22.5,17.0,26.8,0,31.0,18.9,10.7
2024-09-03,1,21.6,17.1,25.4,0,62.0,15.0,7.5
2024-09-03,2,19.9,15.2,25.1,0,70.0,9.6,8.2
2024-09-03,3,22.2,17.8,27.4,0,65.0,14.9,8.6
2024-09-03,4,19.2,15.9,23.3,0,56.0,14.6,6.4
2024-09-03,5,21.3,17.1,26.2,0.1,79.0,12.6,11.1
2024-09-03,6,20.4,15.2,26.5,0,74.0,10.1,6.3
2024-09-03,7,20.7,15.0,26.0,0,65.0,18.6,9.5
2024-09-03,8,21.4,17.9,27.8,0,76.0,14.5,9.0
2024-09-03,9,24.3,19.0,30.4,0,76.0,12.3,8.2
2024-09-03,10,22.6,19.0,26.1,0,58.0,11.8,7.9
2024-09-03,11,21.1,17.8,27.5,0,64.0,15.6,9.5
2024-09-03,12,20.3,15.0,27.0,3.7,57.0,16.6,7.6
2024-09-03,13,20.1,14.2,25.4,0,61.0,28.4,6.9
2024-09-03,14,23.7,20.2,27.5,0,59.0,23.3,8.5
2024-09-03,15,18.6,12.6,24.1,0,66.0,9.1,8.6
2024-09-03,16,21.8,16.4,28.7,0,78.0,12.6,9.5
2024-09-03,17,22.4,18.9,28.6,0.8,50.0,9.0,6.5
2024-09-03,18,19.5,14.5,26.0,0,52.0,10.4,7.3
2024-09-03,19,23.5,18.2,30.2,0,52.0,21.0,10.1
2024-09-03,20,22.6,19.2,29.4,0,55.0,25.7,9.5
2024-09-03,21,18.5,12.6,22.0,13.3,58.0,0.5,6.7
2024-09-03,22,22.8,17.1,28.1,0,49.0,15.0,7.7
2024-09-03,23,25.3,21.4,29.8,0,35.0,7.5,9.9
2024-09-03,24,21.1,17.6,24.4,0,75.0,10.8,8.1
2024-09-03,25,22.2,17.3,25.9,0,36.0,14.1,8.0
2024-09-04,1,21.3,15.5,28.3,0,65.0,16.8,6.1
2024-09-04,2,21.0,17.9,26.5,0,69.0,11.1,8.2
2024-09-04,3,21.7,17.6,27.7,0,62.0,14.0,7.2
2024-09-04,4,21.6,17.7,24.8,0.4,79.0,16.6,9.4
2024-09-04,5,20.6,17.3,24.5,0,70.0,1.3,8.2
2024-09-04,6,23.8,19.8,30.5,0.6,66.0,6.0,8.5
2024-09-04,7,22.0,18.8,26.2,0,64.0,6.7,6.7
2024-09-04,8,19.4,14.8,24.2,0,57.0,6.2,9.4
2024-09-04,9,21.2,18.0,25.6,0,54.0,9.9,5.8
2024-09-04,10,20.9,17.4,25.7,0,54.0,16.7,9.7
2024-09-04,11,21.1,17.8,24.6,0,68.0,12.5,8.2
2024-09-04,12,22.1,18.5,25.2,7.1,65.0,17.2,6.6
2024-09-04,13,22.0,18.2,25.6,0,52.0,26.7,7.2
2024-09-04,14,23.2,19.8,29.2,0,70.0,13.1,9.2
2024-09-04,15,16.3,13.1,23.2,0,82.0,6.5,6.7
2024-09-04,16,20.8,15.1,26.1,0.3,72.0,7.2,7.1
2024-09-04,17,22.4,19.2,25.9,0,36.0,6.6,7.8
2024-09-04,18,19.7,16.2,23.2,0,50.0,23.9,7.5
2024-09-04,19,25.0,21.6,29.6,0,53.0,18.9,7.1
2024-09-04,20,21.1,17.2,25.6,0,52.0,15.8,8.8
2024-09-04,21,19.5,15.1,26.0,0,69.0,26.4,8.5
2024-09-04,22,19.9,14.3,26.2,0,56.0,14.6,9.5
2024-09-04,23,26.3,21.8,30.3,0,34.0,14.8,9.4
2024-09-04,24,22.5,17.0,27.1,0,60.0,21.5,8.7
2024-09-04,25,21.8,16.6,25.3,0,31.0,17.7,8.5
2024-09-05,1,21.7,17.3,25.5,0,71.0,4.6,8.6
2024-09-05,2,19.1,15.3,24.9,0,66.0,17.2,12.6
2024-09-05,3,19.5,14.5,25.8,0,54.0,21.6,9.1
2024-09-05,4,20.2,14.8,26.4,0,68.0,16.2,6.0
2024-09-05,5,19.9,15.5,26.1,0,71.0,4.7,6.7
2024-09-05,6,19.2,16.0,23.4,0,65.0,12.1,9.0
2024-09-05,7,21.6,18.1,27.8,0,66.0,17.9,8.9
2024-09-05,8,20.5,15.6,25.8,0,70.0,6.0,9.7
2024-09-05,9,21.7,17.7,27.3,0,67.0,7.9,10.7
2024-09-05,10,20.6,16.0,25.3,0,60.0,11.0,7.1
2024-09-05,11,22.3,18.5,27.0,4.5,81.0,15.4,7.8
2024-09-05,12,21.4,18.4,25.6,0,72.0,19.6,8.4
2024-09-05,13,20.5,14.6,27.0,0.8,63.0,12.6,8.3
2024-09-05,14,19.7,15.4,24.2,0.4,68.0,17.1,8.8
2024-09-05,15,18.2,12.7,23.7,0,66.0,27.1,9.0
2024-09-05,16,19.8,15.7,25.1,0,69.0,24.7,9.7
2024-09-05,17,25.8,21.2,29.9,0,41.0,16.2,9.3
2024-09-05,18,20.0,14.3,23.1,6.6,46.0,19.8,9.8
2024-09-05,19,22.2,19.1,25.5,0,58.0,26.9,11.0
2024-09-05,20,24.5,19.4,30.8,0,57.0,7.8,7.1
2024-09-05,21,20.6,16.4,24.9,0,41.0,16.9,11.8
2024-09-05,22,19.8,14.1,23.5,0,51.0,21.3,8.5
2024-09-05,23,27.2,21.4,32.1,0,38.0,9.3,7.7
2024-09-05,24,22.6,18.6,27.7,2.0,59.0,19.4,7.8
2024-09-05,25,21.4,17.0,26.0,0,44.0,7.5,6.4
2024-09-06,1,17.0,11.2,23.0,0,59.0,17.1,8.4
2024-09-06,2,21.2,17.7,28.0,0.8,74.0,18.1,11.4
2024-09-06,3,21.2,16.7,24.3,0,68.0,13.0,8.0
2024-09-06,4,19.4,15.6,24.6,0,54.0,7.2,7.6
2024-09-06,5,20.5,14.7,24.2,5.0,68.0,7.5,9.6
2024-09-06,6,22.0,18.4,27.4,0,72.0,26.3,10.4
2024-09-06,7,20.5,15.3,25.9,0,73.0,23.8,8.4
2024-09-06,8,20.6,14.7,27.0,0,68.0,0.9,4.5
2024-09-06,9,21.6,16.3,27.6,0,63.0,1.0,8.3
2024-09-06,10,22.7,18.4,29.2,0,70.0,17.3,9.6
2024-09-06,11,20.8,15.0,27.1,0,64.0,13.2,10.3
2024-09-06,12,21.0,15.6,24.0,0,45.0,21.0,7.2
2024-09-06,13,23.3,20.2,27.9,0,58.0,14.4,7.1
2024-09-06,14,23.2,18.4,29.3,0,65.0,7.8,8.1
2024-09-06,15,20.3,16.8,25.1,0,80.0,7.9,7.3
2024-09-06,16,20.7,17.3,27.2,0,70.0,20.3,7.5
2024-09-06,17,22.2,18.2,28.6,0,53.0,7.8,9.2
2024-09-06,18,18.1,14.6,22.1,0,54.0,8.6,9.4
2024-09-06,19,24.8,19.2,29.6,0.8,33.0,20.7,13.1
2024-09-06,20,22.8,17.6,29.0,0,62.0,18.1,10.9
2024-09-06,21,21.7,17.0,28.1,0,68.0,5.5,9.3
2024-09-06,22,23.6,19.2,28.1,0,59.0,17.4,8.2
2024-09-06,23,25.6,21.5,31.1,0,24.0,14.2,7.8
2024-09-06,24,20.5,17.0,23.6,0,64.0,11.7,8.3
2024-09-06,25,21.7,16.3,25.9,0,49.0,4.6,8.1
2024-09-07,1,18.6,13.5,25.6,0,58.0,3.3,5.9
2024-09-07,2,20.1,14.6,26.0,1.0,67.0,14.2,6.9
2024-09-07,3,18.9,13.0,22.8,0,69.0,23.9,8.3
2024-09-07,4,21.0,15.7,26.5,0,54.0,3.7,8.0
2024-09-07,5,18.8,13.8,21.9,0,48.0,15.8,7.6
2024-09-07,6,18.1,14.3,23.6,0,61.0,13.6,6.4
2024-09-07,7,23.4,19.4,26.9,0,66.0,11.5,7.5
2024-09-07,8,18.1,13.0,23.9,0,67.0,16.8,8.8
2024-09-07,9,23.0,19.3,27.3,0,34.0,2.5,9.9
2024-09-07,10,22.6,17.9,29.3,0,75.0,25.3,9.3
2024-09-07,11,18.1,12.1,24.2,0,77.0,10.3,7.7
2024-09-07,12,23.0,17.7,29.5,0,64.0,7.6,7.2
2024-09-07,13,20.7,14.9,27.0,0,34.0,21.2,9.6
2024-09-07,14,21.5,15.6,24.7,0,62.0,9.5,7.9
2024-09-07,15,21.0,16.7,24.8,0,63.0,12.0,7.7
2024-09-07,16,20.6,14.9,27.1,0,74.0,22.9,7.4
2024-09-07,17,21.1,17.0,27.7,0,28.0,3.1,10.1
2024-09-07,18,20.5,16.5,26.0,0,40.0,1.7,6.3
2024-09-07,19,18.6,14.4,23.4,0,37.0,17.1,8.9
2024-09-07,20,22.8,17.6,28.9,0,60.0,20.2,8.7
2024-09-07,21,19.2,15.4,25.8,0,58.0,21.1,9.7
2024-09-07,22,20.4,16.8,25.4,0,52.0,12.7,11.2
2024-09-07,23,25.3,19.7,31.0,0,37.0,6.1,5.8
2024-09-07,24,21.3,17.7,26.3,0,49.0,23.5,6.4
2024-09-07,25,22.1,17.8,25.5,0,47.0,19.9,8.2
2024-09-08,1,22.0,16.8,26.3,0,59.0,16.3,8.8
2024-09-08,2,21.3,17.7,28.1,0.9,67.0,7.4,5.9
2024-09-08,3,22.6,16.7,25.9,0,62.0,25.6,9.0
2024-09-08,4,19.9,13.9,23.9,0,61.0,15.4,6.7
2024-09-08,5,18.7,13.1,25.1,0,55.0,25.5,7.1
2024-09-08,6,21.1,17.2,26.1,0,63.0,11.0,7.5
2024-09-08,7,20.4,14.7,24.0,0,64.0,4.2,6.6
2024-09-08,8,19.6,16.5,26.3,0,75.0,12.7,8.5
2024-09-08,9,19.5,14.4,22.9,0,57.0,1.8,4.7
2024-09-08,10,20.5,14.6,25.8,0,62.0,21.2,7.3
2024-09-08,11,19.9,16.3,26.6,0,61.0,19.4,8.6
2024-09-08,12,18.9,14.7,23.6,0,70.0,21.4,8.0
2024-09-08,13,21.5,17.0,27.2,0,65.0,15.7,9.6
2024-09-08,14,23.9,19.5,28.6,0,67.0,27.5,4.8
2024-09-08,15,19.4,15.1,24.5,0,66.0,14.9,7.9
2024-09-08,16,19.8,15.5,26.8,0,56.0,30.6,7.6
2024-09-08,17,21.6,18.1,25.3,0,53.0,26.4,7.6
2024-09-08,18,20.3,14.6,25.1,0,42.0,22.3,7.3
2024-09-08,19,22.6,19.6,28.7,0,74.0,19.9,6.0
2024-09-08,20,21.1,16.7,25.4,0,67.0,14.0,10.8
2024-09-08,21,18.0,14.3,24.4,0,61.0,14.2,9.0
2024-09-08,22,20.2,16.1,24.5,0,53.0,5.7,8.9
2024-09-08,23,25.7,21.9,30.1,0,36.0,21.9,8.4
2024-09-08,24,21.0,17.9,26.1,0,76.0,22.2,10.0
2024-09-08,25,21.1,17.5,26.6,0,50.0,9.4,8.0
2024-09-09,1,20.7,14.9,25.8,0,57.0,8.1,9.3
2024-09-09,2,21.3,16.0,25.9,0,57.0,7.0,7.7
2024-09-09,3,20.7,17.3,26.6,0,53.0,13.9,9.5
2024-09-09,4,18.8,15.3,23.8,6.0,68.0,23.4,7.5
2024-09-09,5,22.6,18.6,28.7,0,48.0,17.1,8.9
2024-09-09,6,19.8,14.8,24.9,0,66.0,15.7,7.0
2024-09-09,7,20.3,15.0,23.6,0,75.0,10.6,8.0
2024-09-09,8,19.3,15.5,24.1,0,77.0,20.5,6.0
2024-09-09,9,21.7,16.0,27.5,0,59.0,21.4,7.1
2024-09-09,10,20.0,14.4,25.3,0,75.0,9.7,8.6
2024-09-09,11,22.3,18.2,26.3,0,84.0,22.3,7.4
2024-09-09,12,19.9,15.0,24.7,0,56.0,22.6,8.0
2024-09-09,13,22.4,16.6,28.6,0,49.0,28.8,7.2
2024-09-09,14,21.3,15.8,26.2,0,51.0,8.5,6.2
2024-09-09,15,17.2,11.9,24.1,10.3,78.0,19.8,7.9
2024-09-09,16,20.8,14.9,25.4,0,61.0,18.9,8.0
2024-09-09,17,21.5,17.0,26.8,0,34.0,2.3,6.4
2024-09-09,18,20.6,15.7,23.6,0,55.0,13.2,8.2
2024-09-09,19,22.5,18.7,28.2,0,47.0,19.6,9.6
2024-09-09,20,21.2,17.2,25.1,0,24.0,14.3,7.5
2024-09-09,21,16.4,12.4,22.2,0,47.0,7.8,9.1
2024-09-09,22,18.9,15.2,22.7,0,71.0,17.6,4.9
2024-09-09,23,21.3,15.7,27.8,0,27.0,12.9,7.6
2024-09-09,24,19.7,14.3,24.9,0,54.0,16.0,8.5
2024-09-09,25,21.0,15.7,25.1,0,39.0,14.1,9.8
2024-09-10,1,20.6,15.9,27.1,0,74.0,33.9,6.1
2024-09-10,2,19.0,14.1,22.7,0,52.0,12.8,6.7
2024-09-10,3,20.0,14.1,25.8,0,52.0,5.4,8.3
2024-09-10,4,21.1,17.8,27.5,5.8,50.0,7.0,5.0
2024-09-10,5,19.0,13.1,22.2,0,56.0,4.0,8.2
2024-09-10,6,17.7,12.7,24.0,0,63.0,17.7,7.6
2024-09-10,7,21.3,16.7,25.3,0,64.0,6.9,6.9
2024-09-10,8,22.6,17.2,28.2,0,67.0,9.6,6.9
2024-09-10,9,21.3,17.5,24.5,1.9,52.0,17.5,8.9
2024-09-10,10,21.4,16.8,25.4,0,48.0,13.6,6.9
2024-09-10,11,20.6,16.9,26.4,0,57.0,18.5,8.6
2024-09-10,12,18.4,15.2,22.7,0,70.0,13.6,7.5
2024-09-10,13,21.6,16.3,25.1,0,65.0,6.7,6.4
2024-09-10,14,22.3,16.9,28.8,0,78.0,5.6,9.3
2024-09-10,15,19.0,14.4,23.7,0,76.0,12.6,8.7
2024-09-10,16,20.4,17.3,24.2,0,57.0,7.6,8.9
2024-09-10,17,20.6,14.7,25.0,0,41.0,12.5,8.6
2024-09-10,18,20.4,17.1,26.0,0,54.0,9.8,5.2
2024-09-10,19,21.6,16.3,26.8,0,59.0,14.4,7.7
2024-09-10,20,22.3,16.9,28.6,0,61.0,16.3,7.7
2024-09-10,21,19.1,15.7,24.7,0,63.0,13.0,7.4
2024-09-10,22,18.6,12.9,24.0,0,62.0,15.2,8.3
2024-09-10,23,25.0,22.0,29.1,0,32.0,16.2,9.4
2024-09-10,24,19.4,13.4,26.0,0,64.0,4.7,8.3
2024-09-10,25,21.1,15.1,27.6,0,39.0,6.9,8.4
2024-09-11,1,18.7,13.9,24.8,0,56.0,14.8,6.6
2024-09-11,2,20.7,16.7,25.6,0,64.0,20.7,5.8
2024-09-11,3,21.3,16.8,26.0,0.8,79.0,11.6,9.5
2024-09-11,4,19.4,14.5,26.2,0,54.0,22.4,7.1
2024-09-11,5,23.2,18.4,29.1,0,72.0,31.7,8.3
2024-09-11,6,17.0,13.8,21.2,0,58.0,17.2,9.2
2024-09-11,7,21.6,16.3,28.2,0,56.0,24.2,11.1
2024-09-11,8,22.5,18.5,27.2,0,61.0,6.7,7.7
2024-09-11,9,19.4,14.4,24.3,0.2,70.0,8.6,8.4
2024-09-11,10,21.5,16.7,27.6,0,54.0,13.6,9.0
2024-09-11,11,21.3,18.3,26.7,0,75.0,19.6,6.4
2024-09-11,12,18.4,14.9,22.5,0,71.0,7.5,7.6
2024-09-11,13,21.6,16.3,25.8,0,46.0,21.5,5.7
2024-09-11,14,21.1,15.9,27.3,0,55.0,6.2,9.4
2024-09-11,15,19.3,14.9,22.3,0,73.0,13.8,7.4
2024-09-11,16,19.4,15.9,23.2,0,63.0,15.2,7.9
2024-09-11,17,19.2,15.4,25.0,0,38.0,30.3,7.4
2024-09-11,18,19.3,15.4,25.2,0,44.0,12.6,9.3
2024-09-11,19,20.9,17.6,26.5,0,49.0,9.2,6.9
2024-09-11,20,20.4,15.6,26.4,0,64.0,16.9,9.7
2024-09-11,21,19.4,13.8,23.6,0,53.0,21.2,5.7
2024-09-11,22,19.4,14.6,23.2,0,54.0,15.9,5.5
2024-09-11,23,23.6,19.0,28.5,0,29.0,36.7,9.9
2024-09-11,24,19.4,14.7,24.4,0,64.0,9.6,7.1
2024-09-11,25,20.7,15.1,25.4,0,48.0,21.1,6.1
2024-09-12,1,19.1,13.5,23.4,4.0,62.0,15.1,5.5
2024-09-12,2,17.4,12.5,22.2,0,74.0,14.8,7.9
2024-09-12,3,19.0,14.9,24.1,0,53.0,11.9,6.5
2024-09-12,4,18.7,15.4,24.5,4.1,60.0,27.1,6.0
2024-09-12,5,20.3,15.4,27.1,0,61.0,1.3,6.3
2024-09-12,6,18.7,14.7,24.6,0,63.0,6.5,10.3
2024-09-12,7,18.5,14.1,24.8,0,60.0,37.6,7.1
2024-09-12,8,21.7,17.0,26.2,0,55.0,27.1,7.4
2024-09-12,9,22.5,17.7,25.9,0,67.0,17.0,6.7
2024-09-12,10,18.1,13.4,22.6,0,57.0,28.9,7.2
2024-09-12,11,18.3,12.4,23.2,0,65.0,11.3,5.7
2024-09-12,12,21.3,17.0,27.6,1.5,55.0,4.0,6.7
2024-09-12,13,20.3,14.7,26.7,0,56.0,10.9,7.6
2024-09-12,14,24.0,19.9,27.3,0,60.0,27.0,6.4
2024-09-12,15,18.2,13.1,22.8,16.3,96.0,2.7,8.0
2024-09-12,16,17.5,12.8,24.2,0,57.0,17.8,9.2
2024-09-12,17,19.3,14.1,24.7,0,40.0,13.6,5.1
2024-09-12,18,19.4,13.8,22.8,0,43.0,6.9,5.9
2024-09-12,19,23.5,20.1,27.4,0,44.0,2.4,5.6
2024-09-12,20,23.1,19.8,27.0,0,52.0,9.1,6.4
2024-09-12,21,16.8,11.6,20.4,0,45.0,16.1,6.0
2024-09-12,22,18.9,13.6,24.4,3.2,66.0,25.9,8.5
2024-09-12,23,24.7,19.2,31.5,0,45.0,21.1,8.0
2024-09-12,24,18.9,15.2,23.1,0,79.0,1.3,7.3
2024-09-12,25,18.5,14.7,22.9,0,44.0,15.8,4.9
2024-09-13,1,21.6,17.6,27.1,4.4,62.0,18.4,6.8
2024-09-13,2,19.2,13.9,24.2,0,68.0,1.5,6.8
2024-09-13,3,21.5,16.0,27.7,0,44.0,8.6,7.5
2024-09-13,4,19.4,13.7,22.6,0,70.0,9.8,5.8
2024-09-13,5,18.1,14.8,22.0,0,78.0,12.7,8.1
2024-09-13,6,18.7,15.2,22.0,0,68.0,21.8,5.9
2024-09-13,7,21.4,17.2,25.9,0,63.0,16.6,8.1
2024-09-13,8,20.0,16.9,23.7,0,67.0,29.0,6.5
2024-09-13,9,20.3,14.9,24.8,0,70.0,10.3,6.4
2024-09-13,10,21.1,15.6,24.6,0,54.0,15.4,9.9
2024-09-13,11,22.2,18.9,26.3,0,73.0,2.2,9.8
2024-09-13,12,22.4,17.7,25.5,2.7,67.0,20.3,5.9
2024-09-13,13,18.1,13.4,22.6,0,53.0,13.8,6.3
2024-09-13,14,20.8,16.9,27.1,0,57.0,15.6,6.2
2024-09-13,15,18.3,12.4,24.1,0,86.0,11.3,8.3
2024-09-13,16,19.8,16.1,24.4,0.9,68.0,14.5,9.0
2024-09-13,17,21.3,16.7,27.5,0,35.0,17.3,8.2
2024-09-13,18,19.6,15.0,25.8,0,40.0,14.4,7.7
2024-09-13,19,20.9,17.9,24.9,0,52.0,21.0,6.9
2024-09-13,20,25.1,21.8,31.2,0,63.0,8.0,6.3
2024-09-13,21,18.1,14.4,23.0,0,65.0,24.3,9.4
2024-09-13,22,17.9,13.8,24.3,0.6,59.0,36.2,7.4
2024-09-13,23,23.4,19.8,28.5,0,34.0,15.2,6.5
2024-09-13,24,18.5,12.6,24.9,0,66.0,21.5,7.8
2024-09-13,25,21.3,17.6,26.2,0,51.0,23.0,8.0
2024-09-14,1,20.3,14.6,25.6,0,73.0,30.4,5.4
2024-09-14,2,20.2,16.7,27.2,0,84.0,19.5,6.9
2024-09-14,3,18.4,13.3,23.5,0,58.0,18.6,8.8
2024-09-14,4,19.8,15.2,23.9,0,83.0,16.6,4.3
2024-09-14,5,19.0,15.0,24.0,0,55.0,4.0,5.5
2024-09-14,6,18.4,12.6,24.6,0,57.0,13.7,9.3
2024-09-14,7,16.6,11.9,20.7,0,68.0,21.1,7.4
2024-09-14,8,20.7,15.5,27.3,0,84.0,17.6,8.6
2024-09-14,9,21.0,16.7,24.4,0,71.0,15.9,7.6
2024-09-14,10,23.5,18.8,30.3,0,67.0,23.2,9.5
2024-09-14,11,21.1,15.6,24.2,3.4,50.0,6.2,3.9
2024-09-14,12,18.5,14.9,22.0,0,70.0,24.6,7.4
2024-09-14,13,20.4,14.6,24.7,0,45.0,15.7,9.3
2024-09-14,14,23.0,17.3,26.3,0,61.0,7.6,8.9
2024-09-14,15,16.3,10.5,23.2,2.0,69.0,33.4,10.3
2024-09-14,16,20.8,16.4,24.5,0,57.0,10.6,6.2
2024-09-14,17,22.1,17.4,27.6,0,44.0,25.8,9.9
2024-09-14,18,17.7,12.3,22.5,0,53.0,9.8,8.6
2024-09-14,19,19.7,13.9,26.2,0,68.0,10.3,8.3
2024-09-14,20,22.6,18.3,25.8,0,55.0,17.5,7.9
2024-09-14,21,19.8,15.7,22.9,1.2,71.0,23.5,5.5
2024-09-14,22,16.7,13.0,22.8,0,70.0,20.9,7.3
2024-09-14,23,22.7,16.8,29.0,0,48.0,12.8,6.3
2024-09-14,24,20.8,15.2,24.7,0.8,60.0,21.6,9.8
2024-09-14,25,18.6,15.0,25.0,0,46.0,13.1,8.0
2024-09-15,1,20.5,14.7,26.5,0,73.0,15.1,6.7
2024-09-15,2,19.6,15.3,24.0,0,68.0,8.6,7.7
2024-09-15,3,18.9,14.9,25.4,0.6,60.0,11.7,10.4
2024-09-15,4,16.2,10.9,21.9,0,77.0,15.5,7.9
2024-09-15,5,18.1,14.0,23.5,0,61.0,17.0,8.6
2024-09-15,6,17.6,12.0,21.7,0,76.0,16.3,8.1
2024-09-15,7,21.1,16.8,25.7,0,66.0,23.7,10.2
2024-09-15,8,19.0,15.0,23.7,4.4,68.0,22.2,7.3
2024-09-15,9,20.5,15.3,24.2,1.6,65.0,4.0,9.1
2024-09-15,10,20.8,16.5,24.1,0,67.0,4.0,7.5
2024-09-15,11,21.1,16.9,26.9,0,65.0,23.5,5.1
2024-09-15,12,16.7,13.0,20.1,1.4,57.0,18.3,6.4
2024-09-15,13,21.2,17.7,24.6,0,47.0,2.5,4.5
2024-09-15,14,20.0,16.2,23.3,2.0,73.0,17.6,9.4
2024-09-15,15,16.0,10.9,20.7,0,62.0,5.6,7.0
2024-09-15,16,18.3,14.2,22.7,0,78.0,20.4,7.0
2024-09-15,17,20.2,15.5,24.7,0,51.0,2.7,6.1
2024-09-15,18,17.0,13.0,21.2,0,43.0,5.0,5.2
2024-09-15,19,21.3,17.6,26.4,0,39.0,10.5,8.9
2024-09-15,20,20.1,15.1,24.4,0,50.0,21.8,6.2
2024-09-15,21,19.7,14.0,24.6,1.8,47.0,24.0,7.9
2024-09-15,22,18.1,12.6,25.0,0,58.0,17.9,4.2
2024-09-15,23,22.8,17.3,29.4,0,38.0,8.2,4.6
2024-09-15,24,19.6,16.4,25.5,0,58.0,7.6,6.4
2024-09-15,25,20.1,16.7,26.6,0,55.0,13.5,5.2
2024-09-16,1,19.7,14.8,23.5,5.2,49.0,19.3,6.1
2024-09-16,2,19.9,16.3,25.1,0,66.0,25.8,8.3
2024-09-16,3,20.2,14.7,24.3,0,65.0,8.4,6.0
2024-09-16,4,18.2,13.3,21.5,2.0,50.0,5.7,10.5
2024-09-16,5,16.9,13.3,22.8,0,75.0,12.2,4.1
2024-09-16,6,18.9,15.6,22.2,0.1,69.0,15.1,9.6
2024-09-16,7,21.0,16.4,25.7,0,69.0,23.4,7.8
2024-09-16,8,19.7,16.1,25.3,0,62.0,19.6,4.7
2024-09-16,9,18.0,13.5,22.6,0.1,65.0,26.2,6.8
2024-09-16,10,22.3,17.9,25.5,0,54.0,12.2,7.3
2024-09-16,11,19.2,14.2,25.3,0,77.0,21.7,5.8
2024-09-16,12,18.8,13.1,24.9,0,70.0,24.1,7.7
2024-09-16,13,19.8,14.1,25.8,0,51.0,24.3,8.8
2024-09-16,14,20.0,14.0,25.4,0,58.0,16.2,6.9
2024-09-16,15,20.4,15.1,27.0,0,65.0,14.0,5.3
2024-09-16,16,20.0,16.6,26.1,0,55.0,6.1,7.9
2024-09-16,17,19.5,14.0,23.0,0,45.0,27.4,8.5
2024-09-16,18,21.4,17.7,25.1,0.5,40.0,21.0,8.2
2024-09-16,19,21.9,16.2,28.7,0,37.0,8.6,8.3
2024-09-16,20,21.8,16.1,24.8,0,57.0,17.3,6.2
2024-09-16,21,16.6,12.5,20.9,0,73.0,10.1,3.9
2024-09-16,22,19.3,13.8,25.0,0,68.0,28.1,5.8
2024-09-16,23,22.4,18.5,27.3,0,44.0,18.7,6.1
2024-09-16,24,19.8,16.4,23.8,0,65.0,9.8,7.8
2024-09-16,25,18.3,13.3,23.8,0,52.0,2.9,8.5
2024-09-17,1,20.9,17.4,24.5,0,48.0,10.9,5.2
2024-09-17,2,18.6,15.3,23.7,0,64.0,21.9,4.8
2024-09-17,3,17.5,11.9,21.2,0,66.0,6.1,6.5
2024-09-17,4,18.9,13.2,25.5,0,67.0,16.5,9.4
2024-09-17,5,20.1,14.5,26.1,0,61.0,13.2,7.0
2024-09-17,6,20.2,15.4,25.0,0,78.0,21.0,5.4
2024-09-17,7,21.0,17.2,26.9,1.4,61.0,19.7,5.3
2024-09-17,8,22.2,16.3,27.7,0,50.0,13.1,3.9
2024-09-17,9,18.8,13.0,22.8,0,69.0,12.4,6.6
2024-09-17,10,20.1,15.5,25.4,0,66.0,23.0,10.1
2024-09-17,11,17.7,11.9,23.8,0,71.0,15.9,5.6
2024-09-17,12,17.7,13.1,21.8,0,82.0,11.4,9.0
2024-09-17,13,20.6,15.5,25.0,0,33.0,30.8,8.3
2024-09-17,14,21.1,16.2,27.5,0,60.0,3.4,8.4
2024-09-17,15,19.2,15.2,25.9,0,65.0,6.6,5.7
2024-09-17,16,20.1,16.2,27.0,0,90.0,16.6,8.6
2024-09-17,17,18.9,15.6,25.0,0,44.0,14.2,5.6
2024-09-17,18,15.7,11.6,21.1,0,57.0,4.0,3.7
2024-09-17,19,24.1,19.3,27.1,0,53.0,18.3,5.6
2024-09-17,20,19.1,15.9,23.6,0,63.0,18.6,7.0
2024-09-17,21,17.1,11.3,21.5,0,63.0,21.1,8.1
2024-09-17,22,18.1,14.4,22.2,0,60.0,22.6,8.4
2024-09-17,23,24.7,20.7,30.1,0,22.0,18.2,9.1
2024-09-17,24,19.8,15.7,24.6,0,61.0,15.3,4.6
2024-09-17,25,20.8,17.6,26.4,0,58.0,16.4,6.7
2024-09-18,1,16.8,12.9,19.8,2.4,53.0,15.9,7.2
2024-09-18,2,17.5,13.7,22.3,0,71.0,15.4,7.2
2024-09-18,3,18.0,12.4,24.7,0,61.0,18.1,5.6
2024-09-18,4,18.9,15.6,22.9,0,76.0,9.4,7.3
2024-09-18,5,16.1,10.5,21.0,0.4,57.0,27.2,3.9
2024-09-18,6,15.7,12.3,19.6,0,73.0,8.1,4.7
2024-09-18,7,18.7,14.9,22.5,0,51.0,21.5,5.0
2024-09-18,8,19.5,15.0,25.3,2.1,66.0,9.3,6.3
2024-09-18,9,19.4,14.8,25.0,0,64.0,5.1,6.3
2024-09-18,10,18.2,12.8,25.0,0,62.0,20.2,5.1
2024-09-18,11,17.5,11.8,22.8,0,79.0,22.9,10.1
2024-09-18,12,18.3,14.4,24.2,0,77.0,16.0,7.3
2024-09-18,13,20.7,15.9,24.2,0,62.0,19.5,5.7
2024-09-18,14,20.1,16.4,26.0,0,66.0,13.5,5.5
2024-09-18,15,16.5,10.7,23.4,0,67.0,21.2,9.4
2024-09-18,16,19.2,15.5,25.9,0,75.0,26.7,7.5
2024-09-18,17,21.3,16.1,28.1,0,38.0,18.3,6.3
2024-09-18,18,15.6,12.0,22.0,0,44.0,14.9,6.3
2024-09-18,19,21.4,17.4,27.3,0,51.0,20.5,7.3
2024-09-18,20,23.4,20.2,27.8,0,63.0,11.2,5.8
2024-09-18,21,17.4,13.5,22.6,2.0,64.0,9.4,8.7
2024-09-18,22,16.9,11.2,21.8,0,67.0,21.4,7.6
2024-09-18,23,21.3,17.2,27.1,0,25.0,0.2,5.4
2024-09-18,24,20.8,17.0,27.4,0,59.0,18.9,8.5
2024-09-18,25,18.3,13.5,24.4,0,39.0,17.8,4.1
2024-09-19,1,16.1,13.1,21.5,2.9,71.0,8.8,5.1
2024-09-19,2,17.9,14.4,23.6,0,55.0,19.5,7.6
2024-09-19,3,17.0,13.8,22.3,0,53.0,14.9,5.6
2024-09-19,4,19.1,14.3,24.8,0,58.0,25.1,6.9
2024-09-19,5,20.8,16.3,26.1,0,63.0,20.8,7.5
2024-09-19,6,17.5,12.2,20.8,0,64.0,15.5,4.6
2024-09-19,7,17.3,13.8,23.3,2.0,87.0,5.4,8.4
2024-09-19,8,19.4,14.2,24.1,0,56.0,9.8,4.7
2024-09-19,9,16.5,13.1,22.2,0,57.0,12.8,7.5
2024-09-19,10,19.2,14.9,25.5,0,59.0,6.5,6.8
2024-09-19,11,17.7,13.8,22.0,0,65.0,19.7,6.5
2024-09-19,12,20.6,15.2,26.8,0,70.0,27.8,6.4
2024-09-19,13,17.7,12.7,21.9,0,56.0,23.1,4.6
2024-09-19,14,20.0,16.4,24.6,0,63.0,18.5,8.2
2024-09-19,15,19.8,16.0,24.5,3.3,57.0,7.6,8.8
2024-09-19,16,19.5,16.3,26.5,0,61.0,21.0,6.2
2024-09-19,17,15.1,10.8,18.3,0,52.0,10.2,5.9
2024-09-19,18,15.0,11.5,18.3,2.2,49.0,8.8,7.7
2024-09-19,19,21.5,17.3,28.4,0,51.0,22.7,5.3
2024-09-19,20,20.9,17.0,26.6,0,60.0,17.9,8.5
2024-09-19,21,16.3,12.3,22.4,0,75.0,31.5,7.1
2024-09-19,22,15.2,12.2,20.3,4.5,54.0,5.1,6.6
2024-09-19,23,19.9,15.2,25.5,0,28.0,6.3,6.2
2024-09-19,24,17.5,11.9,20.9,0,64.0,4.2,7.2
2024-09-19,25,19.5,16.2,24.6,2.8,52.0,2.3,7.6
2024-09-20,1,18.5,14.0,24.4,0,66.0,13.3,7.6
2024-09-20,2,17.2,11.8,21.5,0,69.0,11.4,6.3
2024-09-20,3,20.3,14.8,26.8,0,74.0,15.0,5.1
2024-09-20,4,17.6,14.4,23.1,0,65.0,23.4,5.7
2024-09-20,5,19.2,14.1,25.4,0,71.0,28.7,6.0
2024-09-20,6,18.5,13.7,25.3,0,59.0,12.6,7.4
2024-09-20,7,18.0,13.7,24.5,0,68.0,10.9,8.1
2024-09-20,8,17.4,13.0,23.5,0,63.0,12.1,5.4
2024-09-20,9,16.3,10.3,20.1,0,59.0,15.4,6.6
2024-09-20,10,19.7,14.6,23.9,0,70.0,26.5,3.7
2024-09-20,11,16.7,11.8,20.9,0,73.0,12.9,7.9
2024-09-20,12,19.4,13.7,26.4,0,78.0,26.7,6.6
2024-09-20,13,19.3,15.3,23.6,0,58.0,6.0,7.0
2024-09-20,14,21.6,17.6,25.5,0.1,45.0,10.6,8.9
2024-09-20,15,15.9,11.0,20.2,0,79.0,7.2,6.3
2024-09-20,16,18.7,13.3,22.9,0,58.0,21.1,7.5
2024-09-20,17,20.4,15.5,25.5,0,57.0,24.3,5.6
2024-09-20,18,15.9,12.8,20.4,0,65.0,23.8,5.6
2024-09-20,19,20.1,14.3,24.8,0,34.0,10.9,7.3
2024-09-20,20,20.6,16.4,25.6,0,53.0,15.9,8.9
2024-09-20,21,17.0,11.5,22.0,0,68.0,16.2,6.5
2024-09-20,22,16.8,12.1,20.6,0,34.0,24.9,8.7
2024-09-20,23,22.4,17.3,29.0,0,39.0,20.6,6.3
2024-09-20,24,17.4,12.2,22.5,0,62.0,7.8,3.8
2024-09-20,25,15.9,10.1,22.1,0,49.0,17.9,9.0
2024-09-21,1,16.7,11.0,22.5,10.5,69.0,23.3,6.1
2024-09-21,2,18.5,12.8,24.0,0,56.0,8.2,6.7
2024-09-21,3,19.3,14.2,24.8,0,57.0,4.7,7.2
2024-09-21,4,19.1,14.3,24.0,0,69.0,19.6,5.5
2024-09-21,5,16.8,11.0,22.2,0,58.0,17.5,7.7
2024-09-21,6,17.5,14.2,22.7,0,52.0,23.6,4.7
2024-09-21,7,21.7,16.4,27.4,0,58.0,2.7,8.6
2024-09-21,8,16.5,11.7,21.6,0.1,65.0,18.0,8.2
2024-09-21,9,19.3,15.6,22.5,0,60.0,17.3,7.3
2024-09-21,10,18.9,13.7,25.9,0,67.0,27.0,8.3
2024-09-21,11,18.3,13.6,23.7,0,75.0,26.9,7.6
2024-09-21,12,16.8,11.2,20.1,1.0,63.0,26.2,6.4
2024-09-21,13,16.2,11.4,19.4,0,50.0,20.5,10.4
2024-09-21,14,18.6,15.2,24.6,0,58.0,10.4,6.8
2024-09-21,15,20.5,16.9,24.7,0,67.0,15.1,2.1
2024-09-21,16,17.8,14.5,23.8,0,45.0,24.7,5.7
2024-09-21,17,18.4,13.0,24.0,0,39.0,13.3,5.4
2024-09-21,18,16.5,10.9,23.1,4.4,50.0,12.9,6.6
2024-09-21,19,23.1,17.5,27.2,0,60.0,9.7,7.1
2024-09-21,20,20.4,16.6,25.3,0,50.0,21.0,7.4
2024-09-21,21,15.6,11.7,21.1,3.4,55.0,28.0,5.0
2024-09-21,22,14.7,9.4,20.8,0,68.0,22.1,5.0
2024-09-21,23,21.0,15.8,27.9,0,16.0,15.9,7.1
2024-09-21,24,18.7,13.0,23.9,4.8,69.0,28.5,4.8
2024-09-21,25,18.4,13.2,23.4,0,25.0,15.5,7.9
2024-09-22,1,17.8,12.2,24.6,0,68.0,19.5,4.8
2024-09-22,2,16.0,11.1,19.4,0,71.0,16.7,7.3
2024-09-22,3,17.6,13.3,24.3,0,68.0,9.8,4.3
2024-09-22,4,15.3,9.5,19.1,0,72.0,12.1,5.2
2024-09-22,5,20.5,16.1,24.2,0,76.0,10.2,6.3
2024-09-22,6,16.9,11.5,21.8,0,51.0,3.3,7.0
2024-09-22,7,18.5,15.4,22.0,0,59.0,7.6,6.0
2024-09-22,8,19.1,15.1,23.9,0,74.0,13.7,7.7
2024-09-22,9,18.8,14.0,23.8,0,61.0,38.0,7.8
2024-09-22,10,20.4,14.6,26.8,0,61.0,5.4,5.4
2024-09-22,11,18.9,14.0,25.2,0,64.0,9.6,5.3
2024-09-22,12,17.6,12.5,20.7,0,83.0,19.9,7.8
2024-09-22,13,19.2,14.8,24.8,0,49.0,0.8,9.6
2024-09-22,14,19.8,15.7,26.2,0,51.0,10.3,3.6
2024-09-22,15,17.7,13.0,21.8,0,69.0,14.6,7.0
2024-09-22,16,17.4,13.9,21.8,0,68.0,18.2,6.8
2024-09-22,17,19.5,14.2,25.3,0,52.0,15.7,4.7
2024-09-22,18,16.4,10.5,22.0,0,45.0,26.2,8.2
2024-09-22,19,22.6,18.3,26.2,0,72.0,6.6,6.8
2024-09-22,20,21.0,15.6,27.8,0,65.0,17.8,6.6
2024-09-22,21,17.1,11.8,22.9,0,66.0,11.5,7.0
2024-09-22,22,14.8,10.1,21.2,0,61.0,5.7,5.4
2024-09-22,23,21.3,17.6,27.5,0,22.0,15.1,7.7
2024-09-22,24,18.4,14.2,23.5,0,75.0,17.8,5.0
2024-09-22,25,17.9,13.4,24.8,0,44.0,20.9,5.5
2024-09-23,1,14.5,10.4,18.2,1.5,62.0,0.0,6.8
2024-09-23,2,15.8,11.0,20.8,0,58.0,16.2,8.7
2024-09-23,3,19.1,14.5,23.6,0,74.0,24.6,5.7
2024-09-23,4,18.7,15.1,22.9,0,67.0,20.8,4.8
2024-09-23,5,16.6,12.2,23.6,4.2,75.0,5.9,7.4
2024-09-23,6,19.0,14.7,25.0,0,62.0,17.3,3.7
2024-09-23,7,20.5,16.8,25.9,14.8,66.0,17.4,6.6
2024-09-23,8,17.4,11.7,22.4,0,62.0,19.5,6.0
2024-09-23,9,19.7,15.3,22.9,0,64.0,19.3,6.5
2024-09-23,10,20.5,16.7,24.6,0,71.0,9.9,6.8
2024-09-23,11,16.7,12.9,22.1,0,79.0,21.0,4.4
2024-09-23,12,18.5,14.6,23.1,0,73.0,20.0,6.4
2024-09-23,13,15.2,10.4,19.6,0,59.0,19.2,4.6
2024-09-23,14,19.3,14.9,24.5,0,60.0,13.3,7.6
2024-09-23,15,15.4,10.9,21.9,4.7,63.0,21.7,3.5
2024-09-23,16,15.4,9.6,20.7,0,76.0,26.4,6.3
2024-09-23,17,19.4,16.4,23.7,0,41.0,9.9,5.7
2024-09-23,18,15.6,11.5,21.0,0,38.0,16.0,7.8
2024-09-23,19,20.5,16.4,24.7,0,50.0,17.3,6.9
2024-09-23,20,16.9,12.1,21.6,0,56.0,21.6,8.6
2024-09-23,21,14.9,9.7,18.3,0,77.0,20.4,6.2
2024-09-23,22,17.4,14.4,22.2,0,60.0,29.4,7.7
2024-09-23,23,22.4,16.5,27.8,0,24.0,10.7,4.5
2024-09-23,24,17.8,14.7,22.1,0,77.0,15.6,8.5
2024-09-23,25,16.2,12.8,20.9,0,39.0,27.2,7.7
2024-09-24,1,18.9,13.3,22.1,0,60.0,25.9,4.0
2024-09-24,2,16.1,12.0,22.6,0,48.0,0.4,5.3
2024-09-24,3,18.2,14.8,22.3,0,63.0,21.8,6.1
2024-09-24,4,17.7,13.8,24.6,0,70.0,10.0,8.9
2024-09-24,5,18.6,13.8,23.0,2.3,80.0,10.1,6.1
2024-09-24,6,18.6,15.3,23.3,0,65.0,22.8,5.6
2024-09-24,7,16.9,11.6,22.3,0,78.0,23.5,6.7
2024-09-24,8,18.8,15.4,24.9,0,61.0,5.9,6.3
2024-09-24,9,21.2,16.2,24.4,0,67.0,27.1,6.3
2024-09-24,10,16.8,11.3,20.3,0,58.0,20.8,7.7
2024-09-24,11,19.5,14.7,24.8,0,71.0,21.9,8.0
2024-09-24,12,17.8,12.9,23.0,0.5,71.0,12.5,6.5
2024-09-24,13,17.5,11.7,23.5,0,58.0,19.8,7.8
2024-09-24,14,19.4,15.3,26.4,0,74.0,9.9,8.4
2024-09-24,15,14.9,11.0,21.7,0,70.0,16.0,10.1
2024-09-24,16,18.8,14.9,22.1,0,62.0,24.5,5.3
2024-09-24,17,20.4,16.3,25.5,0,42.0,7.9,6.8
2024-09-24,18,14.5,8.9,21.2,1.4,55.0,25.6,6.5
2024-09-24,19,21.3,17.1,24.7,0.1,56.0,24.4,3.8
2024-09-24,20,18.9,13.2,22.1,0,45.0,9.5,7.6
2024-09-24,21,17.4,11.9,20.5,0,48.0,24.5,6.8
2024-09-24,22,15.4,11.1,19.8,0,65.0,1.6,5.3
2024-09-24,23,18.4,14.6,21.8,0,38.0,9.3,6.6
2024-09-24,24,18.7,13.9,24.5,0,75.0,22.1,8.4
2024-09-24,25,17.5,11.7,22.0,0,39.0,13.4,6.3
2024-09-25,1,14.2,10.4,17.5,0,71.0,18.5,5.7
2024-09-25,2,16.9,13.7,20.2,0,61.0,23.2,6.9
2024-09-25,3,15.4,11.7,20.2,0,72.0,18.5,6.1
2024-09-25,4,18.0,14.2,23.4,0,82.0,16.1,11.5
2024-09-25,5,16.8,12.3,23.5,0,71.0,17.1,7.9
2024-09-25,6,18.1,14.6,22.9,0,55.0,17.7,5.0
2024-09-25,7,15.4,10.7,20.0,0,79.0,14.7,2.7
2024-09-25,8,18.4,15.2,22.8,0,68.0,5.1,3.6
2024-09-25,9,18.1,14.7,22.9,0,58.0,28.8,4.4
2024-09-25,10,19.1,14.0,26.1,0,58.0,23.7,6.2
2024-09-25,11,19.2,13.3,24.0,0,78.0,13.5,5.3
2024-09-25,12,20.5,15.1,27.0,0,63.0,17.7,5.9
2024-09-25,13,16.3,10.3,22.6,0,43.0,13.9,8.0
2024-09-25,14,21.1,17.0,24.5,0,54.0,30.2,6.5
2024-09-25,15,17.9,14.4,22.4,0,69.0,8.7,6.0
2024-09-25,16,18.5,14.8,25.0,0,58.0,18.5,9.8
2024-09-25,17,16.4,11.6,23.0,0,46.0,26.3,7.1
2024-09-25,18,14.5,9.1,18.4,0,69.0,21.8,7.4
2024-09-25,19,20.5,16.7,26.9,0,64.0,24.0,7.8
2024-09-25,20,21.1,17.6,26.2,0,61.0,12.7,4.6
2024-09-25,21,17.0,13.4,20.4,0,64.0,12.8,6.0
2024-09-25,22,17.5,14.2,21.0,0,58.0,24.2,6.5
2024-09-25,23,20.2,16.3,27.1,0,41.0,16.8,7.3
2024-09-25,24,18.5,12.9,24.5,0,79.0,7.0,7.8
2024-09-25,25,18.6,15.1,22.2,0,48.0,4.5,9.5
2024-09-26,1,20.7,16.9,24.5,4.4,65.0,10.3,8.4
2024-09-26,2,17.0,12.6,21.7,2.2,66.0,11.5,5.8
2024-09-26,3,16.7,12.3,21.4,0,64.0,2.7,4.9
2024-09-26,4,17.9,12.2,23.9,0,68.0,13.4,6.9
2024-09-26,5,18.5,14.5,21.8,0,69.0,11.5,5.3
2024-09-26,6,16.7,10.8,20.6,0,70.0,35.5,6.5
2024-09-26,7,18.2,13.8,24.8,0,66.0,7.0,7.8
2024-09-26,8,18.8,15.2,22.8,0,74.0,12.1,7.1
2024-09-26,9,19.4,14.5,23.5,0,68.0,24.4,7.8
2024-09-26,10,18.0,12.4,21.9,0,66.0,22.7,5.3
2024-09-26,11,19.4,15.8,22.7,0,72.0,25.1,7.2
2024-09-26,12,15.4,10.9,18.8,0,72.0,18.0,6.0
2024-09-26,13,16.9,12.1,22.6,0,54.0,9.9,6.2
2024-09-26,14,18.2,13.5,25.0,0,62.0,8.0,5.5
2024-09-26,15,19.0,15.9,23.0,0,81.0,12.0,6.3
2024-09-26,16,18.4,15.0,23.3,0,63.0,20.6,9.3
2024-09-26,17,18.7,14.4,21.8,0,37.0,20.9,5.9
2024-09-26,18,14.2,9.2,18.7,1.3,56.0,13.0,4.1
2024-09-26,19,18.4,12.8,23.3,0,50.0,24.2,6.7
2024-09-26,20,20.2,14.2,26.4,0,51.0,22.0,8.6
2024-09-26,21,15.7,10.2,19.0,0,70.0,22.0,8.1
2024-09-26,22,17.0,13.9,21.9,0,55.0,12.9,7.1
2024-09-26,23,17.8,12.0,21.8,0,44.0,29.4,5.8
2024-09-26,24,16.6,10.8,21.5,1.4,72.0,11.4,7.1
2024-09-26,25,15.3,10.6,19.5,0,37.0,5.0,4.3
2024-09-27,1,16.6,11.7,21.4,0,56.0,24.2,4.7
2024-09-27,2,18.9,15.2,25.6,0,73.0,17.5,6.6
2024-09-27,3,16.6,13.0,21.0,0,64.0,25.9,6.9
2024-09-27,4,17.2,11.4,23.7,0.1,54.0,6.5,7.2
2024-09-27,5,15.7,12.2,20.8,7.4,58.0,6.4,5.0
2024-09-27,6,15.1,9.3,19.3,0,65.0,10.5,5.9
2024-09-27,7,16.7,12.9,21.6,0,80.0,13.9,7.9
2024-09-27,8,16.8,13.5,21.9,0,75.0,1.7,6.0
2024-09-27,9,15.7,12.1,19.5,0,40.0,2.8,7.5
2024-09-27,10,18.6,15.6,22.3,0,65.0,15.3,8.4
2024-09-27,11,20.7,16.3,26.9,0,63.0,12.4,5.2
2024-09-27,12,18.3,13.8,24.6,0,74.0,9.0,4.0
2024-09-27,13,17.3,12.6,22.4,0,48.0,2.7,4.2
2024-09-27,14,20.9,17.6,24.5,0,60.0,17.4,8.3
2024-09-27,15,16.7,12.9,22.7,0.4,80.0,19.9,6.7
2024-09-27,16,20.3,16.1,26.7,0,68.0,6.0,7.0
2024-09-27,17,15.9,10.7,22.8,0,42.0,14.9,7.0
2024-09-27,18,13.0,8.7,16.4,0,62.0,13.4,5.8
2024-09-27,19,20.4,16.9,27.0,0,42.0,16.8,7.6
2024-09-27,20,18.9,13.3,23.6,0,60.0,18.0,6.9
2024-09-27,21,14.5,10.8,18.0,8.2,66.0,9.3,5.2
2024-09-27,22,16.5,12.6,20.8,0,59.0,24.0,7.6
2024-09-27,23,19.9,15.0,24.8,0,41.0,5.6,6.3
2024-09-27,24,19.8,16.6,23.3,0,70.0,10.7,5.6
2024-09-27,25,15.5,11.9,19.2,0,53.0,17.8,7.6
2024-09-28,1,16.6,13.5,20.4,0,78.0,13.9,3.8
2024-09-28,2,19.5,13.9,24.3,0,75.0,15.1,7.2
2024-09-28,3,15.5,11.5,19.1,0,64.0,27.0,5.3
2024-09-28,4,14.5,9.6,17.5,0.9,72.0,13.5,6.3
2024-09-28,5,16.4,11.5,22.4,0,62.0,7.1,6.0
2024-09-28,6,15.7,11.3,20.9,0,63.0,7.8,5.6
2024-09-28,7,15.8,10.8,22.6,0,65.0,19.1,6.2
2024-09-28,8,19.1,14.4,25.3,0,63.0,14.4,6.9
2024-09-28,9,18.1,13.3,23.7,0.6,75.0,12.5,6.7
2024-09-28,10,18.6,13.4,25.3,0,58.0,19.8,5.7
2024-09-28,11,17.3,12.9,20.8,0,76.0,8.2,5.3
2024-09-28,12,18.8,13.3,25.5,0,69.0,2.2,5.6
2024-09-28,13,17.2,13.7,20.5,0,60.0,12.4,4.9
2024-09-28,14,19.2,14.1,23.2,0,59.0,19.3,2.8
2024-09-28,15,15.8,11.9,19.6,2.4,62.0,3.2,6.3
2024-09-28,16,19.6,13.6,25.7,0,65.0,12.9,6.0
2024-09-28,17,19.0,14.3,23.4,0,42.0,10.1,6.5
2024-09-28,18,13.5,9.9,20.1,0.9,60.0,13.8,7.5
2024-09-28,19,19.3,14.2,26.2,0,52.0,19.2,6.4
2024-09-28,20,19.5,14.6,24.6,0,56.0,14.0,5.8
2024-09-28,21,12.3,7.2,18.7,0,54.0,9.2,8.6
2024-09-28,22,15.3,12.3,21.5,0,63.0,18.2,6.2
2024-09-28,23,19.8,14.9,25.6,0,43.0,8.4,3.1
2024-09-28,24,17.1,11.4,20.8,0,62.0,8.3,6.6
2024-09-28,25,16.3,11.5,22.7,0,55.0,19.4,9.5
2024-09-29,1,14.4,11.0,17.5,0,76.0,3.0,6.8
2024-09-29,2,16.5,12.8,21.7,0,74.0,13.3,3.2
2024-09-29,3,15.4,10.5,20.2,0,66.0,24.5,6.1
2024-09-29,4,17.6,12.9,22.8,1.3,76.0,22.8,5.9
2024-09-29,5,17.5,14.1,23.6,6.4,72.0,16.0,6.1
2024-09-29,6,16.8,11.7,22.3,0,59.0,3.9,8.7
2024-09-29,7,18.5,13.6,21.8,0,59.0,15.9,6.8
2024-09-29,8,19.5,15.4,23.3,0,74.0,5.3,6.4
2024-09-29,9,20.7,17.0,26.8,0,69.0,10.2,5.8
2024-09-29,10,16.6,12.1,19.7,0.5,70.0,15.1,6.3
2024-09-29,11,17.7,11.9,23.0,0,69.0,13.2,8.6
2024-09-29,12,17.4,11.6,21.3,0,70.0,8.3,7.7
2024-09-29,13,14.8,8.8,20.8,0,57.0,19.5,7.4
2024-09-29,14,18.1,14.2,22.0,0,63.0,16.0,5.8
2024-09-29,15,16.9,11.1,22.7,0.4,94.0,19.9,4.2
2024-09-29,16,18.3,14.2,23.3,0,84.0,9.3,9.0
2024-09-29,17,16.8,11.6,21.0,0,40.0,3.6,5.9
2024-09-29,18,14.9,9.8,21.2,0,68.0,12.8,7.0
2024-09-29,19,18.9,14.0,22.7,0,48.0,19.4,5.0
2024-09-29,20,18.0,14.3,23.6,0,59.0,23.0,7.5
2024-09-29,21,17.1,13.2,23.9,0.7,62.0,32.4,4.6
2024-09-29,22,15.3,11.5,18.9,2.8,57.0,19.7,9.1
2024-09-29,23,18.2,14.9,22.0,0,39.0,20.1,6.2
2024-09-29,24,16.6,13.3,19.7,0,72.0,7.0,7.5
2024-09-29,25,13.9,9.7,18.1,0,59.0,16.8,6.6
2024-09-30,1,17.8,12.0,23.6,0,63.0,17.7,7.7
2024-09-30,2,12.9,8.5,19.8,0,66.0,11.9,7.6
2024-09-30,3,17.1,12.3,21.8,8.0,63.0,19.9,6.6
2024-09-30,4,16.9,11.5,22.8,0,76.0,10.9,5.8
2024-09-30,5,17.9,14.4,24.7,0,73.0,4.2,6.2
2024-09-30,6,15.6,10.8,21.1,0,72.0,10.9,7.0
2024-09-30,7,15.7,12.3,20.4,0.6,72.0,11.0,9.6
2024-09-30,8,18.1,15.0,22.7,0,69.0,26.5,2.7
2024-09-30,9,16.3,12.1,20.5,0.0,66.0,21.7,5.3
2024-09-30,10,16.9,13.4,23.4,0,57.0,4.8,9.1
2024-09-30,11,16.3,11.6,20.6,0,72.0,13.8,6.1
2024-09-30,12,18.9,13.6,23.1,0,76.0,0.1,6.3
2024-09-30,13,16.3,13.1,20.0,0.6,44.0,20.7,4.1
2024-09-30,14,21.0,16.2,27.9,0,53.0,21.2,4.0
2024-09-30,15,16.7,13.3,22.2,0,63.0,19.5,6.2
2024-09-30,16,18.1,14.4,24.0,0.7,83.0,3.4,5.4
2024-09-30,17,19.1,13.2,24.6,0,52.0,3.2,4.8
2024-09-30,18,11.3,6.7,17.0,0,55.0,7.8,7.7
2024-09-30,19,17.8,13.2,21.4,0,62.0,6.6,4.2
2024-09-30,20,19.9,15.7,26.4,0,67.0,11.9,6.4
2024-09-30,21,14.6,10.1,19.0,0.1,68.0,2.9,7.6
2024-09-30,22,14.7,9.7,21.6,0,62.0,11.9,7.9
2024-09-30,23,17.8,12.7,21.4,0,29.0,12.3,5.7
2024-09-30,24,17.2,12.6,21.1,0,81.0,12.6,3.0
2024-09-30,25,17.5,12.9,23.5,6.8,44.0,7.4,6.6
2024-10-01,1,16.6,12.6,19.6,0,66.0,24.9,5.4
2024-10-01,2,14.8,10.9,21.1,0.4,81.0,17.6,5.2
2024-10-01,3,14.3,11.3,20.2,0,63.0,21.0,5.6
2024-10-01,4,18.8,14.5,24.5,0,61.0,35.2,5.4
2024-10-01,5,16.8,13.6,22.8,0,62.0,18.9,5.8
2024-10-01,6,18.1,14.4,22.0,2.6,61.0,27.9,5.6
2024-10-01,7,14.9,11.6,18.8,0,71.0,19.5,7.2
2024-10-01,8,16.8,13.4,21.1,0,59.0,22.1,4.6
2024-10-01,9,16.7,12.5,21.0,0,64.0,19.0,5.9
2024-10-01,10,16.8,11.7,21.5,0,78.0,16.3,5.3
2024-10-01,11,17.4,12.6,23.6,0.2,83.0,19.8,7.8
2024-10-01,12,17.7,12.4,24.4,0,76.0,12.8,6.6
2024-10-01,13,17.6,14.4,21.1,0,62.0,21.5,6.8
2024-10-01,14,20.1,16.0,26.7,0,72.0,8.3,5.1
2024-10-01,15,16.6,13.3,20.7,0.7,83.0,18.8,6.8
2024-10-01,16,14.6,10.4,20.9,0,76.0,17.2,6.5
2024-10-01,17,15.8,11.3,21.4,0,45.0,21.6,4.6
2024-10-01,18,13.1,9.8,16.4,0,44.0,20.5,4.4
2024-10-01,19,18.1,13.7,21.3,0,68.0,29.7,6.2
2024-10-01,20,18.8,15.1,21.8,0,51.0,42.5,6.9
2024-10-01,21,14.8,11.4,18.1,3.4,65.0,8.8,8.8
2024-10-01,22,17.0,11.8,20.1,0,67.0,11.2,7.7
2024-10-01,23,17.1,13.6,21.4,0,35.0,9.2,9.2
2024-10-01,24,16.4,10.6,21.7,0,55.0,13.0,3.9
2024-10-01,25,15.8,12.6,19.2,0,58.0,12.3,5.1
2024-10-02,1,16.5,11.2,23.0,0.0,68.0,13.9,5.2
2024-10-02,2,15.6,10.4,22.0,0,60.0,10.6,3.8
2024-10-02,3,17.6,14.5,23.0,0,76.0,1.6,5.4
2024-10-02,4,18.9,14.4,24.1,0,59.0,10.5,5.2
2024-10-02,5,15.6,12.4,20.1,10.0,85.0,6.1,5.9
2024-10-02,6,17.1,12.4,23.5,0,71.0,13.5,6.0
2024-10-02,7,17.5,14.5,23.2,0,70.0,12.0,4.7
2024-10-02,8,18.8,15.3,22.6,0,79.0,23.5,6.1
2024-10-02,9,16.7,10.8,21.8,0,57.0,16.8,5.1
2024-10-02,10,16.3,11.0,21.6,0,51.0,9.0,5.8
2024-10-02,11,16.0,12.8,22.2,0,59.0,18.3,2.5
2024-10-02,12,16.2,10.5,19.8,0,69.0,9.4,6.7
2024-10-02,13,17.7,14.4,22.4,0,48.0,11.9,6.2
2024-10-02,14,15.6,12.3,19.0,0,66.0,24.1,6.3
2024-10-02,15,17.2,14.2,21.6,0,82.0,2.6,4.8
2024-10-02,16,15.3,10.6,19.1,0,66.0,8.6,6.6
2024-10-02,17,17.1,12.7,20.4,1.5,44.0,24.4,3.3
2024-10-02,18,14.7,9.8,20.2,0,67.0,0.1,5.2
2024-10-02,19,17.2,12.1,22.8,0,62.0,14.7,4.9
2024-10-02,20,19.8,16.0,23.4,0,58.0,25.8,3.8
2024-10-02,21,13.2,7.7,16.7,0,61.0,20.5,6.3
2024-10-02,22,16.3,10.8,19.3,0.0,54.0,15.3,9.3
2024-10-02,23,19.8,15.8,25.7,0,32.0,1.2,4.7
2024-10-02,24,17.2,11.6,21.9,0,73.0,19.5,7.0
2024-10-02,25,15.1,9.9,21.3,0.8,50.0,26.4,6.6
2024-10-03,1,14.1,11.0,18.6,0,70.0,23.8,3.7
2024-10-03,2,16.3,11.7,20.1,0,50.0,22.2,4.5
2024-10-03,3,14.6,10.4,21.2,0,65.0,10.5,6.3
2024-10-03,4,18.2,13.7,21.4,0,64.0,10.1,6.0
2024-10-03,5,13.2,8.4,17.3,0,78.0,18.4,7.1
2024-10-03,6,18.4,13.3,24.0,0,78.0,2.5,5.2
2024-10-03,7,16.2,11.2,20.3,0,65.0,18.7,3.4
2024-10-03,8,15.4,10.0,21.6,0,72.0,17.1,5.6
2024-10-03,9,16.0,10.4,21.1,0,67.0,30.4,4.9
2024-10-03,10,20.0,15.4,26.3,0,49.0,4.4,5.6
2024-10-03,11,16.0,12.4,21.3,0,74.0,17.7,7.4
2024-10-03,12,15.2,10.0,19.4,0.4,75.0,13.1,7.8
2024-10-03,13,15.0,11.1,20.2,0,49.0,20.4,7.7
2024-10-03,14,21.2,17.3,25.4,0,54.0,6.5,6.0
2024-10-03,15,14.9,9.4,21.6,2.9,60.0,24.3,8.6
2024-10-03,16,17.0,12.3,20.9,0,80.0,12.7,7.2
2024-10-03,17,13.6,9.8,19.6,0,47.0,33.9,5.2
2024-10-03,18,16.5,12.5,23.3,0,57.0,6.9,6.6
2024-10-03,19,19.2,16.1,25.9,0,46.0,26.1,5.8
2024-10-03,20,17.7,12.9,24.4,0,45.0,18.9,3.1
2024-10-03,21,15.6,9.9,20.2,0,50.0,4.5,6.2
2024-10-03,22,14.1,11.0,19.9,0,63.0,14.4,4.9
2024-10-03,23,17.0,13.8,24.0,0,38.0,11.3,5.3
2024-10-03,24,17.7,11.9,23.0,0,70.0,13.8,6.0
2024-10-03,25,16.4,12.6,20.8,0,53.0,18.9,4.5
2024-10-04,1,16.1,12.0,20.9,1.7,87.0,24.4,8.3
2024-10-04,2,16.1,12.7,20.4,0,66.0,19.5,4.0
2024-10-04,3,15.6,12.0,18.7,0,67.0,7.1,3.8
2024-10-04,4,15.8,9.9,20.6,6.5,66.0,22.5,7.7
2024-10-04,5,13.8,8.3,17.4,0,67.0,22.1,4.6
2024-10-04,6,14.7,9.9,18.8,0,76.0,19.7,4.7
2024-10-04,7,17.2,11.3,21.4,0,65.0,4.2,7.7
2024-10-04,8,13.4,8.3,20.0,0,58.0,3.8,6.0
2024-10-04,9,16.3,11.7,22.0,0,78.0,4.7,7.7
2024-10-04,10,15.1,10.4,19.2,0,75.0,15.4,7.2
2024-10-04,11,14.9,10.1,20.2,0,59.0,11.4,6.2
2024-10-04,12,15.3,9.6,19.6,2.1,65.0,9.2,5.5
2024-10-04,13,16.4,12.5,23.0,0,58.0,6.9,6.3
2024-10-04,14,17.0,12.7,22.9,0,66.0,20.2,5.7
2024-10-04,15,13.5,8.2,20.5,0,73.0,1.3,5.7
2024-10-04,16,20.4,14.7,26.0,0,64.0,7.2,5.5
2024-10-04,17,14.8,9.6,18.5,1.4,35.0,29.6,6.2
2024-10-04,18,12.2,8.3,15.9,0,61.0,9.8,6.3
2024-10-04,19,17.8,12.6,24.2,0,60.0,13.1,6.2
2024-10-04,20,21.3,16.2,25.2,0,64.0,8.5,4.4
2024-10-04,21,15.0,10.4,21.3,0,53.0,8.1,5.6
2024-10-04,22,16.0,11.7,20.6,7.0,68.0,0.7,5.8
2024-10-04,23,18.2,13.3,23.0,0,27.0,24.8,4.3
2024-10-04,24,13.8,10.3,18.0,0,80.0,14.4,7.2
2024-10-04,25,16.2,11.1,22.9,0,46.0,13.0,3.8
2024-10-05,1,19.5,16.0,23.8,0,63.0,15.1,5.8
2024-10-05,2,16.1,10.4,21.9,3.8,63.0,12.2,5.6
2024-10-05,3,16.8,12.2,19.9,0,71.0,6.5,5.3
2024-10-05,4,14.6,10.6,19.4,0,54.0,12.1,7.7
2024-10-05,5,16.3,10.6,19.5,4.2,73.0,25.1,5.6
2024-10-05,6,16.2,12.0,22.4,0,63.0,10.7,4.8
2024-10-05,7,14.6,10.1,19.2,0,65.0,15.1,4.6
2024-10-05,8,14.2,8.5,19.2,0,64.0,6.9,6.4
2024-10-05,9,17.5,14.3,21.1,0,62.0,6.4,6.9
2024-10-05,10,16.4,10.4,22.3,0,75.0,1.6,8.0
2024-10-05,11,17.2,12.6,24.1,0,74.0,24.3,7.9
2024-10-05,12,15.4,11.4,22.0,0,85.0,7.1,4.7
2024-10-05,13,16.8,12.9,23.4,0,57.0,26.2,6.8
2024-10-05,14,16.6,11.6,19.8,0,50.0,4.7,6.1
2024-10-05,15,13.9,9.1,17.2,0.8,61.0,20.6,7.9
2024-10-05,16,16.1,12.7,21.9,0,74.0,17.4,7.3
2024-10-05,17,17.1,13.8,21.6,0,49.0,24.3,5.6
2024-10-05,18,14.7,9.0,19.7,0,53.0,5.0,4.0
2024-10-05,19,18.4,13.3,21.5,0,62.0,15.6,3.9
2024-10-05,20,18.2,13.9,25.0,0,52.0,12.7,6.7
2024-10-05,21,13.2,10.1,19.5,1.2,60.0,17.1,9.1
2024-10-05,22,15.1,11.4,21.0,0,47.0,12.3,5.7
2024-10-05,23,17.2,13.7,22.7,0,44.0,13.7,6.9
2024-10-05,24,17.2,13.8,21.3,0.6,67.0,13.3,5.1
2024-10-05,25,12.3,6.4,17.3,0,68.0,14.6,4.7
2024-10-06,1,16.0,12.6,19.4,0,77.0,16.0,3.8
2024-10-06,2,14.7,11.5,19.7,0,60.0,5.2,1.9
2024-10-06,3,14.3,8.8,18.5,0,59.0,17.8,4.4
2024-10-06,4,16.3,11.3,23.2,0.9,60.0,26.2,7.3
2024-10-06,5,15.0,10.4,19.9,0.2,61.0,12.6,6.9
2024-10-06,6,15.0,9.5,21.5,0,79.0,13.4,7.1
2024-10-06,7,15.9,10.8,22.1,0,80.0,30.7,5.8
2024-10-06,8,15.0,9.9,18.6,0.6,68.0,17.4,4.2
2024-10-06,9,17.5,14.2,21.1,0,57.0,15.7,5.6
2024-10-06,10,16.8,11.3,23.5,0,79.0,16.1,5.2
2024-10-06,11,15.8,10.0,22.4,0,95.0,7.7,9.1
2024-10-06,12,17.9,12.5,23.2,0,76.0,13.3,3.3
2024-10-06,13,17.5,12.5,23.8,0,68.0,8.4,3.5
2024-10-06,14,17.1,12.3,23.2,0,67.0,27.3,3.6
2024-10-06,15,18.1,13.7,23.9,0,59.0,30.7,6.3
2024-10-06,16,18.3,14.2,21.8,2.1,92.0,16.2,7.9
2024-10-06,17,13.7,9.2,18.9,0,57.0,3.5,7.5
2024-10-06,18,14.8,9.2,19.0,0,63.0,21.1,8.0
2024-10-06,19,19.5,14.6,22.9,0,43.0,4.7,5.7
2024-10-06,20,18.4,15.3,23.0,0,50.0,13.9,4.1
2024-10-06,21,12.9,9.4,19.7,2.7,49.0,16.7,9.9
2024-10-06,22,16.1,10.4,20.5,0,65.0,20.2,5.3
2024-10-06,23,17.7,11.9,24.4,0,24.0,6.0,7.9
2024-10-06,24,15.4,9.5,20.1,0,72.0,17.0,3.4
2024-10-06,25,13.4,9.2,18.1,0,67.0,17.7,2.1
2024-10-07,1,15.2,10.4,22.0,4.5,62.0,14.5,5.7
2024-10-07,2,18.0,12.5,21.4,0,62.0,21.1,5.2
2024-10-07,3,14.2,9.0,17.3,0,70.0,10.0,5.4
2024-10-07,4,16.2,10.6,23.0,0,67.0,12.9,4.4
2024-10-07,5,13.1,9.6,19.0,0,75.0,16.5,6.5
2024-10-07,6,15.0,11.2,19.9,0,73.0,14.4,6.8
2024-10-07,7,17.8,14.7,23.4,5.9,71.0,2.2,3.7
2024-10-07,8,18.5,15.0,24.4,0,83.0,15.2,3.3
2024-10-07,9,15.7,11.7,21.3,0.1,61.0,6.6,6.7
2024-10-07,10,14.6,8.9,18.0,0,47.0,11.5,3.4
2024-10-07,11,15.5,12.4,20.4,0,71.0,11.2,6.6
2024-10-07,12,16.7,12.1,22.7,0,71.0,2.9,4.3
2024-10-07,13,13.0,8.4,17.1,0,59.0,21.4,4.9
2024-10-07,14,18.2,13.5,22.1,0,66.0,27.0,5.3
2024-10-07,15,15.8,11.9,21.3,2.8,67.0,13.7,6.7
2024-10-07,16,17.8,12.4,24.6,0,74.0,17.2,8.4
2024-10-07,17,15.1,10.9,18.9,0.4,46.0,13.3,3.5
2024-10-07,18,13.9,10.2,19.4,0,58.0,18.5,4.8
2024-10-07,19,16.9,12.6,23.0,0,51.0,6.3,4.2
2024-10-07,20,20.2,16.3,25.2,0,58.0,6.6,6.8
2024-10-07,21,12.3,6.8,15.6,0,69.0,5.5,4.8
2024-10-07,22,14.2,11.1,19.1,0,64.0,12.5,6.8
2024-10-07,23,17.7,13.3,21.6,0,37.0,12.2,5.9
2024-10-07,24,15.1,9.3,20.2,0,85.0,18.6,5.4
2024-10-07,25,14.1,9.7,19.7,0,47.0,18.4,8.6
2024-10-08,1,13.8,7.9,20.5,0,56.0,15.9,5.7
2024-10-08,2,16.1,10.5,21.4,5.4,56.0,9.2,5.2
2024-10-08,3,17.9,13.8,21.1,0,69.0,6.6,4.8
2024-10-08,4,11.6,7.8,17.6,0,81.0,11.9,2.4
2024-10-08,5,13.8,10.1,20.7,0,69.0,15.2,6.0
2024-10-08,6,13.2,9.7,19.1,2.4,61.0,31.3,4.2
2024-10-08,7,15.0,11.9,20.3,0,71.0,16.6,4.6
2024-10-08,8,16.6,12.0,21.2,0,70.0,22.5,4.3
2024-10-08,9,15.8,12.1,19.0,4.5,62.0,20.9,4.2
2024-10-08,10,14.9,9.6,18.9,0,65.0,7.8,4.2
2024-10-08,11,15.4,10.1,18.5,5.8,73.0,15.4,5.9
2024-10-08,12,16.7,11.5,20.8,0,64.0,32.7,5.7
2024-10-08,13,17.2,11.5,23.5,0,64.0,11.5,5.0
2024-10-08,14,16.2,11.0,19.5,0,55.0,17.1,1.8
2024-10-08,15,14.4,10.1,19.1,2.6,81.0,2.9,5.0
2024-10-08,16,17.0,12.3,23.5,0,67.0,11.2,3.6
2024-10-08,17,15.7,11.5,20.0,0,44.0,8.9,8.3
2024-10-08,18,14.1,9.4,18.3,0,49.0,19.0,5.3
2024-10-08,19,18.6,13.3,25.1,0,69.0,16.7,7.1
2024-10-08,20,19.4,15.3,22.9,0,68.0,5.8,3.4
2024-10-08,21,10.8,7.4,15.4,0,75.0,8.1,4.6
2024-10-08,22,15.2,9.6,21.1,0,49.0,23.2,3.7
2024-10-08,23,16.6,11.7,22.4,0,30.0,1.7,6.2
2024-10-08,24,14.7,10.4,21.0,0,79.0,11.4,4.2
2024-10-08,25,15.6,11.3,19.5,0,46.0,18.3,3.7
2024-10-09,1,16.7,13.6,22.9,0,71.0,19.6,7.5
2024-10-09,2,15.3,9.5,20.5,5.3,63.0,8.4,2.1
2024-10-09,3,14.7,10.0,19.4,0,60.0,20.7,5.6
2024-10-09,4,16.4,12.3,22.8,4.9,53.0,12.9,5.7
2024-10-09,5,12.1,8.4,15.3,4.0,74.0,6.4,5.1
2024-10-09,6,14.2,9.3,19.3,0.7,68.0,12.3,3.1
2024-10-09,7,17.1,13.1,23.2,0,81.0,3.9,5.3
2024-10-09,8,16.2,11.6,21.2,0,81.0,3.0,6.2
2024-10-09,9,15.6,10.6,21.7,0.2,51.0,10.4,3.3
2024-10-09,10,15.4,10.0,19.5,3.2,71.0,9.2,8.0
2024-10-09,11,17.3,11.6,22.4,0,74.0,23.9,6.9
2024-10-09,12,15.4,10.6,20.9,0,69.0,10.6,6.1
2024-10-09,13,12.4,6.4,18.8,0,66.0,15.0,6.8
2024-10-09,14,18.5,13.4,23.1,0,73.0,14.0,7.0
2024-10-09,15,13.0,8.5,16.3,0,82.0,17.3,5.8
2024-10-09,16,17.0,12.6,20.2,0,66.0,22.9,6.0
2024-10-09,17,14.8,9.5,20.7,0,49.0,4.7,3.9
2024-10-09,18,14.6,8.9,21.1,0,58.0,14.2,5.0
2024-10-09,19,18.1,12.1,23.4,0,64.0,13.0,6.2
2024-10-09,20,17.3,11.5,20.6,0,62.0,33.5,7.5
2024-10-09,21,13.8,10.5,18.4,0,60.0,10.3,6.3
2024-10-09,22,13.7,9.9,17.5,0,57.0,12.9,5.7
2024-10-09,23,17.8,12.6,21.2,0,26.0,13.5,5.5
2024-10-09,24,15.4,10.8,21.2,0,74.0,13.7,5.7
2024-10-09,25,15.1,11.1,21.7,0,49.0,13.3,4.8
2024-10-10,1,13.5,9.8,17.5,1.8,65.0,7.2,5.8
2024-10-10,2,15.8,11.4,20.8,6.7,56.0,14.4,6.5
2024-10-10,3,14.2,8.7,19.4,0,74.0,15.4,4.6
2024-10-10,4,15.3,9.6,20.6,0,64.0,17.5,6.5
2024-10-10,5,15.0,11.2,21.8,0,54.0,16.2,6.0
2024-10-10,6,14.4,10.2,17.8,0,59.0,20.4,6.5
2024-10-10,7,16.9,12.0,20.4,3.9,74.0,28.9,5.1
2024-10-10,8,16.8,12.3,22.9,0,71.0,13.9,3.3
2024-10-10,9,15.1,12.0,18.3,0,63.0,30.8,5.1
2024-10-10,10,16.0,10.2,21.7,0,78.0,16.3,4.4
2024-10-10,11,14.3,8.7,19.0,0,71.0,15.9,4.5
2024-10-10,12,14.1,10.6,18.3,0,57.0,22.4,6.3
2024-10-10,13,14.6,11.6,17.7,0.7,45.0,5.6,4.8
2024-10-10,14,20.9,16.0,25.0,1.0,50.0,22.4,6.1
2024-10-10,15,16.0,11.6,20.9,0,84.0,18.6,5.7
2024-10-10,16,18.6,14.9,25.4,0,67.0,9.4,4.7
2024-10-10,17,15.1,9.3,19.0,0,54.0,12.6,3.4
2024-10-10,18,11.0,7.1,15.4,0,55.0,21.3,5.4
2024-10-10,19,20.4,17.3,24.4,0,51.0,6.2,5.8
2024-10-10,20,17.4,13.9,23.1,0,50.0,25.3,6.2
2024-10-10,21,12.3,8.8,19.0,2.3,71.0,14.4,5.1
2024-10-10,22,10.3,6.4,16.7,0,59.0,23.9,3.8
2024-10-10,23,15.9,10.0,19.6,0,41.0,20.9,4.9
2024-10-10,24,15.5,9.5,20.7,2.8,65.0,21.4,5.8
2024-10-10,25,14.9,11.5,20.0,0,56.0,17.5,4.1
2024-10-11,1,14.6,10.8,18.8,2.0,70.0,16.4,6.3
2024-10-11,2,16.4,12.5,22.3,0,69.0,9.1,7.4
2024-10-11,3,15.1,10.2,19.2,0,79.0,8.0,3.0
2024-10-11,4,14.5,9.7,19.8,0,76.0,25.1,5.2
2024-10-11,5,14.2,10.2,20.4,0,62.0,12.1,2.5
2024-10-11,6,14.6,11.6,19.3,6.1,58.0,27.5,5.1
2024-10-11,7,16.5,12.6,22.1,0,70.0,21.2,5.0
2024-10-11,8,16.9,12.4,21.0,0,64.0,23.3,4.8
2024-10-11,9,13.7,8.1,19.5,0,81.0,28.3,5.2
2024-10-11,10,13.4,7.8,18.7,0.3,62.0,13.2,3.0
2024-10-11,11,16.3,11.8,20.1,0,65.0,11.3,4.7
2024-10-11,12,15.4,10.5,21.6,0.5,77.0,7.0,3.4
2024-10-11,13,13.8,10.7,17.5,0,59.0,5.7,4.1
2024-10-11,14,16.9,13.0,20.0,0,63.0,19.2,4.6
2024-10-11,15,11.3,7.9,15.8,20.1,65.0,6.3,4.3
2024-10-11,16,14.3,9.4,20.5,0,71.0,19.4,4.7
2024-10-11,17,14.9,9.3,19.1,0,43.0,20.5,3.8
2024-10-11,18,11.4,7.0,16.6,0,53.0,15.6,4.6
2024-10-11,19,16.2,12.4,19.3,0,64.0,29.3,5.1
2024-10-11,20,15.9,10.0,19.1,0,66.0,18.2,4.9
2024-10-11,21,13.3,8.8,20.0,0,74.0,25.3,5.4
2024-10-11,22,11.8,6.7,17.1,0,56.0,21.9,6.1
2024-10-11,23,15.3,12.1,19.9,0,46.0,5.7,5.1
2024-10-11,24,12.4,7.6,18.7,0,72.0,15.1,4.3
2024-10-11,25,12.3,8.5,18.1,0,47.0,15.6,5.9
2024-10-12,1,12.5,8.1,19.2,0,64.0,7.8,5.1
2024-10-12,2,19.4,13.8,25.6,0,65.0,2.6,4.0
2024-10-12,3,13.4,7.8,19.5,0,78.0,1.0,5.3
2024-10-12,4,13.8,8.9,17.1,0,80.0,27.4,6.5
2024-10-12,5,14.4,8.7,18.4,2.0,57.0,16.3,6.4
2024-10-12,6,15.8,11.4,19.6,1.6,79.0,9.8,4.0
2024-10-12,7,13.1,8.5,20.1,0,69.0,16.6,4.4
2024-10-12,8,14.8,11.1,19.7,0,67.0,21.3,5.5
2024-10-12,9,18.9,15.6,25.5,0,44.0,0.5,5.0
2024-10-12,10,14.0,8.3,19.5,0,59.0,6.0,6.5
2024-10-12,11,14.1,10.4,19.7,0,82.0,8.8,4.7
2024-10-12,12,17.2,11.5,20.3,0,81.0,18.5,5.0
2024-10-12,13,11.3,5.8,14.3,0,54.0,10.2,4.7
2024-10-12,14,17.1,13.0,23.2,0,59.0,3.2,4.0
2024-10-12,15,15.5,10.7,20.5,0,81.0,3.4,5.2
2024-10-12,16,14.8,8.8,20.2,0,78.0,20.6,3.9
2024-10-12,17,11.9,6.2,18.5,0,44.0,10.1,4.3
2024-10-12,18,12.4,6.4,16.5,0,52.0,4.2,4.7
2024-10-12,19,20.5,16.2,24.8,0,67.0,23.3,6.1
2024-10-12,20,17.8,11.8,21.6,0,77.0,3.6,3.7
2024-10-12,21,11.1,8.1,17.8,0,69.0,12.7,3.5
2024-10-12,22,14.7,10.0,17.8,0,62.0,13.3,6.8
2024-10-12,23,18.0,14.8,21.4,0,42.0,14.0,5.2
2024-10-12,24,15.0,11.5,21.4,0,63.0,8.9,7.2
2024-10-12,25,13.1,8.0,18.9,0,58.0,18.7,6.7
2024-10-13,1,16.0,11.9,21.9,3.0,60.0,15.5,8.3
2024-10-13,2,15.1,11.6,22.1,0,68.0,10.9,4.9
2024-10-13,3,11.1,6.2,16.3,0,73.0,26.2,4.9
2024-10-13,4,14.4,9.7,17.6,0,72.0,26.1,5.3
2024-10-13,5,12.8,8.5,16.8,0,69.0,6.7,7.9
2024-10-13,6,13.8,8.6,20.1,0,69.0,19.4,6.3
2024-10-13,7,12.6,7.1,17.8,0,80.0,8.7,4.9
2024-10-13,8,16.4,12.1,22.2,0,78.0,30.0,6.1
2024-10-13,9,17.9,13.9,22.7,0,61.0,9.9,5.0
2024-10-13,10,15.3,10.6,21.5,0,82.0,7.7,2.6
2024-10-13,11,16.1,12.3,22.5,0,78.0,17.9,4.8
2024-10-13,12,15.9,12.9,22.5,0,63.0,5.6,7.9
2024-10-13,13,13.2,8.9,18.8,0,74.0,17.4,5.5
2024-10-13,14,15.3,9.8,20.1,0,72.0,17.1,4.0
2024-10-13,15,11.1,5.4,14.3,0,68.0,8.7,5.9
2024-10-13,16,14.8,11.0,19.0,5.0,76.0,32.5,7.5
2024-10-13,17,13.3,8.8,17.9,0,59.0,15.6,4.4
2024-10-13,18,12.4,7.1,18.6,0,54.0,15.6,6.0
2024-10-13,19,19.5,15.2,24.5,0,63.0,7.5,3.0
2024-10-13,20,14.4,10.2,18.1,0,63.0,10.5,4.3
2024-10-13,21,12.8,9.5,19.7,0,72.0,18.8,6.3
2024-10-13,22,12.3,6.6,15.8,0,65.0,20.9,5.7
2024-10-13,23,17.2,11.8,23.9,0,21.0,35.6,7.1
2024-10-13,24,16.3,12.6,21.9,0,68.0,4.2,2.4
2024-10-13,25,14.4,8.7,18.3,0,54.0,27.8,4.9
2024-10-14,1,13.0,7.6,16.4,0,70.0,29.2,4.7
2024-10-14,2,14.4,11.2,19.0,0,73.0,17.9,7.7
2024-10-14,3,15.5,10.3,22.0,0,83.0,9.6,2.5
2024-10-14,4,14.1,8.5,18.0,0.6,88.0,6.7,7.2
2024-10-14,5,15.6,11.9,22.4,0,63.0,22.3,5.4
2024-10-14,6,13.6,10.5,20.6,2.2,66.0,27.6,4.6
2024-10-14,7,13.5,10.2,17.1,0,71.0,22.3,2.4
2024-10-14,8,16.2,11.7,23.0,0,67.0,18.7,5.3
2024-10-14,9,15.7,12.2,20.9,0,59.0,19.0,4.2
2024-10-14,10,17.4,13.0,23.3,0,67.0,6.5,9.4
2024-10-14,11,14.1,8.5,20.7,0,63.0,27.1,3.8
2024-10-14,12,13.7,9.5,20.0,0.4,79.0,18.8,5.7
2024-10-14,13,16.2,11.7,20.2,0,57.0,22.2,4.6
2024-10-14,14,14.6,9.7,21.4,0,77.0,33.7,5.0
2024-10-14,15,15.3,11.9,22.2,2.8,97.0,10.7,5.6
2024-10-14,16,15.7,10.5,22.1,0,85.0,27.6,3.5
2024-10-14,17,12.8,7.6,19.5,0.5,43.0,25.7,4.3
2024-10-14,18,8.3,2.8,15.2,0,60.0,3.7,3.7
2024-10-14,19,15.3,10.4,18.8,0,64.0,11.8,2.3
2024-10-14,20,16.7,10.9,23.0,0,56.0,15.1,5.3
2024-10-14,21,14.8,11.7,20.5,0.2,68.0,17.2,4.0
2024-10-14,22,13.5,9.5,18.1,0,59.0,19.7,2.7
2024-10-14,23,16.9,11.4,21.3,0,42.0,12.1,4.3
2024-10-14,24,14.6,10.9,19.9,3.6,56.0,22.1,7.2
2024-10-14,25,13.5,8.8,19.9,3.1,58.0,2.6,6.4
2024-10-15,1,13.8,9.3,18.3,3.1,62.0,34.4,3.9
2024-10-15,2,13.4,9.2,19.5,3.8,68.0,11.6,7.0
2024-10-15,3,14.0,8.9,20.9,0,76.0,22.8,4.3
2024-10-15,4,13.9,8.5,19.1,0,63.0,10.8,4.5
2024-10-15,5,14.6,9.6,20.2,0,83.0,12.5,7.4
2024-10-15,6,13.5,9.6,17.9,0,65.0,17.5,2.2
2024-10-15,7,14.9,10.9,20.7,2.7,66.0,4.2,5.3
2024-10-15,8,14.0,9.9,17.3,0.6,69.0,9.4,4.2
2024-10-15,9,15.7,11.5,19.9,0,64.0,19.0,4.5
2024-10-15,10,14.9,11.2,20.9,0,59.0,30.0,3.3
2024-10-15,11,14.1,8.6,18.9,0,61.0,23.2,4.9
2024-10-15,12,12.4,7.4,15.7,0,77.0,10.4,3.1
2024-10-15,13,13.8,8.7,17.8,0,70.0,21.7,6.8
2024-10-15,14,14.1,10.4,17.5,0,81.0,15.9,2.2
2024-10-15,15,12.7,6.9,17.8,0,74.0,19.2,3.2
2024-10-15,16,14.5,9.3,17.5,1.9,56.0,3.6,4.1
2024-10-15,17,13.0,8.8,16.5,0.1,56.0,7.4,5.7
2024-10-15,18,9.3,3.3,13.9,8.2,54.0,12.8,3.4
2024-10-15,19,17.5,12.3,21.7,0,67.0,24.5,1.5
2024-10-15,20,15.6,11.3,21.9,0,75.0,11.0,1.9
2024-10-15,21,10.3,6.7,13.5,2.3,60.0,17.3,6.6
2024-10-15,22,11.7,6.3,15.0,0,68.0,26.1,7.3
2024-10-15,23,18.5,13.5,23.5,0,37.0,16.2,5.6
2024-10-15,24,15.4,10.6,18.7,0,73.0,10.7,4.1
2024-10-15,25,15.1,10.1,18.8,0,52.0,25.1,8.0
2024-10-16,1,13.7,9.2,18.4,0,72.0,1.3,5.8
2024-10-16,2,15.9,10.3,19.7,0,63.0,7.6,4.2
2024-10-16,3,12.9,7.8,16.0,10.4,73.0,10.2,3.2
2024-10-16,4,12.6,7.8,17.2,0,83.0,18.5,3.5
2024-10-16,5,14.7,11.4,19.1,0,71.0,19.5,5.0
2024-10-16,6,14.3,10.7,20.3,0,83.0,7.2,3.9
2024-10-16,7,13.0,7.2,17.2,2.7,78.0,14.4,5.6
2024-10-16,8,16.4,12.6,22.6,0,80.0,15.3,3.0
2024-10-16,9,17.9,13.8,24.8,0.9,68.0,27.8,4.2
2024-10-16,10,13.4,7.7,19.8,0,55.0,14.8,4.8
2024-10-16,11,11.8,7.9,16.3,0,86.0,9.6,4.6
2024-10-16,12,13.1,9.7,18.3,2.8,80.0,21.2,8.2
2024-10-16,13,15.0,10.4,21.8,0,70.0,11.1,1.7
2024-10-16,14,14.1,10.8,18.7,0,64.0,30.6,3.6
2024-10-16,15,13.1,9.2,17.3,2.0,67.0,7.9,2.6
2024-10-16,16,11.6,6.0,17.7,0,81.0,19.9,0.9
2024-10-16,17,13.4,8.5,18.4,0,48.0,16.2,5.0
2024-10-16,18,12.1,6.7,18.5,3.1,46.0,11.2,7.3
2024-10-16,19,17.7,12.8,21.6,0,54.0,4.9,5.0
2024-10-16,20,16.7,12.9,21.2,0,58.0,8.8,6.4
2024-10-16,21,11.4,7.9,17.7,0,49.0,8.8,5.1
2024-10-16,22,12.7,8.8,19.6,5.1,64.0,26.1,2.2
2024-10-16,23,13.9,9.2,18.3,0,39.0,6.5,7.9
2024-10-16,24,11.8,8.4,15.2,0,61.0,1.8,5.4
2024-10-16,25,13.1,8.4,17.2,2.5,53.0,22.0,2.8
2024-10-17,1,14.1,9.0,20.8,5.4,84.0,9.4,3.9
2024-10-17,2,15.6,10.2,19.3,0,63.0,10.6,4.6
2024-10-17,3,18.5,14.0,24.8,2.0,46.0,15.4,6.3
2024-10-17,4,15.9,10.6,20.7,2.0,63.0,13.5,4.0
2024-10-17,5,13.4,8.4,19.2,2.0,78.0,4.4,4.4
2024-10-17,6,11.7,7.7,18.3,2.9,83.0,11.8,6.4
2024-10-17,7,13.9,10.1,19.9,0.2,83.0,17.4,5.1
2024-10-17,8,16.5,10.7,21.6,0,88.0,17.3,2.7
2024-10-17,9,15.0,11.8,18.3,3.0,60.0,6.2,2.5
2024-10-17,10,12.5,9.2,16.8,0,69.0,8.6,6.5
2024-10-17,11,15.1,11.7,21.2,4.4,70.0,18.3,5.8
2024-10-17,12,14.0,8.4,18.9,11.4,70.0,15.0,4.2
2024-10-17,13,14.1,8.8,18.9,0,68.0,9.4,5.3
2024-10-17,14,15.3,11.4,20.2,0,69.0,2.6,6.7
2024-10-17,15,11.3,6.4,15.9,5.3,66.0,15.4,4.6
2024-10-17,16,14.9,10.5,18.4,0,68.0,15.4,5.4
2024-10-17,17,15.3,9.4,20.4,0,45.0,13.1,3.7
2024-10-17,18,12.9,9.0,16.8,0,53.0,4.3,7.1
2024-10-17,19,14.4,9.5,20.2,0,57.0,13.6,3.3
2024-10-17,20,15.7,12.5,19.2,0,49.0,33.1,4.7
2024-10-17,21,10.4,5.3,16.0,0,66.0,29.6,2.8
2024-10-17,22,10.9,5.9,16.6,16.6,58.0,9.9,4.0
2024-10-17,23,14.8,11.1,19.8,0,41.0,5.7,5.9
2024-10-17,24,14.6,8.9,20.7,0,63.0,15.1,6.5
2024-10-17,25,14.6,11.6,20.2,0,54.0,6.9,4.3
2024-10-18,1,11.0,7.6,15.1,1.4,71.0,19.5,4.6
2024-10-18,2,14.0,10.6,19.2,0,74.0,29.1,4.9
2024-10-18,3,12.8,9.2,19.7,8.2,79.0,16.3,6.3
2024-10-18,4,13.8,10.0,20.4,0,76.0,20.6,3.1
2024-10-18,5,10.4,5.4,14.4,0,64.0,11.2,3.6
2024-10-18,6,14.5,9.5,18.3,0,69.0,21.6,5.8
2024-10-18,7,14.4,8.8,19.0,0,65.0,12.0,4.3
2024-10-18,8,14.0,9.4,17.7,0,73.0,19.9,4.0
2024-10-18,9,15.1,10.1,21.0,0,85.0,21.0,6.9
2024-10-18,10,13.8,9.9,18.6,0.1,73.0,20.9,4.9
2024-10-18,11,12.1,7.0,17.5,0,74.0,14.5,5.7
2024-10-18,12,16.0,11.1,22.4,0.8,68.0,14.7,7.5
2024-10-18,13,12.8,9.2,19.8,0,62.0,17.6,3.9
2024-10-18,14,18.7,12.7,21.9,0,70.0,21.8,2.3
2024-10-18,15,13.2,8.8,17.1,5.9,88.0,7.4,4.7
2024-10-18,16,12.6,8.3,17.6,3.6,72.0,14.2,2.9
2024-10-18,17,13.3,7.3,18.3,0,56.0,35.5,3.8
2024-10-18,18,10.9,5.1,16.9,0,64.0,11.9,6.7
2024-10-18,19,15.2,11.3,21.5,0,69.0,23.7,5.8
2024-10-18,20,13.7,9.2,17.4,0,63.0,25.5,5.1
2024-10-18,21,10.2,7.1,15.5,0,69.0,18.4,5.5
2024-10-18,22,12.8,8.5,19.3,0,69.0,22.0,3.6
2024-10-18,23,16.8,11.6,23.1,0.1,43.0,11.9,5.8
2024-10-18,24,13.1,7.4,18.0,0.2,63.0,3.9,5.7
2024-10-18,25,13.0,8.1,18.4,0,48.0,29.0,4.4
2024-10-19,1,12.7,8.5,18.2,0,70.0,22.0,2.5
2024-10-19,2,13.8,10.3,17.9,0,71.0,18.3,3.6
2024-10-19,3,13.4,7.7,18.7,0.5,70.0,0.8,3.9
2024-10-19,4,14.4,10.5,20.2,0,75.0,18.7,6.5
2024-10-19,5,16.2,11.7,22.6,5.4,76.0,14.5,5.2
2024-10-19,6,14.9,11.3,18.5,0,67.0,6.6,6.2
2024-10-19,7,14.8,9.1,20.3,0,67.0,14.6,3.8
2024-10-19,8,13.2,9.1,19.6,0,67.0,16.7,6.8
2024-10-19,9,14.0,8.5,19.1,0,64.0,21.0,5.9
2024-10-19,10,16.2,11.5,21.4,0,59.0,5.1,3.5
2024-10-19,11,13.7,7.8,20.0,0,76.0,29.8,2.8
2024-10-19,12,14.2,8.7,19.5,0,65.0,15.3,2.6
2024-10-19,13,11.3,7.2,16.8,0,61.0,1.4,6.2
2024-10-19,14,15.4,10.6,18.9,0,80.0,22.1,4.9
2024-10-19,15,12.2,6.3,16.5,0,69.0,16.8,6.9
2024-10-19,16,17.0,12.4,20.5,0,72.0,17.6,5.4
2024-10-19,17,14.4,10.0,21.3,0,58.0,2.3,4.8
2024-10-19,18,9.5,5.4,16.3,0,58.0,35.6,3.5
2024-10-19,19,16.6,13.4,20.1,0,57.0,12.0,6.8
2024-10-19,20,13.8,9.1,18.4,0,71.0,8.0,6.0
2024-10-19,21,12.1,8.7,17.4,0,71.0,8.8,5.3
2024-10-19,22,11.1,6.9,17.0,0,57.0,0.9,5.7
2024-10-19,23,15.0,9.6,18.9,0,29.0,6.6,4.2
2024-10-19,24,12.2,9.0,18.0,0,64.0,11.2,5.0
2024-10-19,25,12.5,8.0,18.5,0,56.0,20.9,4.6
2024-10-20,1,13.4,7.6,18.6,5.5,70.0,24.1,4.7
2024-10-20,2,12.8,6.9,16.3,0,61.0,17.3,3.7
2024-10-20,3,11.9,8.2,17.3,0,75.0,14.8,3.4
2024-10-20,4,13.9,8.7,17.2,3.5,77.0,20.3,5.8
2024-10-20,5,14.9,9.2,18.9,0,63.0,14.0,3.2
2024-10-20,6,13.0,9.5,18.1,0,80.0,11.0,3.9
2024-10-20,7,14.0,9.0,19.8,0,82.0,21.1,5.0
2024-10-20,8,13.1,8.9,18.4,0,78.0,13.9,7.4
2024-10-20,9,13.7,10.1,18.4,0,60.0,18.5,3.7
2024-10-20,10,12.4,9.0,19.3,0,78.0,30.8,2.2
2024-10-20,11,15.5,10.9,21.5,0,70.0,11.0,3.9
2024-10-20,12,14.8,11.5,18.4,0,75.0,7.8,7.5
2024-10-20,13,12.4,8.3,17.3,7.7,50.0,11.3,5.0
2024-10-20,14,14.0,10.7,17.8,0,79.0,29.3,7.3
2024-10-20,15,11.6,7.9,17.3,0,77.0,22.2,7.4
2024-10-20,16,14.3,11.0,18.0,0,86.0,16.6,4.7
2024-10-20,17,12.8,6.9,18.0,0,53.0,12.3,3.7
2024-10-20,18,7.7,2.7,12.4,0,56.0,9.7,4.6
2024-10-20,19,16.1,12.6,22.1,0.8,64.0,21.4,3.2
2024-10-20,20,17.4,11.7,23.1,0,65.0,14.8,5.2
2024-10-20,21,10.7,6.0,15.3,0,61.0,28.3,1.3
2024-10-20,22,8.7,5.5,12.3,0,58.0,39.6,3.9
2024-10-20,23,14.8,9.4,19.1,0,33.0,14.4,5.9
2024-10-20,24,12.3,7.3,17.9,0,75.0,22.1,2.5
2024-10-20,25,14.7,11.6,19.5,0,59.0,3.0,3.7
2024-10-21,1,15.2,11.8,21.7,0,69.0,2.3,4.8
2024-10-21,2,13.1,7.3,17.4,4.6,68.0,18.4,4.9
2024-10-21,3,13.6,10.0,17.6,5.4,50.0,21.7,1.1
2024-10-21,4,12.4,9.4,17.7,0,66.0,8.3,6.6
2024-10-21,5,11.6,7.9,16.1,0,73.0,4.8,4.1
2024-10-21,6,14.5,11.2,18.3,2.2,70.0,7.4,5.3
2024-10-21,7,14.4,9.4,20.8,0,73.0,6.3,4.8
2024-10-21,8,15.6,10.4,20.6,0.0,82.0,9.7,5.1
2024-10-21,9,13.5,9.7,19.2,0.1,61.0,22.1,3.9
2024-10-21,10,13.1,9.1,18.2,0,78.0,25.3,5.3
2024-10-21,11,11.3,6.6,17.6,0,69.0,19.2,4.5
2024-10-21,12,14.3,10.2,17.6,0,70.0,17.4,1.3
2024-10-21,13,14.8,11.2,20.2,0,60.0,14.3,3.0
2024-10-21,14,15.1,10.7,20.8,0,86.0,14.4,5.7
2024-10-21,15,12.2,7.3,15.5,14.3,69.0,34.3,5.9
2024-10-21,16,11.5,7.5,15.3,0,69.0,15.2,3.2
2024-10-21,17,10.9,7.6,14.6,0,31.0,2.6,3.9
2024-10-21,18,8.5,4.5,14.7,1.9,51.0,7.7,3.3
2024-10-21,19,14.0,10.7,19.8,0,58.0,22.9,4.8
2024-10-21,20,17.4,11.5,24.0,0,65.0,13.5,5.6
2024-10-21,21,8.0,4.8,13.6,0,68.0,15.6,3.1
2024-10-21,22,8.0,2.3,12.9,3.3,67.0,10.3,3.3
2024-10-21,23,13.3,8.3,17.5,0,51.0,19.2,3.4
2024-10-21,24,14.2,10.7,19.1,0.3,69.0,27.5,3.7
2024-10-21,25,11.0,6.6,14.2,2.2,60.0,24.4,0.4
2024-10-22,1,13.8,8.6,19.1,0.2,77.0,9.1,5.5
2024-10-22,2,13.4,10.2,17.7,0,66.0,18.4,2.8
2024-10-22,3,13.1,8.0,17.8,0,64.0,10.6,2.3
2024-10-22,4,12.1,8.6,17.1,6.2,68.0,17.4,6.0
2024-10-22,5,12.9,7.9,16.9,0.7,66.0,20.7,2.8
2024-10-22,6,15.1,10.6,21.9,0,66.0,14.4,0.7
2024-10-22,7,14.6,10.7,18.7,0,66.0,26.8,3.0
2024-10-22,8,14.4,10.9,19.5,0.1,74.0,16.3,5.1
2024-10-22,9,12.7,9.4,18.0,0,71.0,6.9,4.2
2024-10-22,10,13.9,8.2,19.3,6.5,80.0,20.8,5.6
2024-10-22,11,12.0,9.0,18.5,0,76.0,11.2,6.7
2024-10-22,12,12.1,8.6,18.3,0,86.0,11.5,5.0
2024-10-22,13,12.8,8.1,19.4,0,67.0,24.6,5.2
2024-10-22,14,16.7,11.0,21.2,0,55.0,3.9,2.6
2024-10-22,15,12.7,7.2,15.9,0,79.0,16.8,4.0
2024-10-22,16,11.8,6.0,16.0,0.7,79.0,32.5,4.1
2024-10-22,17,12.3,7.1,15.4,0,54.0,18.3,3.5
2024-10-22,18,12.8,9.2,19.3,0,47.0,16.6,6.3
2024-10-22,19,15.0,10.6,18.3,1.3,63.0,9.3,3.0
2024-10-22,20,16.1,12.3,22.0,0,63.0,5.9,5.8
2024-10-22,21,7.3,3.8,13.2,0,59.0,29.3,1.7
2024-10-22,22,12.2,9.1,18.5,4.4,71.0,27.8,0.6
2024-10-22,23,14.7,8.9,20.3,0,48.0,17.7,4.5
2024-10-22,24,10.9,5.4,14.9,0,63.0,13.4,2.9
2024-10-22,25,10.1,6.0,14.5,0,68.0,24.0,5.3
2024-10-23,1,11.6,7.2,16.0,0,78.0,28.5,1.1
2024-10-23,2,11.5,6.8,15.5,9.6,80.0,17.2,4.2
2024-10-23,3,13.0,8.0,16.0,0,61.0,15.3,6.7
2024-10-23,4,10.3,4.4,13.5,0,77.0,28.3,6.0
2024-10-23,5,14.4,9.9,19.3,0.2,73.0,21.1,4.7
2024-10-23,6,11.8,7.7,18.5,0,74.0,24.0,3.5
2024-10-23,7,14.3,9.5,21.1,0,69.0,17.3,3.1
2024-10-23,8,14.5,10.5,20.9,0,76.0,11.4,3.7
2024-10-23,9,14.5,9.6,20.6,0,83.0,13.9,4.2
2024-10-23,10,12.3,7.3,15.8,0,76.0,16.1,0.4
2024-10-23,11,16.0,12.4,21.2,0,75.0,9.1,2.3
2024-10-23,12,12.6,8.5,16.2,2.2,83.0,24.4,4.7
2024-10-23,13,11.5,7.2,15.1,0,49.0,20.5,3.2
2024-10-23,14,15.1,9.6,19.3,0,70.0,23.2,6.5
2024-10-23,15,12.5,9.2,15.8,0,73.0,17.5,6.0
2024-10-23,16,10.9,5.8,14.4,0,78.0,16.9,3.8
2024-10-23,17,13.4,9.2,17.9,0,46.0,24.7,4.5
2024-10-23,18,10.4,5.1,17.0,1.1,34.0,17.8,5.1
2024-10-23,19,12.5,7.1,16.0,0,61.0,14.0,5.4
2024-10-23,20,15.7,12.6,20.8,0,68.0,2.7,2.8
2024-10-23,21,10.5,5.7,15.1,6.3,64.0,29.5,2.8
2024-10-23,22,9.8,5.2,14.3,0,67.0,13.4,5.0
2024-10-23,23,14.8,10.7,19.2,0,49.0,9.6,1.5
2024-10-23,24,13.9,10.5,17.6,0,67.0,25.8,4.5
2024-10-23,25,12.1,7.0,18.4,0,60.0,12.1,7.1
2024-10-24,1,12.8,8.6,16.1,0,66.0,11.8,4.9
2024-10-24,2,13.8,9.0,18.6,0,50.0,15.7,4.4
2024-10-24,3,13.7,9.7,20.2,0,68.0,15.9,5.1
2024-10-24,4,14.7,10.1,20.5,0.6,74.0,15.4,4.7
2024-10-24,5,10.6,7.0,16.5,1.4,72.0,6.1,4.3
2024-10-24,6,12.3,7.0,19.1,3.0,73.0,6.2,4.0
2024-10-24,7,15.4,11.5,21.6,0,50.0,25.8,1.6
2024-10-24,8,13.4,8.3,19.9,0,72.0,15.4,4.5
2024-10-24,9,13.8,9.3,18.1,0,77.0,20.0,4.8
2024-10-24,10,14.1,9.2,19.7,1.5,56.0,18.2,3.3
2024-10-24,11,11.8,7.0,16.7,1.7,74.0,25.3,5.5
2024-10-24,12,14.7,9.3,17.8,0,73.0,18.9,2.2
2024-10-24,13,13.4,8.0,18.8,0,67.0,21.1,5.0
2024-10-24,14,14.4,9.9,20.3,0,65.0,21.2,5.3
2024-10-24,15,12.9,9.4,17.6,0.7,78.0,15.3,3.2
2024-10-24,16,14.5,10.3,19.0,0,70.0,18.3,4.4
2024-10-24,17,9.0,4.7,12.0,0,34.0,12.7,4.9
2024-10-24,18,7.5,4.1,14.2,5.1,61.0,12.4,5.7
2024-10-24,19,15.2,11.8,19.2,0,61.0,30.0,6.3
2024-10-24,20,14.4,11.0,21.2,0,48.0,17.0,3.5
2024-10-24,21,11.3,5.8,15.1,4.6,79.0,15.9,2.0
2024-10-24,22,9.5,3.7,13.4,0,75.0,18.8,4.5
2024-10-24,23,16.3,11.3,20.4,0,36.0,18.7,6.8
2024-10-24,24,13.2,9.1,19.8,0,62.0,18.0,4.2
2024-10-24,25,9.2,3.7,13.6,0,51.0,12.9,5.3
2024-10-25,1,12.1,8.8,19.0,1.2,68.0,3.9,5.4
2024-10-25,2,11.1,7.3,14.5,6.7,66.0,22.3,4.2
2024-10-25,3,12.0,6.5,16.1,0,63.0,22.9,5.3
2024-10-25,4,11.7,6.8,15.7,0,60.0,13.1,3.2
2024-10-25,5,12.2,6.4,16.2,0,79.0,14.0,4.0
2024-10-25,6,11.8,8.8,18.1,0,73.0,22.6,2.1
2024-10-25,7,11.1,7.2,16.2,0.4,94.0,6.4,4.7
2024-10-25,8,13.6,10.3,20.5,0,74.0,6.6,4.8
2024-10-25,9,12.8,9.2,18.7,0,75.0,14.8,5.3
2024-10-25,10,14.2,8.8,17.4,0,65.0,13.7,4.9
2024-10-25,11,13.2,7.9,18.4,0.8,75.0,14.1,5.0
2024-10-25,12,13.1,8.1,18.2,1.9,72.0,13.9,2.7
2024-10-25,13,11.6,7.2,15.6,0.7,75.0,17.5,3.4
2024-10-25,14,13.9,9.4,20.8,0,75.0,7.2,2.0
2024-10-25,15,12.9,7.3,19.3,0,75.0,15.3,4.4
2024-10-25,16,14.6,8.8,18.7,0,73.0,10.4,3.6
2024-10-25,17,10.1,6.8,16.8,0,50.0,6.2,6.7
2024-10-25,18,10.6,5.4,14.1,0.3,47.0,10.4,2.1
2024-10-25,19,16.4,13.3,22.3,0.1,72.0,11.6,3.0
2024-10-25,20,21.1,17.5,26.8,0,54.0,8.6,2.6
2024-10-25,21,8.2,4.5,14.5,0,76.0,19.9,5.0
2024-10-25,22,10.3,6.7,14.8,0,58.0,11.7,3.3
2024-10-25,23,15.0,9.8,21.7,0,34.0,7.8,3.0
2024-10-25,24,12.2,7.1,18.5,0,65.0,20.3,3.3
2024-10-25,25,10.3,5.2,15.7,0,60.0,20.8,6.8
2024-10-26,1,9.8,6.4,13.7,0,63.0,3.7,3.4
2024-10-26,2,15.3,11.1,19.3,5.7,83.0,19.0,2.1
2024-10-26,3,13.4,10.1,18.5,5.7,75.0,2.1,4.7
2024-10-26,4,12.0,7.3,15.3,0,65.0,7.5,1.2
2024-10-26,5,14.0,9.0,20.9,0.4,69.0,26.4,8.7
2024-10-26,6,10.4,5.4,14.4,0,73.0,22.5,4.1
2024-10-26,7,13.7,9.2,17.7,0,78.0,20.3,5.7
2024-10-26,8,14.0,10.0,20.4,3.2,86.0,22.1,5.9
2024-10-26,9,15.7,10.9,22.6,0,58.0,25.1,4.4
2024-10-26,10,9.5,4.0,15.2,0,75.0,20.1,5.7
2024-10-26,11,12.1,6.8,16.3,1.6,74.0,19.6,1.2
2024-10-26,12,10.9,7.3,16.3,0,70.0,20.6,5.8
2024-10-26,13,12.5,8.9,17.4,1.0,50.0,12.3,3.3
2024-10-26,14,17.8,14.6,23.8,0,72.0,11.4,2.3
2024-10-26,15,11.0,5.5,17.1,23.4,80.0,24.0,1.1
2024-10-26,16,13.6,10.4,17.0,2.6,75.0,15.0,4.7
2024-10-26,17,10.9,5.6,15.9,0,50.0,26.0,5.2
2024-10-26,18,8.2,4.8,12.1,0,57.0,12.1,2.9
2024-10-26,19,15.6,11.7,20.9,0,54.0,21.5,2.4
2024-10-26,20,14.0,9.2,19.6,0,77.0,18.0,4.5
2024-10-26,21,8.9,5.6,12.4,0,67.0,12.5,5.2
2024-10-26,22,11.1,7.6,16.8,0,66.0,20.4,2.5
2024-10-26,23,11.5,6.6,14.7,0,27.0,14.7,2.6
2024-10-26,24,12.1,8.8,17.3,0.1,67.0,8.6,2.4
2024-10-26,25,11.3,5.8,14.8,0,61.0,21.6,5.7
2024-10-27,1,12.2,7.5,18.4,0,83.0,21.6,3.0
2024-10-27,2,12.8,8.8,17.9,2.1,69.0,12.5,4.1
2024-10-27,3,14.7,9.5,19.1,0,65.0,2.5,1.6
2024-10-27,4,11.4,5.9,15.9,3.8,82.0,23.5,6.4
2024-10-27,5,10.7,5.3,15.8,0,68.0,26.2,3.2
2024-10-27,6,9.7,5.9,15.8,0,69.0,17.9,3.7
2024-10-27,7,13.8,10.0,18.4,0,78.0,19.3,3.3
2024-10-27,8,11.1,7.7,14.7,0,74.0,5.2,5.4
2024-10-27,9,13.7,10.4,20.1,0,61.0,17.8,2.1
2024-10-27,10,14.6,11.3,21.0,1.7,71.0,12.5,6.3
2024-10-27,11,14.5,8.6,20.5,1.9,71.0,9.6,4.5
2024-10-27,12,11.9,8.1,18.1,0,73.0,20.8,3.0
2024-10-27,13,11.5,6.1,16.5,0,57.0,15.6,2.3
2024-10-27,14,14.7,10.7,20.7,0,57.0,8.1,4.3
2024-10-27,15,12.2,8.5,16.7,5.1,84.0,11.2,3.6
2024-10-27,16,13.3,8.7,20.0,0,68.0,26.3,3.7
2024-10-27,17,11.0,5.6,15.1,4.3,35.0,19.9,3.6
2024-10-27,18,7.7,2.5,10.8,0.2,59.0,22.7,4.6
2024-10-27,19,13.0,8.7,19.8,0,59.0,14.2,3.5
2024-10-27,20,15.6,11.6,19.8,0,55.0,10.1,1.6
2024-10-27,21,9.9,4.7,15.5,11.9,71.0,22.3,5.6
2024-10-27,22,10.7,5.1,17.3,0,68.0,16.1,4.4
2024-10-27,23,10.9,5.0,16.1,0,42.0,26.3,4.3
2024-10-27,24,9.0,3.8,14.0,5.5,78.0,17.4,4.8
2024-10-27,25,10.9,6.2,17.6,1.4,39.0,2.1,4.4
2024-10-28,1,11.7,6.9,17.1,0,69.0,18.2,4.5
2024-10-28,2,13.3,9.0,19.3,2.3,72.0,14.9,4.0
2024-10-28,3,11.0,5.2,17.7,0,69.0,12.4,3.5
2024-10-28,4,16.4,11.6,21.5,14.7,67.0,3.3,2.7
2024-10-28,5,10.9,7.4,15.6,1.1,65.0,16.6,3.9
2024-10-28,6,10.8,6.1,17.1,0,55.0,15.0,1.4
2024-10-28,7,13.8,8.7,17.1,0,70.0,23.7,4.5
2024-10-28,8,11.6,5.9,18.1,0,80.0,25.6,2.5
2024-10-28,9,11.5,6.5,14.5,0,66.0,9.9,3.1
2024-10-28,10,15.4,9.7,20.7,0.5,60.0,14.6,2.1
2024-10-28,11,10.5,4.9,16.3,0,76.0,5.0,2.8
2024-10-28,12,13.2,7.8,20.2,0,79.0,18.3,1.7
2024-10-28,13,13.0,9.3,18.9,5.4,57.0,25.4,1.1
2024-10-28,14,9.2,4.8,13.1,1.5,67.0,15.4,2.7
2024-10-28,15,15.5,11.9,21.5,0.9,79.0,15.1,5.1
2024-10-28,16,13.1,9.8,18.1,0,88.0,13.9,6.3
2024-10-28,17,12.3,8.9,18.0,0,53.0,17.8,4.0
2024-10-28,18,7.8,2.2,10.8,0,57.0,14.4,2.2
2024-10-28,19,12.3,6.5,16.3,0,54.0,25.0,5.1
2024-10-28,20,17.5,13.6,21.9,0,44.0,12.9,2.9
2024-10-28,21,10.8,7.4,17.2,10.8,69.0,23.5,3.3
2024-10-28,22,10.5,5.0,17.2,0,51.0,22.7,4.7
2024-10-28,23,11.5,6.4,16.8,0,46.0,14.7,3.6
2024-10-28,24,13.2,9.1,19.0,0,82.0,18.3,4.1
2024-10-28,25,11.6,8.4,14.7,0,53.0,25.6,6.6
2024-10-29,1,11.4,7.2,14.8,0,67.0,0.6,2.8
2024-10-29,2,11.7,6.1,18.3,0,75.0,8.1,3.4
2024-10-29,3,10.9,5.0,17.2,3.0,88.0,13.3,4.1
2024-10-29,4,11.4,6.2,17.0,5.0,82.0,21.2,3.9
2024-10-29,5,13.0,8.5,19.3,0,60.0,19.9,2.1
2024-10-29,6,12.7,9.3,16.6,5.4,66.0,19.7,2.9
2024-10-29,7,13.5,9.5,19.1,0,86.0,13.7,3.3
2024-10-29,8,13.8,10.7,17.3,0,87.0,13.2,4.5
2024-10-29,9,11.6,8.6,15.3,0,82.0,27.7,5.1
2024-10-29,10,13.4,10.3,18.5,0,60.0,17.2,2.9
2024-10-29,11,11.2,8.1,14.6,0.8,76.0,18.0,2.9
2024-10-29,12,12.3,8.9,18.3,0,66.0,1.2,2.5
2024-10-29,13,12.3,7.9,16.4,0,51.0,13.4,4.8
2024-10-29,14,14.6,9.1,18.5,0,66.0,7.3,1.3
2024-10-29,15,11.2,7.9,14.6,0,69.0,20.8,3.7
2024-10-29,16,16.3,12.9,19.9,0,75.0,13.0,3.7
2024-10-29,17,11.1,7.3,14.4,0,37.0,18.7,2.9
2024-10-29,18,8.4,4.7,11.6,0,75.0,23.2,1.2
2024-10-29,19,14.1,8.5,18.5,0,54.0,0.3,2.8
2024-10-29,20,15.4,12.0,20.9,0.2,63.0,11.4,1.4
2024-10-29,21,11.4,6.7,17.2,2.2,63.0,16.2,4.7
2024-10-29,22,10.0,6.0,15.2,0,58.0,22.8,2.4
2024-10-29,23,13.0,9.5,16.4,0,45.0,13.6,1.8
2024-10-29,24,11.0,8.0,15.8,0.3,72.0,11.8,2.3
2024-10-29,25,12.4,7.7,18.6,0.2,59.0,28.0,2.6
2024-10-30,1,11.2,6.5,15.0,1.6,82.0,11.5,2.8
2024-10-30,2,10.7,4.9,14.5,0,66.0,8.1,6.2
2024-10-30,3,13.7,10.4,17.4,0,68.0,14.9,4.0
2024-10-30,4,13.7,10.6,18.0,6.6,64.0,10.0,5.3
2024-10-30,5,10.6,5.7,14.3,0,71.0,21.0,3.4
2024-10-30,6,13.8,9.3,20.7,0,71.0,11.3,1.4
2024-10-30,7,15.4,11.3,20.9,0,62.0,29.7,4.4
2024-10-30,8,13.5,10.2,17.7,2.1,68.0,11.9,3.7
2024-10-30,9,12.3,7.2,18.8,0,50.0,4.2,0.9
2024-10-30,10,10.9,6.0,17.2,0,70.0,18.8,5.8
2024-10-30,11,12.7,8.6,16.0,0,76.0,7.2,5.3
2024-10-30,12,13.7,9.7,19.6,0,77.0,15.8,5.0
2024-10-30,13,11.1,7.8,17.8,0,68.0,10.6,3.7
2024-10-30,14,12.7,8.8,16.6,0,72.0,18.7,3.5
2024-10-30,15,11.3,7.9,14.4,0,97.0,18.6,3.9
2024-10-30,16,13.0,8.2,16.3,0,74.0,22.3,3.8
2024-10-30,17,12.6,7.3,16.3,0,50.0,20.1,3.1
2024-10-30,18,7.1,3.3,13.9,1.1,69.0,14.1,6.2
2024-10-30,19,17.7,12.1,20.8,0,49.0,23.1,2.6
2024-10-30,20,12.6,9.3,17.2,0,60.0,11.7,3.9
2024-10-30,21,10.8,6.2,16.9,7.5,59.0,22.3,0.7
2024-10-30,22,10.7,6.6,14.9,0,70.0,6.1,4.4
2024-10-30,23,10.7,5.8,17.3,0,49.0,12.5,3.9
2024-10-30,24,12.8,8.2,18.9,0,71.0,8.1,3.9
2024-10-30,25,9.8,6.3,16.6,0,71.0,19.0,4.9
2024-10-31,1,9.8,6.1,15.1,1.0,68.0,14.4,2.9
2024-10-31,2,10.0,5.1,15.9,0,71.0,20.5,1.4
2024-10-31,3,12.1,7.1,17.2,0.9,66.0,5.0,1.5
2024-10-31,4,12.2,7.5,17.8,0,70.0,28.5,5.3
2024-10-31,5,14.0,8.2,17.3,7.9,65.0,14.4,4.1
2024-10-31,6,12.2,8.3,16.8,1.7,75.0,1.8,4.7
2024-10-31,7,13.0,7.4,17.3,0,77.0,20.3,1.6
2024-10-31,8,13.8,10.4,17.8,0,85.0,9.6,2.3
2024-10-31,9,12.1,7.4,18.1,0,70.0,10.9,3.3
2024-10-31,10,11.0,5.4,16.5,0,53.0,8.7,5.1
2024-10-31,11,12.0,8.2,17.4,0,79.0,17.8,2.9
2024-10-31,12,13.7,8.7,17.8,0,76.0,21.6,2.1
2024-10-31,13,11.0,6.9,16.0,0,57.0,24.0,3.5
2024-10-31,14,13.4,9.6,19.5,0,61.0,23.9,3.1
2024-10-31,15,12.0,8.3,17.0,0,85.0,37.1,5.2
2024-10-31,16,10.3,6.5,16.4,0,72.0,22.1,3.0
2024-10-31,17,11.1,7.6,15.6,0,54.0,21.5,3.6
2024-10-31,18,7.7,4.1,12.3,8.7,63.0,16.2,3.8
2024-10-31,19,14.3,8.6,19.4,0,64.0,14.9,3.8
2024-10-31,20,15.0,10.2,19.1,0,77.0,10.6,1.5
2024-10-31,21,8.5,3.7,12.3,6.0,81.0,25.8,1.4
2024-10-31,22,9.8,5.9,13.4,0,68.0,20.5,4.8
2024-10-31,23,14.7,10.1,21.1,0,25.0,26.8,2.6
2024-10-31,24,12.8,9.6,16.1,1.0,75.0,16.1,2.9
2024-10-31,25,9.7,4.4,14.5,0,46.0,14.5,4.2
2024-11-01,1,11.5,8.0,17.6,8.0,81.0,23.5,3.3
2024-11-01,2,12.1,6.3,17.5,0,61.0,20.2,4.7
2024-11-01,3,12.0,7.3,17.6,1.8,66.0,38.0,4.7
2024-11-01,4,8.6,5.1,14.4,0,61.0,19.6,1.9
2024-11-01,5,12.9,8.4,16.7,0,66.0,18.7,2.8
2024-11-01,6,12.0,6.1,17.2,0,76.0,14.8,2.8
2024-11-01,7,11.0,6.4,15.8,0,62.0,6.4,0.6
2024-11-01,8,11.5,6.1,17.0,1.0,85.0,22.9,2.5
2024-11-01,9,12.7,7.9,17.5,0,68.0,3.6,4.2
2024-11-01,10,13.3,9.6,18.9,0,65.0,25.6,2.7
2024-11-01,11,11.2,7.7,17.1,0,82.0,24.4,3.0
2024-11-01,12,9.6,4.9,14.8,0,69.0,16.6,6.3
2024-11-01,13,8.6,4.3,13.3,0,68.0,3.0,5.6
2024-11-01,14,14.5,11.4,20.6,0,71.0,10.8,4.4
2024-11-01,15,10.7,5.5,17.5,3.7,74.0,17.8,3.8
2024-11-01,16,12.5,7.9,16.0,0,79.0,22.0,2.5
2024-11-01,17,12.4,6.8,19.1,0,53.0,13.5,1.8
2024-11-01,18,4.9,1.4,9.6,1.7,67.0,19.7,3.8
2024-11-01,19,13.7,7.9,16.8,0,59.0,26.8,3.1
2024-11-01,20,13.8,10.5,19.6,0,69.0,0.2,4.1
2024-11-01,21,7.4,1.5,13.8,3.3,64.0,31.5,4.7
2024-11-01,22,7.6,4.0,12.8,15.6,62.0,14.2,2.4
2024-11-01,23,10.8,7.2,15.4,0,33.0,1.9,4.3
2024-11-01,24,10.4,6.1,16.9,0.9,69.0,11.0,5.3
2024-11-01,25,9.6,4.6,16.2,0,57.0,11.9,0.2
2024-11-02,1,11.3,6.0,14.8,7.5,76.0,9.5,1.0
2024-11-02,2,10.2,5.1,16.5,0,68.0,23.4,4.8
2024-11-02,3,13.7,9.5,16.9,4.5,67.0,14.6,3.1
2024-11-02,4,14.6,9.8,19.4,4.0,64.0,19.5,3.8
2024-11-02,5,14.9,9.8,19.6,0,76.0,16.0,4.4
2024-11-02,6,11.6,8.2,17.0,19.0,80.0,26.5,3.1
2024-11-02,7,11.0,7.7,17.0,0,82.0,18.0,4.5
2024-11-02,8,13.8,9.1,17.3,0,61.0,7.6,2.9
2024-11-02,9,12.5,7.4,15.9,0,74.0,9.6,5.7
2024-11-02,10,11.1,5.6,17.9,1.6,66.0,20.8,2.4
2024-11-02,11,10.2,5.7,15.9,0,76.0,27.0,4.4
2024-11-02,12,11.9,8.6,17.7,0,64.0,9.4,4.2
2024-11-02,13,11.4,5.5,18.1,0,53.0,14.4,3.9
2024-11-02,14,12.1,9.0,17.5,0,55.0,5.3,3.0
2024-11-02,15,13.1,8.7,16.3,0.3,89.0,18.1,3.9
2024-11-02,16,12.1,7.5,17.6,0,70.0,7.6,4.8
2024-11-02,17,8.7,4.1,11.8,0,50.0,24.0,5.6
2024-11-02,18,8.0,2.6,12.3,0,48.0,5.9,3.1
2024-11-02,19,16.1,11.0,21.6,0,68.0,16.4,0
2024-11-02,20,16.0,11.1,19.2,0,61.0,25.6,2.1
2024-11-02,21,8.9,3.1,11.9,11.3,62.0,14.2,7.3
2024-11-02,22,9.9,4.2,15.7,0,76.0,8.3,1.9
2024-11-02,23,11.8,6.5,18.1,0,48.0,28.7,2.6
2024-11-02,24,11.9,6.0,18.4,0,72.0,7.4,4.8
2024-11-02,25,11.0,7.4,14.9,0,70.0,4.1,3.2
2024-11-03,1,11.2,7.9,17.8,0,77.0,13.2,5.1
2024-11-03,2,12.5,9.0,16.8,0,65.0,15.0,4.8
2024-11-03,3,10.0,6.4,13.3,0.6,76.0,13.9,1.8
2024-11-03,4,12.5,8.1,18.3,0.4,70.0,14.1,4.5
2024-11-03,5,10.8,7.7,16.9,0,69.0,8.7,3.3
2024-11-03,6,12.0,8.4,15.2,0,69.0,27.1,1.9
2024-11-03,7,12.6,7.2,17.1,0,81.0,30.7,3.6
2024-11-03,8,12.3,6.9,16.6,13.4,72.0,27.7,2.7
2024-11-03,9,13.8,10.2,19.2,2.6,77.0,17.4,5.1
2024-11-03,10,12.4,7.3,16.3,0,76.0,13.8,3.6
2024-11-03,11,12.8,9.7,16.4,0,83.0,16.0,2.1
2024-11-03,12,13.1,9.7,17.8,0,83.0,22.9,5.4
2024-11-03,13,9.8,4.9,13.8,0,69.0,23.1,1.9
2024-11-03,14,14.5,10.9,20.4,0,75.0,28.2,2.2
2024-11-03,15,11.4,7.2,18.1,4.1,72.0,37.3,5.0
2024-11-03,16,10.2,6.2,14.5,0,83.0,17.8,3.0
2024-11-03,17,9.7,5.7,13.0,0,42.0,7.7,5.8
2024-11-03,18,5.5,1.4,10.2,0.9,59.0,29.6,5.8
2024-11-03,19,14.5,9.9,20.9,0.3,65.0,21.0,1.9
2024-11-03,20,12.9,9.2,18.4,0,52.0,18.3,2.4
2024-11-03,21,6.9,2.9,10.9,2.0,78.0,0.2,3.2
2024-11-03,22,11.0,6.0,14.2,0,62.0,11.4,5.3
2024-11-03,23,10.4,5.8,15.8,0,39.0,4.1,1.5
2024-11-03,24,12.3,8.5,15.3,6.1,68.0,1.2,1.8
2024-11-03,25,8.0,4.1,12.4,0,52.0,23.2,4.7
2024-11-04,1,11.1,5.3,17.2,0,71.0,12.4,3.4
2024-11-04,2,13.0,9.8,16.9,3.1,70.0,20.3,7.0
2024-11-04,3,11.8,8.6,15.4,0,64.0,18.8,4.2
2024-11-04,4,10.5,7.1,16.8,0,84.0,5.5,1.5
2024-11-04,5,12.0,8.2,17.8,0,78.0,2.0,2.4
2024-11-04,6,11.7,6.6,15.9,0.7,59.0,14.3,4.2
2024-11-04,7,14.5,11.2,20.8,0,86.0,9.7,5.3
2024-11-04,8,11.3,6.0,14.4,0,92.0,15.5,1.1
2024-11-04,9,14.6,10.4,19.7,0,71.0,9.0,3.4
2024-11-04,10,10.1,4.5,15.0,1.7,71.0,2.1,0.8
2024-11-04,11,11.5,6.1,14.5,2.2,66.0,17.1,3.6
2024-11-04,12,9.7,4.3,12.7,0.1,63.0,19.7,4.8
2024-11-04,13,9.5,4.4,15.1,0,69.0,25.9,1.9
2024-11-04,14,13.5,9.5,19.8,1.4,70.0,15.0,4.0
2024-11-04,15,13.3,8.6,18.0,2.3,98.0,10.4,6.5
2024-11-04,16,15.2,9.9,19.0,3.9,72.0,21.1,5.0
2024-11-04,17,9.5,5.0,13.9,1.0,52.0,5.5,2.5
2024-11-04,18,6.5,0.6,9.7,0,49.0,1.6,5.8
2024-11-04,19,10.0,4.7,15.9,0,66.0,22.3,0.6
2024-11-04,20,15.7,11.3,21.8,3.1,73.0,16.3,2.2
2024-11-04,21,8.2,2.8,14.1,7.1,69.0,7.5,1.9
2024-11-04,22,9.7,4.8,13.9,0,58.0,0.9,4.3
2024-11-04,23,12.1,7.7,16.2,0,47.0,13.9,2.5
2024-11-04,24,11.6,8.0,15.9,1.9,76.0,2.9,3.2
2024-11-04,25,8.2,4.2,13.6,0,49.0,20.2,2.8
2024-11-05,1,8.9,3.7,13.5,2.7,85.0,2.1,5.6
2024-11-05,2,13.0,9.8,17.1,5.1,64.0,13.6,2.8
2024-11-05,3,11.4,8.2,15.7,0.3,62.0,6.5,4.0
2024-11-05,4,13.5,10.4,17.1,0.6,76.0,11.9,2.2
2024-11-05,5,11.5,7.3,15.6,0.1,76.0,13.3,1.8
2024-11-05,6,10.1,4.4,17.0,9.7,89.0,15.9,2.3
2024-11-05,7,13.6,9.1,18.7,0,66.0,7.3,3.6
2024-11-05,8,12.0,7.5,17.9,0,62.0,20.4,5.7
2024-11-05,9,12.7,8.3,17.0,0,75.0,19.5,5.0
2024-11-05,10,10.7,4.9,16.8,2.4,70.0,28.4,6.6
2024-11-05,11,13.5,8.7,19.9,0,90.0,5.2,4.0
2024-11-05,12,13.2,7.7,18.2,0,68.0,14.2,3.0
2024-11-05,13,10.0,4.5,14.4,0,58.0,13.9,2.1
2024-11-05,14,14.7,9.2,18.5,0,69.0,7.1,3.2
2024-11-05,15,12.7,9.6,19.1,0.4,77.0,21.9,2.8
2024-11-05,16,11.7,6.1,17.5,0,79.0,13.9,0.2
2024-11-05,17,10.9,6.9,14.3,0,54.0,2.1,3.3
2024-11-05,18,3.9,0.0,10.0,1.6,57.0,10.7,0.7
2024-11-05,19,16.4,13.0,20.4,0,54.0,13.0,3.4
2024-11-05,20,12.9,8.3,16.8,0,67.0,1.1,1.4
2024-11-05,21,6.9,3.0,13.4,12.8,50.0,26.8,7.0
2024-11-05,22,8.0,3.3,12.7,0,75.0,8.4,5.0
2024-11-05,23,11.0,5.4,15.3,0.2,47.0,13.6,3.9
2024-11-05,24,11.3,7.1,15.8,1.8,72.0,4.5,3.2
2024-11-05,25,7.1,3.4,12.6,0,50.0,37.2,5.8
2024-11-06,1,10.3,6.8,14.8,0,68.0,16.9,3.9
2024-11-06,2,9.6,3.7,15.9,2.8,70.0,8.8,1.3
2024-11-06,3,8.2,4.4,13.2,1.6,70.0,4.3,4.2
2024-11-06,4,10.7,5.6,15.9,0,69.0,31.6,1.9
2024-11-06,5,13.3,8.7,17.1,0.4,73.0,16.4,2.0
2024-11-06,6,10.1,6.0,16.1,0,71.0,11.3,5.2
2024-11-06,7,11.9,8.2,15.8,0,88.0,2.3,4.8
2024-11-06,8,9.8,4.4,16.1,0,71.0,17.9,3.2
2024-11-06,9,12.5,8.3,18.1,0,51.0,24.4,2.3
2024-11-06,10,10.4,6.3,15.5,0,77.0,3.2,4.6
2024-11-06,11,11.8,6.0,15.4,0,74.0,12.4,3.8
2024-11-06,12,13.4,9.0,16.4,2.6,67.0,23.7,3.6
2024-11-06,13,7.7,4.3,14.6,0,63.0,29.9,3.5
2024-11-06,14,14.4,9.0,19.7,0,62.0,5.2,5.2
2024-11-06,15,11.8,6.2,17.4,4.7,87.0,11.5,1.6
2024-11-06,16,13.0,8.3,19.3,0,85.0,14.4,3.0
2024-11-06,17,8.4,5.1,12.7,0,59.0,10.7,0.8
2024-11-06,18,9.5,4.3,15.6,6.0,53.0,10.4,4.6
2024-11-06,19,10.2,4.2,15.8,0,68.0,10.3,4.6
2024-11-06,20,13.7,7.7,19.2,0,64.0,18.4,0.3
2024-11-06,21,6.5,3.2,12.3,0,74.0,12.7,5.3
2024-11-06,22,9.3,4.6,13.9,5.3,79.0,3.3,5.7
2024-11-06,23,10.8,7.5,16.9,0,58.0,21.9,2.7
2024-11-06,24,11.1,6.9,18.1,0,76.0,9.4,2.1
2024-11-06,25,7.9,4.7,12.9,0,50.0,17.9,5.9
2024-11-07,1,11.2,8.0,14.7,0,70.0,26.1,1.4
2024-11-07,2,12.0,7.8,18.9,0,66.0,22.2,5.4
2024-11-07,3,11.4,5.9,18.3,6.0,63.0,22.9,6.3
2024-11-07,4,12.0,7.3,18.1,0.8,72.0,1.8,1.5
2024-11-07,5,11.1,7.9,16.0,0,57.0,7.1,3.7
2024-11-07,6,12.0,7.8,15.4,4.9,79.0,15.5,3.0
2024-11-07,7,13.8,9.1,20.6,0,88.0,14.9,2.1
2024-11-07,8,11.8,6.5,16.0,3.1,78.0,14.8,3.3
2024-11-07,9,10.5,6.5,14.2,0,60.0,15.6,3.6
2024-11-07,10,11.2,6.2,17.7,0,77.0,18.5,1.3
2024-11-07,11,13.5,7.9,20.4,1.6,90.0,18.5,0.9
2024-11-07,12,10.5,6.2,16.1,0.5,71.0,23.9,3.9
2024-11-07,13,10.9,7.1,14.5,0,61.0,33.5,3.2
2024-11-07,14,9.7,6.4,14.7,0,71.0,13.7,1.7
2024-11-07,15,12.9,9.8,18.5,0,79.0,13.1,2.6
2024-11-07,16,10.7,7.4,17.6,0,76.0,16.4,3.6
2024-11-07,17,8.7,5.0,15.2,0,57.0,7.1,2.1
2024-11-07,18,6.7,1.5,11.3,0,46.0,3.4,2.6
2024-11-07,19,14.2,10.0,17.9,0,55.0,27.9,6.7
2024-11-07,20,14.4,8.9,20.2,0,54.0,15.1,3.5
2024-11-07,21,7.9,3.1,12.4,4.1,66.0,9.8,3.3
2024-11-07,22,7.9,2.9,12.5,0,75.0,25.2,3.0
2024-11-07,23,11.4,8.3,17.3,0,51.0,26.3,0.6
2024-11-07,24,10.5,7.2,17.4,0,80.0,3.9,5.3
2024-11-07,25,12.0,7.8,15.3,8.0,66.0,10.6,2.8
2024-11-08,1,10.3,5.3,16.7,0,75.0,13.3,3.5
2024-11-08,2,11.8,7.6,18.2,0,86.0,25.2,3.2
2024-11-08,3,12.2,7.1,18.7,0.3,82.0,19.3,3.9
2024-11-08,4,9.8,4.8,15.2,3.5,72.0,25.1,4.3
2024-11-08,5,9.9,4.3,15.3,1.2,75.0,15.4,2.8
2024-11-08,6,12.2,9.1,16.6,0.5,72.0,15.8,1.6
2024-11-08,7,9.8,5.3,13.5,0.5,86.0,9.4,4.0
2024-11-08,8,13.2,7.7,17.5,7.6,77.0,1.8,2.1
2024-11-08,9,10.1,4.9,13.7,0,64.0,22.1,5.9
2024-11-08,10,11.8,8.7,17.7,0,85.0,17.8,2.8
2024-11-08,11,10.4,5.3,14.0,0,87.0,7.1,3.3
2024-11-08,12,10.4,6.2,15.6,0,64.0,8.1,2.7
2024-11-08,13,11.5,8.2,15.4,0,54.0,18.5,0.9
2024-11-08,14,13.5,8.3,19.6,0.3,74.0,12.8,3.1
2024-11-08,15,8.3,3.9,13.3,13.5,87.0,16.8,4.2
2024-11-08,16,10.8,5.3,14.4,6.4,75.0,24.4,1.7
2024-11-08,17,9.2,5.6,13.7,0,55.0,8.9,2.5
2024-11-08,18,9.0,3.6,13.9,0,60.0,5.3,2.3
2024-11-08,19,12.6,7.4,19.4,0,51.0,15.6,0.5
2024-11-08,20,16.2,10.7,22.1,0,70.0,35.5,5.5
2024-11-08,21,6.9,2.6,10.2,2.3,68.0,13.1,2.3
2024-11-08,22,7.5,2.3,10.8,0,66.0,11.8,3.5
2024-11-08,23,11.1,7.4,14.8,0,42.0,25.3,2.7
2024-11-08,24,10.5,7.1,15.8,0,79.0,18.0,2.2
2024-11-08,25,9.8,4.3,16.8,0,59.0,12.4,1.4
2024-11-09,1,11.0,5.5,14.3,0,75.0,21.2,4.6
2024-11-09,2,9.8,5.5,14.7,10.3,74.0,14.9,1.9
2024-11-09,3,11.8,6.8,16.8,3.2,65.0,33.8,3.4
2024-11-09,4,11.7,6.9,15.8,0,61.0,24.3,1.4
2024-11-09,5,9.4,4.1,13.0,13.4,68.0,5.2,0.8
2024-11-09,6,11.4,5.9,18.2,7.7,83.0,3.8,3.7
2024-11-09,7,12.0,8.0,17.8,0,88.0,10.9,4.1
2024-11-09,8,12.5,8.8,15.7,0,81.0,6.1,2.5
2024-11-09,9,10.9,7.7,16.0,0,75.0,12.5,2.6
2024-11-09,10,11.8,7.2,16.6,0,70.0,15.3,4.5
2024-11-09,11,12.9,7.3,18.3,5.7,66.0,11.7,1.3
2024-11-09,12,10.8,5.3,14.8,0,79.0,22.1,2.9
2024-11-09,13,12.1,7.4,18.1,0,58.0,7.5,2.8
2024-11-09,14,13.9,10.7,20.3,2.8,74.0,12.9,2.5
2024-11-09,15,9.9,5.0,15.1,0,81.0,14.0,8.5
2024-11-09,16,9.8,6.2,14.4,0,82.0,20.6,0.3
2024-11-09,17,10.1,5.1,14.7,0,46.0,14.6,2.8
2024-11-09,18,7.6,3.7,11.0,0,60.0,12.5,5.0
2024-11-09,19,14.3,10.2,21.1,1.5,75.0,12.1,2.6
2024-11-09,20,11.8,5.9,18.2,0,51.0,19.7,3.0
2024-11-09,21,9.5,3.8,13.0,2.3,56.0,24.9,2.0
2024-11-09,22,6.6,0.9,12.4,3.4,93.0,10.6,4.2
2024-11-09,23,10.1,6.6,14.2,0,34.0,5.9,0.1
2024-11-09,24,9.8,4.0,16.7,0.8,43.0,26.5,4.1
2024-11-09,25,6.7,1.0,10.5,0.7,62.0,8.2,2.6
2024-11-10,1,12.1,7.5,18.3,0,81.0,0.1,3.1
2024-11-10,2,9.8,6.6,13.7,0,73.0,10.9,3.1
2024-11-10,3,8.4,5.0,14.8,0,72.0,13.6,1.5
2024-11-10,4,7.7,3.6,11.5,0,82.0,24.7,3.0
2024-11-10,5,11.6,7.8,16.4,0,74.0,12.6,4.4
2024-11-10,6,10.3,7.3,14.9,0,89.0,9.3,2.4
2024-11-10,7,11.5,7.9,16.8,2.7,80.0,12.0,2.9
2024-11-10,8,10.2,5.8,13.7,2.1,64.0,15.6,3.3
2024-11-10,9,12.8,7.4,19.7,0,80.0,5.9,5.7
2024-11-10,10,12.2,7.9,15.7,0,74.0,28.2,4.4
2024-11-10,11,12.1,6.5,18.8,0,79.0,27.0,2.0
2024-11-10,12,13.0,9.2,16.3,1.3,77.0,1.5,2.4
2024-11-10,13,7.4,2.9,11.7,1.6,76.0,7.5,3.2
2024-11-10,14,12.7,7.4,16.9,0,72.0,12.9,4.5
2024-11-10,15,12.2,8.3,16.8,0,100,18.3,6.8
2024-11-10,16,9.5,3.8,12.5,0,83.0,17.9,4.3
2024-11-10,17,11.0,7.7,16.5,0,44.0,18.8,3.1
2024-11-10,18,6.8,2.2,10.1,3.6,54.0,19.1,3.5
2024-11-10,19,13.4,7.7,18.5,0,64.0,26.2,3.0
2024-11-10,20,12.7,8.7,16.3,0,64.0,17.2,5.0
2024-11-10,21,5.2,0.1,10.0,0,71.0,2.3,2.7
2024-11-10,22,8.9,4.8,15.4,3.2,79.0,10.2,2.3
2024-11-10,23,13.1,7.5,16.9,0,25.0,20.7,3.1
2024-11-10,24,12.3,8.2,16.9,0,74.0,17.5,8.2
2024-11-10,25,8.8,3.9,12.0,0.3,61.0,3.9,2.7
2024-11-11,1,11.6,6.3,15.0,1.5,76.0,26.2,3.7
2024-11-11,2,8.7,3.5,12.8,1.5,73.0,20.3,1.1
2024-11-11,3,8.9,4.0,14.9,3.9,76.0,21.2,6.2
2024-11-11,4,10.4,6.7,17.2,0,70.0,11.3,4.0
2024-11-11,5,10.5,5.4,17.0,5.6,70.0,13.2,3.2
2024-11-11,6,9.6,3.8,15.7,11.7,70.0,25.0,2.0
2024-11-11,7,10.3,6.2,13.7,0.3,83.0,16.7,1.6
2024-11-11,8,12.4,9.2,19.2,0,70.0,17.4,1.7
2024-11-11,9,12.7,8.0,16.8,0,70.0,26.0,0.5
2024-11-11,10,11.4,5.9,18.3,0,53.0,0.2,4.4
2024-11-11,11,12.4,9.3,19.3,0,80.0,12.6,3.9
2024-11-11,12,12.6,7.7,17.0,0,79.0,21.5,5.1
2024-11-11,13,9.4,6.0,12.8,0.5,65.0,10.2,2.4
2024-11-11,14,12.7,6.9,16.9,0,70.0,24.3,4.0
2024-11-11,15,9.4,4.2,14.3,6.0,73.0,15.6,4.6
2024-11-11,16,12.5,8.1,16.7,0.6,88.0,14.1,1.3
2024-11-11,17,7.2,2.7,13.6,0,55.0,14.4,0
2024-11-11,18,3.9,-0.1,8.2,1.1,72.0,7.7,1.5
2024-11-11,19,12.3,9.0,16.5,0,69.0,20.6,3.4
2024-11-11,20,9.9,6.2,16.8,0,64.0,7.4,2.5
2024-11-11,21,10.3,5.4,17.0,6.4,71.0,5.5,5.1
2024-11-11,22,7.2,2.2,12.6,3.1,56.0,11.7,1.2
2024-11-11,23,12.1,8.1,15.2,0,45.0,18.6,2.3
2024-11-11,24,9.9,6.1,12.9,4.8,80.0,2.1,0
2024-11-11,25,7.1,2.6,13.4,0,52.0,2.3,3.4
2024-11-12,1,12.0,7.9,18.4,0,66.0,17.3,2.7
2024-11-12,2,11.9,8.1,18.9,1.6,79.0,14.3,4.7
2024-11-12,3,13.6,10.0,20.2,1.0,79.0,18.2,4.8
2024-11-12,4,9.7,6.5,16.2,1.1,77.0,11.9,4.8
2024-11-12,5,12.5,6.6,18.0,2.0,77.0,17.6,4.2
2024-11-12,6,10.2,5.9,16.6,0,73.0,18.5,4.9
2024-11-12,7,9.2,5.0,13.4,0,84.0,19.7,5.2
2024-11-12,8,13.1,8.2,16.9,0,78.0,16.8,2.0
2024-11-12,9,9.7,4.4,13.0,0.1,63.0,18.9,3.2
2024-11-12,10,9.2,5.5,14.1,2.3,44.0,24.9,2.6
2024-11-12,11,14.0,8.8,20.1,0,66.0,17.1,1.2
2024-11-12,12,12.7,8.0,19.4,0,69.0,12.1,1.5
2024-11-12,13,8.1,3.1,12.3,0.5,69.0,21.0,3.7
2024-11-12,14,11.6,5.9,14.8,0.2,65.0,11.4,5.4
2024-11-12,15,12.8,9.7,17.0,0,91.0,16.0,4.4
2024-11-12,16,10.3,6.5,15.9,0,69.0,12.9,4.9
2024-11-12,17,10.2,6.7,14.7,0,39.0,29.9,4.8
2024-11-12,18,6.3,2.2,10.4,0,46.0,16.4,2.7
2024-11-12,19,13.4,9.9,16.8,0,68.0,22.7,4.6
2024-11-12,20,15.8,12.6,19.3,0,59.0,7.5,4.8
2024-11-12,21,7.0,3.7,12.2,0,70.0,23.2,2.3
2024-11-12,22,7.2,1.6,11.4,2.4,59.0,13.4,4.0
2024-11-12,23,8.2,5.2,12.2,0,44.0,16.2,3.1
2024-11-12,24,12.5,9.0,19.0,0,77.0,11.0,2.3
2024-11-12,25,7.1,3.4,14.0,0,66.0,9.8,4.1
2024-11-13,1,10.9,6.9,14.7,5.1,77.0,15.8,2.8
2024-11-13,2,10.6,4.6,15.2,8.1,65.0,4.9,3.0
2024-11-13,3,10.8,6.1,14.1,5.1,80.0,15.8,2.6
2024-11-13,4,11.5,8.4,17.6,0,74.0,7.6,3.4
2024-11-13,5,14.1,8.1,17.6,0,78.0,5.7,4.8
2024-11-13,6,9.1,5.8,12.6,2.7,72.0,19.2,4.5
2024-11-13,7,11.2,6.7,17.3,0,50.0,28.5,6.3
2024-11-13,8,11.3,6.1,15.4,0,74.0,5.4,2.2
2024-11-13,9,11.9,7.6,15.4,1.0,69.0,28.3,2.5
2024-11-13,10,10.5,5.2,15.7,0,62.0,9.7,1.8
2024-11-13,11,11.3,5.9,16.1,0,88.0,21.4,3.6
2024-11-13,12,12.3,7.6,16.3,0,74.0,15.8,3.4
2024-11-13,13,10.7,7.0,17.4,0.8,59.0,20.2,4.7
2024-11-13,14,11.8,8.6,17.2,0,72.0,15.8,4.2
2024-11-13,15,9.2,3.5,15.4,1.6,94.0,14.6,4.5
2024-11-13,16,11.2,8.0,14.3,0,80.0,4.4,5.0
2024-11-13,17,8.1,3.2,11.5,0,31.0,1.2,1.1
2024-11-13,18,5.0,0.7,11.9,0,57.0,13.2,3.1
2024-11-13,19,10.5,6.8,14.5,0,45.0,25.5,3.9
2024-11-13,20,12.4,8.4,16.5,0,67.0,13.0,4.5
2024-11-13,21,7.6,3.0,11.0,0,77.0,25.9,0
2024-11-13,22,6.1,2.3,9.3,0.3,54.0,17.6,3.3
2024-11-13,23,11.0,6.9,17.8,0,48.0,4.5,0
2024-11-13,24,10.5,7.1,17.2,0,58.0,16.3,5.1
2024-11-13,25,9.4,4.3,13.5,0,56.0,8.2,3.9
2024-11-14,1,12.6,7.4,15.9,12.9,81.0,20.8,2.0
2024-11-14,2,8.0,2.6,11.6,0,59.0,15.0,3.5
2024-11-14,3,10.3,7.0,16.8,2.4,76.0,23.9,0.3
2024-11-14,4,11.3,6.5,18.2,0,84.0,13.9,3.8
2024-11-14,5,11.5,6.1,14.8,1.3,79.0,19.7,1.2
2024-11-14,6,11.6,6.0,14.7,1.0,75.0,13.7,0.2
2024-11-14,7,10.5,5.2,13.6,0,67.0,4.2,3.3
2024-11-14,8,10.8,6.0,17.2,0,65.0,3.1,1.4
2024-11-14,9,9.0,4.0,12.9,3.9,76.0,30.3,3.3
2024-11-14,10,12.7,7.5,17.0,0,66.0,8.6,0
2024-11-14,11,13.2,10.0,19.7,0.2,89.0,0.3,1.4
2024-11-14,12,8.6,3.9,12.9,0,84.0,13.4,2.8
2024-11-14,13,13.7,8.3,17.3,0,58.0,8.4,3.1
2024-11-14,14,15.1,11.0,21.7,0,74.0,21.6,3.6
2024-11-14,15,11.9,7.1,16.2,4.3,81.0,21.6,3.7
2024-11-14,16,12.2,6.2,17.3,1.9,61.0,28.0,3.8
2024-11-14,17,9.6,3.9,16.1,0,57.0,11.5,3.0
2024-11-14,18,7.6,3.8,11.2,4.6,55.0,18.9,5.2
2024-11-14,19,15.0,10.3,20.4,0,61.0,6.8,4.3
2024-11-14,20,9.0,3.5,14.5,0,68.0,14.0,3.1
2024-11-14,21,8.6,4.7,11.8,6.3,75.0,29.3,0.5
2024-11-14,22,8.4,4.1,15.2,0,75.0,17.3,2.7
2024-11-14,23,7.3,2.1,11.9,0,39.0,13.4,4.8
2024-11-14,24,12.4,7.2,17.1,0,63.0,19.4,2.7
2024-11-14,25,8.1,2.1,12.6,0,46.0,22.8,5.4
2024-11-15,1,9.8,5.8,13.6,2.1,63.0,29.0,5.8
2024-11-15,2,8.6,2.7,15.1,0,77.0,8.1,4.3
2024-11-15,3,10.2,5.8,15.9,1.1,75.0,29.9,2.5
2024-11-15,4,13.1,7.8,18.1,1.8,62.0,19.4,1.1
2024-11-15,5,7.2,1.4,10.4,0,73.0,11.5,1.2
2024-11-15,6,9.4,4.3,15.5,0,72.0,22.8,2.2
2024-11-15,7,15.1,10.7,20.6,0,70.0,21.2,3.0
2024-11-15,8,12.2,8.7,18.1,0,74.0,10.4,2.5
2024-11-15,9,11.5,5.8,17.7,1.5,79.0,21.5,1.6
2024-11-15,10,12.0,8.5,18.0,0,65.0,21.5,2.7
2024-11-15,11,13.9,10.5,19.2,0,88.0,29.1,4.6
2024-11-15,12,12.7,7.1,18.9,0.7,78.0,13.1,0.1
2024-11-15,13,8.4,3.9,14.6,0,58.0,27.4,4.7
2024-11-15,14,14.3,11.1,20.4,3.7,53.0,26.8,4.5
2024-11-15,15,10.4,4.8,17.1,0,69.0,14.4,3.1
2024-11-15,16,12.7,6.9,18.3,0,69.0,3.2,1.2
2024-11-15,17,7.5,2.8,12.9,0,58.0,2.9,2.7
2024-11-15,18,6.0,1.7,11.2,0.6,50.0,17.1,1.4
2024-11-15,19,13.5,9.5,17.8,0,63.0,3.0,3.6
2024-11-15,20,15.1,9.8,19.3,0,63.0,19.0,1.1
2024-11-15,21,8.0,4.8,14.9,0.4,64.0,19.3,3.9
2024-11-15,22,8.9,5.7,12.3,0,71.0,13.0,5.7
2024-11-15,23,11.7,8.4,16.4,0,50.0,16.6,3.4
2024-11-15,24,7.8,2.9,14.4,5.2,67.0,23.6,3.9
2024-11-15,25,5.2,1.8,9.8,0.8,59.0,21.1,0
2024-11-16,1,10.8,7.3,15.3,0,78.0,11.6,4.9
2024-11-16,2,10.9,5.8,15.1,0,58.0,19.8,0.5
2024-11-16,3,9.6,4.3,15.8,0,64.0,18.6,2.3
2024-11-16,4,9.0,4.4,14.2,0,74.0,12.7,3.0
2024-11-16,5,10.0,6.3,14.1,1.7,79.0,25.0,3.7
2024-11-16,6,8.9,5.3,14.7,0,64.0,19.0,3.1
2024-11-16,7,12.4,8.0,17.6,0.7,80.0,7.8,3.3
2024-11-16,8,11.1,6.3,16.1,4.5,80.0,18.9,1.8
2024-11-16,9,8.2,4.5,12.3,0,74.0,26.1,3.6
2024-11-16,10,10.4,7.0,16.7,0,82.0,1.2,3.7
2024-11-16,11,12.9,9.0,19.0,2.3,86.0,24.9,2.2
2024-11-16,12,11.4,7.6,17.0,0,73.0,25.1,1.3
2024-11-16,13,8.0,2.3,11.9,0,69.0,15.9,2.4
2024-11-16,14,14.1,11.0,17.9,0,75.0,22.1,2.3
2024-11-16,15,7.8,2.9,13.2,2.8,74.0,11.0,3.7
2024-11-16,16,10.5,6.3,15.2,2.3,69.0,20.7,3.5
2024-11-16,17,7.0,2.3,14.0,0,53.0,14.8,3.0
2024-11-16,18,6.8,3.3,11.5,0,70.0,14.8,1.8
2024-11-16,19,14.0,8.9,18.2,0,73.0,20.9,3.8
2024-11-16,20,13.8,9.2,18.0,0,64.0,18.7,1.6
2024-11-16,21,4.3,-1.6,8.1,6.9,68.0,12.8,3.1
2024-11-16,22,6.8,1.1,11.8,4.3,65.0,13.2,2.6
2024-11-16,23,8.2,4.5,12.2,0.0,65.0,1.8,5.8
2024-11-16,24,9.6,3.8,13.5,9.1,73.0,11.2,3.5
2024-11-16,25,6.4,3.0,12.2,0,59.0,20.8,4.9
2024-11-17,1,9.8,4.8,14.1,10.3,71.0,18.7,2.7
2024-11-17,2,10.6,7.3,14.9,0,62.0,1.2,1.4
2024-11-17,3,9.8,6.3,13.9,0,63.0,7.1,3.3
2024-11-17,4,8.2,4.6,14.5,0.3,88.0,6.7,0.7
2024-11-17,5,10.5,5.5,14.1,3.0,84.0,2.0,4.6
2024-11-17,6,9.6,4.5,13.1,0,89.0,20.2,0.8
2024-11-17,7,10.6,5.1,15.8,0,82.0,30.8,4.9
2024-11-17,8,10.1,5.5,16.9,0,99.0,19.3,3.5
2024-11-17,9,11.7,8.1,18.0,0,71.0,5.6,5.2
2024-11-17,10,9.6,4.8,16.3,0.4,79.0,18.1,3.2
2024-11-17,11,11.7,8.5,17.6,0,65.0,12.7,3.8
2024-11-17,12,10.1,5.9,16.4,0.7,72.0,12.3,1.4
2024-11-17,13,9.3,4.6,16.2,3.5,70.0,30.3,2.8
2024-11-17,14,11.3,6.2,14.4,0,81.0,4.8,2.1
2024-11-17,15,9.1,5.0,14.6,0.3,99.0,5.4,3.0
2024-11-17,16,13.9,10.3,17.8,0,69.0,15.3,4.3
2024-11-17,17,8.0,3.7,11.4,0.0,52.0,10.9,1.5
2024-11-17,18,4.1,0.1,9.1,1.7,57.0,14.6,0
2024-11-17,19,13.4,10.0,19.9,0,58.0,16.0,1.0
2024-11-17,20,13.8,9.4,17.6,0,64.0,7.5,1.8
2024-11-17,21,7.5,2.5,12.7,7.6,73.0,8.8,3.7
2024-11-17,22,8.4,4.8,13.8,0.9,83.0,9.0,2.6
2024-11-17,23,8.4,4.5,11.5,0,41.0,17.7,3.9
2024-11-17,24,10.8,5.3,16.7,0,68.0,15.9,3.9
2024-11-17,25,10.9,6.4,16.9,3.3,43.0,18.1,2.2
2024-11-18,1,8.9,3.7,15.0,1.3,80.0,20.3,4.6
2024-11-18,2,9.5,3.8,14.1,0,82.0,17.0,4.0
2024-11-18,3,6.4,1.6,11.8,7.2,71.0,14.1,3.5
2024-11-18,4,11.9,7.6,16.9,3.2,65.0,10.2,2.1
2024-11-18,5,11.5,6.7,14.6,0,58.0,18.7,2.0
2024-11-18,6,9.6,6.2,13.1,10.0,69.0,14.6,0.4
2024-11-18,7,9.9,6.1,14.3,0,78.0,14.7,2.4
2024-11-18,8,11.5,6.6,18.2,0,80.0,21.3,1.8
2024-11-18,9,9.4,3.9,15.9,0,66.0,23.5,4.1
2024-11-18,10,9.7,5.7,16.3,0,66.0,19.2,2.6
2024-11-18,11,8.8,3.6,14.2,0,79.0,24.6,4.4
2024-11-18,12,10.5,6.8,14.7,0,94.0,4.7,3.0
2024-11-18,13,9.9,6.1,14.2,0,70.0,19.6,3.5
2024-11-18,14,11.9,8.4,15.7,0,68.0,15.9,2.0
2024-11-18,15,8.9,3.3,12.4,0,75.0,14.7,3.9
2024-11-18,16,10.8,4.9,16.4,0,57.0,22.4,2.9
2024-11-18,17,7.8,4.3,12.9,0,51.0,11.4,2.4
2024-11-18,18,7.5,1.5,14.1,0,68.0,10.6,1.7
2024-11-18,19,11.0,6.7,16.9,0,66.0,6.5,5.1
2024-11-18,20,12.9,9.8,17.7,0,77.0,18.1,4.2
2024-11-18,21,8.3,4.2,12.8,0.6,77.0,15.9,2.6
2024-11-18,22,10.9,4.9,16.0,0,57.0,33.1,2.1
2024-11-18,23,8.8,2.8,14.4,0,37.0,22.1,0
2024-11-18,24,9.2,5.7,13.3,0.1,67.0,8.3,4.2
2024-11-18,25,8.6,4.5,11.8,0,70.0,26.2,2.5
2024-11-19,1,11.1,5.7,15.5,0,54.0,6.1,1.4
2024-11-19,2,9.4,5.3,14.7,0,74.0,6.1,4.8
2024-11-19,3,12.2,8.8,18.6,4.7,66.0,2.4,2.6
2024-11-19,4,12.4,6.8,17.7,2.5,67.0,10.5,0.5
2024-11-19,5,8.9,3.9,14.6,0,78.0,0.2,3.4
2024-11-19,6,8.8,5.2,11.9,0.3,77.0,27.9,2.3
2024-11-19,7,12.5,7.0,18.7,2.4,75.0,4.4,4.6
2024-11-19,8,9.9,6.7,14.3,0,82.0,20.2,1.3
2024-11-19,9,11.5,7.9,15.6,0,58.0,15.1,2.9
2024-11-19,10,9.8,4.2,14.5,0,74.0,22.8,4.2
2024-11-19,11,9.9,5.6,16.7,10.9,80.0,4.5,6.0
2024-11-19,12,12.6,8.4,17.8,2.3,83.0,9.9,1.5
2024-11-19,13,9.2,5.3,13.8,5.0,67.0,26.5,4.0
2024-11-19,14,14.2,9.5,20.4,0,54.0,19.2,1.4
2024-11-19,15,7.7,3.9,13.7,1.6,82.0,35.5,3.0
2024-11-19,16,12.8,8.6,19.6,0,78.0,34.7,3.9
2024-11-19,17,3.4,-1.5,9.1,0,58.0,13.0,4.2
2024-11-19,18,7.5,3.6,11.9,0,68.0,14.9,3.0
2024-11-19,19,13.3,7.9,19.2,0.4,70.0,20.3,3.1
2024-11-19,20,14.1,9.1,18.0,0,66.0,25.5,4.3
2024-11-19,21,5.7,0.6,11.9,0.7,63.0,31.8,0
2024-11-19,22,7.4,2.1,13.7,2.5,74.0,7.9,0
2024-11-19,23,10.5,4.9,15.5,0,27.0,4.2,4.5
2024-11-19,24,12.8,7.2,17.4,0.2,76.0,5.9,5.2
2024-11-19,25,6.9,2.8,10.2,1.7,50.0,12.6,5.4
2024-11-20,1,9.6,4.5,12.8,0,62.0,12.4,5.9
2024-11-20,2,12.8,7.4,17.1,0.8,73.0,19.0,3.6
2024-11-20,3,12.2,8.1,15.8,0,85.0,20.3,3.1
2024-11-20,4,9.6,5.0,16.4,4.7,80.0,0.1,1.4
2024-11-20,5,8.3,4.6,15.1,1.1,81.0,20.8,6.3
2024-11-20,6,8.5,3.1,13.7,4.9,66.0,0.3,4.4
2024-11-20,7,10.1,5.8,15.6,0.1,72.0,10.6,1.9
2024-11-20,8,12.4,7.6,17.7,0.3,81.0,20.8,2.4
2024-11-20,9,10.7,5.2,17.6,0,55.0,6.4,1.3
2024-11-20,10,12.9,8.2,17.2,0,71.0,8.9,2.6
2024-11-20,11,10.3,4.9,16.5,2.2,76.0,17.8,2.1
2024-11-20,12,11.9,7.7,16.2,0,79.0,8.2,0.8
2024-11-20,13,9.4,3.8,16.4,0,71.0,0.7,3.6
2024-11-20,14,12.1,8.9,18.7,0,69.0,12.1,2.2
2024-11-20,15,8.9,4.4,12.4,3.3,76.0,3.5,2.5
2024-11-20,16,10.6,6.9,17.1,12.8,91.0,11.6,1.4
2024-11-20,17,7.4,1.9,13.2,0,54.0,15.7,2.0
2024-11-20,18,5.2,1.4,11.1,0,58.0,20.1,3.6
2024-11-20,19,12.3,8.9,16.9,0,52.0,12.4,4.1
2024-11-20,20,10.9,5.4,14.0,0,49.0,5.6,2.1
2024-11-20,21,8.1,3.8,14.1,1.3,67.0,18.8,2.1
2024-11-20,22,7.6,1.7,12.3,5.8,74.0,20.7,5.3
2024-11-20,23,9.5,5.6,14.7,0,50.0,13.3,0.9
2024-11-20,24,10.7,4.9,16.5,4.4,81.0,13.2,2.3
2024-11-20,25,5.5,1.7,8.8,0,60.0,17.9,1.4
2024-11-21,1,10.6,4.6,14.9,0,61.0,16.4,3.9
2024-11-21,2,8.9,2.9,14.6,0,73.0,13.0,2.4
2024-11-21,3,10.8,5.3,17.3,0.9,75.0,4.2,3.1
2024-11-21,4,11.3,6.7,14.6,0,58.0,11.4,2.5
2024-11-21,5,11.9,7.6,18.3,0,69.0,26.6,3.0
2024-11-21,6,10.0,4.3,15.1,0,57.0,4.7,0
2024-11-21,7,11.8,8.1,16.6,0,78.0,8.4,0
2024-11-21,8,9.9,4.4,16.4,0,78.0,2.3,4.7
2024-11-21,9,13.0,9.4,18.5,2.5,65.0,10.8,2.6
2024-11-21,10,9.3,5.9,12.9,0,69.0,26.6,0
2024-11-21,11,11.8,7.0,17.5,3.3,74.0,11.6,1.0
2024-11-21,12,10.3,4.7,15.9,1.7,89.0,9.5,4.6
2024-11-21,13,7.6,2.7,13.2,0,78.0,7.2,3.6
2024-11-21,14,8.5,2.6,13.9,0,60.0,18.0,2.5
2024-11-21,15,12.0,6.8,15.8,1.8,88.0,21.4,3.8
2024-11-21,16,10.5,4.7,15.7,0.8,82.0,14.2,2.8
2024-11-21,17,7.6,4.5,13.7,0,58.0,15.6,0.4
2024-11-21,18,5.6,-0.2,9.0,0,59.0,12.2,0.1
2024-11-21,19,12.3,9.0,15.5,0.2,57.0,9.7,2.0
2024-11-21,20,13.0,7.6,16.4,0,56.0,29.0,3.2
2024-11-21,21,6.2,0.6,12.2,8.6,67.0,15.9,1.0
2024-11-21,22,9.1,3.9,14.7,3.1,61.0,5.5,2.6
2024-11-21,23,12.3,8.5,19.1,0,45.0,16.9,6.4
2024-11-21,24,7.5,1.9,11.1,3.6,70.0,17.8,0
2024-11-21,25,7.9,3.1,14.5,0,54.0,23.3,2.2
2024-11-22,1,11.8,6.7,15.0,2.9,79.0,15.6,0.6
2024-11-22,2,9.0,4.9,13.7,6.7,62.0,16.9,3.2
2024-11-22,3,7.3,1.4,11.6,2.4,79.0,6.0,2.4
2024-11-22,4,8.7,5.0,14.5,0,67.0,1.3,3.0
2024-11-22,5,12.1,8.4,17.7,1.2,75.0,20.0,3.0
2024-11-22,6,8.6,3.5,14.4,3.2,66.0,16.3,2.7
2024-11-22,7,13.1,7.3,19.7,0,80.0,26.4,2.2
2024-11-22,8,10.4,6.4,17.2,0,79.0,5.4,1.2
2024-11-22,9,12.5,6.6,19.2,0,71.0,2.0,4.8
2024-11-22,10,13.9,9.8,17.0,1.0,71.0,7.7,0
2024-11-22,11,11.7,7.2,15.0,2.5,82.0,16.3,3.3
2024-11-22,12,9.9,6.3,14.6,0.4,71.0,7.6,4.3
2024-11-22,13,6.4,1.8,12.9,0,61.0,17.7,1.4
2024-11-22,14,11.2,8.0,15.6,0,61.0,15.6,0.3
2024-11-22,15,8.8,2.9,15.5,0,65.0,13.1,1.8
2024-11-22,16,13.5,10.0,17.1,0,83.0,17.8,0.5
2024-11-22,17,8.1,3.8,11.2,0,49.0,20.7,2.8
2024-11-22,18,6.7,2.2,11.5,0,75.0,8.3,0
2024-11-22,19,12.4,8.0,17.1,0,77.0,10.9,0.6
2024-11-22,20,11.8,7.2,18.3,0,68.0,19.1,2.7
2024-11-22,21,6.5,2.7,9.6,1.5,58.0,14.0,3.1
2024-11-22,22,10.3,4.5,15.3,0,65.0,14.8,3.8
2024-11-22,23,11.3,5.9,15.6,0,59.0,10.6,1.7
2024-11-22,24,10.8,4.8,17.5,8.7,82.0,15.2,0.1
2024-11-22,25,8.7,4.1,13.4,0.5,70.0,19.3,4.5
2024-11-23,1,11.0,5.6,16.6,0.3,75.0,9.1,0.4
2024-11-23,2,5.9,0.8,12.4,4.5,75.0,8.0,1.3
2024-11-23,3,9.4,5.8,15.9,0,70.0,23.2,5.5
2024-11-23,4,10.1,6.8,15.5,0,76.0,3.8,1.8
2024-11-23,5,11.1,6.4,17.6,3.6,78.0,17.3,1.6
2024-11-23,6,10.2,5.3,15.6,0,65.0,20.6,0
2024-11-23,7,11.2,5.9,17.8,2.2,77.0,8.5,0.6
2024-11-23,8,10.1,6.8,14.1,0,77.0,25.2,1.5
2024-11-23,9,12.3,8.7,17.5,0,71.0,6.3,4.2
2024-11-23,10,14.6,10.0,20.7,0,72.0,25.2,1.9
2024-11-23,11,8.7,4.0,14.0,1.1,79.0,14.7,3.4
2024-11-23,12,10.8,6.1,16.7,0,86.0,7.9,3.7
2024-11-23,13,10.5,5.2,14.3,0,66.0,19.4,2.6
2024-11-23,14,13.1,9.0,20.1,0,71.0,31.5,1.0
2024-11-23,15,8.2,3.5,11.5,4.2,73.0,0.2,1.6
2024-11-23,16,11.3,6.3,16.7,6.1,85.0,4.4,4.1
2024-11-23,17,6.2,1.0,9.6,0.3,63.0,12.9,5.4
2024-11-23,18,7.7,3.7,12.4,0,46.0,18.8,1.8
2024-11-23,19,12.1,8.5,16.1,0,47.0,26.1,3.3
2024-11-23,20,13.5,7.6,20.0,0,68.0,21.7,0
2024-11-23,21,5.6,1.4,10.7,4.2,80.0,4.2,2.2
2024-11-23,22,7.9,4.5,12.8,0.5,64.0,27.8,0
2024-11-23,23,9.9,5.0,16.5,0,49.0,8.2,3.2
2024-11-23,24,8.7,4.6,12.4,0,81.0,19.4,0
2024-11-23,25,9.0,5.1,13.7,0,59.0,13.7,4.3
2024-11-24,1,11.2,6.1,17.0,0,73.0,18.5,2.7
2024-11-24,2,9.0,5.1,13.7,0,83.0,9.9,2.9
2024-11-24,3,7.3,4.2,10.4,3.9,79.0,33.5,1.2
2024-11-24,4,9.1,4.8,16.0,0,72.0,15.8,0.8
2024-11-24,5,9.1,3.3,13.0,0.0,84.0,12.6,0.9
2024-11-24,6,8.8,5.7,14.6,0,82.0,16.6,3.4
2024-11-24,7,13.4,7.8,20.4,0,75.0,24.0,2.3
2024-11-24,8,12.3,7.2,17.8,0,86.0,16.5,4.2
2024-11-24,9,9.3,5.5,15.4,0,71.0,23.6,4.0
2024-11-24,10,12.2,6.6,19.0,0.4,80.0,23.7,5.4
2024-11-24,11,12.5,7.2,18.9,0,83.0,10.3,3.9
2024-11-24,12,9.8,6.4,13.0,0,73.0,23.8,4.3
2024-11-24,13,9.6,5.4,14.7,0,69.0,4.4,3.9
2024-11-24,14,13.9,9.3,18.0,0,73.0,12.3,0.1
2024-11-24,15,11.9,6.4,17.6,0.4,92.0,4.4,5.0
2024-11-24,16,10.8,7.2,14.2,0.5,73.0,1.8,1.8
2024-11-24,17,5.4,1.6,11.6,0,57.0,15.9,4.1
2024-11-24,18,6.8,1.4,11.4,0,68.0,23.0,6.8
2024-11-24,19,10.8,6.4,15.2,1.6,65.0,23.6,2.2
2024-11-24,20,8.5,3.3,13.9,0,70.0,23.2,0.9
2024-11-24,21,5.8,2.6,9.8,3.5,68.0,9.8,0.2
2024-11-24,22,6.0,0.6,9.6,1.3,73.0,11.4,0.9
2024-11-24,23,7.4,3.6,10.8,0,28.0,4.5,5.7
2024-11-24,24,7.9,4.2,12.0,1.8,73.0,15.2,0
2024-11-24,25,7.8,2.1,12.6,0,58.0,11.7,3.4
2024-11-25,1,10.6,5.0,14.7,0.0,74.0,26.6,1.7
2024-11-25,2,7.5,3.0,11.9,0.0,69.0,11.5,1.0
2024-11-25,3,7.4,3.2,12.2,3.1,80.0,14.5,0.7
2024-11-25,4,5.9,1.7,11.8,0,70.0,10.1,0
2024-11-25,5,7.6,2.4,12.8,0,70.0,32.8,1.0
2024-11-25,6,7.4,2.9,14.0,0,65.0,34.3,2.1
2024-11-25,7,10.2,4.5,13.6,0,68.0,11.5,2.9
2024-11-25,8,13.2,10.0,17.6,0,78.0,12.3,0.1
2024-11-25,9,10.2,6.4,14.2,0,79.0,13.1,1.5
2024-11-25,10,10.2,4.4,16.8,0,66.0,7.3,4.0
2024-11-25,11,8.5,3.9,14.1,0,81.0,0.7,1.4
2024-11-25,12,13.1,8.9,17.4,0,80.0,15.8,2.7
2024-11-25,13,6.1,2.6,10.3,0,62.0,6.6,0
2024-11-25,14,12.4,8.8,18.2,1.0,73.0,0.9,2.2
2024-11-25,15,9.3,3.7,13.0,0.9,94.0,8.7,2.0
2024-11-25,16,13.1,8.4,18.6,0,80.0,5.2,2.5
2024-11-25,17,8.4,4.0,14.8,3.3,50.0,19.3,2.5
2024-11-25,18,5.2,0.5,10.3,0,53.0,14.6,2.6
2024-11-25,19,12.6,8.1,15.7,0,62.0,25.8,1.3
2024-11-25,20,12.1,6.5,16.9,0,80.0,22.9,2.6
2024-11-25,21,5.2,1.0,12.2,8.3,79.0,0.5,1.3
2024-11-25,22,6.3,1.4,10.0,0,69.0,15.6,2.3
2024-11-25,23,8.2,4.8,11.8,0,32.0,13.5,5.0
2024-11-25,24,8.4,3.6,14.8,1.8,72.0,9.9,1.0
2024-11-25,25,6.2,2.0,9.2,0,68.0,1.2,5.2
2024-11-26,1,8.7,3.1,13.8,1.2,77.0,17.0,4.7
2024-11-26,2,10.5,6.4,13.8,0.7,85.0,18.4,1.8
2024-11-26,3,12.0,8.3,17.3,0,72.0,23.9,1.5
2024-11-26,4,11.8,6.1,15.9,1.0,67.0,19.2,2.6
2024-11-26,5,8.7,3.2,12.0,0,62.0,27.8,3.2
2024-11-26,6,6.9,2.9,12.6,0,66.0,26.0,2.4
2024-11-26,7,9.4,4.4,13.1,0,77.0,23.9,1.5
2024-11-26,8,11.7,6.1,17.3,0,60.0,12.4,0.4
2024-11-26,9,9.5,4.6,14.8,0,83.0,18.8,0
2024-11-26,10,9.1,4.2,14.5,0,72.0,23.0,0.4
2024-11-26,11,11.1,5.4,17.0,0,83.0,3.7,0
2024-11-26,12,11.3,5.5,14.3,0,82.0,7.9,6.3
2024-11-26,13,8.6,3.2,13.2,0,55.0,11.7,3.0
2024-11-26,14,9.8,4.9,13.5,1.0,61.0,8.0,3.0
2024-11-26,15,7.9,1.9,13.3,23.1,72.0,14.5,1.6
2024-11-26,16,10.6,6.5,15.2,0,66.0,12.4,1.9
2024-11-26,17,7.6,2.1,14.2,2.0,46.0,25.6,1.8
2024-11-26,18,5.3,2.0,8.3,0,47.0,8.3,2.8
2024-11-26,19,12.4,8.9,18.5,0,75.0,18.0,0.8
2024-11-26,20,12.2,8.0,17.4,0,72.0,6.9,1.9
2024-11-26,21,6.6,0.8,9.9,0,73.0,26.4,0.6
2024-11-26,22,7.9,4.0,12.0,6.2,77.0,7.8,3.0
2024-11-26,23,11.2,7.3,14.5,0,43.0,4.4,3.3
2024-11-26,24,10.6,6.8,14.1,0,88.0,9.5,3.1
2024-11-26,25,7.7,3.0,13.5,0,46.0,13.1,4.0
2024-11-27,1,11.4,7.0,16.8,0.4,77.0,4.5,2.5
2024-11-27,2,10.1,6.8,16.4,11.1,83.0,11.7,3.1
2024-11-27,3,8.9,4.1,12.4,0,80.0,3.4,2.3
2024-11-27,4,9.3,4.2,16.0,0,77.0,2.8,2.3
2024-11-27,5,10.6,6.8,16.0,0.8,77.0,14.7,3.7
2024-11-27,6,9.8,4.6,16.0,6.6,67.0,14.8,0.0
2024-11-27,7,11.0,5.2,15.1,0,64.0,15.4,0
2024-11-27,8,9.8,4.2,16.7,0,72.0,18.3,1.8
2024-11-27,9,9.4,5.6,13.9,0,61.0,26.5,3.7
2024-11-27,10,10.9,5.5,17.4,0,86.0,11.3,5.4
2024-11-27,11,9.8,6.4,16.2,3.2,85.0,4.4,1.4
2024-11-27,12,13.6,9.7,18.4,0,64.0,23.8,1.2
2024-11-27,13,9.9,6.9,14.1,0,58.0,18.3,1.1
2024-11-27,14,8.8,4.9,13.5,0,63.0,10.2,3.2
2024-11-27,15,9.9,5.2,13.5,0,78.0,40.5,4.4
2024-11-27,16,13.0,8.3,16.7,0.3,76.0,21.5,1.1
2024-11-27,17,7.2,3.8,14.2,0,48.0,0.5,3.6
2024-11-27,18,2.2,-1.9,6.1,0,72.0,15.2,2.3
2024-11-27,19,12.8,7.8,16.6,0,62.0,16.4,2.0
2024-11-27,20,10.1,7.0,15.7,0,76.0,22.0,0.2
2024-11-27,21,5.4,-0.1,9.5,6.2,59.0,9.8,2.7
2024-11-27,22,3.3,-1.8,7.1,0,52.0,4.1,0.5
2024-11-27,23,7.8,3.4,13.6,0,51.0,25.6,4.3
2024-11-27,24,6.7,2.5,11.3,2.4,82.0,12.0,3.8
2024-11-27,25,6.5,1.9,9.9,0.1,65.0,7.6,1.7
2024-11-28,1,7.3,2.5,14.2,3.2,70.0,11.1,2.8
2024-11-28,2,8.8,4.0,12.4,0,79.0,22.2,3.1
2024-11-28,3,8.9,4.4,15.0,3.6,69.0,26.9,3.3
2024-11-28,4,9.3,4.1,12.5,2.3,80.0,6.8,1.9
2024-11-28,5,7.4,3.3,11.6,0,84.0,21.9,2.6
2024-11-28,6,6.9,1.0,11.6,0,72.0,11.1,1.1
2024-11-28,7,9.7,5.1,16.3,3.1,89.0,27.0,4.2
2024-11-28,8,9.2,3.6,13.7,0,84.0,11.2,1.1
2024-11-28,9,8.7,4.4,15.1,0.8,74.0,23.5,0.8
2024-11-28,10,10.7,5.4,15.3,0.2,69.0,6.9,0.9
2024-11-28,11,11.0,6.8,17.8,0,82.0,9.9,2.8
2024-11-28,12,8.9,3.9,15.3,0,74.0,22.7,1.3
2024-11-28,13,6.9,1.5,10.6,0,65.0,12.0,2.5
2024-11-28,14,11.0,6.8,16.8,0,82.0,25.8,1.7
2024-11-28,15,8.8,5.3,13.3,0,82.0,3.8,0
2024-11-28,16,11.0,5.3,16.9,0,72.0,10.4,3.7
2024-11-28,17,7.2,1.2,12.0,0,61.0,14.0,1.4
2024-11-28,18,6.5,1.6,9.6,0,68.0,30.7,0.7
2024-11-28,19,8.9,3.0,12.9,0,66.0,15.6,0.6
2024-11-28,20,13.7,8.5,18.1,0,65.0,16.1,2.3
2024-11-28,21,6.2,0.2,11.8,1.9,75.0,10.7,1.7
2024-11-28,22,6.0,1.3,11.8,4.3,65.0,22.2,1.9
2024-11-28,23,8.8,5.7,12.6,0,41.0,20.2,0.6
2024-11-28,24,10.4,6.8,16.2,0,68.0,17.5,2.1
2024-11-28,25,6.0,0.2,9.3,0,63.0,7.5,0.6
2024-11-29,1,9.1,5.5,13.2,3.1,75.0,5.1,3.3
2024-11-29,2,9.1,6.1,15.3,0,59.0,2.8,2.0
2024-11-29,3,8.2,2.5,15.2,0,85.0,2.5,1.9
2024-11-29,4,7.6,3.8,13.5,1.3,84.0,7.0,1.3
2024-11-29,5,10.0,5.2,16.1,4.5,78.0,11.6,3.3
2024-11-29,6,9.8,6.0,16.0,5.4,71.0,15.3,2.0
2024-11-29,7,11.5,6.1,17.1,0,71.0,5.9,1.2
2024-11-29,8,10.9,7.1,15.3,0,80.0,11.9,1.6
2024-11-29,9,9.4,5.2,13.3,0.8,84.0,26.5,4.8
2024-11-29,10,7.7,2.8,12.4,0,79.0,20.9,2.1
2024-11-29,11,10.0,4.4,16.4,3.3,74.0,4.3,3.9
2024-11-29,12,9.8,4.6,16.4,0,81.0,14.0,2.6
2024-11-29,13,7.4,4.0,13.8,0.5,58.0,13.8,0.8
2024-11-29,14,11.9,6.4,15.8,0,74.0,27.1,3.7
2024-11-29,15,13.3,8.9,18.8,0,84.0,16.9,4.1
2024-11-29,16,12.3,7.7,17.1,3.0,78.0,12.9,2.3
2024-11-29,17,8.7,4.7,14.4,0,54.0,15.4,3.0
2024-11-29,18,5.2,0.3,11.0,0,52.0,35.2,2.6
2024-11-29,19,11.2,6.5,16.0,0,63.0,10.6,1.2
2024-11-29,20,12.5,8.7,19.3,0,52.0,22.2,1.5
2024-11-29,21,4.0,-0.1,9.6,0,53.0,17.1,3.7
2024-11-29,22,3.0,-0.0,8.8,1.3,78.0,16.6,2.8
2024-11-29,23,9.2,5.0,12.8,0,50.0,11.7,4.2
2024-11-29,24,9.7,4.9,12.9,0.9,76.0,14.6,0
2024-11-29,25,7.1,1.9,11.4,0,59.0,19.3,2.3
2024-11-30,1,10.5,5.1,17.2,0,68.0,9.7,0.7
2024-11-30,2,8.0,4.5,14.3,0,72.0,17.8,0.2
2024-11-30,3,7.6,3.3,11.4,0,75.0,12.4,1.2
2024-11-30,4,6.5,2.1,13.3,0.5,87.0,21.6,6.8
2024-11-30,5,9.0,5.9,15.6,0,70.0,16.9,1.1
2024-11-30,6,5.4,1.7,11.0,2.8,84.0,20.9,4.2
2024-11-30,7,11.6,6.4,16.0,0.5,79.0,15.3,4.4
2024-11-30,8,8.8,5.0,12.2,0,75.0,16.0,4.1
2024-11-30,9,9.3,4.0,15.7,0,77.0,13.2,0
2024-11-30,10,9.1,3.5,14.2,0,68.0,22.7,0
2024-11-30,11,12.3,8.2,18.2,2.8,82.0,8.1,0.2
2024-11-30,12,8.6,4.5,14.7,0,77.0,19.2,0
2024-11-30,13,9.1,5.6,12.3,0,55.0,8.4,1.3
2024-11-30,14,12.2,6.8,17.4,0,68.0,20.2,1.5
2024-11-30,15,9.8,4.4,14.8,0,94.0,21.6,1.5
2024-11-30,16,11.9,8.1,18.0,0,74.0,26.2,1.4
2024-11-30,17,6.7,1.4,12.8,0,55.0,6.7,0.1
2024-11-30,18,2.9,-2.2,8.7,4.6,57.0,8.4,1.5
2024-11-30,19,12.0,8.6,17.2,0,70.0,14.4,4.2
2024-11-30,20,13.0,9.4,19.1,0.7,70.0,1.5,2.6
2024-11-30,21,4.0,0.2,8.5,1.6,76.0,21.1,2.9
2024-11-30,22,5.0,-0.0,11.6,0,68.0,16.7,0
2024-11-30,23,9.0,5.9,13.6,0,32.0,26.9,4.6
2024-11-30,24,9.9,4.1,13.0,0,69.0,7.8,4.4
2024-11-30,25,4.7,0.1,9.4,0,40.0,9.8,3.9
2024-12-01,1,7.5,3.9,13.9,9.1,79.0,17.6,1.7
2024-12-01,2,8.6,4.6,13.3,1.2,70.0,0.3,0
2024-12-01,3,9.8,6.0,15.6,0,69.0,8.8,3.9
2024-12-01,4,8.1,4.6,14.1,0,77.0,19.4,0
2024-12-01,5,9.9,6.8,13.5,0.5,66.0,9.2,3.3
2024-12-01,6,9.9,4.9,15.0,4.8,75.0,15.5,5.6
2024-12-01,7,10.6,6.8,16.4,0,73.0,33.0,0.5
2024-12-01,8,10.3,7.0,13.9,0,65.0,24.6,1.2
2024-12-01,9,9.8,4.0,14.8,0.6,47.0,22.2,1.3
2024-12-01,10,9.2,5.6,15.0,0,72.0,15.8,2.7
2024-12-01,11,10.1,4.9,15.0,0,75.0,17.8,1.7
2024-12-01,12,8.0,3.3,13.2,0,78.0,12.4,4.8
2024-12-01,13,7.3,1.8,12.0,0,58.0,24.2,2.7
2024-12-01,14,12.1,7.4,18.0,0,65.0,3.9,2.7
2024-12-01,15,9.4,6.2,16.1,0,93.0,18.8,0
2024-12-01,16,9.6,6.6,15.0,0.8,76.0,8.0,1.0
2024-12-01,17,5.8,1.8,10.6,0,60.0,6.9,2.0
2024-12-01,18,2.8,-1.2,8.4,0,59.0,20.5,0.2
2024-12-01,19,13.2,7.2,17.0,0,43.0,9.8,2.3
2024-12-01,20,12.2,8.3,15.4,0.9,72.0,11.2,4.0
2024-12-01,21,8.0,4.6,13.1,3.0,66.0,8.4,3.8
2024-12-01,22,5.3,1.4,12.3,7.6,66.0,14.7,3.4
2024-12-01,23,6.2,1.5,10.9,0,42.0,35.4,2.5
2024-12-01,24,10.8,6.5,14.0,0,89.0,2.2,5.4
2024-12-01,25,3.9,0.4,10.8,0,63.0,18.6,0
2024-12-02,1,8.4,4.5,13.2,0,78.0,25.4,0
2024-12-02,2,8.4,4.1,15.0,9.0,57.0,28.6,0
2024-12-02,3,7.4,1.6,12.1,0.2,79.0,19.7,0.5
2024-12-02,4,12.1,8.0,17.9,5.4,65.0,4.4,4.8
2024-12-02,5,11.6,8.2,16.0,0,62.0,3.5,1.4
2024-12-02,6,5.0,0.5,11.0,0,81.0,7.5,0
2024-12-02,7,8.3,3.4,13.8,0,93.0,13.2,0.5
2024-12-02,8,10.6,6.0,16.8,0,75.0,11.6,2.2
2024-12-02,9,7.4,2.8,14.0,1.7,67.0,8.8,2.5
2024-12-02,10,8.2,3.5,13.1,0,71.0,2.7,3.8
2024-12-02,11,10.2,4.3,16.5,2.2,83.0,18.0,0
2024-12-02,12,9.9,4.9,16.5,0,77.0,15.7,1.8
2024-12-02,13,10.5,4.8,17.1,0,70.0,31.3,2.1
2024-12-02,14,12.1,6.5,17.4,2.3,67.0,8.5,2.5
2024-12-02,15,9.4,4.9,14.2,0,96.0,18.8,3.0
2024-12-02,16,9.8,5.4,16.8,0,61.0,13.8,2.4
2024-12-02,17,6.0,0.9,12.6,1.2,61.0,6.3,3.4
2024-12-02,18,5.2,2.1,8.6,0,55.0,11.1,5.1
2024-12-02,19,11.4,6.9,15.3,0,74.0,8.3,1.4
2024-12-02,20,12.6,9.4,15.7,0.4,72.0,7.9,2.0
2024-12-02,21,5.1,-0.1,11.8,2.7,72.0,1.7,2.2
2024-12-02,22,5.6,1.1,11.4,0,77.0,11.5,4.4
2024-12-02,23,10.2,5.7,13.6,0,38.0,2.2,1.1
2024-12-02,24,10.4,5.8,14.1,0,86.0,5.8,0.6
2024-12-02,25,6.8,3.5,10.6,0,52.0,32.2,3.2
2024-12-03,1,8.6,3.2,12.9,1.4,81.0,17.4,3.4
2024-12-03,2,9.6,3.7,15.1,0,78.0,30.2,2.8
2024-12-03,3,8.7,3.8,12.1,0,68.0,24.0,2.3
2024-12-03,4,11.1,6.7,16.4,1.6,83.0,17.3,3.6
2024-12-03,5,10.1,4.7,14.3,0,76.0,9.0,3.9
2024-12-03,6,10.8,7.1,14.6,9.1,88.0,22.1,0.3
2024-12-03,7,11.0,7.6,15.3,0,74.0,4.4,2.7
2024-12-03,8,10.8,5.1,15.0,2.8,82.0,11.1,1.3
2024-12-03,9,7.1,3.9,12.4,0,61.0,27.7,2.1
2024-12-03,10,8.8,4.8,15.5,1.2,71.0,33.0,2.5
2024-12-03,11,8.7,3.4,14.2,1.9,87.0,14.8,2.8
2024-12-03,12,11.6,6.9,16.1,0,79.0,18.1,0.7
2024-12-03,13,7.7,2.9,11.8,1.0,74.0,24.8,1.1
2024-12-03,14,10.4,4.7,14.6,0,67.0,8.5,2.3
2024-12-03,15,9.2,4.0,15.0,0,82.0,11.8,3.2
2024-12-03,16,12.9,9.1,17.2,0,79.0,23.9,2.1
2024-12-03,17,8.5,5.4,12.9,1.8,55.0,26.8,3.8
2024-12-03,18,6.0,1.9,10.8,0,58.0,22.6,3.2
2024-12-03,19,11.4,6.5,16.5,0,64.0,4.1,3.0
2024-12-03,20,13.4,10.0,19.3,0,70.0,27.5,1.3
2024-12-03,21,4.5,0.8,10.1,3.5,72.0,16.5,5.1
2024-12-03,22,7.9,4.8,12.8,0,50.0,21.0,0.6
2024-12-03,23,6.2,0.9,12.0,0,52.0,26.6,1.1
2024-12-03,24,8.2,3.2,13.4,0.8,76.0,15.8,1.2
2024-12-03,25,5.4,-0.3,11.8,0,51.0,5.3,3.4
2024-12-04,1,6.7,2.9,12.6,0.0,86.0,13.8,0.1
2024-12-04,2,9.6,5.4,14.2,3.8,73.0,4.0,2.3
2024-12-04,3,7.3,4.0,12.8,0,75.0,14.7,1.8
2024-12-04,4,10.3,5.2,14.0,4.6,65.0,14.2,2.2
2024-12-04,5,6.5,0.9,12.4,0,81.0,15.3,1.7
2024-12-04,6,9.5,3.8,13.1,4.0,77.0,2.8,1.8
2024-12-04,7,9.4,3.5,15.0,2.0,79.0,4.8,4.1
2024-12-04,8,9.5,6.5,15.3,1.1,77.0,12.9,2.4
2024-12-04,9,8.6,5.3,12.3,0,64.0,22.9,1.3
2024-12-04,10,6.3,0.5,12.0,0,69.0,18.9,2.5
2024-12-04,11,10.8,7.2,16.9,0,83.0,17.9,0.9
2024-12-04,12,11.7,8.6,14.9,0,90.0,14.3,3.1
2024-12-04,13,9.0,3.9,12.1,0,55.0,24.6,3.1
2024-12-04,14,10.7,6.2,15.7,0,66.0,30.3,5.0
2024-12-04,15,11.6,5.8,15.9,0,88.0,13.4,3.0
2024-12-04,16,11.8,8.7,15.1,0,91.0,22.3,1.2
2024-12-04,17,7.0,1.1,10.8,0,48.0,25.0,2.7
2024-12-04,18,3.0,-0.1,8.4,2.8,56.0,16.0,5.5
2024-12-04,19,13.3,10.2,17.8,0,63.0,14.5,4.5
2024-12-04,20,5.4,0.1,9.7,0,64.0,22.2,2.5
2024-12-04,21,5.9,1.3,9.9,0,91.0,19.3,2.5
2024-12-04,22,5.3,1.1,9.1,0,73.0,7.1,2.9
2024-12-04,23,8.4,3.1,14.1,0,37.0,11.3,1.1
2024-12-04,24,7.4,2.1,12.7,2.6,88.0,19.5,4.4
2024-12-04,25,6.7,0.9,10.8,2.1,68.0,9.8,1.1
2024-12-05,1,10.4,7.2,15.6,2.3,71.0,13.3,2.2
2024-12-05,2,9.6,5.3,16.2,0,68.0,23.9,2.0
2024-12-05,3,11.3,7.2,18.1,5.4,80.0,16.6,2.2
2024-12-05,4,9.4,5.4,14.7,7.1,87.0,25.2,3.0
2024-12-05,5,10.6,7.5,15.4,0,73.0,19.7,1.0
2024-12-05,6,11.1,6.3,14.3,1.1,87.0,13.4,0.8
2024-12-05,7,11.7,5.9,15.1,1.0,81.0,15.5,1.0
2024-12-05,8,8.5,4.3,12.2,0,83.0,9.0,1.4
2024-12-05,9,7.8,4.5,14.1,0,65.0,19.6,1.7
2024-12-05,10,12.4,7.5,19.2,0,63.0,12.4,2.9
2024-12-05,11,9.6,6.1,14.4,0,64.0,10.0,2.4
2024-12-05,12,7.8,2.3,12.4,0,77.0,12.8,2.5
2024-12-05,13,7.5,2.1,14.5,0,69.0,8.4,0.9
2024-12-05,14,14.1,9.6,19.5,0,78.0,12.0,0.1
2024-12-05,15,7.0,3.3,12.3,0,77.0,6.4,2.7
2024-12-05,16,11.1,7.9,17.2,0,68.0,23.3,2.2
2024-12-05,17,7.4,2.6,13.5,0,61.0,9.0,3.1
2024-12-05,18,2.2,-0.8,7.2,4.9,75.0,18.1,3.4
2024-12-05,19,10.7,6.2,16.8,0,68.0,18.7,4.2
2024-12-05,20,11.1,8.1,17.7,0,73.0,17.9,3.2
2024-12-05,21,8.2,2.9,11.6,0.7,84.0,24.8,1.5
2024-12-05,22,4.8,0.1,7.9,0,70.0,16.9,1.2
2024-12-05,23,10.5,7.0,14.0,0,49.0,21.5,2.0
2024-12-05,24,10.6,5.4,14.9,0.3,77.0,19.0,0
2024-12-05,25,5.9,0.8,12.3,0.9,45.0,13.1,2.5
2024-12-06,1,9.0,3.1,14.9,2.4,71.0,9.7,1.8
2024-12-06,2,7.1,3.7,10.4,0.6,74.0,32.0,1.7
2024-12-06,3,11.0,6.8,17.5,3.9,67.0,11.4,0.7
2024-12-06,4,7.3,1.9,11.6,4.7,76.0,1.6,2.0
2024-12-06,5,9.1,5.0,15.3,3.5,67.0,15.2,3.5
2024-12-06,6,9.1,4.0,15.0,4.6,67.0,22.0,0.4
2024-12-06,7,11.2,7.9,17.7,0,83.0,1.4,1.2
2024-12-06,8,9.6,5.9,16.0,2.6,78.0,10.5,1.6
2024-12-06,9,9.9,6.6,16.9,0,63.0,18.4,2.0
2024-12-06,10,10.4,4.9,16.6,0,55.0,23.3,1.9
2024-12-06,11,8.8,5.4,13.2,0,73.0,20.7,1.3
2024-12-06,12,9.6,6.3,15.3,0,85.0,23.2,4.5
2024-12-06,13,4.1,-1.3,10.9,2.6,74.0,12.8,3.2
2024-12-06,14,11.5,7.5,18.4,0,79.0,12.2,1.8
2024-12-06,15,7.1,2.6,13.4,6.2,81.0,10.9,3.9
2024-12-06,16,11.8,7.2,16.9,0,65.0,15.8,2.6
2024-12-06,17,4.4,-0.2,10.2,0,57.0,12.8,3.7
2024-12-06,18,4.4,0.3,9.8,2.8,62.0,12.4,1.5
2024-12-06,19,9.8,6.5,15.2,0,61.0,11.3,3.8
2024-12-06,20,9.0,5.9,12.9,0.9,67.0,18.8,1.7
2024-12-06,21,4.9,1.5,9.1,3.8,72.0,20.1,3.3
2024-12-06,22,7.8,4.4,10.8,2.4,80.0,24.1,0
2024-12-06,23,7.4,2.7,10.5,0,51.0,10.8,0
2024-12-06,24,9.2,3.7,13.3,0,77.0,17.3,3.3
2024-12-06,25,2.3,-1.2,5.6,2.0,69.0,13.8,0.5
2024-12-07,1,7.9,3.9,12.8,0,70.0,14.4,0
2024-12-07,2,9.5,3.8,12.8,0,79.0,24.2,3.1
2024-12-07,3,6.3,0.9,12.8,0,87.0,22.0,4.4
2024-12-07,4,9.6,5.1,13.3,0,82.0,4.8,2.2
2024-12-07,5,9.0,5.3,13.4,0,64.0,13.8,1.2
2024-12-07,6,6.6,1.8,12.8,0.6,83.0,7.2,1.5
2024-12-07,7,8.9,5.4,15.8,0.3,79.0,30.7,0.7
2024-12-07,8,11.6,6.9,18.3,0,76.0,9.3,2.8
2024-12-07,9,9.5,6.3,15.5,0,70.0,22.9,3.1
2024-12-07,10,8.2,3.5,15.1,0,72.0,14.3,3.1
2024-12-07,11,10.6,6.5,17.4,2.2,78.0,20.7,1.4
2024-12-07,12,7.8,3.7,12.1,0,74.0,8.9,0
2024-12-07,13,6.5,3.4,11.3,0,66.0,23.7,3.1
2024-12-07,14,9.3,4.6,13.4,0,68.0,9.0,0.8
2024-12-07,15,6.6,0.6,10.3,0,86.0,6.0,1.3
2024-12-07,16,8.5,3.4,12.9,0,73.0,8.6,3.5
2024-12-07,17,8.6,3.7,14.5,0,51.0,12.6,4.9
2024-12-07,18,2.5,-0.9,8.9,0,45.0,22.0,0.1
2024-12-07,19,10.8,7.8,14.3,0,66.0,18.1,4.7
2024-12-07,20,9.4,6.3,15.2,0,65.0,25.8,0
2024-12-07,21,4.7,0.6,10.0,0.3,71.0,15.0,2.6
2024-12-07,22,5.5,1.0,9.8,0,74.0,18.9,2.2
2024-12-07,23,7.8,3.8,13.6,0.4,49.0,10.7,3.1
2024-12-07,24,8.0,3.4,12.2,2.5,70.0,11.8,2.2
2024-12-07,25,6.2,2.6,12.7,0,51.0,25.5,1.1
2024-12-08,1,8.8,4.0,15.4,0,85.0,10.9,2.1
2024-12-08,2,10.5,4.6,14.6,0,68.0,28.4,2.8
2024-12-08,3,8.6,4.5,13.8,0,88.0,14.9,3.0
2024-12-08,4,9.0,5.8,14.9,0,84.0,11.2,3.6
2024-12-08,5,9.5,3.7,13.6,7.6,81.0,19.6,3.4
2024-12-08,6,9.4,3.9,15.0,5.4,74.0,19.2,3.3
2024-12-08,7,10.6,5.6,14.4,1.6,60.0,8.3,3.3
2024-12-08,8,14.8,10.7,18.6,0,57.0,13.5,1.6
2024-12-08,9,9.3,3.9,14.4,0,72.0,27.3,3.4
2024-12-08,10,9.7,5.0,16.7,2.4,59.0,17.9,1.5
2024-12-08,11,11.9,7.1,18.8,3.0,90.0,12.0,2.7
2024-12-08,12,9.3,6.2,14.8,0,74.0,16.3,0.0
2024-12-08,13,7.5,2.2,11.2,1.4,65.0,0.3,1.5
2024-12-08,14,10.4,6.6,16.4,0,77.0,14.0,3.4
2024-12-08,15,9.1,4.2,15.8,3.0,71.0,20.4,4.5
2024-12-08,16,10.9,6.3,14.7,0,92.0,6.5,3.7
2024-12-08,17,4.8,-0.8,9.8,0,43.0,16.2,4.1
2024-12-08,18,4.3,-1.3,11.2,0.4,59.0,20.3,0.9
2024-12-08,19,10.3,5.1,14.8,0,71.0,16.1,1.7
2024-12-08,20,8.4,4.0,12.9,0,67.0,11.7,1.2
2024-12-08,21,5.6,1.9,10.2,0,87.0,10.6,0.9
2024-12-08,22,6.7,1.4,10.9,0,68.0,27.2,2.9
2024-12-08,23,8.2,2.5,12.9,0,42.0,27.0,4.8
2024-12-08,24,8.2,5.1,15.1,12.9,73.0,10.2,1.9
2024-12-08,25,6.8,0.9,13.7,0,64.0,2.5,4.7
2024-12-09,1,10.9,6.0,15.6,2.4,74.0,0.1,0
2024-12-09,2,9.3,4.7,15.5,0,65.0,14.9,0.3
2024-12-09,3,5.1,0.4,8.5,3.0,81.0,8.1,4.3
2024-12-09,4,12.1,8.7,18.9,3.8,85.0,9.9,1.9
2024-12-09,5,10.6,7.1,15.4,3.7,77.0,9.9,2.9
2024-12-09,6,7.1,1.5,12.8,10.2,76.0,22.2,0.1
2024-12-09,7,10.2,4.7,16.4,0.7,62.0,12.1,0.7
2024-12-09,8,11.2,5.7,16.9,1.0,69.0,13.4,1.4
2024-12-09,9,10.2,5.0,14.4,0,73.0,12.0,1.1
2024-12-09,10,8.5,2.9,12.3,0,76.0,1.8,4.6
2024-12-09,11,8.8,4.0,12.0,1.1,81.0,20.2,2.1
2024-12-09,12,7.5,2.0,12.5,0,86.0,8.5,5.4
2024-12-09,13,7.9,4.3,14.8,0,74.0,15.5,5.2
2024-12-09,14,12.5,8.8,17.5,0,51.0,12.0,1.7
2024-12-09,15,9.9,5.9,16.4,3.8,92.0,17.2,1.3
2024-12-09,16,10.1,7.0,13.4,0,74.0,8.3,0.9
2024-12-09,17,6.6,1.7,13.4,0,40.0,17.0,2.8
2024-12-09,18,3.6,0.5,10.5,0,48.0,23.3,2.1
2024-12-09,19,13.5,9.0,18.6,0,69.0,12.1,1.0
2024-12-09,20,10.7,7.6,15.5,0,61.0,3.5,2.7
2024-12-09,21,6.0,0.6,9.5,4.4,63.0,13.0,3.0
2024-12-09,22,3.2,-2.5,8.8,11.1,59.0,5.2,3.7
2024-12-09,23,8.3,4.5,14.8,0,54.0,20.2,4.1
2024-12-09,24,12.2,6.8,16.0,0,77.0,23.8,1.8
2024-12-09,25,6.1,1.1,12.7,0,57.0,23.4,1.2
2024-12-10,1,11.6,6.3,18.4,0,84.0,14.7,0
2024-12-10,2,9.0,3.6,12.3,4.5,83.0,1.9,2.5
2024-12-10,3,9.3,4.1,16.0,0.6,68.0,21.3,0.2
2024-12-10,4,6.7,2.2,11.4,0,76.0,13.1,2.2
2024-12-10,5,9.8,4.9,15.0,3.3,63.0,19.5,0.3
2024-12-10,6,11.8,8.2,18.7,0,93.0,24.6,0
2024-12-10,7,11.9,8.5,16.0,0,77.0,11.8,1.2
2024-12-10,8,9.4,6.0,13.7,0.8,91.0,12.8,4.7
2024-12-10,9,9.7,5.5,14.2,0,73.0,7.3,2.7
2024-12-10,10,9.4,4.5,13.0,0,64.0,9.1,2.2
2024-12-10,11,9.8,5.8,16.7,0,82.0,4.7,1.9
2024-12-10,12,10.8,7.7,16.6,1.8,99.0,0.1,4.4
2024-12-10,13,10.8,5.4,15.4,0,66.0,8.7,1.6
2024-12-10,14,9.9,5.1,14.7,0,68.0,1.9,0
2024-12-10,15,8.4,4.5,15.2,0,78.0,6.9,3.6
2024-12-10,16,7.6,2.9,12.1,1.5,73.0,19.7,3.4
2024-12-10,17,4.1,-1.8,7.8,0,45.0,3.8,2.7
2024-12-10,18,3.2,-2.8,7.3,0,52.0,20.2,4.2
2024-12-10,19,11.7,7.9,15.8,0,56.0,10.4,1.7
2024-12-10,20,12.0,7.1,17.1,0,66.0,18.8,1.5
2024-12-10,21,4.8,1.6,9.8,0,58.0,21.2,4.3
2024-12-10,22,7.1,3.0,13.9,0.3,65.0,12.1,2.1
2024-12-10,23,6.6,2.2,11.1,0,58.0,10.3,1.6
2024-12-10,24,11.4,8.0,17.4,1.2,80.0,20.5,5.3
2024-12-10,25,3.7,0.7,6.8,5.1,59.0,23.9,0
2024-12-11,1,9.3,5.4,15.8,0,83.0,14.2,2.2
2024-12-11,2,9.5,5.0,14.7,0.8,61.0,8.7,1.2
2024-12-11,3,8.3,4.0,13.1,0,85.0,12.3,5.9
2024-12-11,4,9.9,4.9,13.0,0,83.0,16.3,0.5
2024-12-11,5,9.9,6.5,14.5,0,79.0,15.0,3.8
2024-12-11,6,8.7,5.2,14.3,0,78.0,18.3,2.6
2024-12-11,7,8.6,3.2,13.7,0,75.0,15.1,1.9
2024-12-11,8,8.9,4.9,13.5,0,77.0,18.8,0.1
2024-12-11,9,7.8,3.3,13.4,3.9,79.0,24.5,0
2024-12-11,10,13.3,8.4,18.1,0,65.0,18.1,2.9
2024-12-11,11,10.1,5.2,13.2,0,80.0,6.5,2.6
2024-12-11,12,10.8,6.2,14.8,3.1,75.0,13.6,2.1
2024-12-11,13,7.1,1.4,12.6,1.0,64.0,10.1,1.4
2024-12-11,14,12.4,7.7,16.2,0,74.0,6.7,0.7
2024-12-11,15,7.7,3.6,10.9,0,75.0,3.5,2.9
2024-12-11,16,11.2,7.7,18.0,1.1,72.0,27.6,0.0
2024-12-11,17,9.2,4.0,16.2,0,66.0,25.9,2.6
2024-12-11,18,2.4,-0.7,7.1,2.6,54.0,26.4,3.4
2024-12-11,19,11.5,7.3,15.4,0,63.0,19.3,1.4
2024-12-11,20,10.2,4.8,13.9,1.0,70.0,19.9,4.3
2024-12-11,21,4.2,-1.2,10.3,1.7,74.0,23.2,1.8
2024-12-11,22,6.7,3.2,11.7,1.8,72.0,18.5,1.8
2024-12-11,23,7.0,1.8,12.6,0,48.0,6.1,1.0
2024-12-11,24,6.4,1.6,12.2,4.3,81.0,37.0,1.9
2024-12-11,25,6.7,1.2,11.3,2.0,62.0,11.5,0
2024-12-12,1,8.4,2.7,13.1,0.2,85.0,8.7,2.8
2024-12-12,2,7.5,1.6,13.7,0,79.0,12.2,1.2
2024-12-12,3,10.0,5.7,14.8,0,82.0,12.7,0.8
2024-12-12,4,8.5,4.5,13.7,0,74.0,21.4,2.7
2024-12-12,5,9.7,5.5,14.1,0,79.0,12.5,2.7
2024-12-12,6,7.5,2.1,11.0,0,82.0,22.7,2.3
2024-12-12,7,12.2,6.6,15.9,2.0,87.0,21.5,1.7
2024-12-12,8,9.6,5.0,16.1,8.7,88.0,20.7,2.6
2024-12-12,9,9.6,5.8,15.6,0.7,70.0,12.9,1.9
2024-12-12,10,11.6,8.2,17.8,0,75.0,17.3,2.5
2024-12-12,11,10.2,6.8,17.1,0,82.0,22.3,1.8
2024-12-12,12,7.1,3.3,12.5,1.6,80.0,2.7,0
2024-12-12,13,5.0,-0.1,8.4,2.8,76.0,7.8,1.2
2024-12-12,14,10.0,5.5,15.5,0,71.0,18.5,1.7
2024-12-12,15,7.6,1.8,11.3,5.2,79.0,17.1,2.4
2024-12-12,16,12.7,9.5,17.2,0,72.0,1.8,2.4
2024-12-12,17,5.8,0.2,8.9,0,44.0,13.6,0
2024-12-12,18,3.8,-2.0,10.8,5.9,48.0,16.4,1.9
2024-12-12,19,10.4,6.7,14.7,0,59.0,15.4,4.4
2024-12-12,20,12.1,6.5,15.4,0.8,61.0,15.3,1.0
2024-12-12,21,3.3,-1.2,7.1,1.7,72.0,20.0,1.3
2024-12-12,22,7.2,1.7,10.9,9.4,67.0,12.7,1.8
2024-12-12,23,8.1,2.5,11.4,0,35.0,8.0,0.5
2024-12-12,24,7.9,2.6,11.5,0.3,72.0,4.0,4.0
2024-12-12,25,6.2,1.9,12.4,0,56.0,5.0,2.9
2024-12-13,1,9.2,4.4,15.7,0,73.0,13.7,1.7
2024-12-13,2,8.0,2.2,13.2,0,75.0,0.8,3.4
2024-12-13,3,8.2,4.2,12.7,1.2,77.0,16.4,1.8
2024-12-13,4,9.0,3.4,12.4,0.5,67.0,8.3,2.4
2024-12-13,5,7.2,1.4,11.2,0.4,62.0,6.9,0.5
2024-12-13,6,9.0,4.8,14.1,0,78.0,17.9,0
2024-12-13,7,9.6,5.5,13.3,0,75.0,16.7,2.1
2024-12-13,8,9.0,4.2,12.7,0,96.0,1.2,3.6
2024-12-13,9,8.5,5.2,14.8,0,66.0,20.7,3.0
2024-12-13,10,10.0,4.5,16.4,4.8,73.0,16.7,1.0
2024-12-13,11,7.3,3.1,11.8,0,76.0,11.1,2.1
2024-12-13,12,7.6,3.2,12.9,0.2,97.0,16.1,3.6
2024-12-13,13,6.4,0.5,13.3,0,73.0,8.8,0.2
2024-12-13,14,9.9,4.9,13.5,0,59.0,9.0,3.7
2024-12-13,15,8.2,4.6,13.7,0.9,74.0,20.6,3.0
2024-12-13,16,9.8,5.0,16.7,2.6,76.0,10.7,1.5
2024-12-13,17,6.4,0.6,11.1,0,49.0,15.1,2.0
2024-12-13,18,6.0,2.9,10.9,0,48.0,25.0,2.7
2024-12-13,19,12.8,9.1,17.2,0,81.0,16.2,3.7
2024-12-13,20,8.9,4.8,14.0,0,79.0,15.0,4.4
2024-12-13,21,6.3,2.9,10.9,1.0,62.0,19.8,0
2024-12-13,22,8.6,4.9,12.4,0,69.0,8.7,0
2024-12-13,23,5.6,2.5,8.9,0.5,47.0,16.2,2.0
2024-12-13,24,8.3,2.7,13.5,2.2,67.0,16.2,2.5
2024-12-13,25,4.7,0.5,11.3,0,46.0,23.5,1.6
2024-12-14,1,9.0,3.3,15.7,0,73.0,28.3,0
2024-12-14,2,7.3,1.7,11.0,9.8,69.0,13.4,4.0
2024-12-14,3,13.8,9.8,19.3,0,87.0,7.1,4.2
2024-12-14,4,9.4,5.5,13.4,9.1,66.0,22.5,0.7
2024-12-14,5,5.5,1.0,12.0,0,86.0,18.5,0.5
2024-12-14,6,9.2,3.6,12.8,7.1,81.0,12.6,0
2024-12-14,7,9.6,6.2,12.7,0,92.0,1.5,0.2
2024-12-14,8,10.8,4.9,16.2,1.6,80.0,39.8,1.1
2024-12-14,9,10.2,6.8,16.8,0.6,72.0,13.5,2.8
2024-12-14,10,9.3,3.7,13.6,3.2,69.0,17.8,1.0
2024-12-14,11,9.1,5.6,14.1,2.8,77.0,16.6,1.4
2024-12-14,12,8.2,3.1,14.0,5.4,75.0,23.5,0.7
2024-12-14,13,8.4,2.8,12.3,1.5,69.0,6.8,1.4
2024-12-14,14,8.8,4.4,14.8,0,76.0,1.1,0
2024-12-14,15,8.0,4.6,14.0,0,74.0,17.7,1.2
2024-12-14,16,8.6,2.8,13.6,0,68.0,14.4,1.5
2024-12-14,17,6.4,0.6,11.0,0.8,43.0,15.1,3.4
2024-12-14,18,2.2,-2.9,6.6,0,63.0,11.5,2.2
2024-12-14,19,11.9,8.1,17.4,0,68.0,10.3,2.8
2024-12-14,20,7.9,4.1,14.9,0.2,76.0,0.8,1.3
2024-12-14,21,4.0,0.4,9.0,1.3,76.0,12.6,1.3
2024-12-14,22,5.0,-1.0,8.0,1.6,56.0,10.1,0
2024-12-14,23,8.4,5.0,14.7,0,45.0,16.6,1.7
2024-12-14,24,8.1,3.3,13.6,10.5,67.0,31.2,0.6
2024-12-14,25,4.4,1.2,11.2,0,56.0,2.7,2.2
2024-12-15,1,10.7,7.2,15.0,3.6,81.0,35.3,1.0
2024-12-15,2,5.9,0.4,9.7,5.8,82.0,23.1,0
2024-12-15,3,9.0,5.4,12.7,0.4,60.0,22.1,0
2024-12-15,4,6.1,1.4,12.9,0.4,68.0,16.6,2.2
2024-12-15,5,8.7,5.5,14.7,0,84.0,0.9,3.8
2024-12-15,6,6.8,0.9,12.9,0,71.0,7.3,1.8
2024-12-15,7,8.6,3.3,11.9,0,83.0,20.4,4.0
2024-12-15,8,8.9,5.7,12.7,11.6,85.0,26.2,3.8
2024-12-15,9,7.4,1.6,10.7,0,76.0,17.1,0
2024-12-15,10,12.4,7.6,17.0,0.4,59.0,17.6,0.4
2024-12-15,11,11.4,6.5,16.6,1.9,62.0,2.1,1.7
2024-12-15,12,10.3,6.5,14.6,0,72.0,25.3,1.0
2024-12-15,13,8.1,4.7,12.6,0,71.0,21.4,0.8
2024-12-15,14,11.4,6.4,18.3,0,74.0,2.4,2.3
2024-12-15,15,7.8,2.3,13.3,0,73.0,16.0,0
2024-12-15,16,11.9,8.6,17.8,0,75.0,10.2,1.4
2024-12-15,17,6.1,1.5,11.5,0,45.0,12.2,1.1
2024-12-15,18,0.3,-3.5,3.7,7.2,60.0,24.7,4.0
2024-12-15,19,11.2,6.0,17.1,0,65.0,20.4,3.4
2024-12-15,20,8.6,5.1,13.9,0,77.0,17.2,3.7
2024-12-15,21,4.6,0.9,10.8,9.0,59.0,7.2,5.9
2024-12-15,22,4.1,-0.3,7.9,11.6,71.0,18.1,0.8
2024-12-15,23,9.5,4.5,13.5,1.6,54.0,26.8,3.1
2024-12-15,24,8.5,3.3,13.1,2.9,72.0,19.4,1.0
2024-12-15,25,3.6,-0.6,10.5,0.2,63.0,23.0,2.2
2024-12-16,1,8.9,5.4,14.7,3.4,74.0,12.3,2.9
2024-12-16,2,8.1,5.1,13.5,1.1,59.0,7.0,1.8
2024-12-16,3,11.3,6.4,17.8,0,82.0,14.7,2.1
2024-12-16,4,8.9,5.3,15.1,14.0,83.0,13.3,2.1
2024-12-16,5,11.4,7.5,15.0,2.1,76.0,24.0,1.7
2024-12-16,6,8.3,3.2,12.0,0,84.0,6.3,3.6
2024-12-16,7,10.5,6.5,16.5,1.2,86.0,2.7,2.2
2024-12-16,8,10.3,7.3,15.9,3.7,73.0,13.3,2.3
2024-12-16,9,11.1,7.2,15.6,0,73.0,5.8,0.6
2024-12-16,10,9.4,4.8,15.2,0,74.0,8.7,4.7
2024-12-16,11,11.6,5.7,14.7,11.8,78.0,14.4,4.0
2024-12-16,12,7.4,2.7,10.8,0,69.0,20.8,3.0
2024-12-16,13,7.6,1.9,14.0,0,71.0,9.6,2.7
2024-12-16,14,9.6,6.4,16.4,0,80.0,19.7,2.3
2024-12-16,15,9.5,3.6,13.9,0,88.0,4.2,2.1
2024-12-16,16,10.8,6.9,17.2,0,84.0,14.5,1.3
2024-12-16,17,4.7,-0.3,11.1,0,57.0,14.2,0.2
2024-12-16,18,3.1,-2.8,8.7,0,52.0,21.5,2.9
2024-12-16,19,13.2,7.7,16.7,0.8,82.0,18.3,0.7
2024-12-16,20,9.6,5.8,13.0,0,67.0,13.0,0.3
2024-12-16,21,2.8,-1.0,9.5,0,71.0,5.0,1.5
2024-12-16,22,4.9,0.1,8.9,3.2,63.0,4.4,3.3
2024-12-16,23,5.3,1.6,11.2,0,43.0,8.5,2.1
2024-12-16,24,6.6,0.8,11.9,0,78.0,17.6,1.8
2024-12-16,25,4.4,-1.1,8.3,0,68.0,6.2,0.3
2024-12-17,1,8.3,4.0,12.9,3.9,80.0,0.1,3.4
2024-12-17,2,6.5,0.7,9.6,0,84.0,5.5,0.5
2024-12-17,3,7.2,3.3,10.4,0.5,74.0,17.4,2.5
2024-12-17,4,11.1,5.4,17.5,7.4,78.0,14.9,2.9
2024-12-17,5,10.8,5.8,14.2,8.7,75.0,12.2,3.3
2024-12-17,6,9.8,5.6,15.7,2.8,69.0,20.5,0
2024-12-17,7,12.2,6.5,18.0,0.1,80.0,13.9,1.3
2024-12-17,8,9.9,5.8,14.1,0,69.0,14.4,2.7
2024-12-17,9,9.8,4.5,13.2,0.4,76.0,11.7,3.8
2024-12-17,10,8.6,4.3,11.7,0,75.0,2.9,4.5
2024-12-17,11,7.0,2.3,13.5,0,100,7.8,0.5
2024-12-17,12,8.2,4.6,12.8,0,93.0,15.2,1.6
2024-12-17,13,8.5,3.9,12.6,0,68.0,19.9,4.5
2024-12-17,14,11.8,6.7,18.4,0.1,79.0,29.6,2.8
2024-12-17,15,9.4,4.4,14.7,8.3,81.0,14.9,0.4
2024-12-17,16,10.2,4.9,13.3,0,81.0,16.8,3.1
2024-12-17,17,5.2,1.8,11.4,0,47.0,1.6,0
2024-12-17,18,5.8,2.7,11.6,0,54.0,19.0,0.9
2024-12-17,19,12.3,6.9,16.6,0,62.0,11.2,0.2
2024-12-17,20,10.7,5.0,17.1,0,73.0,21.0,2.5
2024-12-17,21,4.1,-0.1,10.4,0,78.0,14.5,1.9
2024-12-17,22,4.5,-0.2,10.8,4.1,77.0,15.4,1.5
2024-12-17,23,5.9,0.5,10.5,0,56.0,2.6,3.6
2024-12-17,24,8.3,5.0,12.2,1.1,69.0,0.4,1.8
2024-12-17,25,5.5,-0.3,9.6,0,58.0,3.3,2.3
2024-12-18,1,8.4,3.8,14.9,0,65.0,9.1,2.6
2024-12-18,2,9.0,3.0,14.6,2.3,76.0,20.7,3.6
2024-12-18,3,8.3,4.8,14.4,1.6,66.0,8.9,3.8
2024-12-18,4,9.5,5.9,13.6,0,76.0,0.3,3.2
2024-12-18,5,8.2,3.3,15.0,0,74.0,17.3,1.9
2024-12-18,6,9.3,5.6,16.0,0,72.0,26.5,0
2024-12-18,7,10.1,5.6,13.3,6.2,87.0,20.3,1.7
2024-12-18,8,7.7,1.9,12.7,0,66.0,7.5,3.4
2024-12-18,9,8.1,4.4,13.8,0,55.0,16.5,1.2
2024-12-18,10,7.2,2.2,11.6,5.4,79.0,11.4,4.2
2024-12-18,11,9.7,5.8,15.7,1.8,78.0,22.7,3.1
2024-12-18,12,7.2,3.7,10.8,13.2,91.0,24.8,0
2024-12-18,13,7.0,1.6,10.6,0,68.0,12.5,4.5
2024-12-18,14,11.9,7.8,17.7,0,75.0,11.1,2.0
2024-12-18,15,7.3,3.8,10.5,0.6,83.0,9.6,0
2024-12-18,16,10.8,6.5,16.2,0.0,76.0,13.1,1.8
2024-12-18,17,7.3,3.2,10.7,1.9,65.0,7.9,0.6
2024-12-18,18,1.8,-4.0,6.5,1.0,64.0,15.7,2.2
2024-12-18,19,11.9,7.7,16.7,0,50.0,2.5,2.5
2024-12-18,20,12.5,6.5,16.0,0,67.0,7.4,1.9
2024-12-18,21,1.6,-1.7,4.8,0,78.0,20.5,2.6
2024-12-18,22,5.4,2.1,9.7,1.3,58.0,8.7,2.2
2024-12-18,23,7.1,3.6,11.6,0,52.0,21.5,0.7
2024-12-18,24,9.3,4.4,14.2,4.3,73.0,12.4,3.7
2024-12-18,25,6.9,1.8,12.0,0.3,71.0,8.4,2.0
2024-12-19,1,8.8,5.3,14.1,3.6,79.0,12.5,2.2
2024-12-19,2,8.5,3.4,14.5,0,76.0,14.2,0.1
2024-12-19,3,10.5,5.9,15.3,0.6,68.0,26.7,1.3
2024-12-19,4,7.4,2.0,14.0,5.1,74.0,14.9,2.4
2024-12-19,5,9.6,3.6,15.1,0,78.0,13.0,1.3
2024-12-19,6,8.1,3.4,11.9,0.7,68.0,5.8,0.1
2024-12-19,7,9.1,6.0,15.9,0,72.0,20.5,1.2
2024-12-19,8,8.9,4.1,13.2,0,81.0,20.9,4.7
2024-12-19,9,10.0,5.1,16.1,1.0,81.0,7.7,2.5
2024-12-19,10,8.4,4.4,12.6,0,70.0,13.8,0.5
2024-12-19,11,8.5,4.8,15.3,0,85.0,9.5,3.4
2024-12-19,12,11.5,6.3,17.9,0,79.0,15.2,1.5
2024-12-19,13,8.5,3.5,12.5,0,61.0,2.6,0.8
2024-12-19,14,11.8,6.7,17.9,0,69.0,26.4,4.1
2024-12-19,15,9.1,5.9,14.2,7.2,77.0,30.0,0.4
2024-12-19,16,12.3,8.0,18.8,0,87.0,17.5,0
2024-12-19,17,5.7,-0.1,11.8,0,56.0,18.2,4.2
2024-12-19,18,3.0,-2.0,8.4,0,57.0,15.2,6.3
2024-12-19,19,11.8,6.4,17.4,4.4,71.0,20.4,1.3
2024-12-19,20,12.8,8.2,18.5,0,52.0,16.0,2.1
2024-12-19,21,5.0,1.1,8.9,0,77.0,12.5,1.8
2024-12-19,22,4.1,-0.1,9.2,0,66.0,12.8,2.9
2024-12-19,23,8.1,4.6,14.6,0,68.0,15.6,4.1
2024-12-19,24,8.8,4.5,13.2,1.5,82.0,26.1,1.0
2024-12-19,25,8.2,4.7,12.6,0,48.0,12.4,1.9
2024-12-20,1,9.2,4.8,12.6,3.7,72.0,8.3,0
2024-12-20,2,9.2,4.4,13.7,0.5,72.0,5.7,0.7
2024-12-20,3,7.1,1.4,10.6,0,79.0,12.0,2.0
2024-12-20,4,8.5,3.9,11.7,8.6,74.0,10.8,1.9
2024-12-20,5,6.3,1.7,11.6,0.3,78.0,7.8,1.9
2024-12-20,6,5.8,-0.0,9.6,1.7,79.0,2.0,1.2
2024-12-20,7,11.5,7.2,14.6,1.8,77.0,11.4,1.3
2024-12-20,8,8.6,4.2,12.2,0,75.0,17.5,3.6
2024-12-20,9,12.0,6.3,17.3,0,85.0,14.2,0
2024-12-20,10,10.3,6.3,15.4,0,75.0,18.6,4.0
2024-12-20,11,11.5,7.2,14.7,0,78.0,12.1,3.5
2024-12-20,12,8.0,3.0,12.6,1.0,88.0,23.7,0
2024-12-20,13,5.0,1.0,11.0,1.7,69.0,16.4,3.8
2024-12-20,14,10.2,4.7,16.9,0,60.0,14.2,1.5
2024-12-20,15,8.6,4.2,13.1,4.0,77.0,21.1,0.7
2024-12-20,16,8.3,2.4,14.5,0,90.0,17.6,5.9
2024-12-20,17,4.7,-1.1,9.0,0,45.0,16.9,2.1
2024-12-20,18,3.8,-0.9,10.0,0,58.0,23.9,1.7
2024-12-20,19,9.1,4.7,14.2,0.2,71.0,17.8,1.4
2024-12-20,20,11.7,7.7,18.4,0,50.0,11.2,1.3
2024-12-20,21,6.0,2.6,12.3,9.6,85.0,8.8,2.3
2024-12-20,22,6.9,3.1,12.7,1.2,66.0,4.8,3.5
2024-12-20,23,7.7,1.7,13.6,0,41.0,0.6,3.2
2024-12-20,24,8.0,2.1,14.9,6.3,70.0,3.1,1.8
2024-12-20,25,3.9,-1.2,7.2,0,65.0,18.5,2.4
2024-12-21,1,8.6,4.4,15.6,0,70.0,7.5,2.5
2024-12-21,2,9.4,4.1,14.5,1.8,63.0,30.2,3.5
2024-12-21,3,8.5,3.2,12.1,3.3,65.0,8.4,0.8
2024-12-21,4,7.1,1.3,13.7,0,89.0,26.5,4.3
2024-12-21,5,10.7,6.2,14.9,12.1,81.0,28.7,4.4
2024-12-21,6,9.0,5.6,13.0,7.2,68.0,13.2,1.4
2024-12-21,7,8.0,4.9,12.8,0,78.0,10.1,0.1
2024-12-21,8,11.7,6.9,15.7,0,68.0,36.4,1.6
2024-12-21,9,10.1,6.1,13.7,0,81.0,11.5,1.3
2024-12-21,10,8.8,5.8,13.3,0,69.0,16.4,1.7
2024-12-21,11,7.6,4.2,13.3,5.3,77.0,36.0,2.1
2024-12-21,12,11.2,5.9,16.7,3.4,83.0,16.0,1.2
2024-12-21,13,5.0,0.8,8.5,0,56.0,9.4,0.6
2024-12-21,14,12.1,8.7,17.9,2.3,62.0,21.2,3.1
2024-12-21,15,9.5,4.9,14.9,7.6,83.0,10.9,2.8
2024-12-21,16,8.1,4.2,11.1,0.3,57.0,15.6,2.5
2024-12-21,17,6.3,2.4,9.9,0,55.0,30.2,3.4
2024-12-21,18,2.8,-2.6,9.6,0,59.0,15.2,3.1
2024-12-21,19,12.1,7.1,18.1,0,63.0,7.9,0
2024-12-21,20,10.2,4.5,14.0,0.3,56.0,19.4,3.3
2024-12-21,21,4.2,-1.3,9.1,5.6,64.0,21.1,1.0
2024-12-21,22,5.8,2.4,10.0,0.1,66.0,12.6,1.4
2024-12-21,23,8.0,4.8,14.9,0,48.0,6.5,5.3
2024-12-21,24,8.6,3.9,14.7,0,78.0,16.4,0.9
2024-12-21,25,6.0,1.2,12.2,0,61.0,15.1,1.9
2024-12-22,1,9.9,4.9,15.4,1.0,86.0,25.6,1.3
2024-12-22,2,9.7,6.0,14.2,6.6,86.0,6.5,0.9
2024-12-22,3,6.4,0.5,10.9,0,87.0,10.9,2.0
2024-12-22,4,9.0,4.4,12.4,1.7,68.0,31.1,0.4
2024-12-22,5,9.7,5.0,13.7,5.4,76.0,9.7,2.2
2024-12-22,6,8.6,3.0,13.7,5.7,68.0,15.1,1.4
2024-12-22,7,9.7,4.1,15.4,0.1,73.0,9.5,0.1
2024-12-22,8,9.3,4.2,12.9,0,80.0,22.7,1.1
2024-12-22,9,12.3,7.5,17.0,0.6,66.0,15.8,1.3
2024-12-22,10,10.2,4.3,16.0,0,60.0,15.7,3.4
2024-12-22,11,9.4,5.3,13.6,0,82.0,22.5,2.8
2024-12-22,12,8.9,4.3,14.6,0.5,87.0,11.8,0
2024-12-22,13,6.1,0.7,12.8,6.1,62.0,8.1,1.1
2024-12-22,14,9.7,3.7,15.2,0,67.0,15.0,2.5
2024-12-22,15,9.0,3.6,14.1,0.6,86.0,18.8,1.6
2024-12-22,16,9.0,5.7,12.3,0,80.0,8.5,0.9
2024-12-22,17,6.4,2.9,12.6,1.3,43.0,4.4,5.1
2024-12-22,18,5.5,-0.5,10.9,0,59.0,16.8,0
2024-12-22,19,11.1,7.8,15.6,0,68.0,19.3,3.6
2024-12-22,20,13.5,8.9,19.0,0,60.0,20.8,2.3
2024-12-22,21,5.7,1.0,12.3,0,65.0,4.3,1.4
2024-12-22,22,5.1,0.3,12.0,0,62.0,2.5,1.8
2024-12-22,23,7.7,3.0,13.0,2.5,38.0,12.2,0
2024-12-22,24,11.3,7.9,17.0,3.8,68.0,28.1,0.4
2024-12-22,25,4.4,-0.6,10.6,4.1,64.0,21.7,2.4
2024-12-23,1,8.8,3.4,14.7,0,89.0,7.0,1.5
2024-12-23,2,9.1,3.9,13.1,0,92.0,24.8,2.4
2024-12-23,3,6.9,3.6,13.4,0,76.0,34.9,0.1
2024-12-23,4,8.1,4.0,13.6,0,58.0,24.7,3.5
2024-12-23,5,8.1,4.5,12.6,14.0,62.0,2.8,3.5
2024-12-23,6,9.9,6.1,16.4,0.0,70.0,3.2,0.5
2024-12-23,7,11.6,7.5,16.5,0,75.0,15.5,2.9
2024-12-23,8,10.6,5.6,16.3,3.2,75.0,8.2,2.5
2024-12-23,9,6.6,2.0,10.0,0,78.0,16.1,1.7
2024-12-23,10,7.7,2.7,12.1,2.5,84.0,14.9,3.7
2024-12-23,11,9.3,3.7,13.1,7.2,75.0,13.9,2.1
2024-12-23,12,8.7,3.6,12.6,0,74.0,17.5,0.9
2024-12-23,13,7.5,2.8,14.4,0.4,71.0,11.9,1.7
2024-12-23,14,10.1,6.5,15.2,2.5,70.0,21.1,3.1
2024-12-23,15,9.5,4.9,14.9,0,68.0,21.6,1.4
2024-12-23,16,9.9,5.9,16.0,0,84.0,28.4,3.3
2024-12-23,17,5.9,0.7,10.0,0.6,69.0,21.4,0.9
2024-12-23,18,6.6,1.3,13.1,0,61.0,18.8,0.3
2024-12-23,19,10.3,5.0,14.6,0,66.0,9.8,3.8
2024-12-23,20,12.0,8.2,16.1,0,64.0,28.0,1.5
2024-12-23,21,2.8,-2.4,6.7,0,65.0,13.9,0.1
2024-12-23,22,5.6,1.2,10.7,4.8,73.0,10.5,3.6
2024-12-23,23,6.5,3.1,12.1,0,60.0,24.9,1.2
2024-12-23,24,7.2,4.0,14.0,1.5,87.0,12.8,1.6
2024-12-23,25,4.6,0.4,8.1,0,66.0,17.2,2.9
2024-12-24,1,9.6,5.7,12.8,0,76.0,8.4,2.2
2024-12-24,2,10.6,7.5,14.7,0,89.0,23.8,0.8
2024-12-24,3,6.9,1.2,11.0,0.8,68.0,10.0,0.6
2024-12-24,4,6.1,1.5,12.8,0,65.0,15.8,1.3
2024-12-24,5,9.1,4.7,15.5,0,71.0,6.1,0.9
2024-12-24,6,10.0,5.3,13.1,3.4,81.0,19.9,0.7
2024-12-24,7,11.5,6.3,16.4,0.7,84.0,1.9,3.3
2024-12-24,8,10.6,6.1,14.7,0,84.0,19.5,2.1
2024-12-24,9,10.0,4.6,15.1,0,75.0,6.6,0.1
2024-12-24,10,8.0,4.9,12.9,0,69.0,10.6,4.2
2024-12-24,11,5.8,1.3,11.8,1.7,69.0,9.9,3.5
2024-12-24,12,8.9,3.8,12.8,11.1,75.0,18.1,1.9
2024-12-24,13,10.5,6.9,17.0,0.6,70.0,8.4,2.0
2024-12-24,14,11.7,6.2,18.5,1.2,84.0,16.1,0.3
2024-12-24,15,6.2,0.7,10.3,0.4,70.0,16.9,4.2
2024-12-24,16,12.1,8.6,16.9,2.9,60.0,12.3,3.0
2024-12-24,17,6.8,2.8,12.1,0,63.0,5.6,2.7
2024-12-24,18,5.9,2.3,9.3,0.4,62.0,16.5,5.0
2024-12-24,19,10.3,4.6,14.1,0,53.0,6.8,1.7
2024-12-24,20,12.6,8.4,15.8,0,61.0,10.1,1.7
2024-12-24,21,2.4,-2.1,5.6,1.7,68.0,16.3,2.0
2024-12-24,22,4.2,-0.4,8.6,6.3,85.0,30.0,0.8
2024-12-24,23,9.7,4.8,14.5,0,37.0,32.1,4.1
2024-12-24,24,8.4,4.0,13.7,0,79.0,13.9,2.6
2024-12-24,25,5.1,-0.1,10.6,2.4,62.0,12.5,3.3
2024-12-25,1,10.0,4.7,13.9,10.5,72.0,23.4,2.1
2024-12-25,2,8.5,3.6,12.3,0.5,61.0,21.5,2.2
2024-12-25,3,9.3,3.6,12.3,10.0,80.0,24.4,2.0
2024-12-25,4,6.7,3.1,11.6,0.1,98.0,11.7,1.5
2024-12-25,5,8.9,4.9,14.8,6.8,76.0,10.8,2.3
2024-12-25,6,9.3,5.2,13.5,0,72.0,13.7,2.7
2024-12-25,7,10.6,4.9,14.1,0,81.0,8.3,2.6
2024-12-25,8,8.0,3.5,13.5,0,77.0,27.8,0
2024-12-25,9,9.6,5.1,15.0,0,68.0,5.2,1.1
2024-12-25,10,9.6,4.8,14.6,0,77.0,21.0,3.4
2024-12-25,11,11.2,8.0,16.0,2.0,80.0,11.7,2.9
2024-12-25,12,10.9,6.0,16.7,0,84.0,21.4,3.2
2024-12-25,13,5.9,2.9,12.9,0,68.0,11.3,1.8
2024-12-25,14,11.6,8.5,18.0,0,71.0,22.8,3.4
2024-12-25,15,8.3,3.9,12.6,0,70.0,9.3,5.6
2024-12-25,16,11.6,6.9,15.9,4.4,72.0,24.3,4.9
2024-12-25,17,6.3,0.7,11.5,1.3,54.0,5.1,1.3
2024-12-25,18,1.6,-2.3,5.2,0,67.0,9.5,1.7
2024-12-25,19,10.1,6.5,14.5,0,63.0,16.6,0.8
2024-12-25,20,11.7,6.6,16.4,0,75.0,12.1,1.5
2024-12-25,21,5.1,-0.2,10.0,0,74.0,11.0,0
2024-12-25,22,4.5,0.5,9.3,7.0,63.0,7.5,1.8
2024-12-25,23,6.8,1.0,10.1,0,48.0,25.8,0
2024-12-25,24,5.7,0.1,9.7,3.3,79.0,14.8,1.9
2024-12-25,25,8.7,2.9,12.2,2.4,45.0,3.8,2.7
2024-12-26,1,8.1,2.7,13.9,13.1,71.0,7.9,1.0
2024-12-26,2,9.5,4.4,14.2,1.6,77.0,29.4,3.1
2024-12-26,3,10.5,5.9,13.9,5.9,84.0,16.2,0
2024-12-26,4,8.0,3.0,12.3,0,66.0,15.4,3.5
2024-12-26,5,7.7,4.1,12.3,0.5,68.0,2.9,1.4
2024-12-26,6,10.1,6.6,13.8,0,68.0,28.7,1.0
2024-12-26,7,9.8,5.6,13.2,0,90.0,10.8,4.8
2024-12-26,8,9.9,6.8,16.7,0,68.0,12.2,1.6
2024-12-26,9,11.4,6.7,16.6,0,71.0,12.8,3.3
2024-12-26,10,10.7,6.7,14.5,0,78.0,19.7,1.3
2024-12-26,11,9.9,4.7,13.7,0.6,81.0,1.4,4.5
2024-12-26,12,12.4,9.0,17.3,9.6,87.0,5.0,0.8
2024-12-26,13,8.1,3.0,14.7,0,67.0,14.9,2.3
2024-12-26,14,10.7,6.3,15.4,0,83.0,4.3,2.2
2024-12-26,15,8.9,5.7,15.6,17.4,93.0,14.0,3.5
2024-12-26,16,8.9,4.4,15.4,0,79.0,17.7,1.7
2024-12-26,17,7.1,1.7,12.1,0,53.0,27.0,0.6
2024-12-26,18,3.9,0.1,9.0,6.6,49.0,15.0,2.9
2024-12-26,19,12.4,8.1,16.0,0,66.0,10.2,0
2024-12-26,20,9.6,5.4,16.3,0,67.0,24.3,0.4
2024-12-26,21,5.9,2.4,11.7,3.5,57.0,18.6,2.9
2024-12-26,22,4.7,-0.1,11.4,1.5,74.0,18.6,2.8
2024-12-26,23,8.0,2.5,14.4,0,48.0,23.4,4.0
2024-12-26,24,7.8,4.2,14.5,3.2,74.0,18.9,2.1
2024-12-26,25,7.0,3.1,12.7,0,59.0,7.2,1.8
2024-12-27,1,9.6,5.2,15.7,1.8,77.0,3.5,2.1
2024-12-27,2,6.3,0.3,12.5,1.5,80.0,8.4,0
2024-12-27,3,8.8,5.4,13.8,1.6,73.0,17.8,1.3
2024-12-27,4,8.3,4.7,12.4,1.2,79.0,17.6,2.8
2024-12-27,5,9.9,3.9,15.2,0,72.0,15.3,0.7
2024-12-27,6,9.5,5.8,13.7,10.8,79.0,2.7,2.9
2024-12-27,7,10.1,5.0,15.3,0,72.0,15.1,3.9
2024-12-27,8,10.8,4.9,13.9,1.2,77.0,8.2,0.8
2024-12-27,9,7.1,2.2,13.3,1.7,80.0,16.7,1.9
2024-12-27,10,10.4,5.6,14.8,5.1,54.0,32.1,0.7
2024-12-27,11,11.5,7.2,18.4,0,86.0,22.0,4.7
2024-12-27,12,7.8,2.9,12.4,2.6,83.0,15.9,0.9
2024-12-27,13,3.8,0.1,7.6,1.0,67.0,14.4,1.2
2024-12-27,14,12.4,6.5,19.2,0,67.0,3.4,4.0
2024-12-27,15,9.4,6.1,13.7,0,77.0,20.4,4.7
2024-12-27,16,6.2,2.3,10.4,0.0,84.0,17.5,1.7
2024-12-27,17,5.3,-0.5,9.3,0,51.0,9.9,4.1
2024-12-27,18,1.2,-4.7,7.9,0,64.0,20.2,3.0
2024-12-27,19,9.9,4.0,15.9,0,64.0,8.2,2.0
2024-12-27,20,11.8,6.3,16.3,0,65.0,15.8,2.3
2024-12-27,21,6.4,2.1,11.5,0,65.0,22.9,3.1
2024-12-27,22,5.7,1.7,9.7,1.2,60.0,25.4,3.9
2024-12-27,23,9.4,5.1,12.5,0,31.0,23.4,2.5
2024-12-27,24,9.1,5.4,13.8,9.1,83.0,22.7,3.0
2024-12-27,25,5.8,0.3,10.9,1.3,49.0,22.1,3.6
2024-12-28,1,9.2,5.7,13.7,11.1,71.0,8.2,1.2
2024-12-28,2,7.8,2.6,12.8,0,80.0,24.1,2.2
2024-12-28,3,8.0,2.5,11.3,4.9,67.0,25.2,2.3
2024-12-28,4,9.8,4.0,16.3,2.8,76.0,18.1,2.4
2024-12-28,5,8.1,4.0,12.5,0,75.0,4.4,0
2024-12-28,6,6.8,3.7,12.7,0.1,79.0,9.9,1.9
2024-12-28,7,8.1,4.2,13.5,5.5,74.0,13.6,2.7
2024-12-28,8,9.2,5.3,14.6,0,74.0,10.2,2.1
2024-12-28,9,10.8,5.5,14.6,0,83.0,6.4,3.0
2024-12-28,10,10.4,5.6,14.2,0,69.0,13.8,1.4
2024-12-28,11,8.7,3.4,13.3,3.5,87.0,22.9,1.3
2024-12-28,12,7.7,2.8,12.4,6.5,89.0,5.8,3.6
2024-12-28,13,6.7,1.9,13.0,0,56.0,0.8,1.5
2024-12-28,14,10.4,5.2,15.8,0,60.0,10.9,2.4
2024-12-28,15,11.3,7.7,17.1,0,76.0,5.0,1.8
2024-12-28,16,11.1,5.1,17.8,0,66.0,20.1,3.0
2024-12-28,17,7.2,3.3,13.9,0,57.0,21.1,0
2024-12-28,18,3.8,0.3,10.3,0.8,60.0,5.4,0.0
2024-12-28,19,9.4,4.9,15.2,0,55.0,25.5,4.3
2024-12-28,20,10.9,5.0,16.5,0,56.0,4.9,3.5
2024-12-28,21,7.5,3.1,12.1,0.0,71.0,3.0,0
2024-12-28,22,3.5,-0.0,8.1,4.3,70.0,11.7,0
2024-12-28,23,10.7,4.9,16.5,0,50.0,8.4,0.4
2024-12-28,24,8.4,3.2,13.2,0,70.0,15.8,4.4
2024-12-28,25,4.7,-1.2,8.1,0,46.0,14.4,1.0
2024-12-29,1,11.0,7.9,16.9,0,81.0,16.9,2.7
2024-12-29,2,8.7,4.8,14.4,3.2,78.0,16.7,3.9
2024-12-29,3,9.8,6.1,13.9,0,81.0,9.3,1.2
2024-12-29,4,7.6,3.3,11.4,0,79.0,4.4,3.9
2024-12-29,5,7.6,2.9,13.0,0,78.0,0.0,3.5
2024-12-29,6,7.9,4.8,14.3,4.2,80.0,10.1,2.6
2024-12-29,7,12.0,8.5,17.1,0,73.0,29.9,2.2
2024-12-29,8,9.8,4.5,15.8,0,76.0,5.5,3.2
2024-12-29,9,12.8,7.7,16.0,2.0,70.0,12.8,1.0
2024-12-29,10,10.5,6.8,15.7,0,76.0,13.8,7.3
2024-12-29,11,9.2,4.5,14.0,0,91.0,10.4,0
2024-12-29,12,9.1,4.5,13.4,0,85.0,16.0,2.3
2024-12-29,13,8.0,3.6,11.3,4.8,49.0,15.5,0.4
2024-12-29,14,12.9,9.8,15.9,0,64.0,16.2,5.5
2024-12-29,15,7.4,2.6,13.2,10.3,98.0,18.0,5.2
2024-12-29,16,7.5,1.7,13.2,0,72.0,13.0,2.3
2024-12-29,17,6.1,0.1,9.4,0,52.0,17.5,0.1
2024-12-29,18,2.9,-1.9,9.1,5.7,55.0,17.6,2.2
2024-12-29,19,7.9,2.6,13.3,0,69.0,19.7,1.2
2024-12-29,20,10.8,5.9,13.9,0,64.0,18.6,2.4
2024-12-29,21,7.6,3.2,14.6,1.1,62.0,28.2,0
2024-12-29,22,2.4,-1.9,6.0,0,63.0,2.4,5.9
2024-12-29,23,8.7,4.1,14.5,0,53.0,20.4,2.0
2024-12-29,24,8.4,5.0,13.5,0,64.0,13.6,0.3
2024-12-29,25,5.3,1.1,11.9,0,53.0,26.7,0.1
2024-12-30,1,9.2,3.4,14.6,12.5,84.0,11.2,4.2
2024-12-30,2,9.9,5.7,13.0,8.8,71.0,16.9,1.2
2024-12-30,3,5.0,1.0,8.8,0,81.0,22.0,0.3
2024-12-30,4,8.5,4.8,15.4,0.8,75.0,25.8,4.0
2024-12-30,5,10.3,4.5,17.1,0,69.0,14.7,2.2
2024-12-30,6,11.9,6.7,16.2,6.4,78.0,6.6,1.5
2024-12-30,7,7.8,4.3,11.2,0,88.0,12.5,2.7
2024-12-30,8,12.1,6.4,19.1,0,78.0,11.9,3.1
2024-12-30,9,8.5,5.0,13.8,0.5,79.0,8.6,2.4
2024-12-30,10,8.6,5.3,15.0,0,64.0,2.6,0.0
2024-12-30,11,9.7,5.7,15.0,3.8,71.0,11.1,2.8
2024-12-30,12,9.6,6.5,13.4,0,66.0,10.0,0.6
2024-12-30,13,9.0,3.2,14.0,0,58.0,12.1,1.6
2024-12-30,14,11.9,7.6,15.8,0,63.0,21.8,3.5
2024-12-30,15,9.9,4.9,15.0,0,75.0,19.3,2.7
2024-12-30,16,8.9,3.9,12.5,0.0,67.0,28.9,4.8
2024-12-30,17,6.8,1.9,11.0,0,39.0,6.0,1.2
2024-12-30,18,1.9,-3.7,5.9,3.2,57.0,2.0,0.2
2024-12-30,19,12.5,8.5,15.6,0,58.0,10.5,2.9
2024-12-30,20,9.1,4.7,14.2,0,49.0,20.6,0
2024-12-30,21,4.2,-0.1,8.0,2.5,60.0,8.7,2.0
2024-12-30,22,6.4,2.7,13.1,17.8,65.0,34.2,0.3
2024-12-30,23,7.8,4.6,12.7,0,51.0,21.5,1.8
2024-12-30,24,8.2,3.8,11.5,0,58.0,27.1,3.4
2024-12-30,25,4.7,-0.2,9.0,0,76.0,11.6,2.8
2024-12-31,1,9.9,4.3,15.6,0,75.0,23.6,1.1
2024-12-31,2,8.7,3.2,12.3,0,72.0,2.8,1.7
2024-12-31,3,9.6,5.7,14.9,0,61.0,12.0,2.6
2024-12-31,4,12.1,8.7,15.4,0,74.0,1.3,1.9
2024-12-31,5,11.5,7.6,17.5,0,83.0,9.7,0.9
2024-12-31,6,11.7,7.7,17.8,0,79.0,10.5,0
2024-12-31,7,8.8,5.4,15.3,0,88.0,15.9,1.3
2024-12-31,8,10.1,5.5,15.3,1.5,82.0,27.7,0.8
2024-12-31,9,9.1,4.7,14.8,0,88.0,15.1,3.0
2024-12-31,10,10.1,6.2,15.3,0,65.0,15.4,0
2024-12-31,11,10.2,5.4,16.3,1.5,89.0,1.8,1.3
2024-12-31,12,10.2,5.7,13.6,0,89.0,8.6,3.2
2024-12-31,13,6.2,0.8,11.9,2.2,73.0,17.8,0.9
2024-12-31,14,11.2,8.1,14.7,0,62.0,8.2,1.5
2024-12-31,15,8.0,4.1,12.2,3.7,78.0,11.0,2.5
2024-12-31,16,10.5,7.5,14.1,3.3,86.0,14.0,3.3
2024-12-31,17,6.1,1.6,10.4,0,51.0,4.2,2.3
2024-12-31,18,1.6,-2.9,4.8,0,53.0,0.6,1.6
2024-12-31,19,10.1,5.9,16.7,0,53.0,0.4,0.9
2024-12-31,20,15.5,11.6,19.6,2.8,64.0,14.4,0.2
2024-12-31,21,3.1,-0.1,7.2,0,73.0,11.4,3.4
2024-12-31,22,5.3,1.5,11.8,0,60.0,0.8,2.9
2024-12-31,23,9.9,6.5,16.4,0,50.0,15.0,2.5
2024-12-31,24,9.4,5.3,16.3,0.7,71.0,23.2,2.1
2024-12-31,25,5.5,0.5,9.8,0,53.0,21.2,3.2
2025-01-01,1,6.8,1.8,10.3,6.3,92.0,8.4,1.0
2025-01-01,2,9.5,5.8,15.3,3.7,65.0,21.3,4.1
2025-01-01,3,8.1,2.7,12.6,0,73.0,16.6,1.7
2025-01-01,4,8.3,2.4,14.3,11.8,67.0,15.2,2.0
2025-01-01,5,9.9,5.0,13.0,2.0,84.0,15.4,5.5
2025-01-01,6,9.0,4.3,13.6,0,74.0,20.9,0.9
2025-01-01,7,11.0,5.6,16.2,0,76.0,18.9,0.7
2025-01-01,8,11.9,7.7,17.1,0,87.0,3.2,5.6
2025-01-01,9,11.4,6.2,16.6,0,74.0,1.8,1.6
2025-01-01,10,12.5,6.8,18.9,0.0,79.0,18.3,4.9
2025-01-01,11,14.5,10.0,17.9,2.1,96.0,8.6,0
2025-01-01,12,11.2,6.6,18.1,0,71.0,18.7,3.9
2025-01-01,13,6.4,3.0,10.8,0,63.0,13.2,4.4
2025-01-01,14,10.5,6.5,13.5,0,72.0,8.1,1.5
2025-01-01,15,11.1,6.8,15.6,0,92.0,13.8,4.8
2025-01-01,16,11.3,7.7,15.4,0,71.0,2.2,0
2025-01-01,17,7.7,3.7,14.0,0,65.0,11.0,1.7
2025-01-01,18,4.8,-0.1,9.7,0,52.0,24.7,1.6
2025-01-01,19,13.0,8.3,18.2,0.2,77.0,6.7,1.4
2025-01-01,20,9.9,5.0,16.4,0,74.0,5.6,2.8
2025-01-01,21,4.1,0.2,8.2,3.8,78.0,0.9,2.3
2025-01-01,22,7.2,1.8,10.8,5.3,73.0,23.7,0.3
2025-01-01,23,6.2,1.7,12.1,0,35.0,3.7,2.8
2025-01-01,24,8.4,2.8,12.9,2.9,50.0,7.2,0
2025-01-01,25,6.7,3.1,9.7,0,66.0,10.1,0.2
2025-01-02,1,10.2,5.8,13.4,0,69.0,25.4,1.9
2025-01-02,2,5.5,1.1,10.2,0,74.0,17.3,3.9
2025-01-02,3,7.6,3.9,12.3,4.0,63.0,16.0,2.4
2025-01-02,4,9.8,5.9,13.1,4.7,70.0,24.1,0
2025-01-02,5,8.5,3.9,14.2,2.3,64.0,23.5,3.3
2025-01-02,6,8.4,3.4,14.9,0,61.0,26.1,1.6
2025-01-02,7,12.2,7.2,15.7,7.6,72.0,0.3,2.1
2025-01-02,8,12.4,9.1,17.9,0,78.0,25.0,3.5
2025-01-02,9,9.6,3.8,12.9,0,71.0,12.8,1.8
2025-01-02,10,11.6,5.9,17.6,0,80.0,13.3,0.5
2025-01-02,11,10.1,5.6,14.8,2.2,93.0,15.9,2.6
2025-01-02,12,8.6,4.6,13.0,3.8,83.0,18.3,1.1
2025-01-02,13,8.7,4.4,13.3,0,65.0,20.7,2.9
2025-01-02,14,8.8,4.2,14.9,0,59.0,25.2,3.5
2025-01-02,15,9.9,5.6,16.7,1.4,96.0,9.1,0
2025-01-02,16,9.6,5.7,14.3,0,80.0,18.3,3.7
2025-01-02,17,6.9,2.7,12.6,0,66.0,3.4,4.1
2025-01-02,18,3.8,0.8,9.4,0,61.0,13.0,0.5
2025-01-02,19,10.2,4.5,15.5,0,55.0,10.1,3.2
2025-01-02,20,10.1,6.8,14.2,0,71.0,20.7,0.6
2025-01-02,21,5.3,1.2,8.9,5.4,79.0,11.2,2.8
2025-01-02,22,5.3,0.7,9.1,0,76.0,17.1,0.3
2025-01-02,23,10.3,6.4,16.6,0,50.0,21.1,2.6
2025-01-02,24,10.4,6.8,13.6,0.1,68.0,27.2,1.3
2025-01-02,25,5.2,-0.2,10.0,0,66.0,19.5,1.9
2025-01-03,1,10.4,6.2,15.4,0,79.0,16.8,1.7
2025-01-03,2,7.9,2.8,11.2,4.0,72.0,18.5,0
2025-01-03,3,5.1,1.7,11.5,8.7,74.0,15.3,3.2
2025-01-03,4,11.4,8.1,15.3,3.3,82.0,15.3,0.5
2025-01-03,5,7.2,2.5,13.5,5.0,78.0,16.5,1.0
2025-01-03,6,9.8,5.4,13.5,0,80.0,15.2,2.6
2025-01-03,7,8.3,5.1,14.7,0.2,86.0,4.2,3.2
2025-01-03,8,12.4,6.7,16.5,0,85.0,14.3,3.7
2025-01-03,9,9.7,5.0,13.1,0,83.0,22.1,1.3
2025-01-03,10,10.1,5.5,16.7,0,76.0,6.5,0.9
2025-01-03,11,7.1,1.7,11.0,0.5,79.0,23.8,0
2025-01-03,12,6.8,2.2,13.5,1.4,87.0,9.5,1.1
2025-01-03,13,6.0,1.6,9.1,0,67.0,27.1,0
2025-01-03,14,8.7,3.9,12.9,0,71.0,16.6,5.9
2025-01-03,15,7.5,3.5,11.4,5.3,69.0,16.8,3.6
2025-01-03,16,14.2,8.5,18.4,0,77.0,24.0,0
2025-01-03,17,6.5,1.6,12.2,0,57.0,19.0,1.6
2025-01-03,18,2.8,-2.4,6.5,0,60.0,10.5,1.4
2025-01-03,19,14.3,10.0,18.7,0,69.0,4.0,3.7
2025-01-03,20,12.3,6.7,15.4,3.0,62.0,8.7,2.2
2025-01-03,21,5.6,1.1,9.3,4.3,63.0,22.2,1.2
2025-01-03,22,6.2,1.2,12.4,4.0,72.0,14.8,3.6
2025-01-03,23,7.6,2.1,13.1,0,50.0,6.9,2.8
2025-01-03,24,9.3,5.7,12.8,18.7,75.0,11.3,2.3
2025-01-03,25,5.2,-0.7,10.0,2.4,67.0,12.2,2.4
2025-01-04,1,8.3,3.6,11.7,0,80.0,14.1,3.3
2025-01-04,2,8.3,4.3,12.5,0,65.0,18.4,0.6
2025-01-04,3,8.5,4.1,14.5,0,86.0,20.3,0.5
2025-01-04,4,7.5,2.3,13.1,7.9,67.0,11.4,1.6
2025-01-04,5,8.1,3.6,15.0,0,72.0,8.0,3.6
2025-01-04,6,10.3,5.7,17.2,1.9,68.0,30.5,2.6
2025-01-04,7,11.5,6.9,18.3,0.2,81.0,16.9,2.1
2025-01-04,8,9.7,6.4,16.1,0,85.0,9.4,0.1
2025-01-04,9,9.8,4.9,14.3,0,63.0,24.2,2.2
2025-01-04,10,9.3,6.0,16.2,1.4,67.0,13.1,4.5
2025-01-04,11,9.9,6.8,15.8,0,82.0,13.0,0.2
2025-01-04,12,10.0,4.7,16.4,4.0,89.0,23.2,3.5
2025-01-04,13,5.1,0.1,9.9,0,53.0,18.4,2.4
2025-01-04,14,9.2,4.1,15.2,0,78.0,11.8,2.4
2025-01-04,15,8.4,3.0,12.2,2.2,81.0,16.6,1.9
2025-01-04,16,9.3,4.9,12.6,0,73.0,15.9,2.0
2025-01-04,17,6.2,2.2,11.8,2.6,48.0,15.0,0.5
2025-01-04,18,3.7,-2.3,9.3,0,59.0,3.5,0.8
2025-01-04,19,11.8,7.8,15.9,0,68.0,11.3,1.3
2025-01-04,20,12.6,9.1,18.7,0,77.0,12.6,1.3
2025-01-04,21,6.8,1.8,13.4,0.1,70.0,12.5,2.5
2025-01-04,22,8.7,3.0,14.7,1.3,85.0,7.7,0.3
2025-01-04,23,9.6,5.1,15.2,0,43.0,4.9,0.7
2025-01-04,24,11.1,5.6,15.9,0,85.0,1.4,1.2
2025-01-04,25,6.8,1.4,11.8,0.5,50.0,20.9,1.6
2025-01-05,1,7.5,3.4,13.6,0.9,64.0,18.0,2.3
2025-01-05,2,11.2,6.1,15.0,0,81.0,12.3,2.6
2025-01-05,3,7.6,1.6,10.6,0.2,80.0,15.5,4.6
2025-01-05,4,6.6,1.3,10.1,16.4,87.0,10.1,0.7
2025-01-05,5,9.0,3.0,13.4,0,60.0,10.9,1.4
2025-01-05,6,9.2,3.6,13.2,4.2,71.0,21.0,3.3
2025-01-05,7,11.0,5.5,14.7,5.9,74.0,0.2,0
2025-01-05,8,8.3,3.9,11.8,0,81.0,15.0,1.9
2025-01-05,9,9.6,4.1,12.9,0,65.0,5.1,1.3
2025-01-05,10,10.6,7.5,16.7,0,67.0,9.6,3.5
2025-01-05,11,10.9,6.8,15.4,0,71.0,1.9,5.4
2025-01-05,12,11.9,6.6,16.7,7.3,76.0,17.9,5.3
2025-01-05,13,8.6,4.8,14.5,1.9,73.0,14.5,1.1
2025-01-05,14,11.8,6.3,17.9,0,73.0,11.0,1.2
2025-01-05,15,10.7,6.5,14.4,0,76.0,5.0,0.9
2025-01-05,16,7.7,3.2,11.4,4.0,70.0,13.4,2.6
2025-01-05,17,7.5,3.4,12.9,5.3,50.0,27.5,2.3
2025-01-05,18,4.4,1.0,8.3,0,71.0,12.0,3.9
2025-01-05,19,11.4,5.5,16.9,0,72.0,9.1,2.3
2025-01-05,20,13.3,7.5,17.9,0,67.0,15.7,1.2
2025-01-05,21,6.9,2.1,13.5,7.1,78.0,11.7,2.0
2025-01-05,22,6.6,3.2,9.6,0,66.0,9.8,3.3
2025-01-05,23,9.1,5.1,12.3,0,44.0,23.6,3.4
2025-01-05,24,6.7,2.8,13.6,4.8,71.0,20.3,5.4
2025-01-05,25,8.7,5.0,15.6,4.6,69.0,24.9,2.3
2025-01-06,1,7.2,1.6,12.2,0.9,65.0,26.7,2.3
2025-01-06,2,9.1,5.6,12.3,0,70.0,9.9,1.0
2025-01-06,3,11.8,6.7,17.6,0,68.0,8.0,3.7
2025-01-06,4,7.4,3.0,10.5,0,80.0,17.7,2.8
2025-01-06,5,7.9,3.8,11.0,0,77.0,17.0,0.4
2025-01-06,6,8.0,4.3,14.4,0,75.0,28.0,2.4
2025-01-06,7,12.2,7.1,18.8,0,82.0,16.6,4.3
2025-01-06,8,11.1,6.9,14.7,0.9,90.0,17.6,0
2025-01-06,9,9.2,5.1,14.1,0,79.0,22.2,0
2025-01-06,10,9.2,6.0,14.1,0,78.0,24.6,1.6
2025-01-06,11,8.0,4.4,11.1,3.0,83.0,31.0,0.7
2025-01-06,12,8.7,4.8,13.3,2.3,86.0,23.8,1.6
2025-01-06,13,6.9,1.8,11.1,0,57.0,19.3,2.6
2025-01-06,14,13.0,8.7,18.6,5.6,72.0,12.2,2.4
2025-01-06,15,12.4,7.9,19.0,1.2,85.0,26.3,1.5
2025-01-06,16,8.5,3.0,15.1,0,77.0,24.3,2.9
2025-01-06,17,10.7,6.8,14.9,0,46.0,10.5,4.3
2025-01-06,18,4.6,-0.5,8.4,0,54.0,17.0,3.0
2025-01-06,19,8.3,4.0,13.8,0,75.0,1.9,1.3
2025-01-06,20,13.2,7.9,18.7,0,73.0,11.1,0.4
2025-01-06,21,3.9,0.5,10.1,0,74.0,9.1,3.0
2025-01-06,22,5.7,1.6,9.9,0,59.0,8.0,3.2
2025-01-06,23,6.5,1.9,10.8,0,47.0,30.1,0.8
2025-01-06,24,11.1,6.2,16.0,4.9,68.0,22.9,1.1
2025-01-06,25,2.8,-0.8,7.8,0,64.0,3.9,3.2
2025-01-07,1,9.9,4.6,15.8,1.8,81.0,9.2,2.1
2025-01-07,2,12.4,7.2,16.3,2.4,83.0,13.1,2.5
2025-01-07,3,11.8,5.9,16.9,0,72.0,12.9,0.6
2025-01-07,4,7.6,2.0,13.5,4.9,67.0,12.9,4.4
2025-01-07,5,9.7,5.7,16.4,0.5,73.0,13.6,1.7
2025-01-07,6,8.7,5.1,14.9,1.6,73.0,27.3,0
2025-01-07,7,9.0,3.6,13.0,2.1,89.0,16.7,2.7
2025-01-07,8,8.1,2.2,13.5,0,75.0,16.5,2.5
2025-01-07,9,10.9,5.8,14.2,0,74.0,15.1,0.2
2025-01-07,10,10.6,5.4,15.8,0,58.0,13.0,4.0
2025-01-07,11,8.1,2.5,11.7,0.0,92.0,2.2,2.5
2025-01-07,12,11.8,7.3,15.9,20.4,84.0,28.0,4.2
2025-01-07,13,6.9,1.3,11.2,0.8,60.0,34.7,2.0
2025-01-07,14,7.2,1.3,10.8,0,75.0,25.5,3.3
2025-01-07,15,8.5,5.1,12.8,0,82.0,16.8,2.3
2025-01-07,16,11.4,8.0,15.0,3.0,85.0,14.7,2.5
2025-01-07,17,6.8,1.1,10.8,0,55.0,12.6,2.8
2025-01-07,18,4.2,-1.0,10.5,12.5,49.0,20.0,0.0
2025-01-07,19,10.3,6.1,16.6,0,74.0,15.6,4.2
2025-01-07,20,12.6,7.6,18.2,0,63.0,28.4,2.5
2025-01-07,21,4.5,-0.8,9.2,0,75.0,9.3,2.1
2025-01-07,22,8.6,3.6,13.6,0.8,67.0,12.9,1.8
2025-01-07,23,12.5,6.6,18.8,0.7,44.0,22.1,1.5
2025-01-07,24,8.3,2.3,12.2,0,81.0,18.7,2.7
2025-01-07,25,8.4,4.1,14.6,0,52.0,1.3,2.6
2025-01-08,1,9.3,3.9,15.3,0,69.0,30.4,2.6
2025-01-08,2,6.7,3.6,9.9,6.4,77.0,11.6,1.9
2025-01-08,3,10.7,5.5,14.3,2.1,79.0,16.2,1.1
2025-01-08,4,10.2,4.9,16.0,2.1,66.0,21.4,0.5
2025-01-08,5,9.0,4.2,12.6,1.6,77.0,19.7,3.6
2025-01-08,6,8.0,4.9,13.3,0,83.0,10.5,3.7
2025-01-08,7,10.4,7.1,17.3,0,84.0,11.0,2.0
2025-01-08,8,9.6,5.8,15.2,1.3,76.0,9.2,2.6
2025-01-08,9,10.5,6.3,13.9,0,47.0,6.7,1.1
2025-01-08,10,9.5,4.9,12.9,0.9,85.0,20.4,3.1
2025-01-08,11,8.0,2.7,11.1,0,72.0,15.6,2.4
2025-01-08,12,9.9,5.5,16.3,0.2,88.0,20.5,1.9
2025-01-08,13,8.8,3.4,12.1,0.1,56.0,20.0,3.0
2025-01-08,14,10.7,7.3,15.2,0,59.0,35.8,2.8
2025-01-08,15,10.7,5.9,15.6,4.0,79.0,7.5,0.5
2025-01-08,16,11.5,7.3,14.5,0,74.0,14.1,2.1
2025-01-08,17,6.3,2.6,12.2,0,57.0,15.9,0.0
2025-01-08,18,4.7,1.2,8.7,1.1,70.0,5.3,0
2025-01-08,19,11.1,6.3,17.2,0,65.0,3.6,0
2025-01-08,20,12.8,8.2,16.4,0,55.0,2.0,4.0
2025-01-08,21,6.4,2.2,13.2,0,62.0,2.3,3.0
2025-01-08,22,5.4,-0.2,10.4,13.7,67.0,17.3,4.0
2025-01-08,23,9.2,4.1,13.0,0,44.0,5.8,3.1
2025-01-08,24,10.4,6.5,17.2,0,75.0,16.2,1.2
2025-01-08,25,3.5,0.5,9.5,0,61.0,20.4,0.8
2025-01-09,1,9.0,4.5,15.3,0,75.0,11.3,1.4
2025-01-09,2,10.4,7.2,16.8,12.0,67.0,28.4,2.4
2025-01-09,3,8.7,3.7,13.0,0,69.0,9.2,0.7
2025-01-09,4,9.4,5.2,13.5,0,67.0,27.0,3.2
2025-01-09,5,10.3,4.7,16.8,0.1,73.0,17.0,0
2025-01-09,6,9.9,5.5,15.2,0,89.0,22.7,2.0
2025-01-09,7,9.2,5.5,15.4,3.0,87.0,2.5,3.8
2025-01-09,8,11.4,8.2,17.4,2.3,89.0,9.6,1.7
2025-01-09,9,10.8,7.8,16.3,1.5,60.0,9.4,4.8
2025-01-09,10,9.6,4.3,15.5,0.4,70.0,17.7,1.1
2025-01-09,11,10.5,6.5,14.4,0,70.0,12.0,3.6
2025-01-09,12,13.2,8.5,19.2,2.9,88.0,11.1,0
2025-01-09,13,7.3,2.8,10.7,0.4,48.0,4.5,4.1
2025-01-09,14,12.6,9.5,17.4,0,79.0,20.3,2.5
2025-01-09,15,8.8,3.3,13.7,0,70.0,10.2,4.8
2025-01-09,16,11.5,8.1,15.7,10.8,81.0,18.0,3.5
2025-01-09,17,6.5,2.4,13.1,0,63.0,4.9,3.0
2025-01-09,18,4.6,1.1,11.5,1.3,68.0,37.0,3.5
2025-01-09,19,9.6,5.5,16.0,0,73.0,13.8,4.5
2025-01-09,20,11.7,6.4,15.6,0,59.0,8.1,3.8
2025-01-09,21,4.9,1.5,11.8,0,79.0,9.1,2.5
2025-01-09,22,5.6,0.1,10.6,0,57.0,7.2,2.5
2025-01-09,23,9.2,5.2,14.8,0,43.0,9.7,2.4
2025-01-09,24,8.7,3.0,12.2,3.1,85.0,0.3,1.7
2025-01-09,25,5.1,0.4,9.2,0.0,66.0,17.9,1.6
2025-01-10,1,10.3,6.0,13.9,0,57.0,16.2,3.0
2025-01-10,2,9.4,3.8,12.5,5.1,79.0,15.3,4.4
2025-01-10,3,8.2,4.1,12.2,0,89.0,14.8,5.0
2025-01-10,4,9.4,5.5,15.6,0,71.0,2.4,2.9
2025-01-10,5,7.7,3.5,10.9,0,63.0,16.3,4.1
2025-01-10,6,8.1,3.6,12.4,4.8,70.0,8.4,0
2025-01-10,7,12.8,8.6,16.8,0,83.0,2.4,1.3
2025-01-10,8,11.7,8.2,18.3,0,97.0,0.4,4.7
2025-01-10,9,8.8,3.2,12.1,0,81.0,5.0,3.1
2025-01-10,10,8.5,4.6,14.9,0,71.0,13.7,2.0
2025-01-10,11,11.1,7.6,17.3,0,73.0,22.8,3.1
2025-01-10,12,8.0,3.6,12.2,0,80.0,3.4,0.0
2025-01-10,13,8.7,4.0,15.0,0,62.0,21.8,2.5
2025-01-10,14,11.1,5.2,17.1,0.9,71.0,13.7,0.6
2025-01-10,15,8.1,3.7,13.4,0,86.0,21.5,0.9
2025-01-10,16,13.0,9.5,19.4,0,75.0,17.8,1.7
2025-01-10,17,8.1,3.3,12.9,0.7,46.0,18.7,3.4
2025-01-10,18,4.3,0.1,11.1,2.0,67.0,15.1,2.7
2025-01-10,19,10.5,6.1,14.8,1.1,63.0,16.4,1.6
2025-01-10,20,13.3,9.4,18.5,0,63.0,14.1,1.6
2025-01-10,21,3.7,-0.4,7.8,12.0,65.0,19.3,2.5
2025-01-10,22,5.1,1.7,11.2,0,64.0,3.7,2.3
2025-01-10,23,7.6,3.6,14.0,0,50.0,19.2,4.3
2025-01-10,24,8.6,2.8,12.2,0,70.0,15.7,1.4
2025-01-10,25,7.2,1.8,14.1,3.3,63.0,9.9,2.0
2025-01-11,1,7.6,2.1,12.4,0.6,70.0,18.3,1.5
2025-01-11,2,8.8,5.7,14.0,2.7,77.0,21.3,4.6
2025-01-11,3,9.3,6.0,15.5,1.0,72.0,24.8,0.6
2025-01-11,4,7.9,4.4,12.1,0,70.0,10.9,1.0
2025-01-11,5,8.1,3.7,13.0,1.6,68.0,18.4,3.6
2025-01-11,6,8.4,4.6,15.2,3.3,83.0,28.2,4.2
2025-01-11,7,10.7,6.0,17.2,2.3,70.0,22.0,2.5
2025-01-11,8,10.9,7.0,16.8,0,75.0,14.8,1.5
2025-01-11,9,10.5,5.7,15.6,0,73.0,0.1,4.3
2025-01-11,10,8.6,3.0,13.4,0.0,58.0,13.3,4.9
2025-01-11,11,7.6,4.5,10.9,6.8,74.0,18.4,2.0
2025-01-11,12,8.0,3.6,14.2,13.7,92.0,8.5,3.1
2025-01-11,13,8.1,4.4,12.3,0,60.0,3.0,5.2
2025-01-11,14,7.1,3.2,12.3,0,76.0,2.4,1.1
2025-01-11,15,9.7,4.8,15.1,2.4,70.0,31.3,1.5
2025-01-11,16,11.6,7.6,17.5,3.7,82.0,17.4,2.9
2025-01-11,17,8.4,2.4,13.3,0,54.0,14.0,2.5
2025-01-11,18,4.1,0.4,8.1,0,64.0,20.1,3.1
2025-01-11,19,11.5,6.2,16.4,0,63.0,9.9,1.9
2025-01-11,20,11.7,7.2,17.4,0,66.0,5.1,3.2
2025-01-11,21,5.9,1.0,11.3,0,76.0,16.1,3.4
2025-01-11,22,8.0,2.3,13.9,0,73.0,9.4,3.7
2025-01-11,23,9.0,4.6,12.3,0,42.0,9.0,0.3
2025-01-11,24,5.3,0.2,12.0,2.2,77.0,7.0,2.1
2025-01-11,25,8.9,3.8,15.4,0,53.0,23.3,6.2
2025-01-12,1,8.4,3.0,14.5,1.8,66.0,12.0,1.3
2025-01-12,2,9.1,4.7,13.6,5.1,68.0,7.1,3.4
2025-01-12,3,10.2,5.3,15.5,0,74.0,12.2,2.2
2025-01-12,4,7.2,2.4,10.5,0,74.0,24.0,2.4
2025-01-12,5,9.1,3.6,14.2,0,72.0,4.9,3.3
2025-01-12,6,10.8,6.6,15.9,0,82.0,1.3,1.4
2025-01-12,7,9.9,4.8,14.9,0,79.0,12.4,4.8
2025-01-12,8,10.2,6.1,15.0,5.9,84.0,17.7,0.8
2025-01-12,9,14.1,8.5,19.2,0,55.0,9.5,2.2
2025-01-12,10,12.6,9.3,19.5,0,65.0,25.7,1.9
2025-01-12,11,9.0,4.0,13.3,0,86.0,11.4,3.7
2025-01-12,12,11.8,6.7,18.6,0,81.0,18.0,2.1
2025-01-12,13,8.9,3.1,13.4,0,68.0,27.1,3.2
2025-01-12,14,10.6,6.7,14.4,0,74.0,9.7,1.9
2025-01-12,15,9.8,6.5,15.8,1.1,73.0,7.9,1.6
2025-01-12,16,11.0,5.3,17.8,1.2,86.0,28.6,3.6
2025-01-12,17,5.4,-0.1,11.1,0,45.0,20.3,3.7
2025-01-12,18,6.0,2.0,10.1,3.6,57.0,30.9,4.2
2025-01-12,19,11.8,7.9,15.5,0,55.0,6.2,1.7
2025-01-12,20,15.4,10.1,19.1,0,61.0,9.7,2.5
2025-01-12,21,6.3,1.9,9.7,0,68.0,8.8,2.1
2025-01-12,22,5.2,-0.7,8.8,0,66.0,21.1,2.1
2025-01-12,23,10.5,5.8,14.2,0,33.0,2.1,1.6
2025-01-12,24,10.4,6.6,16.7,4.2,82.0,15.1,0.5
2025-01-12,25,7.1,3.9,12.9,0,60.0,9.0,3.9
2025-01-13,1,10.6,7.2,16.4,3.9,61.0,25.9,3.1
2025-01-13,2,9.8,5.6,13.0,0,90.0,17.9,2.9
2025-01-13,3,9.7,6.6,15.5,3.8,75.0,24.0,2.4
2025-01-13,4,7.6,3.5,11.1,0,76.0,14.4,1.7
2025-01-13,5,8.2,2.7,14.3,0.3,75.0,6.0,0
2025-01-13,6,7.6,3.1,10.9,9.2,80.0,4.5,2.7
2025-01-13,7,9.8,5.3,15.8,3.1,69.0,3.7,4.3
2025-01-13,8,9.2,3.6,16.1,0,83.0,15.8,0.6
2025-01-13,9,9.9,5.9,15.5,0,82.0,21.0,2.9
2025-01-13,10,9.0,4.8,15.4,1.0,65.0,28.2,2.3
2025-01-13,11,9.9,5.9,13.6,0,84.0,3.1,4.3
2025-01-13,12,11.3,8.0,15.8,1.0,77.0,9.9,0
2025-01-13,13,11.3,8.1,14.9,0,63.0,24.7,1.9
2025-01-13,14,11.0,5.1,14.9,0,69.0,26.6,1.9
2025-01-13,15,7.3,2.8,12.2,2.5,87.0,24.3,2.1
2025-01-13,16,12.4,8.8,19.1,0.5,63.0,13.2,3.4
2025-01-13,17,6.2,1.7,11.1,0,48.0,11.4,3.6
2025-01-13,18,5.0,0.6,11.9,2.3,51.0,17.8,1.9
2025-01-13,19,12.1,8.3,17.9,0,67.0,23.9,1.8
2025-01-13,20,11.8,7.7,17.9,0,72.0,16.0,1.9
2025-01-13,21,5.6,1.2,10.4,11.2,50.0,15.8,2.8
2025-01-13,22,5.9,1.0,11.3,3.6,69.0,12.4,3.1
2025-01-13,23,8.3,3.0,15.2,0,31.0,31.0,2.6
2025-01-13,24,10.1,6.0,14.0,0,86.0,6.7,0.8
2025-01-13,25,5.7,1.0,12.6,0,54.0,14.0,2.9
2025-01-14,1,8.5,4.3,15.4,0,95.0,20.1,3.4
2025-01-14,2,8.5,3.7,14.5,4.0,76.0,8.0,2.7
2025-01-14,3,9.7,6.7,13.4,0,58.0,10.6,4.2
2025-01-14,4,8.0,3.2,11.8,5.8,80.0,6.4,2.7
2025-01-14,5,7.0,3.0,12.1,0,81.0,13.5,4.5
2025-01-14,6,9.2,3.6,15.2,0.6,85.0,8.4,1.4
2025-01-14,7,8.8,5.3,15.7,0,76.0,15.2,2.5
2025-01-14,8,13.8,9.9,18.3,2.0,79.0,12.0,2.1
2025-01-14,9,8.9,4.3,15.8,0,72.0,14.9,1.6
2025-01-14,10,11.1,7.8,15.3,0.1,68.0,18.5,2.3
2025-01-14,11,10.3,6.8,16.0,0,77.0,9.8,4.3
2025-01-14,12,11.6,8.3,18.3,0.5,76.0,27.0,1.9
2025-01-14,13,7.0,2.7,10.7,0,61.0,15.0,0
2025-01-14,14,13.6,9.9,18.4,0,67.0,13.0,2.2
2025-01-14,15,9.0,4.9,14.6,0,81.0,12.2,3.4
2025-01-14,16,11.0,7.6,16.5,2.5,80.0,14.3,0.6
2025-01-14,17,8.1,4.1,11.3,0,46.0,30.1,0.4
2025-01-14,18,3.4,-1.3,9.2,0,64.0,7.9,4.4
2025-01-14,19,12.8,7.4,16.4,0,74.0,17.7,3.7
2025-01-14,20,12.6,9.6,18.8,0,48.0,35.0,3.9
2025-01-14,21,6.2,1.8,10.5,0.2,82.0,14.6,0.5
2025-01-14,22,6.5,0.9,11.4,0,64.0,1.6,2.2
2025-01-14,23,8.9,4.2,12.6,0,59.0,20.7,2.2
2025-01-14,24,9.4,5.2,13.6,0.2,92.0,28.9,5.1
2025-01-14,25,5.9,2.1,10.3,2.7,50.0,21.2,1.6
2025-01-15,1,10.5,6.3,16.3,0,69.0,13.7,5.3
2025-01-15,2,9.9,6.5,16.3,0,93.0,15.9,5.3
2025-01-15,3,9.7,6.7,14.6,7.3,90.0,18.5,0.8
2025-01-15,4,8.4,3.6,13.0,0,75.0,17.3,3.6
2025-01-15,5,7.6,3.8,12.5,6.6,72.0,11.0,3.2
2025-01-15,6,7.7,2.3,12.5,0,75.0,17.4,3.1
2025-01-15,7,11.4,6.9,17.9,0,68.0,18.6,3.9
2025-01-15,8,12.3,8.6,17.3,0,79.0,22.2,2.5
2025-01-15,9,10.4,6.3,15.9,0,73.0,15.0,5.2
2025-01-15,10,10.8,5.7,16.0,0,69.0,3.0,1.3
2025-01-15,11,8.3,4.1,14.8,9.3,97.0,18.4,2.0
2025-01-15,12,9.8,6.1,15.1,13.0,80.0,4.5,1.2
2025-01-15,13,8.0,4.4,11.5,0.3,64.0,15.8,3.4
2025-01-15,14,13.3,7.7,20.0,0,74.0,8.2,5.8
2025-01-15,15,10.7,6.3,13.8,5.2,90.0,21.8,2.6
2025-01-15,16,10.2,6.4,13.7,1.7,78.0,20.1,2.0
2025-01-15,17,10.2,6.0,16.7,0,44.0,36.4,3.5
2025-01-15,18,5.3,1.7,8.5,0,57.0,15.8,3.9
2025-01-15,19,13.6,10.2,17.3,0,84.0,21.6,3.7
2025-01-15,20,11.3,5.7,16.0,0,66.0,23.4,1.4
2025-01-15,21,4.8,0.9,11.7,8.2,57.0,11.5,1.6
2025-01-15,22,4.9,1.4,8.3,0.7,81.0,3.3,0
2025-01-15,23,8.5,3.0,14.8,0,58.0,32.1,0.7
2025-01-15,24,5.9,0.0,9.4,3.1,72.0,13.1,3.0
2025-01-15,25,5.8,1.7,12.0,0,58.0,23.2,1.2
2025-01-16,1,10.8,5.6,13.9,3.6,67.0,12.8,4.1
2025-01-16,2,14.5,10.1,20.1,5.2,72.0,17.3,4.5
2025-01-16,3,7.4,1.7,12.7,2.4,68.0,17.6,2.6
2025-01-16,4,10.3,7.1,15.4,0,71.0,25.9,4.4
2025-01-16,5,11.3,8.0,17.8,0,71.0,18.0,0.6
2025-01-16,6,10.7,7.0,15.4,0,74.0,11.5,1.5
2025-01-16,7,12.7,7.6,18.5,0.9,88.0,19.4,4.9
2025-01-16,8,13.5,10.2,18.1,0,88.0,8.2,2.1
2025-01-16,9,9.5,6.2,12.5,0,53.0,30.2,1.4
2025-01-16,10,11.7,8.5,15.7,1.7,74.0,6.0,3.3
2025-01-16,11,9.9,5.3,15.1,0.1,81.0,15.6,5.9
2025-01-16,12,9.9,4.9,13.5,0,77.0,11.5,2.2
2025-01-16,13,9.1,3.3,15.9,0.9,64.0,26.8,2.8
2025-01-16,14,10.2,6.4,15.9,0,73.0,25.8,2.2
2025-01-16,15,8.3,2.8,12.6,0.5,88.0,11.3,1.6
2025-01-16,16,11.9,8.4,15.8,2.4,80.0,1.6,0.6
2025-01-16,17,7.0,3.6,11.5,0,53.0,9.7,3.2
2025-01-16,18,4.2,0.7,10.6,0.9,44.0,1.0,3.6
2025-01-16,19,12.2,8.9,16.4,0,58.0,0.9,3.6
2025-01-16,20,15.0,9.2,18.0,0,62.0,19.0,3.4
2025-01-16,21,7.8,3.2,14.4,5.6,69.0,11.2,1.3
2025-01-16,22,8.0,3.7,12.1,0,66.0,34.1,1.5
2025-01-16,23,7.0,2.7,13.8,0,56.0,5.6,2.7
2025-01-16,24,8.9,5.4,12.4,3.9,62.0,11.8,3.7
2025-01-16,25,6.7,2.0,9.7,3.6,61.0,10.8,1.8
2025-01-17,1,8.6,5.6,11.8,11.7,72.0,1.0,2.5
2025-01-17,2,10.0,6.1,14.6,3.2,80.0,21.4,0.8
2025-01-17,3,8.2,3.6,15.0,3.4,81.0,22.9,2.8
2025-01-17,4,6.7,2.7,13.1,2.2,84.0,4.5,2.8
2025-01-17,5,8.2,5.2,11.7,11.0,53.0,10.9,6.9
2025-01-17,6,11.0,5.5,15.3,0,82.0,21.5,1.4
2025-01-17,7,12.5,7.1,18.2,2.1,65.0,18.1,4.2
2025-01-17,8,10.0,6.9,13.2,5.8,74.0,10.3,4.2
2025-01-17,9,13.5,9.1,16.7,0,60.0,12.5,0
2025-01-17,10,12.4,8.4,15.9,0,65.0,17.0,1.9
2025-01-17,11,9.3,4.2,14.7,2.3,84.0,5.3,1.8
2025-01-17,12,7.9,4.2,12.1,0,83.0,11.4,4.0
2025-01-17,13,10.6,6.2,14.1,0,54.0,16.0,3.2
2025-01-17,14,14.4,10.2,18.8,0,84.0,6.6,1.5
2025-01-17,15,9.0,5.7,12.1,2.5,87.0,12.3,3.9
2025-01-17,16,12.9,8.4,17.8,0,98.0,5.7,2.1
2025-01-17,17,8.5,3.1,14.7,0,54.0,20.9,1.1
2025-01-17,18,6.5,2.2,11.6,0,48.0,12.8,3.0
2025-01-17,19,9.1,5.4,12.7,0,61.0,22.9,4.2
2025-01-17,20,11.6,7.5,17.9,0,62.0,25.3,5.6
2025-01-17,21,7.3,3.1,10.5,2.1,80.0,21.9,4.2
2025-01-17,22,6.6,1.3,10.5,10.6,57.0,4.9,1.6
2025-01-17,23,10.2,6.2,13.9,0,47.0,15.1,2.2
2025-01-17,24,7.6,3.8,11.9,0,81.0,6.5,2.7
2025-01-17,25,6.4,3.0,13.2,2.9,61.0,19.8,0.9
2025-01-18,1,8.1,4.3,13.0,3.2,75.0,13.2,0.6
2025-01-18,2,11.5,8.4,16.6,0,83.0,13.8,2.6
2025-01-18,3,10.6,7.3,16.0,0,72.0,13.8,0
2025-01-18,4,9.8,5.2,16.6,0,77.0,20.9,1.4
2025-01-18,5,7.7,2.0,14.1,0,80.0,13.0,3.0
2025-01-18,6,11.0,7.2,15.4,0,79.0,20.8,3.3
2025-01-18,7,10.0,4.7,14.0,0,84.0,4.6,2.0
2025-01-18,8,9.9,6.9,16.1,0,75.0,22.5,6.5
2025-01-18,9,11.0,6.2,16.9,1.1,78.0,31.5,2.8
2025-01-18,10,10.1,4.7,13.2,0,59.0,9.8,0
2025-01-18,11,10.7,7.2,14.2,2.2,78.0,15.3,5.4
2025-01-18,12,10.2,4.8,16.6,1.6,79.0,21.5,0
2025-01-18,13,8.5,4.8,14.7,0.4,60.0,19.7,2.6
2025-01-18,14,11.0,7.4,15.9,0,74.0,8.8,5.1
2025-01-18,15,9.2,6.1,12.8,2.0,74.0,19.0,3.2
2025-01-18,16,11.7,7.2,15.7,0,72.0,11.2,3.3
2025-01-18,17,9.1,4.3,14.1,0,52.0,28.9,1.7
2025-01-18,18,5.4,0.2,11.3,0,67.0,4.5,1.4
2025-01-18,19,12.8,8.1,16.1,0,54.0,24.3,3.8
2025-01-18,20,12.2,6.6,19.0,0,61.0,26.9,3.8
2025-01-18,21,6.9,1.4,12.2,0,64.0,7.4,4.3
2025-01-18,22,7.3,3.7,13.7,4.3,55.0,4.1,1.8
2025-01-18,23,9.8,6.0,15.2,0.1,48.0,19.7,2.4
2025-01-18,24,9.5,6.4,15.4,7.1,65.0,18.6,2.3
2025-01-18,25,6.0,1.6,11.3,4.0,51.0,18.2,4.0
2025-01-19,1,8.7,4.9,15.2,0,68.0,22.5,1.9
2025-01-19,2,10.1,5.4,14.7,0.7,63.0,5.8,3.6
2025-01-19,3,7.7,4.6,11.9,12.4,64.0,18.3,0.3
2025-01-19,4,8.9,3.7,12.6,0,69.0,28.5,0.8
2025-01-19,5,10.6,5.2,15.1,0,81.0,13.8,0.7
2025-01-19,6,8.0,2.4,11.6,0.8,76.0,15.8,4.7
2025-01-19,7,12.7,9.6,19.6,0,78.0,16.1,4.2
2025-01-19,8,11.6,8.1,17.9,3.0,73.0,15.0,1.6
2025-01-19,9,11.5,7.1,14.5,0,70.0,9.7,2.7
2025-01-19,10,9.1,4.2,14.2,0,71.0,13.9,5.4
2025-01-19,11,10.2,7.1,15.4,0,97.0,19.0,0.4
2025-01-19,12,8.8,5.3,14.6,0,79.0,15.1,5.0
2025-01-19,13,9.3,5.2,13.6,2.6,66.0,15.0,3.7
2025-01-19,14,9.1,6.1,15.9,0,68.0,24.8,3.1
2025-01-19,15,10.1,4.9,16.6,0,85.0,28.5,1.0
2025-01-19,16,11.6,8.6,17.8,0,81.0,4.4,2.2
2025-01-19,17,6.1,1.6,11.4,0,41.0,14.7,3.3
2025-01-19,18,5.9,0.7,10.2,0,63.0,8.6,2.6
2025-01-19,19,12.6,7.9,19.4,0,63.0,19.9,3.9
2025-01-19,20,13.3,7.5,19.5,0,64.0,33.2,2.4
2025-01-19,21,7.1,4.0,11.2,4.7,60.0,10.0,3.6
2025-01-19,22,9.0,4.5,13.6,0.5,71.0,12.1,1.5
2025-01-19,23,12.5,9.5,17.3,0,42.0,16.5,1.4
2025-01-19,24,7.8,4.7,12.7,0,85.0,26.5,4.4
2025-01-19,25,6.1,0.5,11.0,0.9,66.0,12.0,1.7
2025-01-20,1,14.0,8.5,20.9,0,80.0,0.6,0
2025-01-20,2,11.3,6.3,17.0,0,58.0,20.3,2.6
2025-01-20,3,9.3,5.2,15.3,0,58.0,18.9,1.9
2025-01-20,4,9.7,6.2,16.3,0,63.0,30.0,4.5
2025-01-20,5,8.1,2.6,12.6,1.4,76.0,7.4,4.3
2025-01-20,6,8.5,3.8,15.1,0.7,80.0,14.9,0.9
2025-01-20,7,11.1,6.7,17.6,0,73.0,25.1,4.1
2025-01-20,8,9.9,4.1,13.9,0,80.0,23.4,1.9
2025-01-20,9,11.4,6.2,15.8,0,59.0,14.1,2.0
2025-01-20,10,10.8,7.0,17.5,0,74.0,11.9,2.6
2025-01-20,11,10.7,6.7,14.6,0,80.0,21.9,5.1
2025-01-20,12,10.8,5.7,14.2,0.4,76.0,16.3,2.9
2025-01-20,13,9.9,6.0,13.6,0,65.0,2.3,4.5
2025-01-20,14,9.5,6.4,15.5,1.5,68.0,10.4,3.4
2025-01-20,15,9.4,5.0,13.0,6.7,84.0,9.8,3.9
2025-01-20,16,11.7,7.3,17.0,0,73.0,25.4,0
2025-01-20,17,9.2,4.7,12.8,0,48.0,17.5,3.1
2025-01-20,18,10.5,6.2,14.7,0,62.0,1.2,3.2
2025-01-20,19,11.7,8.2,15.2,0,65.0,8.0,3.6
2025-01-20,20,10.9,5.9,15.6,0,76.0,14.4,2.0
2025-01-20,21,6.3,2.2,10.8,0,64.0,19.0,3.2
2025-01-20,22,6.3,2.9,11.8,6.5,72.0,2.2,4.5
2025-01-20,23,9.4,5.0,14.8,0,42.0,14.4,0.4
2025-01-20,24,7.9,4.2,13.4,0,77.0,5.5,3.2
2025-01-20,25,7.9,2.5,13.0,0,70.0,20.9,1.4
2025-01-21,1,12.9,8.2,16.9,0,71.0,25.0,2.4
2025-01-21,2,9.4,5.0,13.4,3.4,84.0,14.4,3.4
2025-01-21,3,12.9,9.0,17.6,6.1,68.0,11.5,4.1
2025-01-21,4,8.2,3.0,11.2,0,81.0,20.0,1.4
2025-01-21,5,11.4,6.2,15.3,0.5,75.0,21.9,1.9
2025-01-21,6,9.2,6.1,15.6,2.3,83.0,30.9,4.0
2025-01-21,7,11.6,8.1,16.5,1.8,89.0,19.8,1.2
2025-01-21,8,10.6,6.3,14.4,0,78.0,22.1,1.0
2025-01-21,9,12.2,7.8,17.2,0,73.0,14.7,5.2
2025-01-21,10,9.6,5.8,13.7,0,74.0,5.4,4.2
2025-01-21,11,13.5,8.5,18.2,0.0,72.0,13.8,3.7
2025-01-21,12,10.8,6.7,17.8,0.2,73.0,10.6,1.3
2025-01-21,13,9.4,4.5,12.5,0,51.0,9.7,0.4
2025-01-21,14,11.8,6.8,17.6,0,70.0,13.5,4.1
2025-01-21,15,7.3,3.9,10.7,0.7,82.0,15.8,3.2
2025-01-21,16,12.4,6.6,15.7,0,75.0,21.6,1.4
2025-01-21,17,6.1,0.8,10.9,0,54.0,18.6,2.1
2025-01-21,18,5.2,1.7,11.9,0,59.0,14.3,1.6
2025-01-21,19,11.8,8.6,16.9,0,55.0,19.2,2.7
2025-01-21,20,13.3,7.8,18.5,0,64.0,23.1,4.4
2025-01-21,21,7.7,3.0,12.1,6.7,69.0,11.0,3.8
2025-01-21,22,8.0,2.6,12.2,1.2,72.0,18.4,4.0
2025-01-21,23,8.7,4.5,15.2,0.2,55.0,12.4,4.3
2025-01-21,24,10.1,5.1,14.3,3.1,76.0,11.7,1.2
2025-01-21,25,7.7,3.2,11.5,0,54.0,11.5,3.7
2025-01-22,1,10.1,5.7,14.6,4.3,80.0,13.8,0.2
2025-01-22,2,9.5,4.4,14.4,2.0,79.0,9.7,2.4
2025-01-22,3,9.4,4.8,13.9,0,68.0,2.0,3.7
2025-01-22,4,11.0,6.6,17.2,1.1,85.0,20.4,4.0
2025-01-22,5,10.0,6.5,15.7,0.5,71.0,6.5,5.0
2025-01-22,6,9.8,5.1,15.1,0,74.0,18.5,2.9
2025-01-22,7,11.9,7.8,18.4,0,75.0,26.5,3.3
2025-01-22,8,12.7,9.6,18.6,0,68.0,13.1,5.3
2025-01-22,9,11.1,7.5,14.2,0,71.0,6.3,3.3
2025-01-22,10,11.5,6.9,17.7,3.8,68.0,9.8,2.9
2025-01-22,11,10.0,5.4,16.4,0,89.0,14.1,0.6
2025-01-22,12,11.5,7.3,17.5,5.8,84.0,18.0,4.8
2025-01-22,13,10.3,6.7,14.6,0,58.0,24.5,2.7
2025-01-22,14,15.0,11.7,19.1,0,69.0,22.7,5.1
2025-01-22,15,10.0,4.8,13.1,0,84.0,17.7,5.3
2025-01-22,16,13.1,7.8,16.6,0,69.0,18.4,4.0
2025-01-22,17,10.2,6.3,14.8,0,60.0,18.1,1.4
2025-01-22,18,3.9,0.5,8.4,0,53.0,15.8,3.4
2025-01-22,19,9.7,4.6,13.8,0,60.0,12.8,1.4
2025-01-22,20,14.3,10.7,18.9,0,66.0,0.4,3.0
2025-01-22,21,5.0,1.8,11.4,0.4,73.0,27.7,2.2
2025-01-22,22,8.9,5.1,13.5,0,66.0,20.0,3.1
2025-01-22,23,9.2,5.9,15.2,0,47.0,19.7,3.5
2025-01-22,24,11.6,8.5,15.8,6.1,84.0,22.4,3.6
2025-01-22,25,5.2,-0.5,11.5,0,56.0,11.8,0.9
2025-01-23,1,10.7,7.5,17.2,0,63.0,5.7,3.5
2025-01-23,2,8.6,2.8,15.6,0,82.0,25.5,2.4
2025-01-23,3,9.8,5.0,15.5,7.1,69.0,1.1,4.0
2025-01-23,4,8.8,5.7,15.8,0,69.0,19.3,2.0
2025-01-23,5,12.0,8.5,16.1,0,72.0,14.3,2.1
2025-01-23,6,9.9,5.3,13.0,1.5,72.0,29.4,3.4
2025-01-23,7,11.3,5.4,16.3,0,65.0,29.0,4.1
2025-01-23,8,10.6,7.5,15.4,0,61.0,17.4,6.6
2025-01-23,9,10.8,7.4,17.8,0,71.0,12.5,4.3
2025-01-23,10,11.0,6.0,15.4,0,75.0,14.4,4.4
2025-01-23,11,12.6,7.9,16.6,0,84.0,14.3,0.4
2025-01-23,12,10.6,7.3,15.6,1.9,84.0,5.0,3.6
2025-01-23,13,10.2,6.9,15.1,4.7,70.0,20.2,3.0
2025-01-23,14,13.4,9.4,18.9,0,82.0,18.3,2.4
2025-01-23,15,10.4,6.0,14.9,0,82.0,19.5,4.7
2025-01-23,16,9.4,6.2,13.5,0,52.0,2.3,2.6
2025-01-23,17,7.3,4.1,11.3,0,61.0,13.8,3.6
2025-01-23,18,6.6,1.7,10.4,0,60.0,22.0,3.9
2025-01-23,19,12.5,8.2,19.4,0,59.0,26.2,4.1
2025-01-23,20,13.2,7.9,19.2,0,50.0,5.9,4.3
2025-01-23,21,6.1,1.3,10.1,0,60.0,10.8,3.1
2025-01-23,22,6.1,2.4,12.7,0,64.0,21.5,4.2
2025-01-23,23,7.9,2.3,11.6,0,44.0,15.7,3.5
2025-01-23,24,9.3,5.8,12.5,0.9,83.0,13.2,2.3
2025-01-23,25,7.3,4.0,12.5,0,35.0,19.0,4.5
2025-01-24,1,10.7,6.9,14.9,0,63.0,26.3,3.5
2025-01-24,2,11.4,7.6,15.1,3.2,70.0,5.8,5.0
2025-01-24,3,10.1,5.0,14.2,3.4,77.0,26.1,6.9
2025-01-24,4,8.1,4.8,11.2,0,72.0,24.9,3.2
2025-01-24,5,8.2,3.1,14.1,3.0,70.0,14.5,1.4
2025-01-24,6,11.2,5.4,18.1,1.1,74.0,30.4,5.0
2025-01-24,7,9.9,6.7,16.1,2.7,78.0,9.1,4.2
2025-01-24,8,11.9,7.9,18.5,2.6,70.0,7.4,3.7
2025-01-24,9,10.2,4.9,15.5,1.3,76.0,27.5,2.4
2025-01-24,10,13.6,10.6,18.2,0,78.0,3.0,1.4
2025-01-24,11,13.6,7.9,20.4,5.4,88.0,9.3,0.5
2025-01-24,12,11.2,6.6,14.7,0,70.0,7.0,3.2
2025-01-24,13,9.0,4.6,14.8,1.4,67.0,13.2,2.8
2025-01-24,14,11.4,7.3,15.1,0,63.0,21.0,3.0
2025-01-24,15,10.7,5.8,13.8,1.0,92.0,17.6,2.9
2025-01-24,16,12.2,8.7,16.3,0.3,79.0,26.8,2.3
2025-01-24,17,11.9,8.5,18.4,0,43.0,15.1,1.4
2025-01-24,18,7.3,1.7,10.3,0,64.0,1.7,1.5
2025-01-24,19,10.7,5.9,16.5,0,73.0,12.2,3.3
2025-01-24,20,12.7,8.1,16.1,0,66.0,22.9,4.5
2025-01-24,21,9.0,6.0,14.2,0.4,67.0,14.6,1.7
2025-01-24,22,7.1,3.3,12.7,0.7,48.0,6.3,1.6
2025-01-24,23,9.3,4.6,13.9,0,33.0,16.4,3.1
2025-01-24,24,8.4,5.2,13.1,0,77.0,2.0,3.4
2025-01-24,25,8.5,3.7,11.7,0,58.0,15.5,5.9
2025-01-25,1,9.8,3.8,16.1,0,84.0,6.9,4.5
2025-01-25,2,10.2,6.3,14.8,0,75.0,20.6,2.1
2025-01-25,3,7.3,1.3,14.0,0,64.0,9.4,1.8
2025-01-25,4,11.5,6.3,15.4,0.0,64.0,3.6,2.4
2025-01-25,5,8.6,5.2,13.4,0,87.0,26.2,1.9
2025-01-25,6,9.2,3.9,14.3,10.5,80.0,8.7,4.8
2025-01-25,7,14.0,9.3,19.9,5.7,77.0,8.5,1.4
2025-01-25,8,11.9,5.9,15.7,0,68.0,19.9,4.2
2025-01-25,9,13.9,9.5,18.4,0,74.0,1.0,0.1
2025-01-25,10,9.8,6.1,15.0,0,75.0,15.4,2.6
2025-01-25,11,10.1,4.9,13.2,0,70.0,10.1,2.4
2025-01-25,12,9.3,6.3,15.3,0,84.0,17.9,2.9
2025-01-25,13,10.6,5.9,17.0,1.8,64.0,18.4,2.2
2025-01-25,14,10.2,6.2,16.5,0,67.0,12.4,4.7
2025-01-25,15,9.5,4.2,16.0,3.8,83.0,27.6,4.5
2025-01-25,16,10.9,6.1,16.6,0,69.0,18.6,2.1
2025-01-25,17,8.1,2.6,13.1,0,47.0,19.5,2.1
2025-01-25,18,8.2,5.2,12.6,0,53.0,18.5,4.4
2025-01-25,19,14.7,10.4,19.3,0,61.0,22.3,3.0
2025-01-25,20,12.1,7.0,18.7,0,65.0,5.4,3.3
2025-01-25,21,7.8,2.4,14.6,0,62.0,23.9,2.9
2025-01-25,22,7.6,1.8,11.6,3.0,58.0,13.0,2.1
2025-01-25,23,11.2,5.6,17.0,0,34.0,22.9,4.4
2025-01-25,24,10.2,6.1,13.5,2.0,78.0,3.8,4.9
2025-01-25,25,9.6,6.2,14.5,0,33.0,5.9,5.3
2025-01-26,1,11.5,5.7,16.9,0,70.0,19.9,3.4
2025-01-26,2,13.7,7.8,17.6,3.1,79.0,17.1,2.4
2025-01-26,3,9.6,4.6,12.8,0,67.0,13.6,1.5
2025-01-26,4,10.8,7.2,14.7,0,67.0,24.0,3.5
2025-01-26,5,9.1,5.6,15.9,0,68.0,9.0,1.2
2025-01-26,6,10.4,6.3,17.1,7.0,62.0,17.0,0.8
2025-01-26,7,12.3,6.7,18.0,0,73.0,12.0,1.3
2025-01-26,8,13.9,8.9,20.0,0,85.0,17.3,6.4
2025-01-26,9,11.3,7.3,17.9,0,82.0,10.3,5.9
2025-01-26,10,10.1,6.9,16.1,0,68.0,22.2,6.6
2025-01-26,11,13.3,8.6,17.6,0,74.0,15.7,4.2
2025-01-26,12,10.2,5.9,15.4,0,82.0,3.3,1.4
2025-01-26,13,9.3,4.4,14.5,0,65.0,14.2,1.1
2025-01-26,14,12.4,6.4,15.5,0,73.0,30.7,3.5
2025-01-26,15,10.5,5.0,14.6,0.9,82.0,12.9,3.3
2025-01-26,16,10.9,6.3,17.6,0,63.0,6.5,3.3
2025-01-26,17,6.6,1.7,11.6,0,60.0,9.8,4.5
2025-01-26,18,5.8,1.8,11.4,0,63.0,29.8,0.4
2025-01-26,19,15.0,10.7,18.0,0,67.0,18.7,3.3
2025-01-26,20,12.8,8.7,18.0,0,62.0,28.0,3.1
2025-01-26,21,7.9,3.9,11.9,0,69.0,13.6,0.1
2025-01-26,22,8.1,3.9,12.4,0,72.0,14.8,3.4
2025-01-26,23,8.5,3.1,14.1,0,45.0,15.9,3.2
2025-01-26,24,11.5,6.6,15.8,2.5,76.0,9.7,3.6
2025-01-26,25,7.6,2.9,11.2,0,51.0,23.3,4.5
2025-01-27,1,11.1,6.1,16.0,1.5,58.0,20.0,1.6
2025-01-27,2,9.8,4.0,14.5,4.3,84.0,13.6,1.3
2025-01-27,3,9.8,4.7,16.7,3.7,64.0,3.0,4.2
2025-01-27,4,9.6,3.7,13.0,0,70.0,1.6,6.1
2025-01-27,5,9.6,5.0,15.7,0,64.0,14.8,3.8
2025-01-27,6,9.1,3.4,14.7,2.4,83.0,27.0,3.2
2025-01-27,7,13.0,9.4,16.9,7.9,69.0,18.9,3.6
2025-01-27,8,10.2,6.6,16.3,0,67.0,16.8,4.4
2025-01-27,9,11.0,7.9,15.7,0,71.0,5.8,1.4
2025-01-27,10,10.2,4.4,14.6,0,78.0,15.2,0.0
2025-01-27,11,11.4,7.5,14.5,0,79.0,5.6,5.2
2025-01-27,12,10.2,5.3,17.1,16.0,74.0,13.7,1.1
2025-01-27,13,8.7,3.7,12.3,1.0,61.0,9.9,5.6
2025-01-27,14,12.9,7.7,16.7,0.4,57.0,12.0,1.4
2025-01-27,15,8.2,4.2,15.2,0,82.0,16.4,5.0
2025-01-27,16,11.0,7.1,16.3,0.1,71.0,16.8,2.0
2025-01-27,17,7.7,2.9,12.2,0,51.0,8.2,1.9
2025-01-27,18,3.4,-0.5,7.1,0,63.0,17.9,4.0
2025-01-27,19,13.0,9.7,16.2,0,61.0,12.6,1.8
2025-01-27,20,16.9,13.0,20.8,0,50.0,6.2,3.8
2025-01-27,21,6.0,1.3,11.1,3.6,65.0,25.1,3.6
2025-01-27,22,8.0,4.0,13.8,2.6,63.0,19.1,1.2
2025-01-27,23,10.2,5.3,14.7,0,39.0,14.1,4.8
2025-01-27,24,11.3,7.6,15.8,0,81.0,15.0,1.3
2025-01-27,25,10.3,5.7,13.7,0,47.0,20.1,1.6
2025-01-28,1,9.1,3.4,15.6,0,71.0,7.5,2.9
2025-01-28,2,10.2,7.0,14.6,6.1,66.0,27.9,2.7
2025-01-28,3,10.7,7.6,13.8,0,58.0,17.6,3.1
2025-01-28,4,10.3,5.3,14.6,3.6,76.0,9.4,2.9
2025-01-28,5,10.5,4.9,15.4,0,81.0,7.1,3.0
2025-01-28,6,10.9,5.0,16.8,0.6,91.0,2.2,3.0
2025-01-28,7,11.3,6.1,15.0,0,65.0,12.7,4.6
2025-01-28,8,14.4,9.2,20.8,0,85.0,24.0,4.1
2025-01-28,9,12.2,6.8,15.7,0,80.0,21.8,4.5
2025-01-28,10,10.4,6.2,16.8,0,75.0,15.1,1.9
2025-01-28,11,11.5,7.6,15.4,0,87.0,16.4,3.9
2025-01-28,12,14.4,10.5,20.2,12.6,81.0,19.6,2.2
2025-01-28,13,8.7,4.6,14.0,0,71.0,16.8,1.4
2025-01-28,14,9.4,5.6,15.2,0,69.0,15.4,2.3
2025-01-28,15,14.4,10.4,18.0,4.7,80.0,17.3,3.1
2025-01-28,16,10.4,4.5,14.5,5.2,67.0,9.4,3.4
2025-01-28,17,10.3,4.7,14.8,0,53.0,20.8,5.1
2025-01-28,18,5.2,1.7,8.5,1.4,43.0,14.7,4.9
2025-01-28,19,12.4,7.3,19.1,0,62.0,19.4,3.3
2025-01-28,20,14.2,9.3,18.1,0,56.0,16.2,2.1
2025-01-28,21,9.4,4.9,14.2,0,63.0,26.9,2.8
2025-01-28,22,8.0,2.4,11.6,4.7,69.0,3.8,0
2025-01-28,23,12.5,8.3,15.5,0,30.0,12.9,1.9
2025-01-28,24,10.2,7.2,15.0,0.4,70.0,22.1,2.6
2025-01-28,25,7.6,3.9,11.6,2.0,54.0,11.0,3.1
2025-01-29,1,9.2,4.2,15.7,0.5,72.0,31.4,3.1
2025-01-29,2,10.0,6.6,16.1,2.6,66.0,0.6,1.3
2025-01-29,3,8.9,5.0,14.8,1.6,80.0,13.9,3.7
2025-01-29,4,10.7,6.7,15.7,0,79.0,5.2,0.0
2025-01-29,5,9.2,6.0,13.6,0,84.0,22.6,2.3
2025-01-29,6,11.5,6.3,14.5,9.7,67.0,18.5,2.3
2025-01-29,7,12.8,7.9,19.8,0,70.0,4.2,2.3
2025-01-29,8,11.6,8.1,16.6,0,68.0,14.6,0
2025-01-29,9,11.9,7.9,17.2,0,68.0,22.0,1.8
2025-01-29,10,11.3,7.7,15.7,1.3,65.0,8.7,2.2
2025-01-29,11,12.0,6.3,16.8,0,79.0,15.7,3.6
2025-01-29,12,13.0,8.7,19.5,0,62.0,3.7,0.4
2025-01-29,13,9.0,3.9,14.2,0,69.0,23.7,0.9
2025-01-29,14,11.0,6.6,17.6,0,80.0,18.4,4.1
2025-01-29,15,9.1,4.2,14.3,0,86.0,8.3,5.0
2025-01-29,16,14.2,8.5,18.1,1.5,84.0,15.8,4.9
2025-01-29,17,9.3,4.7,12.3,1.6,52.0,15.6,2.4
2025-01-29,18,5.3,2.2,8.6,1.4,58.0,28.6,1.8
2025-01-29,19,13.5,7.6,19.7,2.1,74.0,5.0,3.0
2025-01-29,20,12.0,7.1,15.8,0,73.0,18.7,0.2
2025-01-29,21,8.7,3.0,12.7,1.6,59.0,6.2,4.3
2025-01-29,22,6.7,2.5,13.1,0,72.0,21.7,3.4
2025-01-29,23,12.2,7.9,18.4,0,52.0,15.3,3.3
2025-01-29,24,12.1,6.3,18.6,7.5,90.0,15.7,3.0
2025-01-29,25,8.0,5.0,12.6,0,54.0,22.3,4.2
2025-01-30,1,10.2,4.4,15.6,2.3,79.0,0.1,4.3
2025-01-30,2,7.2,4.0,13.4,0,82.0,21.9,3.0
2025-01-30,3,8.8,4.8,13.7,0,90.0,26.1,5.7
2025-01-30,4,10.1,5.3,16.9,0,64.0,11.8,4.5
2025-01-30,5,11.2,6.0,16.6,0,70.0,17.8,4.9
2025-01-30,6,10.6,6.0,14.1,0,77.0,19.2,2.7
2025-01-30,7,14.4,10.2,18.5,0,78.0,24.1,3.1
2025-01-30,8,14.1,11.0,21.0,0,80.0,20.6,5.2
2025-01-30,9,10.5,4.8,17.1,0,70.0,4.9,3.6
2025-01-30,10,13.2,8.9,18.8,0,72.0,4.9,2.8
2025-01-30,11,10.7,5.0,14.4,0,73.0,9.0,2.8
2025-01-30,12,8.0,2.9,12.6,1.3,63.0,10.9,2.3
2025-01-30,13,9.9,4.5,13.6,0.4,64.0,4.9,0
2025-01-30,14,14.4,11.1,18.4,0.5,61.0,20.8,2.4
2025-01-30,15,9.4,4.6,13.7,6.1,77.0,20.4,4.6
2025-01-30,16,12.7,9.6,16.1,0,88.0,5.6,2.1
2025-01-30,17,9.5,4.9,13.8,0.9,59.0,15.8,3.0
2025-01-30,18,8.4,2.8,14.2,0,59.0,21.3,3.1
2025-01-30,19,12.6,9.0,18.9,0,62.0,26.3,3.9
2025-01-30,20,13.8,9.3,17.5,0,68.0,23.3,0.8
2025-01-30,21,5.1,-0.0,9.7,0.3,68.0,19.6,4.7
2025-01-30,22,9.9,5.5,13.8,2.9,54.0,15.5,4.7
2025-01-30,23,9.9,5.8,15.3,0,36.0,26.7,5.2
2025-01-30,24,11.7,6.5,16.8,3.4,69.0,3.2,0
2025-01-30,25,8.1,4.1,11.6,0,57.0,16.1,3.2
2025-01-31,1,10.9,6.8,15.1,2.9,71.0,6.3,4.4
2025-01-31,2,9.9,5.3,15.5,0,58.0,10.3,5.2
2025-01-31,3,10.8,5.7,17.7,2.8,55.0,17.9,2.3
2025-01-31,4,9.2,5.8,15.6,2.4,63.0,22.0,0.1
2025-01-31,5,11.2,5.3,17.0,0,73.0,19.8,2.1
2025-01-31,6,11.7,7.0,16.6,0,82.0,30.6,2.8
2025-01-31,7,9.9,6.8,14.1,0,67.0,12.6,3.6
2025-01-31,8,12.3,7.6,18.0,0,99.0,5.4,5.2
2025-01-31,9,13.4,8.1,18.8,0,72.0,4.8,3.6
2025-01-31,10,10.8,5.8,17.2,2.0,79.0,8.0,6.1
2025-01-31,11,11.4,7.8,17.0,0,76.0,17.5,2.4
2025-01-31,12,11.7,6.4,16.4,0.1,59.0,23.0,4.0
2025-01-31,13,9.5,4.8,13.3,0,77.0,10.3,1.3
2025-01-31,14,11.5,7.1,17.5,0,79.0,13.0,2.4
2025-01-31,15,10.7,5.6,15.7,0,78.0,15.3,3.0
2025-01-31,16,11.3,6.3,17.7,1.9,72.0,8.7,3.0
2025-01-31,17,12.6,7.7,16.5,0,36.0,20.5,4.6
2025-01-31,18,7.1,2.2,10.2,2.0,55.0,13.6,0.8
2025-01-31,19,14.1,8.5,17.3,0,66.0,6.7,4.9
2025-01-31,20,11.9,7.8,18.5,0,55.0,12.9,5.1
2025-01-31,21,8.5,5.2,11.6,14.0,58.0,6.8,3.5
2025-01-31,22,8.2,3.4,11.5,1.3,77.0,3.4,1.9
2025-01-31,23,12.4,6.6,18.9,0,53.0,12.9,3.1
2025-01-31,24,13.4,9.2,20.0,2.4,73.0,5.9,3.5
2025-01-31,25,8.8,3.8,12.7,0,51.0,8.5,4.2
2025-02-01,1,9.4,4.1,13.6,1.5,76.0,11.8,2.5
2025-02-01,2,10.4,5.9,16.2,0,77.0,18.6,2.2
2025-02-01,3,12.9,8.7,16.1,0,83.0,17.1,3.4
2025-02-01,4,11.8,6.7,16.2,0,66.0,16.1,2.3
2025-02-01,5,13.2,8.2,19.8,0,67.0,25.0,5.4
2025-02-01,6,7.9,3.0,14.8,0,63.0,8.9,0.3
2025-02-01,7,12.7,9.1,16.7,0,96.0,10.1,3.3
2025-02-01,8,8.3,3.9,13.7,0,89.0,0.5,4.3
2025-02-01,9,11.9,8.7,15.4,0,58.0,5.2,3.6
2025-02-01,10,15.9,12.6,20.7,0,75.0,8.3,4.1
2025-02-01,11,10.2,6.6,15.8,6.3,72.0,10.0,4.8
2025-02-01,12,11.4,5.4,17.6,9.1,72.0,5.4,0.8
2025-02-01,13,11.8,7.9,17.3,1.5,58.0,12.5,2.5
2025-02-01,14,14.9,10.7,19.1,0,54.0,21.0,1.1
2025-02-01,15,13.0,8.8,19.7,1.4,89.0,1.0,6.3
2025-02-01,16,11.0,5.2,17.6,0,92.0,27.1,2.9
2025-02-01,17,10.5,7.0,13.9,0,52.0,24.2,2.5
2025-02-01,18,7.9,4.4,12.2,0.9,51.0,29.6,4.6
2025-02-01,19,14.2,10.7,17.3,0,42.0,20.5,4.5
2025-02-01,20,12.3,8.9,19.0,0,55.0,11.0,2.7
2025-02-01,21,11.7,6.5,18.1,0,68.0,20.4,2.9
2025-02-01,22,9.3,3.3,14.9,8.3,70.0,18.1,4.2
2025-02-01,23,10.4,7.1,14.5,1.1,40.0,17.4,3.8
2025-02-01,24,13.5,9.3,16.6,7.5,70.0,11.2,1.7
2025-02-01,25,9.8,5.5,12.9,0,63.0,15.7,3.6
2025-02-02,1,11.1,6.3,16.5,5.6,63.0,14.2,4.7
2025-02-02,2,10.4,7.3,15.9,12.0,63.0,0.2,4.6
2025-02-02,3,10.1,6.6,15.8,0,66.0,26.3,1.0
2025-02-02,4,11.7,6.6,16.6,2.1,82.0,27.6,4.2
2025-02-02,5,10.4,5.5,17.0,0,77.0,6.9,3.0
2025-02-02,6,12.0,7.7,18.7,0,84.0,20.6,3.1
2025-02-02,7,13.2,9.5,19.3,0,80.0,18.9,4.9
2025-02-02,8,14.5,10.6,20.6,0,79.0,11.9,4.3
2025-02-02,9,11.1,7.3,15.0,0,58.0,15.8,4.8
2025-02-02,10,13.6,8.1,17.3,1.9,65.0,21.1,1.9
2025-02-02,11,10.6,5.6,14.4,0,72.0,14.5,4.6
2025-02-02,12,12.1,8.1,15.7,15.9,78.0,10.0,4.6
2025-02-02,13,8.5,3.2,14.0,1.4,63.0,12.2,3.9
2025-02-02,14,14.9,9.6,20.7,0,76.0,18.7,0.7
2025-02-02,15,9.7,6.7,16.7,0.8,90.0,10.6,0.4
2025-02-02,16,14.2,9.6,19.5,0,65.0,12.0,4.1
2025-02-02,17,9.9,4.3,14.8,0,36.0,3.7,3.6
2025-02-02,18,7.7,3.1,11.4,0,33.0,26.2,4.1
2025-02-02,19,13.8,10.5,17.1,0.8,63.0,19.7,5.1
2025-02-02,20,15.0,9.3,18.8,0,74.0,20.4,1.8
2025-02-02,21,7.0,1.3,10.4,8.9,67.0,9.1,3.9
2025-02-02,22,9.4,4.0,14.0,0,66.0,22.1,1.9
2025-02-02,23,14.7,10.6,18.6,0,34.0,2.8,1.8
2025-02-02,24,13.1,9.7,19.9,0,80.0,14.9,2.9
2025-02-02,25,8.1,4.7,13.2,0,54.0,8.8,0.1
2025-02-03,1,12.5,8.8,18.0,1.1,68.0,18.9,4.5
2025-02-03,2,12.7,8.7,16.4,1.1,68.0,15.7,3.7
2025-02-03,3,11.2,6.0,15.1,0,71.0,34.7,2.3
2025-02-03,4,10.9,6.6,14.0,3.8,73.0,14.8,4.6
2025-02-03,5,11.8,5.9,18.4,1.7,76.0,0.4,3.4
2025-02-03,6,9.4,5.8,15.5,0,84.0,18.6,3.8
2025-02-03,7,10.0,4.3,16.0,0,71.0,15.0,4.4
2025-02-03,8,10.9,6.8,16.5,0,73.0,22.1,2.0
2025-02-03,9,12.5,8.9,17.9,0,68.0,8.2,2.0
2025-02-03,10,11.9,7.9,16.9,0,58.0,4.9,3.6
2025-02-03,11,11.7,6.4,16.4,0,74.0,16.5,4.1
2025-02-03,12,11.3,7.8,15.2,0.4,62.0,41.9,6.4
2025-02-03,13,10.0,4.7,14.3,2.2,57.0,19.5,2.6
2025-02-03,14,13.7,8.5,17.8,0,66.0,15.4,4.3
2025-02-03,15,9.6,6.5,15.6,0,76.0,18.5,0
2025-02-03,16,12.5,8.2,18.8,0.1,57.0,27.5,2.3
2025-02-03,17,9.8,3.9,15.3,0,61.0,2.7,1.7
2025-02-03,18,9.1,4.1,12.8,0,55.0,20.2,3.1
2025-02-03,19,14.6,9.7,19.9,0,74.0,29.0,2.8
2025-02-03,20,15.0,11.0,21.2,0,50.0,10.9,5.5
2025-02-03,21,8.0,3.9,13.8,0,60.0,20.9,3.6
2025-02-03,22,10.0,5.2,14.3,17.3,70.0,16.9,4.4
2025-02-03,23,12.4,7.2,16.7,0,40.0,10.4,4.8
2025-02-03,24,11.6,8.5,17.9,0,88.0,12.1,2.9
2025-02-03,25,12.2,6.9,18.8,0.9,44.0,19.9,5.4
2025-02-04,1,11.1,6.5,15.8,6.2,79.0,1.4,2.1
2025-02-04,2,12.6,8.3,18.3,0.0,69.0,16.2,3.7
2025-02-04,3,11.1,7.6,15.3,0,79.0,22.5,2.9
2025-02-04,4,9.7,4.5,15.9,9.4,60.0,12.5,4.1
2025-02-04,5,13.5,8.2,20.2,0,76.0,17.8,4.9
2025-02-04,6,12.4,9.2,19.4,2.4,77.0,21.0,3.3
2025-02-04,7,11.7,8.4,18.4,0,76.0,3.8,1.0
2025-02-04,8,14.3,11.1,18.0,0,72.0,32.7,3.1
2025-02-04,9,13.5,8.9,19.5,0,69.0,2.3,2.6
2025-02-04,10,10.5,5.4,15.2,0,63.0,24.7,4.2
2025-02-04,11,14.7,9.7,20.5,0,62.0,18.9,4.1
2025-02-04,12,12.9,7.8,18.6,0,74.0,26.6,5.1
2025-02-04,13,11.4,6.5,17.9,0,65.0,14.0,4.5
2025-02-04,14,14.3,11.3,17.4,0,69.0,26.8,3.9
2025-02-04,15,11.4,5.4,16.5,2.0,74.0,22.3,1.9
2025-02-04,16,9.0,4.4,15.6,0,73.0,16.8,3.1
2025-02-04,17,10.0,5.0,14.7,0,60.0,14.5,6.3
2025-02-04,18,7.1,1.3,10.5,0,69.0,27.4,4.5
2025-02-04,19,11.8,6.9,16.8,0,73.0,8.8,6.5
2025-02-04,20,13.9,10.4,16.9,0,62.0,17.5,5.4
2025-02-04,21,10.2,6.2,13.8,0,81.0,12.1,1.8
2025-02-04,22,9.5,6.2,13.0,4.0,53.0,27.1,1.2
2025-02-04,23,14.2,9.1,20.7,0,48.0,15.3,3.7
2025-02-04,24,12.5,8.8,19.1,0,79.0,7.8,2.6
2025-02-04,25,10.7,7.5,17.2,0,66.0,29.5,2.8
2025-02-05,1,11.7,8.1,15.6,2.6,72.0,18.9,0
2025-02-05,2,10.5,7.4,13.7,0,69.0,5.0,5.5
2025-02-05,3,11.2,6.1,17.1,0,67.0,15.2,5.8
2025-02-05,4,11.1,5.6,18.0,0.3,78.0,14.0,5.5
2025-02-05,5,12.1,6.6,16.2,0,94.0,11.9,2.0
2025-02-05,6,11.0,5.8,14.1,6.7,81.0,9.0,2.7
2025-02-05,7,13.2,7.6,19.2,0,69.0,12.9,3.1
2025-02-05,8,13.5,9.5,19.9,0,80.0,24.1,4.6
2025-02-05,9,14.1,8.8,19.6,0,54.0,8.3,4.3
2025-02-05,10,13.5,10.1,18.1,0,61.0,22.6,3.6
2025-02-05,11,9.9,6.0,14.9,0.8,67.0,14.2,5.1
2025-02-05,12,12.3,7.9,19.0,0,80.0,3.4,3.5
2025-02-05,13,11.7,5.8,17.8,0,72.0,10.5,3.5
2025-02-05,14,11.9,6.8,18.2,2.1,69.0,12.2,2.9
2025-02-05,15,12.7,9.5,19.3,9.4,72.0,21.5,5.8
2025-02-05,16,12.7,9.2,15.8,1.5,77.0,10.2,5.0
2025-02-05,17,12.1,7.4,16.5,0,40.0,31.3,3.2
2025-02-05,18,5.4,0.1,11.5,14.3,56.0,19.6,0.9
2025-02-05,19,13.4,8.9,19.3,0,71.0,15.4,2.8
2025-02-05,20,14.7,9.6,20.6,0,67.0,26.3,5.1
2025-02-05,21,7.6,3.2,12.2,4.0,65.0,23.8,6.0
2025-02-05,22,8.9,4.4,14.4,5.2,58.0,27.0,5.6
2025-02-05,23,13.7,8.7,19.1,0,25.0,9.7,2.6
2025-02-05,24,12.8,9.1,19.1,0,75.0,9.8,2.8
2025-02-05,25,10.6,5.0,16.2,0,57.0,13.1,3.2
2025-02-06,1,14.8,10.0,21.6,7.6,72.0,16.3,7.3
2025-02-06,2,12.8,7.5,19.0,6.6,100.0,16.7,4.6
2025-02-06,3,13.1,8.5,17.0,0,76.0,10.9,1.8
2025-02-06,4,13.3,8.4,19.8,4.6,63.0,6.9,4.9
2025-02-06,5,10.9,7.8,14.4,0,63.0,19.5,2.9
2025-02-06,6,12.1,7.3,18.2,1.2,76.0,24.4,2.5
2025-02-06,7,12.5,7.0,17.1,0,69.0,21.5,2.5
2025-02-06,8,12.8,8.7,18.9,0,68.0,14.0,2.2
2025-02-06,9,12.3,8.0,15.4,0,60.0,2.6,3.7
2025-02-06,10,13.2,8.0,16.5,0,67.0,20.2,6.1
2025-02-06,11,10.5,5.5,15.3,7.2,75.0,19.8,2.9
2025-02-06,12,12.7,8.3,18.7,0,80.0,12.9,5.0
2025-02-06,13,7.8,4.0,13.5,0,76.0,5.1,4.2
2025-02-06,14,15.2,11.0,19.3,1.6,59.0,12.7,0
2025-02-06,15,10.2,4.7,14.4,5.8,75.0,11.1,4.6
2025-02-06,16,13.1,7.4,17.2,0,82.0,15.2,4.3
2025-02-06,17,12.9,8.9,18.2,0,45.0,0.4,1.9
2025-02-06,18,7.5,3.3,14.0,0,55.0,14.7,4.4
2025-02-06,19,13.6,9.1,20.3,0,61.0,11.4,2.8
2025-02-06,20,13.7,10.6,19.4,0,65.0,8.7,3.6
2025-02-06,21,9.4,5.4,12.8,0,70.0,22.8,4.8
2025-02-06,22,10.2,6.5,16.0,0,76.0,15.9,2.0
2025-02-06,23,12.5,6.7,17.2,0,40.0,16.8,4.0
2025-02-06,24,11.7,7.1,15.2,0,80.0,21.3,1.2
2025-02-06,25,11.0,6.2,16.5,0,65.0,5.1,2.7
2025-02-07,1,13.2,7.8,19.2,0,63.0,7.8,2.5
2025-02-07,2,12.8,9.2,19.4,0,65.0,18.0,1.8
2025-02-07,3,12.0,7.0,16.8,3.8,59.0,2.1,7.2
2025-02-07,4,14.5,8.9,18.2,4.4,75.0,16.7,3.6
2025-02-07,5,10.9,7.4,16.9,0.5,89.0,8.0,4.8
2025-02-07,6,13.3,9.1,18.7,2.1,66.0,4.6,3.0
2025-02-07,7,14.3,11.2,20.7,3.2,71.0,15.2,4.9
2025-02-07,8,12.0,7.9,16.2,0,77.0,22.9,2.2
2025-02-07,9,13.3,7.5,16.8,0.4,80.0,19.9,3.9
2025-02-07,10,13.8,9.1,20.6,0.1,71.0,6.2,4.3
2025-02-07,11,13.8,9.5,17.1,0,80.0,20.8,4.9
2025-02-07,12,13.3,9.0,18.5,0,79.0,26.6,3.4
2025-02-07,13,9.7,6.7,13.7,1.8,58.0,33.2,2.6
2025-02-07,14,15.8,11.4,19.8,0,67.0,9.1,2.8
2025-02-07,15,9.3,4.4,14.8,18.6,80.0,10.0,4.0
2025-02-07,16,14.4,10.9,20.4,6.0,74.0,22.0,4.6
2025-02-07,17,11.0,6.5,17.9,0.2,47.0,20.9,2.1
2025-02-07,18,6.3,3.2,10.2,1.3,58.0,16.2,2.3
2025-02-07,19,12.8,7.0,17.9,0,67.0,6.9,3.6
2025-02-07,20,11.9,8.6,16.4,0,67.0,11.3,1.9
2025-02-07,21,9.6,5.0,15.0,2.8,68.0,14.6,3.5
2025-02-07,22,9.9,4.0,15.5,0,54.0,27.6,3.4
2025-02-07,23,13.1,7.3,16.5,0,45.0,5.5,0.1
2025-02-07,24,15.2,11.2,20.7,4.5,87.0,33.0,3.6
2025-02-07,25,10.3,4.5,16.7,4.4,62.0,8.1,4.0
2025-02-08,1,12.6,7.0,18.5,0,82.0,22.2,4.5
2025-02-08,2,10.2,6.6,13.6,0,70.0,16.2,4.2
2025-02-08,3,10.9,7.4,16.7,0,60.0,12.9,4.8
2025-02-08,4,10.0,5.8,16.3,0,64.0,0.5,5.8
2025-02-08,5,13.4,10.0,19.7,0.5,75.0,9.3,2.8
2025-02-08,6,9.7,6.0,13.6,0.1,70.0,16.7,5.2
2025-02-08,7,14.1,9.5,18.3,2.2,76.0,27.0,3.6
2025-02-08,8,13.3,7.3,18.3,0,71.0,8.2,2.6
2025-02-08,9,13.6,9.9,18.4,0,50.0,20.3,3.2
2025-02-08,10,16.1,12.7,19.2,0,77.0,3.5,6.6
2025-02-08,11,10.5,6.8,13.9,2.3,79.0,24.9,4.0
2025-02-08,12,9.9,5.4,13.2,0,91.0,28.6,4.1
2025-02-08,13,11.6,6.2,15.9,0,42.0,30.2,1.1
2025-02-08,14,14.3,9.5,19.4,0,69.0,15.4,5.2
2025-02-08,15,10.5,6.9,14.9,4.2,59.0,18.2,4.5
2025-02-08,16,12.3,7.7,18.6,0,74.0,6.3,3.7
2025-02-08,17,11.9,6.3,16.5,0,50.0,26.0,4.9
2025-02-08,18,9.3,5.3,12.3,5.9,24.0,12.5,0.5
2025-02-08,19,12.8,8.9,18.9,0,75.0,0.1,6.0
2025-02-08,20,17.0,13.9,22.2,0,56.0,18.5,2.5
2025-02-08,21,10.1,6.7,15.4,0,59.0,11.3,3.3
2025-02-08,22,10.1,6.4,16.8,0,58.0,19.7,5.4
2025-02-08,23,12.2,9.0,18.9,0,38.0,7.3,2.3
2025-02-08,24,13.9,8.2,17.2,1.2,67.0,15.2,3.2
2025-02-08,25,10.3,6.8,13.6,0,53.0,19.2,3.3
2025-02-09,1,13.9,9.8,20.8,0,62.0,17.1,2.1
2025-02-09,2,13.2,7.8,18.3,0,79.0,2.2,3.7
2025-02-09,3,14.1,9.8,20.7,0.5,62.0,13.7,4.2
2025-02-09,4,13.3,7.5,18.2,0,76.0,16.0,2.8
2025-02-09,5,11.8,6.4,16.1,5.4,68.0,25.8,4.1
2025-02-09,6,12.7,7.4,17.3,3.8,75.0,11.0,3.3
2025-02-09,7,13.5,9.6,17.7,0,76.0,14.7,2.3
2025-02-09,8,12.4,7.3,16.6,0,60.0,15.4,4.1
2025-02-09,9,14.2,8.8,20.8,0,71.0,23.8,5.0
2025-02-09,10,14.7,9.7,19.5,0,58.0,14.4,6.1
2025-02-09,11,13.4,8.2,18.8,5.5,82.0,10.1,4.9
2025-02-09,12,12.2,9.0,15.2,0,80.0,19.7,2.8
2025-02-09,13,14.2,9.5,17.9,0,62.0,11.9,2.7
2025-02-09,14,12.5,9.0,18.4,0,73.0,16.0,5.0
2025-02-09,15,10.4,6.4,14.1,4.0,86.0,2.8,6.1
2025-02-09,16,13.2,9.7,18.9,3.5,75.0,10.4,4.0
2025-02-09,17,13.2,7.9,19.7,0,45.0,7.5,5.2
2025-02-09,18,9.4,4.5,13.5,0,64.0,25.8,4.5
2025-02-09,19,15.7,11.9,18.7,0,61.0,16.9,7.3
2025-02-09,20,15.3,10.3,18.5,0,60.0,19.0,4.2
2025-02-09,21,10.4,5.8,15.1,2.5,64.0,7.9,4.6
2025-02-09,22,11.3,6.1,14.8,1.2,88.0,2.0,2.6
2025-02-09,23,13.9,8.1,19.3,0,44.0,10.7,1.4
2025-02-09,24,12.5,8.5,17.7,1.1,71.0,18.0,1.6
2025-02-09,25,9.9,4.7,16.4,0,49.0,15.1,2.7
2025-02-10,1,12.6,9.4,17.3,3.4,73.0,22.3,4.3
2025-02-10,2,12.0,8.5,18.1,0,70.0,21.1,4.6
2025-02-10,3,11.0,7.7,15.0,0,64.0,8.7,7.1
2025-02-10,4,12.1,6.4,16.7,0,85.0,10.7,3.6
2025-02-10,5,11.9,8.7,16.1,3.9,72.0,20.8,2.5
2025-02-10,6,14.4,9.4,19.9,0,75.0,16.8,5.6
2025-02-10,7,11.5,7.7,16.2,2.5,92.0,23.2,6.3
2025-02-10,8,13.8,10.8,19.4,0,73.0,35.3,3.5
2025-02-10,9,14.1,9.1,19.8,0.7,71.0,23.2,4.1
2025-02-10,10,12.7,6.7,18.8,0,56.0,5.5,2.1
2025-02-10,11,13.3,8.5,19.3,0,62.0,26.3,4.7
2025-02-10,12,12.9,9.2,18.3,0,78.0,17.0,1.7
2025-02-10,13,11.5,7.8,14.5,0.4,57.0,4.4,4.4
2025-02-10,14,13.9,10.0,18.8,0,60.0,16.1,4.6
2025-02-10,15,12.7,8.4,19.3,9.5,88.0,2.4,3.0
2025-02-10,16,14.4,8.4,17.6,0,73.0,7.1,4.2
2025-02-10,17,10.0,6.9,14.3,0,46.0,18.0,4.4
2025-02-10,18,9.0,5.3,15.1,0,48.0,7.8,1.9
2025-02-10,19,16.0,10.7,19.3,0,55.0,14.1,2.1
2025-02-10,20,14.4,9.4,19.6,0,69.0,18.0,9.3
2025-02-10,21,10.9,7.5,15.2,5.8,64.0,4.4,3.4
2025-02-10,22,11.3,6.0,18.0,0.4,62.0,1.3,0
2025-02-10,23,12.7,7.0,16.6,0.6,39.0,18.8,3.4
2025-02-10,24,11.8,6.2,17.2,0,80.0,9.4,2.2
2025-02-10,25,7.1,2.8,12.2,0,62.0,14.0,3.8
2025-02-11,1,14.3,9.8,21.0,0,70.0,21.1,3.8
2025-02-11,2,12.6,7.0,18.1,0.2,62.0,32.7,2.0
2025-02-11,3,12.6,8.0,16.8,0.3,69.0,21.2,4.8
2025-02-11,4,10.3,5.8,13.6,9.6,72.0,9.8,2.5
2025-02-11,5,12.2,8.6,16.2,0.1,71.0,20.9,2.2
2025-02-11,6,15.4,12.3,22.1,0,63.0,23.7,6.2
2025-02-11,7,14.5,9.2,18.5,0,74.0,22.3,4.4
2025-02-11,8,16.1,10.8,20.1,0,82.0,3.8,4.1
2025-02-11,9,12.7,9.3,17.2,0,67.0,25.5,0.1
2025-02-11,10,14.6,10.9,19.0,1.9,57.0,12.6,5.8
2025-02-11,11,14.4,11.3,20.3,0,78.0,14.6,4.6
2025-02-11,12,12.8,7.6,18.4,0,83.0,16.8,5.8
2025-02-11,13,11.2,7.9,15.5,0,70.0,12.7,3.9
2025-02-11,14,13.7,10.3,19.3,0,75.0,15.2,4.5
2025-02-11,15,13.1,7.8,16.3,12.3,76.0,10.4,3.8
2025-02-11,16,13.0,8.2,18.5,0,61.0,31.3,3.3
2025-02-11,17,11.5,6.9,17.0,0,45.0,17.6,3.0
2025-02-11,18,8.5,4.3,14.3,0,60.0,22.8,3.8
2025-02-11,19,16.7,13.1,20.3,0,67.0,17.4,4.7
2025-02-11,20,15.1,11.1,20.3,0,53.0,12.9,1.9
2025-02-11,21,7.5,3.5,14.5,0,56.0,11.7,5.7
2025-02-11,22,10.8,5.4,15.7,0,61.0,13.8,1.3
2025-02-11,23,12.8,8.3,18.1,0,41.0,3.5,2.1
2025-02-11,24,13.5,10.3,18.7,3.7,65.0,8.5,2.6
2025-02-11,25,12.0,7.8,15.4,0,49.0,8.9,5.4
2025-02-12,1,14.7,9.9,18.2,0,72.0,36.5,5.4
2025-02-12,2,14.1,10.9,17.8,0.8,70.0,4.8,4.7
2025-02-12,3,12.6,8.3,19.0,0,78.0,2.6,2.5
2025-02-12,4,11.7,6.2,17.5,8.3,75.0,9.4,3.2
2025-02-12,5,12.8,7.4,16.9,4.0,57.0,16.9,2.9
2025-02-12,6,10.1,4.4,14.7,0,82.0,8.4,6.4
2025-02-12,7,14.5,11.4,20.4,0,78.0,16.9,4.1
2025-02-12,8,13.4,8.1,17.1,0,77.0,12.8,5.4
2025-02-12,9,13.0,8.2,17.9,0,59.0,11.0,5.1
2025-02-12,10,12.4,8.6,17.1,0,61.0,18.6,4.5
2025-02-12,11,12.3,8.8,15.7,0,90.0,17.8,4.8
2025-02-12,12,12.5,7.8,17.4,0,86.0,17.2,3.0
2025-02-12,13,13.2,7.3,18.7,0,64.0,7.3,4.5
2025-02-12,14,14.6,9.5,17.6,0,73.0,30.3,2.2
2025-02-12,15,10.6,5.7,15.5,0,81.0,29.3,4.6
2025-02-12,16,11.8,6.5,18.1,0,72.0,19.6,4.4
2025-02-12,17,10.2,5.0,15.4,0,46.0,13.8,3.4
2025-02-12,18,7.2,3.4,11.4,0,55.0,10.0,2.1
2025-02-12,19,15.1,9.5,18.2,0,59.0,13.1,5.0
2025-02-12,20,16.4,13.2,21.6,0,69.0,25.5,4.2
2025-02-12,21,8.7,4.2,13.0,0,76.0,9.5,4.5
2025-02-12,22,9.9,5.1,16.5,0,60.0,15.7,4.2
2025-02-12,23,13.7,8.1,17.1,0,49.0,6.0,3.4
2025-02-12,24,12.1,7.4,15.5,1.3,96.0,2.8,5.1
2025-02-12,25,11.2,5.6,15.0,0,54.0,13.9,1.9
2025-02-13,1,11.9,8.3,15.2,4.0,68.0,11.4,3.5
2025-02-13,2,12.5,8.0,17.6,0,67.0,33.5,3.2
2025-02-13,3,12.8,8.0,19.2,0,66.0,9.6,4.4
2025-02-13,4,14.9,10.0,21.2,0,64.0,15.5,4.9
2025-02-13,5,14.1,8.4,17.6,0,76.0,21.2,3.0
2025-02-13,6,13.7,8.5,18.4,2.4,65.0,20.6,5.3
2025-02-13,7,12.7,7.6,17.7,0,65.0,9.5,6.0
2025-02-13,8,12.4,9.0,17.1,0,68.0,2.6,4.6
2025-02-13,9,14.0,10.6,17.3,0,68.0,8.8,6.2
2025-02-13,10,11.8,6.8,17.8,0,79.0,10.2,4.0
2025-02-13,11,13.5,10.3,17.1,0,67.0,30.4,2.6
2025-02-13,12,11.1,6.1,17.3,0,58.0,9.1,4.4
2025-02-13,13,9.0,5.3,13.2,0,54.0,16.8,4.8
2025-02-13,14,15.2,9.7,21.5,0,70.0,26.9,4.2
2025-02-13,15,12.5,9.4,16.7,5.6,82.0,22.5,4.2
2025-02-13,16,13.4,8.0,17.1,8.9,80.0,24.0,2.9
2025-02-13,17,12.3,8.9,16.0,0,53.0,17.9,5.7
2025-02-13,18,9.1,3.5,14.2,0,57.0,10.5,7.7
2025-02-13,19,13.7,8.3,19.3,0,61.0,11.0,5.3
2025-02-13,20,13.1,9.2,16.7,0,52.0,4.5,4.1
2025-02-13,21,8.7,4.2,14.8,0,74.0,14.8,1.5
2025-02-13,22,10.6,7.3,14.6,3.2,58.0,16.3,1.4
2025-02-13,23,13.4,10.0,17.8,0,42.0,23.0,5.3
2025-02-13,24,12.9,7.8,16.9,0,62.0,27.5,2.5
2025-02-13,25,12.5,7.8,18.9,0,45.0,11.4,2.0
2025-02-14,1,14.3,10.1,18.1,2.0,69.0,24.0,6.3
2025-02-14,2,10.9,7.2,14.2,0,95.0,17.6,3.5
2025-02-14,3,12.7,8.1,17.0,0,64.0,5.5,2.9
2025-02-14,4,14.1,8.8,18.2,2.1,70.0,10.3,2.4
2025-02-14,5,12.1,9.0,17.0,0,79.0,14.1,5.4
2025-02-14,6,12.0,8.2,15.5,0,79.0,17.2,4.9
2025-02-14,7,13.4,8.8,17.9,0,72.0,0.4,2.1
2025-02-14,8,13.3,8.2,17.7,0,73.0,11.4,2.2
2025-02-14,9,13.6,9.1,18.3,0,70.0,18.3,2.6
2025-02-14,10,10.5,7.3,16.4,0,61.0,2.7,5.3
2025-02-14,11,11.8,8.7,17.6,0,71.0,5.4,4.2
2025-02-14,12,14.4,9.2,19.8,0,85.0,9.9,6.6
2025-02-14,13,9.0,4.6,14.0,0,61.0,19.5,5.7
2025-02-14,14,16.1,12.1,19.8,0,68.0,10.6,3.4
2025-02-14,15,10.4,6.4,17.0,0,78.0,8.4,1.1
2025-02-14,16,14.7,11.6,19.3,0,78.0,22.8,1.6
2025-02-14,17,12.1,7.2,17.7,0,41.0,13.2,3.3
2025-02-14,18,7.5,3.4,12.6,0,52.0,17.6,2.9
2025-02-14,19,15.0,12.0,21.9,0,62.0,4.4,4.5
2025-02-14,20,16.7,11.6,22.6,0,55.0,19.9,2.1
2025-02-14,21,11.8,6.9,17.4,1.4,71.0,9.7,5.6
2025-02-14,22,11.5,7.5,15.2,0,57.0,12.1,2.4
2025-02-14,23,15.5,12.3,20.7,0,40.0,1.2,5.1
2025-02-14,24,14.6,8.9,18.7,0.1,83.0,15.0,3.0
2025-02-14,25,11.0,5.8,17.0,0,50.0,11.5,3.6
2025-02-15,1,11.9,6.5,16.5,0,72.0,13.3,2.4
2025-02-15,2,13.3,9.6,19.1,0.7,71.0,11.9,5.4
2025-02-15,3,14.2,9.2,17.3,0,72.0,9.8,0.6
2025-02-15,4,14.0,9.7,17.1,0,60.0,15.6,4.3
2025-02-15,5,11.1,7.3,14.7,11.2,58.0,6.8,4.2
2025-02-15,6,14.9,10.7,18.5,0.2,74.0,21.1,6.2
2025-02-15,7,15.5,11.0,19.8,0,81.0,5.4,4.4
2025-02-15,8,13.4,10.1,17.9,1.3,65.0,21.0,5.4
2025-02-15,9,12.4,9.4,15.6,0,68.0,3.0,3.8
2025-02-15,10,14.0,10.7,17.2,0,69.0,13.6,6.2
2025-02-15,11,12.7,8.9,19.2,0,81.0,17.9,6.4
2025-02-15,12,16.9,11.6,22.8,0,73.0,17.1,2.2
2025-02-15,13,12.1,8.0,18.5,0,67.0,4.0,5.0
2025-02-15,14,16.8,12.6,22.8,0,60.0,12.8,3.8
2025-02-15,15,11.2,8.0,17.0,2.6,68.0,12.3,3.3
2025-02-15,16,13.0,7.9,16.4,0,76.0,7.9,3.3
2025-02-15,17,13.6,9.2,18.8,0,36.0,12.4,6.0
2025-02-15,18,8.4,5.1,13.1,18.9,70.0,16.5,5.8
2025-02-15,19,14.4,9.2,18.8,0,72.0,26.0,0.3
2025-02-15,20,15.8,11.2,21.9,0,52.0,14.6,5.0
2025-02-15,21,10.1,6.6,14.1,0,59.0,18.1,3.6
2025-02-15,22,12.1,8.2,15.2,0,66.0,9.8,7.6
2025-02-15,23,16.4,12.6,20.0,1.0,33.0,9.7,6.0
2025-02-15,24,14.3,9.8,20.6,0,82.0,10.3,3.0
2025-02-15,25,12.3,9.0,18.3,0,43.0,10.9,5.3
2025-02-16,1,12.0,7.9,18.6,11.2,86.0,9.6,3.5
2025-02-16,2,12.1,7.0,18.8,0.9,70.0,26.2,3.0
2025-02-16,3,13.0,9.0,19.1,0,62.0,12.9,5.1
2025-02-16,4,13.0,8.5,18.9,0,61.0,24.4,4.4
2025-02-16,5,14.0,9.3,20.9,0,66.0,15.9,3.8
2025-02-16,6,12.2,8.1,17.9,5.4,83.0,13.4,5.2
2025-02-16,7,16.5,13.3,21.4,0,68.0,14.4,5.0
2025-02-16,8,12.0,7.9,15.0,0.1,76.0,8.0,3.9
2025-02-16,9,14.6,9.5,21.0,0,78.0,10.5,4.3
2025-02-16,10,13.3,7.6,19.4,0,63.0,12.8,7.2
2025-02-16,11,12.4,7.8,19.1,0,59.0,10.2,4.5
2025-02-16,12,14.6,9.2,19.5,0,74.0,22.7,5.0
2025-02-16,13,12.8,8.7,19.4,0,64.0,18.5,2.3
2025-02-16,14,17.8,12.7,23.7,0,55.0,24.3,5.0
2025-02-16,15,11.9,7.7,16.0,0,84.0,7.9,4.9
2025-02-16,16,15.4,12.3,19.1,0.7,79.0,18.6,7.5
2025-02-16,17,12.2,6.5,17.1,0,43.0,18.4,4.8
2025-02-16,18,11.3,8.2,16.9,2.0,52.0,13.3,4.2
2025-02-16,19,15.2,9.8,21.9,0,64.0,19.2,4.4
2025-02-16,20,13.9,10.4,20.7,0,63.0,13.3,2.1
2025-02-16,21,9.6,3.9,14.6,7.2,56.0,10.4,4.3
2025-02-16,22,10.9,5.3,14.7,0,64.0,22.1,3.7
2025-02-16,23,13.6,7.7,18.3,0,63.0,16.1,5.8
2025-02-16,24,16.2,10.3,22.3,0,86.0,16.5,5.1
2025-02-16,25,10.4,6.9,14.3,0,62.0,5.6,3.2
2025-02-17,1,13.3,8.5,20.2,0,74.0,22.3,4.0
2025-02-17,2,15.3,11.3,20.9,0,77.0,2.2,3.3
2025-02-17,3,15.1,12.0,20.3,4.3,87.0,0.7,5.5
2025-02-17,4,12.2,9.0,15.4,0,66.0,20.6,2.6
2025-02-17,5,17.0,13.6,20.1,0,86.0,13.2,4.2
2025-02-17,6,13.4,7.6,19.9,0,78.0,2.8,6.0
2025-02-17,7,11.8,7.3,18.5,0,78.0,9.8,1.7
2025-02-17,8,14.7,10.6,17.7,0,65.0,20.3,4.7
2025-02-17,9,13.3,8.5,19.6,0,64.0,6.7,1.4
2025-02-17,10,15.4,11.2,18.4,0,70.0,27.8,2.4
2025-02-17,11,15.5,11.8,21.0,0,70.0,17.7,5.2
2025-02-17,12,16.3,10.9,19.5,20.5,61.0,15.2,2.6
2025-02-17,13,13.5,8.2,17.0,0,55.0,14.9,4.5
2025-02-17,14,15.7,10.1,20.7,0,67.0,18.3,3.8
2025-02-17,15,14.3,10.6,18.6,6.1,81.0,10.5,7.4
2025-02-17,16,14.2,9.2,20.9,0,65.0,10.6,5.2
2025-02-17,17,14.5,10.9,20.6,0,57.0,13.9,5.0
2025-02-17,18,10.0,5.1,13.4,0,48.0,18.5,3.2
2025-02-17,19,16.1,10.9,23.0,0,53.0,33.5,3.7
2025-02-17,20,15.8,9.9,19.3,0,62.0,4.3,4.8
2025-02-17,21,10.3,4.5,16.7,1.9,73.0,19.9,3.0
2025-02-17,22,9.5,6.1,13.3,0,68.0,21.8,5.6
2025-02-17,23,15.9,11.5,20.2,0,44.0,20.8,5.1
2025-02-17,24,11.9,7.6,15.1,1.1,72.0,14.1,4.1
2025-02-17,25,12.0,7.8,17.6,0,38.0,4.2,3.4
2025-02-18,1,15.2,11.4,19.3,0,80.0,13.9,3.4
2025-02-18,2,13.3,10.2,17.6,9.5,94.0,17.1,3.3
2025-02-18,3,13.9,9.0,18.5,0,60.0,18.9,5.3
2025-02-18,4,13.6,10.2,17.2,0,76.0,21.9,7.3
2025-02-18,5,12.6,6.9,18.5,4.8,66.0,9.2,5.6
2025-02-18,6,13.0,8.2,17.9,0,67.0,8.8,3.5
2025-02-18,7,12.8,8.5,16.7,0,57.0,7.6,3.7
2025-02-18,8,13.2,9.4,18.0,0,75.0,12.3,4.4
2025-02-18,9,15.5,11.5,21.4,0.1,58.0,14.2,4.7
2025-02-18,10,15.0,10.8,20.1,0,54.0,23.9,3.0
2025-02-18,11,10.8,7.2,14.0,0,79.0,16.4,5.1
2025-02-18,12,15.1,10.6,22.0,0,74.0,9.5,4.7
2025-02-18,13,14.2,10.9,19.4,0,34.0,5.9,6.8
2025-02-18,14,11.5,6.6,15.8,0,71.0,26.3,6.1
2025-02-18,15,12.3,9.0,18.6,0,89.0,15.0,7.6
2025-02-18,16,13.7,8.1,19.1,1.7,80.0,12.6,3.3
2025-02-18,17,14.2,9.9,19.8,0,55.0,10.3,4.1
2025-02-18,18,9.5,6.0,15.0,0,67.0,11.3,4.8
2025-02-18,19,17.2,11.6,23.6,0,70.0,18.3,5.3
2025-02-18,20,14.5,10.2,19.6,0,50.0,10.0,3.0
2025-02-18,21,11.9,7.2,17.2,4.5,74.0,21.9,0
2025-02-18,22,12.8,8.3,18.0,0,55.0,20.8,4.2
2025-02-18,23,14.8,10.3,20.9,0,45.0,5.1,3.2
2025-02-18,24,12.4,8.0,17.7,0,66.0,7.6,4.5
2025-02-18,25,11.5,7.7,17.9,0,62.0,6.5,6.1
2025-02-19,1,14.0,10.3,19.7,0,66.0,10.9,5.0
2025-02-19,2,12.1,6.2,15.2,0,74.0,13.6,3.2
2025-02-19,3,12.1,6.7,18.4,7.2,73.0,19.8,3.7
2025-02-19,4,12.4,8.3,19.3,0,65.0,18.8,7.7
2025-02-19,5,15.2,10.8,20.6,2.3,65.0,15.3,4.5
2025-02-19,6,12.3,7.2,18.7,0,76.0,10.8,2.4
2025-02-19,7,16.8,11.6,23.2,0,86.0,18.3,2.9
2025-02-19,8,15.6,11.6,18.6,0.1,88.0,13.2,2.6
2025-02-19,9,16.6,11.4,22.9,0,71.0,21.1,3.6
2025-02-19,10,13.4,7.4,18.8,0,64.0,19.7,4.7
2025-02-19,11,13.4,9.6,16.5,0,60.0,9.4,7.0
2025-02-19,12,15.4,11.9,19.3,0,81.0,7.4,3.7
2025-02-19,13,13.7,8.3,17.5,0,54.0,19.9,4.3
2025-02-19,14,14.5,11.3,20.8,0,66.0,0.5,4.5
2025-02-19,15,12.0,6.3,16.2,8.7,70.0,18.0,3.3
2025-02-19,16,13.7,10.0,20.4,0,66.0,27.3,3.3
2025-02-19,17,11.0,7.6,15.3,0.7,43.0,16.0,2.5
2025-02-19,18,10.8,6.2,16.6,0,54.0,9.9,6.2
2025-02-19,19,17.2,13.6,24.0,0,72.0,5.0,3.4
2025-02-19,20,15.3,9.5,19.6,0,70.0,1.3,5.1
2025-02-19,21,9.7,4.7,14.9,4.5,56.0,12.9,5.2
2025-02-19,22,12.6,6.9,15.9,0,65.0,13.1,1.1
2025-02-19,23,15.4,10.7,18.5,0,35.0,16.9,2.9
2025-02-19,24,13.9,10.5,18.4,0,76.0,5.5,5.4
2025-02-19,25,12.3,7.2,17.4,0,41.0,17.8,6.1
2025-02-20,1,15.7,11.2,19.6,19.3,70.0,15.1,2.5
2025-02-20,2,14.7,10.2,19.7,3.0,60.0,17.4,3.1
2025-02-20,3,13.5,10.1,18.1,0.4,72.0,19.9,1.3
2025-02-20,4,13.8,8.0,18.8,1.1,73.0,23.9,3.8
2025-02-20,5,14.6,10.4,19.3,3.0,76.0,27.4,3.6
2025-02-20,6,12.9,9.4,19.0,0,85.0,19.0,4.3
2025-02-20,7,13.9,8.0,18.4,0,68.0,18.9,2.9
2025-02-20,8,13.6,9.7,16.9,0,75.0,27.3,4.9
2025-02-20,9,17.3,12.9,24.0,0,62.0,8.8,4.6
2025-02-20,10,16.4,11.1,20.8,0.1,90.0,16.7,2.0
2025-02-20,11,14.1,10.1,18.8,7.1,80.0,7.7,6.9
2025-02-20,12,14.4,9.3,18.1,1.9,69.0,3.2,5.9
2025-02-20,13,12.4,8.5,16.0,0,57.0,4.7,3.5
2025-02-20,14,16.1,12.1,21.4,0,68.0,7.8,3.9
2025-02-20,15,13.1,10.0,18.2,1.7,68.0,14.6,3.9
2025-02-20,16,13.1,8.3,18.7,0,72.0,27.0,4.8
2025-02-20,17,13.3,9.2,17.5,0,62.0,10.0,5.1
2025-02-20,18,10.3,5.7,16.3,0,48.0,3.8,3.3
2025-02-20,19,16.1,11.4,20.3,0,62.0,7.4,5.2
2025-02-20,20,15.8,10.8,20.1,0,51.0,31.1,6.7
2025-02-20,21,10.6,5.3,17.1,0,63.0,18.9,3.2
2025-02-20,22,10.3,5.9,14.2,0,72.0,19.6,4.8
2025-02-20,23,14.3,10.4,19.3,0,32.0,12.9,8.4
2025-02-20,24,14.7,11.2,19.2,0,62.0,6.1,4.6
2025-02-20,25,13.5,10.2,16.9,0,45.0,23.5,4.3
2025-02-21,1,14.1,10.5,20.7,0,82.0,15.7,0.2
2025-02-21,2,14.3,11.0,18.6,0,70.0,14.8,4.8
2025-02-21,3,11.4,7.7,15.8,1.1,54.0,7.8,5.2
2025-02-21,4,14.6,9.6,18.1,10.6,66.0,19.4,6.5
2025-02-21,5,10.6,5.3,16.1,0,80.0,21.4,2.7
2025-02-21,6,11.9,7.2,15.5,0,79.0,18.1,2.8
2025-02-21,7,13.6,9.2,20.0,0,71.0,19.8,5.1
2025-02-21,8,15.3,9.4,19.7,1.8,71.0,13.8,4.4
2025-02-21,9,17.0,13.5,23.9,1.2,64.0,21.4,2.3
2025-02-21,10,15.1,11.7,21.2,0,63.0,24.6,6.5
2025-02-21,11,14.3,11.1,18.9,0,70.0,0.4,3.7
2025-02-21,12,15.8,10.4,21.6,0,91.0,7.2,6.3
2025-02-21,13,10.9,6.0,16.5,0,67.0,16.5,5.9
2025-02-21,14,18.7,12.7,21.7,0,60.0,29.2,4.1
2025-02-21,15,12.3,8.0,16.7,0.8,83.0,18.1,5.0
2025-02-21,16,14.0,8.1,20.3,2.0,61.0,13.7,4.3
2025-02-21,17,16.5,11.7,19.7,0.7,49.0,16.0,6.6
2025-02-21,18,12.4,6.6,16.1,0,50.0,29.6,7.3
2025-02-21,19,17.1,11.1,23.8,0,60.0,11.2,3.0
2025-02-21,20,17.5,12.4,21.0,0,53.0,18.5,4.1
2025-02-21,21,10.8,6.5,14.2,2.5,66.0,34.7,7.7
2025-02-21,22,11.6,8.5,16.2,0,57.0,18.3,4.2
2025-02-21,23,14.9,10.3,18.1,0,52.0,33.9,4.5
2025-02-21,24,13.4,9.2,18.9,0,57.0,24.3,3.3
2025-02-21,25,14.0,10.4,20.0,0.5,50.0,23.9,5.9
2025-02-22,1,15.0,11.3,18.7,1.3,79.0,3.2,4.9
2025-02-22,2,16.6,13.4,19.7,0,73.0,8.0,5.3
2025-02-22,3,12.9,8.8,18.7,0,75.0,12.2,4.7
2025-02-22,4,15.8,10.3,21.3,0,74.0,9.6,4.8
2025-02-22,5,13.1,9.9,17.2,1.7,69.0,18.2,7.1
2025-02-22,6,13.4,9.3,17.0,3.5,67.0,24.4,7.1
2025-02-22,7,15.1,9.7,21.9,0,74.0,9.9,3.2
2025-02-22,8,15.0,10.3,18.8,0,80.0,15.1,4.6
2025-02-22,9,13.0,8.0,19.0,0,59.0,15.4,4.9
2025-02-22,10,16.3,10.6,22.2,0,61.0,7.6,4.7
2025-02-22,11,15.7,10.3,21.5,0,71.0,25.4,7.3
2025-02-22,12,11.7,7.8,16.9,0,72.0,11.1,1.5
2025-02-22,13,14.5,10.3,19.8,0,65.0,9.8,4.7
2025-02-22,14,16.9,13.6,20.0,0,64.0,11.9,5.0
2025-02-22,15,14.6,9.9,20.3,0,87.0,32.8,3.2
2025-02-22,16,14.1,9.3,20.5,0,78.0,14.2,5.7
2025-02-22,17,14.5,10.4,18.0,0,41.0,27.7,7.1
2025-02-22,18,14.2,10.1,19.6,0,65.0,3.5,3.8
2025-02-22,19,17.8,12.6,24.0,0,76.0,17.9,5.5
2025-02-22,20,16.2,11.3,21.3,0,55.0,12.2,5.3
2025-02-22,21,10.8,7.0,16.6,0.0,70.0,10.4,6.0
2025-02-22,22,11.4,6.2,15.9,0,59.0,32.3,6.1
2025-02-22,23,15.8,10.6,20.1,0,28.0,5.5,5.2
2025-02-22,24,12.4,8.9,15.6,8.6,65.0,10.6,3.6
2025-02-22,25,11.7,7.5,17.0,0,53.0,17.9,4.9
2025-02-23,1,17.9,12.8,22.6,0,56.0,23.1,4.1
2025-02-23,2,13.2,8.8,18.2,12.9,67.0,17.9,2.2
2025-02-23,3,13.0,8.0,16.4,0,63.0,18.8,4.4
2025-02-23,4,13.6,9.1,19.1,0,68.0,15.2,6.3
2025-02-23,5,15.3,11.8,20.4,0,83.0,18.6,5.0
2025-02-23,6,14.8,10.9,21.8,0,73.0,13.6,6.0
2025-02-23,7,13.8,9.6,18.9,2.1,63.0,15.3,5.8
2025-02-23,8,18.7,14.9,23.8,0,83.0,2.2,4.8
2025-02-23,9,15.8,12.8,19.6,0,69.0,6.1,5.7
2025-02-23,10,13.4,8.9,19.6,7.1,47.0,5.9,5.2
2025-02-23,11,12.2,6.8,17.7,0,73.0,9.5,4.7
2025-02-23,12,14.2,9.6,18.7,0.6,85.0,2.8,8.5
2025-02-23,13,13.6,8.5,20.1,0,52.0,3.0,6.7
2025-02-23,14,18.7,15.1,23.7,0,63.0,17.5,5.4
2025-02-23,15,15.2,9.6,21.1,0,70.0,24.9,5.1
2025-02-23,16,15.8,10.3,19.5,2.0,71.0,21.0,5.1
2025-02-23,17,16.6,11.8,21.6,0.6,58.0,17.9,5.2
2025-02-23,18,11.7,6.1,17.5,0,61.0,12.1,5.3
2025-02-23,19,13.8,10.6,18.8,0,60.0,9.7,4.8
2025-02-23,20,17.6,14.3,24.0,0,69.0,17.9,1.8
2025-02-23,21,12.7,8.4,17.9,2.2,75.0,19.3,4.6
2025-02-23,22,12.6,7.8,19.4,0,76.0,8.2,6.5
2025-02-23,23,14.3,9.1,20.3,0,34.0,16.2,5.3
2025-02-23,24,12.5,8.7,19.3,0,82.0,16.1,4.7
2025-02-23,25,13.1,7.7,19.4,0,56.0,13.9,3.8
2025-02-24,1,12.9,8.3,17.7,0,80.0,12.6,5.6
2025-02-24,2,16.2,11.0,20.6,2.0,61.0,6.7,4.0
2025-02-24,3,11.2,6.5,16.9,0,67.0,21.6,3.0
2025-02-24,4,14.5,10.2,20.8,13.7,68.0,9.2,3.8
2025-02-24,5,14.4,9.2,20.0,0,74.0,12.2,3.2
2025-02-24,6,13.4,8.6,19.1,3.4,75.0,15.7,5.3
2025-02-24,7,17.7,14.2,21.5,0,65.0,15.5,7.5
2025-02-24,8,17.1,11.4,22.3,0,75.0,14.3,5.3
2025-02-24,9,18.3,14.9,24.9,0,62.0,3.6,5.9
2025-02-24,10,15.2,11.1,18.9,0,62.0,19.5,6.7
2025-02-24,11,14.8,9.3,20.2,3.0,79.0,29.7,6.4
2025-02-24,12,13.9,10.6,17.8,0,79.0,13.0,5.3
2025-02-24,13,13.8,10.5,20.5,0,58.0,6.1,3.2
2025-02-24,14,16.3,10.9,22.5,0,60.0,10.7,7.4
2025-02-24,15,13.6,8.9,17.7,0,72.0,14.7,4.1
2025-02-24,16,17.6,12.1,22.1,0,62.0,1.3,5.9
2025-02-24,17,12.5,7.5,16.0,0,51.0,0.9,3.8
2025-02-24,18,11.9,8.1,17.5,0,31.0,14.3,5.3
2025-02-24,19,17.3,11.7,23.1,0,63.0,27.8,3.9
2025-02-24,20,16.5,11.9,23.0,0,59.0,15.1,5.5
2025-02-24,21,11.9,7.3,17.7,14.9,71.0,9.4,6.2
2025-02-24,22,10.9,5.6,14.7,6.0,65.0,7.2,4.7
2025-02-24,23,16.9,12.6,21.5,0,36.0,12.8,4.0
2025-02-24,24,14.6,10.7,17.8,0,73.0,4.9,7.0
2025-02-24,25,12.1,7.6,17.8,0,48.0,18.5,5.8
2025-02-25,1,13.2,7.5,16.4,0.6,52.0,11.6,5.1
2025-02-25,2,11.8,6.2,15.3,0,59.0,10.7,5.3
2025-02-25,3,15.0,9.1,19.1,0,72.0,13.0,4.6
2025-02-25,4,13.6,10.2,19.5,5.5,71.0,15.3,5.2
2025-02-25,5,18.9,13.0,22.8,7.5,71.0,10.9,4.1
2025-02-25,6,15.4,9.7,18.8,0,66.0,8.8,5.4
2025-02-25,7,13.8,9.7,17.8,0,70.0,22.5,5.1
2025-02-25,8,15.2,9.9,21.5,0,56.0,14.7,7.1
2025-02-25,9,17.3,12.6,23.1,0,69.0,22.0,8.8
2025-02-25,10,15.1,11.0,21.7,0,49.0,18.5,4.3
2025-02-25,11,15.1,9.8,18.5,0,68.0,30.1,7.3
2025-02-25,12,15.2,10.3,19.6,0,69.0,13.0,4.8
2025-02-25,13,13.4,10.1,16.7,0,58.0,18.4,1.1
2025-02-25,14,13.6,9.7,17.3,0,65.0,1.8,5.2
2025-02-25,15,14.6,8.7,21.0,0,87.0,10.2,4.9
2025-02-25,16,17.8,11.8,24.3,0,56.0,16.7,7.1
2025-02-25,17,17.5,12.1,22.4,0,59.0,12.7,5.1
2025-02-25,18,11.7,7.7,16.5,0,66.0,3.2,6.3
2025-02-25,19,17.6,12.0,20.7,0,73.0,5.1,4.0
2025-02-25,20,14.9,10.6,21.4,0,50.0,14.9,1.9
2025-02-25,21,12.2,7.7,15.3,0.7,62.0,35.1,7.9
2025-02-25,22,13.4,8.7,17.9,0,61.0,18.1,5.4
2025-02-25,23,14.2,10.3,18.3,0,33.0,21.4,4.8
2025-02-25,24,13.6,10.3,19.8,0,69.0,7.2,4.6
2025-02-25,25,14.7,10.7,18.5,0,54.0,13.0,2.1
2025-02-26,1,14.3,8.8,18.4,0,66.0,17.4,3.7
2025-02-26,2,15.5,12.3,22.0,0,61.0,12.5,4.1
2025-02-26,3,15.4,12.0,22.2,0,81.0,11.0,5.6
2025-02-26,4,15.3,11.1,19.7,0,64.0,19.1,6.1
2025-02-26,5,14.3,10.1,19.8,0,67.0,7.1,2.9
2025-02-26,6,14.4,11.4,20.6,0,69.0,8.0,5.3
2025-02-26,7,13.5,9.9,18.4,1.6,69.0,4.2,3.4
2025-02-26,8,16.1,10.5,22.2,3.3,53.0,27.3,3.1
2025-02-26,9,15.4,10.9,20.9,0,58.0,9.0,5.8
2025-02-26,10,17.4,12.4,21.9,0,58.0,12.9,6.1
2025-02-26,11,15.8,12.3,22.4,0.4,62.0,14.8,7.1
2025-02-26,12,17.0,12.0,23.1,4.1,73.0,13.0,2.1
2025-02-26,13,18.2,14.0,24.7,5.6,55.0,4.1,5.2
2025-02-26,14,16.3,11.0,19.4,0,74.0,23.5,3.5
2025-02-26,15,14.4,9.9,17.7,17.1,82.0,8.6,4.3
2025-02-26,16,14.6,11.5,21.6,5.8,91.0,29.4,3.3
2025-02-26,17,15.0,9.6,18.6,0,51.0,22.4,4.4
2025-02-26,18,11.6,6.9,15.5,0,57.0,5.7,4.1
2025-02-26,19,16.5,12.1,20.8,0,56.0,16.5,7.1
2025-02-26,20,17.3,12.7,23.7,0,53.0,25.5,3.4
2025-02-26,21,10.3,4.7,14.3,0.3,71.0,12.0,6.3
2025-02-26,22,13.2,9.8,17.1,4.2,67.0,11.4,6.9
2025-02-26,23,16.4,13.2,22.8,0,26.0,28.6,5.9
2025-02-26,24,14.3,9.6,18.6,0,74.0,2.5,4.3
2025-02-26,25,14.0,9.9,20.4,0,47.0,25.4,5.3
2025-02-27,1,14.4,9.3,18.6,0,62.0,21.8,4.5
2025-02-27,2,13.0,10.0,19.6,0,74.0,10.8,6.2
2025-02-27,3,15.8,11.9,20.0,0,74.0,10.4,6.1
2025-02-27,4,14.8,11.3,21.1,0,78.0,17.6,5.0
2025-02-27,5,15.4,10.4,18.9,0.5,66.0,17.6,2.8
2025-02-27,6,14.7,9.9,20.7,10.8,75.0,14.0,6.1
2025-02-27,7,14.9,8.9,20.5,0,73.0,5.6,4.1
2025-02-27,8,17.4,13.0,22.9,1.8,68.0,26.5,4.8
2025-02-27,9,15.7,10.5,21.9,0,68.0,16.4,6.8
2025-02-27,10,14.9,9.4,19.8,0,55.0,6.9,9.3
2025-02-27,11,14.9,10.2,19.6,0,75.0,5.2,4.6
2025-02-27,12,16.9,11.3,23.2,2.2,79.0,22.2,5.0
2025-02-27,13,14.7,11.2,21.4,0,62.0,6.6,5.3
2025-02-27,14,15.4,10.6,19.9,2.3,71.0,28.2,6.1
2025-02-27,15,15.4,9.7,19.0,1.5,85.0,8.2,6.0
2025-02-27,16,13.8,10.8,19.0,0,78.0,4.6,6.4
2025-02-27,17,15.2,11.1,18.5,0,42.0,13.6,2.6
2025-02-27,18,10.9,6.3,17.8,0,63.0,11.5,5.0
2025-02-27,19,17.1,11.4,22.7,0,60.0,25.1,3.8
2025-02-27,20,16.4,12.8,23.3,0,65.0,10.0,7.1
2025-02-27,21,11.9,6.6,16.1,1.2,76.0,10.4,7.5
2025-02-27,22,14.3,9.2,19.3,0,54.0,29.4,3.4
2025-02-27,23,16.4,11.0,21.4,0,29.0,39.7,3.4
2025-02-27,24,15.2,10.4,18.7,0,67.0,12.6,3.7
2025-02-27,25,13.4,8.8,18.8,0,47.0,10.1,5.8
2025-02-28,1,15.5,9.8,18.8,0,81.0,10.6,5.1
2025-02-28,2,14.0,8.6,20.3,0,72.0,31.9,6.3
2025-02-28,3,14.2,8.8,18.8,2.2,53.0,25.6,6.0
2025-02-28,4,16.1,10.5,21.6,0,79.0,15.9,5.5
2025-02-28,5,17.1,13.3,20.2,0,77.0,9.1,5.7
2025-02-28,6,13.9,10.9,20.1,0,88.0,15.6,6.0
2025-02-28,7,17.0,13.0,23.2,1.2,78.0,21.5,4.3
2025-02-28,8,14.7,10.8,19.9,0,58.0,21.8,2.0
2025-02-28,9,17.6,12.8,23.3,0,67.0,20.3,8.3
2025-02-28,10,17.2,13.4,20.9,0,62.0,26.2,4.5
2025-02-28,11,17.6,12.2,24.5,0,84.0,19.0,5.2
2025-02-28,12,15.0,10.2,20.0,0,71.0,32.7,3.1
2025-02-28,13,12.1,7.4,17.7,0,48.0,24.7,5.1
2025-02-28,14,15.1,11.8,19.6,0,62.0,10.0,2.2
2025-02-28,15,14.4,9.4,20.0,0,73.0,22.5,7.6
2025-02-28,16,15.1,11.8,18.5,0,71.0,7.7,7.4
2025-02-28,17,12.3,6.3,18.8,0,58.0,11.7,5.1
2025-02-28,18,10.5,6.7,14.1,0,61.0,11.1,5.3
2025-02-28,19,17.1,13.5,20.9,0,57.0,11.7,5.8
2025-02-28,20,17.8,12.6,21.0,0,50.0,17.3,3.3
2025-02-28,21,14.9,10.9,18.5,11.2,65.0,17.3,5.7
2025-02-28,22,11.9,8.8,16.4,0,62.0,20.5,6.5
2025-02-28,23,14.9,10.0,18.9,0,47.0,18.4,5.9
2025-02-28,24,13.6,8.4,19.9,0,61.0,14.7,3.7
2025-02-28,25,14.0,10.2,18.6,0,51.0,6.4,4.6
2025-03-01,1,15.0,10.9,19.3,0.9,72.0,23.0,5.2
2025-03-01,2,16.1,10.7,21.5,0,68.0,16.0,3.8
2025-03-01,3,15.1,10.1,20.3,0,55.0,11.2,3.6
2025-03-01,4,17.0,11.2,23.7,0,70.0,16.7,4.5
2025-03-01,5,16.8,11.5,22.5,0,71.0,19.5,6.5
2025-03-01,6,17.3,12.2,23.1,0,83.0,7.9,5.5
2025-03-01,7,14.8,11.6,20.3,0,76.0,23.0,3.7
2025-03-01,8,16.8,12.1,21.2,0.0,66.0,6.9,5.6
2025-03-01,9,16.9,12.4,21.1,0,65.0,13.2,4.8
2025-03-01,10,16.0,11.8,20.3,0,67.0,10.5,2.4
2025-03-01,11,12.7,8.5,19.7,0,64.0,20.7,5.4
2025-03-01,12,18.4,14.4,24.7,0,70.0,0.4,6.5
2025-03-01,13,14.8,9.1,19.9,0,68.0,11.1,3.0
2025-03-01,14,15.7,9.9,19.3,0,73.0,12.1,6.9
2025-03-01,15,12.4,9.0,17.0,5.7,63.0,10.2,5.3
2025-03-01,16,14.9,10.9,18.2,0,67.0,11.0,2.6
2025-03-01,17,13.4,7.7,17.5,0,57.0,27.0,5.5
2025-03-01,18,10.5,6.1,17.3,2.8,60.0,19.4,5.1
2025-03-01,19,19.6,16.4,23.0,0,38.0,28.7,3.6
2025-03-01,20,18.1,13.0,24.0,0,54.0,11.9,5.8
2025-03-01,21,11.3,8.3,17.1,33.9,57.0,19.6,3.2
2025-03-01,22,11.1,5.2,16.0,0,65.0,17.0,1.6
2025-03-01,23,16.6,13.5,23.1,0,35.0,5.0,6.5
2025-03-01,24,16.9,12.2,21.9,0,76.0,23.1,7.9
2025-03-01,25,13.6,9.0,17.4,0,52.0,27.5,4.0
2025-03-02,1,14.9,9.9,18.3,11.3,77.0,16.0,5.2
2025-03-02,2,17.4,13.3,23.9,3.0,67.0,11.3,5.5
2025-03-02,3,15.2,10.4,20.4,0,69.0,1.5,7.2
2025-03-02,4,15.2,9.7,22.0,0,75.0,16.7,4.6
2025-03-02,5,18.1,14.5,24.8,12.4,69.0,0.1,5.9
2025-03-02,6,15.4,9.6,20.3,9.7,70.0,12.5,4.4
2025-03-02,7,17.1,11.3,22.9,0,77.0,5.4,4.8
2025-03-02,8,13.9,9.9,19.2,0.2,64.0,3.4,6.9
2025-03-02,9,17.9,12.2,22.8,0.4,65.0,25.0,5.3
2025-03-02,10,15.5,11.5,20.7,0,64.0,29.0,5.9
2025-03-02,11,17.1,13.1,21.7,0.9,78.0,12.9,4.9
2025-03-02,12,15.9,12.5,19.3,1.0,74.0,16.4,7.0
2025-03-02,13,14.4,8.6,19.1,0,68.0,1.9,3.9
2025-03-02,14,18.8,12.9,22.8,0.2,77.0,23.5,5.2
2025-03-02,15,16.7,11.9,22.0,0,74.0,6.8,5.1
2025-03-02,16,16.9,12.0,20.1,0,65.0,9.2,5.3
2025-03-02,17,16.4,12.4,20.1,0,49.0,6.1,4.3
2025-03-02,18,9.4,4.9,15.9,10.5,41.0,11.3,3.8
2025-03-02,19,15.4,12.3,20.7,0,60.0,23.7,4.4
2025-03-02,20,19.1,14.0,24.3,0,50.0,16.8,2.8
2025-03-02,21,15.1,10.4,20.0,0,69.0,13.8,4.8
2025-03-02,22,13.7,9.7,18.1,2.0,70.0,0.2,6.3
2025-03-02,23,15.5,10.0,20.7,0,32.0,1.9,5.5
2025-03-02,24,14.6,10.7,21.6,0,85.0,25.9,5.1
2025-03-02,25,16.8,12.5,22.4,0,60.0,14.9,5.5
2025-03-03,1,15.5,11.1,21.0,0,74.0,17.9,9.1
2025-03-03,2,15.7,11.8,19.5,0,60.0,8.9,6.0
2025-03-03,3,15.3,12.1,22.2,0,60.0,4.3,4.2
2025-03-03,4,17.7,11.8,21.5,0,65.0,16.1,5.6
2025-03-03,5,16.4,11.6,21.9,1.6,63.0,28.2,6.1
2025-03-03,6,16.3,11.4,22.2,1.0,74.0,14.0,8.1
2025-03-03,7,14.9,11.7,20.9,0,83.0,15.1,6.6
2025-03-03,8,18.3,12.6,23.8,0,70.0,10.1,2.6
2025-03-03,9,15.0,10.8,19.7,0,67.0,20.8,6.1
2025-03-03,10,15.1,11.4,18.5,0,63.0,9.5,5.6
2025-03-03,11,15.0,11.2,21.9,0,73.0,21.0,6.1
2025-03-03,12,15.9,11.6,22.7,0,86.0,21.4,3.5
2025-03-03,13,14.7,11.2,20.9,0,54.0,5.9,4.8
2025-03-03,14,18.9,14.8,24.0,0,60.0,14.8,4.9
2025-03-03,15,14.3,10.5,20.9,0,60.0,18.8,5.9
2025-03-03,16,16.8,13.2,22.1,0,81.0,21.1,4.7
2025-03-03,17,14.7,10.0,21.1,1.0,47.0,14.3,6.5
2025-03-03,18,13.1,8.8,18.4,0,51.0,10.0,4.2
2025-03-03,19,20.1,15.1,26.2,0,46.0,10.8,4.6
2025-03-03,20,18.0,13.3,23.4,0,56.0,15.4,4.9
2025-03-03,21,13.9,9.0,19.1,3.0,59.0,13.8,3.9
2025-03-03,22,16.0,11.8,20.6,0,59.0,8.6,6.3
2025-03-03,23,17.9,13.1,24.6,0,33.0,19.7,5.4
2025-03-03,24,14.7,9.0,18.9,0,63.0,9.3,7.7
2025-03-03,25,14.2,9.2,20.3,0,52.0,24.7,2.8
2025-03-04,1,14.3,9.1,20.1,0,61.0,4.4,5.0
2025-03-04,2,14.9,9.5,19.9,0,61.0,14.1,6.1
2025-03-04,3,15.5,10.9,22.1,0.7,72.0,18.1,4.7
2025-03-04,4,14.7,9.5,21.5,0,58.0,17.1,7.3
2025-03-04,5,14.8,11.0,20.6,0,69.0,16.3,5.1
2025-03-04,6,15.2,11.2,21.1,0.3,67.0,8.7,5.1
2025-03-04,7,15.4,11.9,21.1,0,57.0,1.3,6.1
2025-03-04,8,15.2,10.0,19.6,0,71.0,9.1,3.7
2025-03-04,9,18.6,12.8,24.2,0,75.0,17.3,4.8
2025-03-04,10,14.6,11.0,20.2,0,51.0,8.0,4.2
2025-03-04,11,18.8,14.6,23.0,0,79.0,10.2,4.9
2025-03-04,12,15.0,9.6,20.5,0,79.0,14.6,7.3
2025-03-04,13,18.4,13.3,23.8,0,50.0,21.0,2.7
2025-03-04,14,18.3,12.8,22.6,0,54.0,17.0,5.3
2025-03-04,15,13.7,9.7,17.7,0,80.0,11.4,6.4
2025-03-04,16,16.4,10.9,22.7,0,79.0,30.1,6.0
2025-03-04,17,17.8,14.7,22.3,0,52.0,18.8,4.1
2025-03-04,18,13.1,7.7,17.7,0,58.0,11.9,5.6
2025-03-04,19,18.0,13.4,24.1,0,54.0,18.2,6.1
2025-03-04,20,18.2,15.2,21.9,0,64.0,13.4,5.7
2025-03-04,21,11.9,7.9,18.2,0,60.0,5.9,5.2
2025-03-04,22,15.9,12.1,22.1,0,57.0,15.3,6.7
2025-03-04,23,16.5,12.8,21.4,0,38.0,1.9,7.2
2025-03-04,24,18.7,14.7,23.7,0,66.0,8.6,4.7
2025-03-04,25,13.6,9.1,19.7,0,59.0,24.8,4.1
2025-03-05,1,13.4,7.6,18.0,0,61.0,0.8,5.6
2025-03-05,2,14.8,11.2,17.9,0,78.0,20.9,4.7
2025-03-05,3,17.5,11.7,22.3,0,79.0,3.5,7.6
2025-03-05,4,16.2,10.7,22.7,0,68.0,17.6,6.5
2025-03-05,5,15.8,11.4,21.8,0,65.0,36.9,5.3
2025-03-05,6,17.1,13.0,22.5,1.8,67.0,19.3,6.5
2025-03-05,7,15.9,10.8,19.4,0,67.0,23.0,5.5
2025-03-05,8,17.2,12.4,23.7,0,85.0,9.6,5.1
2025-03-05,9,11.9,8.1,17.3,0,72.0,30.0,4.2
2025-03-05,10,17.1,13.8,23.1,0,63.0,15.9,7.6
2025-03-05,11,14.2,10.7,19.6,1.9,57.0,15.7,3.3
2025-03-05,12,16.7,13.6,21.3,0,72.0,15.4,4.4
2025-03-05,13,13.0,7.9,16.2,0,47.0,0.6,3.9
2025-03-05,14,19.6,14.5,24.7,0,60.0,10.8,4.1
2025-03-05,15,11.9,7.1,17.4,0.1,73.0,12.2,6.4
2025-03-05,16,17.5,12.6,22.9,0,64.0,14.0,3.2
2025-03-05,17,14.5,10.8,21.3,0.8,50.0,30.2,5.0
2025-03-05,18,14.9,11.3,19.3,0,60.0,20.3,4.1
2025-03-05,19,17.8,13.4,23.6,2.0,61.0,11.5,3.5
2025-03-05,20,18.0,12.7,23.7,0,53.0,10.3,4.0
2025-03-05,21,15.3,12.0,22.3,0,53.0,4.9,4.4
2025-03-05,22,14.1,9.8,18.3,0,59.0,8.1,7.7
2025-03-05,23,16.7,11.5,20.7,0,34.0,6.2,7.1
2025-03-05,24,15.1,11.9,20.1,7.6,60.0,13.3,5.2
2025-03-05,25,13.4,10.0,16.9,0,52.0,13.2,6.8
2025-03-06,1,17.7,14.1,22.8,0,72.0,5.1,4.9
2025-03-06,2,15.0,11.5,19.5,0,71.0,21.9,6.6
2025-03-06,3,15.1,9.5,19.0,3.6,74.0,11.8,5.8
2025-03-06,4,16.3,10.7,21.5,0,64.0,20.8,5.2
2025-03-06,5,16.5,13.2,23.2,0,76.0,27.4,5.3
2025-03-06,6,15.2,11.5,22.1,0,57.0,8.5,7.6
2025-03-06,7,17.1,12.6,24.1,0.0,64.0,31.4,4.6
2025-03-06,8,16.1,11.6,23.0,0,70.0,18.4,2.9
2025-03-06,9,16.3,11.8,19.9,0,54.0,9.6,5.5
2025-03-06,10,17.3,11.8,22.8,0,84.0,12.7,7.2
2025-03-06,11,15.4,10.6,20.6,0.8,73.0,24.6,4.6
2025-03-06,12,14.5,9.9,19.4,0,67.0,10.0,5.8
2025-03-06,13,15.5,12.1,21.3,0,72.0,17.8,4.2
2025-03-06,14,16.6,13.0,22.5,0,64.0,8.5,8.3
2025-03-06,15,17.0,11.9,22.0,0,82.0,19.8,5.3
2025-03-06,16,17.8,11.9,23.9,0,59.0,10.0,4.1
2025-03-06,17,17.3,12.6,23.7,0,55.0,20.4,9.7
2025-03-06,18,15.7,11.3,19.2,0,49.0,11.2,5.7
2025-03-06,19,17.8,12.2,24.1,0,52.0,21.2,3.2
2025-03-06,20,18.3,13.6,24.2,0,63.0,20.6,6.7
2025-03-06,21,15.6,12.1,22.3,0,71.0,0.3,3.8
2025-03-06,22,14.1,9.6,20.7,0,51.0,17.9,5.9
2025-03-06,23,18.1,14.7,21.3,0,47.0,32.1,7.8
2025-03-06,24,13.8,10.1,17.1,13.6,68.0,22.4,4.8
2025-03-06,25,15.2,11.6,21.4,0,57.0,5.2,6.6
2025-03-07,1,18.1,13.2,22.4,0,62.0,17.5,7.3
2025-03-07,2,16.5,11.2,19.8,16.2,77.0,11.7,6.1
2025-03-07,3,14.6,10.0,19.8,12.7,58.0,16.7,7.7
2025-03-07,4,16.2,11.1,22.6,0,59.0,10.7,6.8
2025-03-07,5,16.6,12.8,21.9,6.9,64.0,10.2,4.5
2025-03-07,6,17.7,12.0,24.1,2.8,74.0,16.2,1.9
2025-03-07,7,17.6,12.8,22.7,0,68.0,9.9,4.9
2025-03-07,8,18.8,14.0,23.7,1.1,67.0,20.8,5.0
2025-03-07,9,17.4,11.6,21.7,0,80.0,2.9,5.7
2025-03-07,10,15.0,10.4,21.5,0,63.0,13.5,5.4
2025-03-07,11,17.2,13.5,23.4,0,64.0,24.1,4.6
2025-03-07,12,16.3,11.9,19.6,3.6,62.0,29.3,9.7
2025-03-07,13,17.7,11.7,22.9,0,57.0,15.8,8.4
2025-03-07,14,17.0,11.0,22.3,0,62.0,6.7,4.2
2025-03-07,15,15.4,9.6,21.6,0,74.0,0.1,6.3
2025-03-07,16,17.5,12.3,24.4,0,84.0,2.5,6.3
2025-03-07,17,15.0,11.3,21.3,0,60.0,15.0,6.6
2025-03-07,18,11.6,8.2,18.1,0.3,59.0,16.0,6.1
2025-03-07,19,20.9,15.7,24.3,0,61.0,0.4,7.5
2025-03-07,20,20.0,17.0,23.5,0,54.0,36.4,6.2
2025-03-07,21,14.3,9.1,20.5,5.9,57.0,19.9,6.8
2025-03-07,22,16.0,10.2,19.5,0,75.0,1.0,5.8
2025-03-07,23,18.2,13.3,22.2,0,41.0,8.0,5.4
2025-03-07,24,14.9,10.0,19.9,0,56.0,7.2,6.0
2025-03-07,25,15.6,9.7,21.9,0,53.0,5.3,5.6
2025-03-08,1,16.4,13.2,19.4,0,67.0,19.9,5.5
2025-03-08,2,18.6,13.0,22.0,0,65.0,7.7,6.3
2025-03-08,3,15.5,10.3,19.3,2.4,55.0,13.0,4.0
2025-03-08,4,15.9,12.5,21.0,0,68.0,4.8,7.2
2025-03-08,5,16.9,13.5,23.9,4.2,67.0,12.9,4.8
2025-03-08,6,16.2,11.4,22.2,0,64.0,3.4,6.6
2025-03-08,7,16.9,11.7,21.2,0,76.0,12.1,6.2
2025-03-08,8,18.7,13.2,23.5,0,83.0,17.3,6.5
2025-03-08,9,16.2,12.2,21.3,1.2,54.0,18.4,6.3
2025-03-08,10,17.0,14.0,22.7,0,48.0,24.9,4.8
2025-03-08,11,17.1,11.9,20.5,0,71.0,16.9,7.5
2025-03-08,12,18.2,13.7,24.5,0,66.0,16.3,5.5
2025-03-08,13,18.3,13.8,24.2,0,75.0,8.8,5.8
2025-03-08,14,17.9,13.0,24.3,0.4,68.0,14.3,8.3
2025-03-08,15,13.1,7.6,17.0,0,72.0,14.7,3.7
2025-03-08,16,18.2,13.3,21.9,0,74.0,21.2,7.7
2025-03-08,17,15.6,12.1,20.1,0,30.0,16.2,7.1
2025-03-08,18,14.4,10.7,17.7,4.3,40.0,12.0,6.0
2025-03-08,19,19.8,16.4,26.4,0,50.0,4.2,7.7
2025-03-08,20,21.1,16.4,24.2,0,56.0,27.3,7.7
2025-03-08,21,13.3,9.0,17.2,0,55.0,9.1,7.0
2025-03-08,22,15.6,10.0,18.8,0,64.0,33.4,5.3
2025-03-08,23,23.8,20.3,27.2,0,35.0,23.4,6.2
2025-03-08,24,16.5,12.2,20.4,0,81.0,24.3,5.4
2025-03-08,25,15.4,11.9,21.1,0,56.0,21.2,5.6
2025-03-09,1,17.6,14.5,22.9,0,73.0,17.9,8.8
2025-03-09,2,16.9,13.2,21.8,0,71.0,16.6,8.4
2025-03-09,3,16.5,10.9,20.4,0,56.0,17.3,4.5
2025-03-09,4,18.3,14.3,23.9,0,73.0,21.3,5.4
2025-03-09,5,14.6,10.4,19.6,0,68.0,15.5,4.0
2025-03-09,6,13.6,8.5,20.2,1.8,81.0,22.8,5.4
2025-03-09,7,14.8,11.1,19.9,0,67.0,17.8,1.8
2025-03-09,8,16.9,12.5,23.6,0,67.0,27.3,6.0
2025-03-09,9,14.6,10.3,19.2,0,52.0,10.5,6.4
2025-03-09,10,18.1,14.7,24.2,0,74.0,18.3,5.8
2025-03-09,11,14.0,10.4,19.7,0,63.0,25.5,5.0
2025-03-09,12,15.1,11.9,18.7,1.5,74.0,28.3,4.2
2025-03-09,13,18.4,15.3,22.4,0,52.0,5.3,3.8
2025-03-09,14,21.5,17.6,28.0,0,79.0,12.9,4.3
2025-03-09,15,14.6,9.2,20.1,0,71.0,5.2,5.4
2025-03-09,16,18.3,13.8,24.5,0,72.0,18.3,6.5
2025-03-09,17,16.9,13.5,23.2,0,44.0,16.7,5.8
2025-03-09,18,11.2,6.9,16.6,0,59.0,6.3,3.4
2025-03-09,19,18.7,15.5,25.1,0,65.0,8.6,5.5
2025-03-09,20,17.6,14.2,21.2,0,45.0,0.7,6.0
2025-03-09,21,14.8,9.1,20.2,0,51.0,5.2,6.6
2025-03-09,22,14.0,8.6,20.3,0,49.0,15.2,3.7
2025-03-09,23,16.2,10.8,23.1,0,33.0,0.9,5.8
2025-03-09,24,15.8,11.4,21.6,0,73.0,7.7,7.7
2025-03-09,25,18.7,15.1,23.5,0,55.0,25.7,7.0
2025-03-10,1,18.1,14.2,23.9,0,66.0,9.8,3.9
2025-03-10,2,19.6,14.1,23.7,0,68.0,3.4,6.5
2025-03-10,3,16.6,13.4,22.1,0,74.0,8.2,5.6
2025-03-10,4,15.8,10.3,19.4,0.3,73.0,9.2,5.5
2025-03-10,5,21.2,18.2,27.6,0,64.0,14.4,8.4
2025-03-10,6,16.5,13.3,19.6,14.7,65.0,16.2,4.3
2025-03-10,7,19.1,13.3,24.4,0,82.0,11.5,7.1
2025-03-10,8,15.8,11.5,19.9,0,66.0,3.2,5.6
2025-03-10,9,17.5,13.4,22.5,0,77.0,7.5,5.5
2025-03-10,10,15.7,11.5,21.1,0,41.0,1.5,8.3
2025-03-10,11,15.7,12.1,19.3,0,79.0,2.7,1.6
2025-03-10,12,17.9,14.5,22.6,0,80.0,1.5,7.2
2025-03-10,13,16.1,11.7,20.8,0,41.0,20.1,7.5
2025-03-10,14,21.6,18.1,28.5,0,49.0,13.3,7.7
2025-03-10,15,15.8,10.9,22.7,0,82.0,2.4,9.3
2025-03-10,16,20.4,15.1,25.7,0,70.0,4.1,3.8
2025-03-10,17,14.9,10.1,19.9,0,48.0,21.9,7.4
2025-03-10,18,13.0,7.4,16.5,15.4,56.0,21.6,4.5
2025-03-10,19,20.1,16.0,26.9,0,54.0,21.6,9.1
2025-03-10,20,19.0,14.8,24.4,0,62.0,18.2,9.0
2025-03-10,21,11.7,6.6,15.9,0,61.0,10.6,4.2
2025-03-10,22,17.3,13.9,21.0,1.8,57.0,13.0,7.7
2025-03-10,23,19.5,13.5,24.9,0,48.0,31.0,6.1
2025-03-10,24,15.8,10.7,21.3,0,65.0,12.9,4.2
2025-03-10,25,12.6,8.1,19.1,0,41.0,17.1,4.0
2025-03-11,1,15.4,9.5,20.0,3.1,76.0,14.8,5.4
2025-03-11,2,17.9,13.4,21.7,0,72.0,16.3,5.7
2025-03-11,3,18.8,14.4,24.0,4.2,68.0,25.2,5.7
2025-03-11,4,16.3,11.8,19.4,0,74.0,30.6,6.7
2025-03-11,5,17.9,14.7,21.4,0,62.0,14.9,6.9
2025-03-11,6,18.1,14.5,24.7,0,72.0,10.3,3.9
2025-03-11,7,16.6,11.1,20.0,0,76.0,4.8,7.4
2025-03-11,8,19.1,14.7,25.8,0,69.0,5.3,5.1
2025-03-11,9,19.4,14.0,25.2,0,71.0,20.3,6.1
2025-03-11,10,15.7,10.1,19.5,0,52.0,2.3,6.8
2025-03-11,11,16.3,13.2,20.4,0,72.0,23.8,6.0
2025-03-11,12,16.9,11.3,21.0,0,67.0,24.7,4.2
2025-03-11,13,17.0,11.8,20.0,0,57.0,20.0,5.7
2025-03-11,14,17.9,12.9,21.4,0,49.0,32.6,4.2
2025-03-11,15,16.8,11.4,20.8,0,77.0,23.6,4.4
2025-03-11,16,16.8,13.8,23.2,0,88.0,12.5,5.4
2025-03-11,17,17.4,12.6,21.7,0.2,60.0,12.2,4.0
2025-03-11,18,12.3,8.8,18.0,0,63.0,10.9,4.3
2025-03-11,19,20.5,16.4,24.2,0,55.0,7.0,5.6
2025-03-11,20,19.8,15.1,23.5,0,63.0,24.3,1.0
2025-03-11,21,14.0,10.1,18.7,2.1,41.0,22.4,5.4
2025-03-11,22,17.0,13.4,22.6,0,54.0,2.0,7.2
2025-03-11,23,17.1,11.4,22.4,0,34.0,13.5,5.4
2025-03-11,24,18.2,14.0,23.0,0,75.0,18.0,5.7
2025-03-11,25,17.5,14.4,24.1,0,47.0,22.2,6.9
2025-03-12,1,19.2,14.6,24.4,3.6,60.0,7.8,5.4
2025-03-12,2,17.1,13.6,22.6,0,77.0,12.3,5.8
2025-03-12,3,16.0,10.9,21.2,0,66.0,15.4,5.6
2025-03-12,4,14.6,9.4,20.5,0,66.0,12.2,7.1
2025-03-12,5,19.0,13.3,23.7,0,70.0,9.9,7.7
2025-03-12,6,19.8,14.7,23.3,0,78.0,12.8,5.7
2025-03-12,7,17.4,13.2,22.1,0,69.0,14.0,5.5
2025-03-12,8,14.7,11.7,21.5,0,65.0,17.4,7.9
2025-03-12,9,15.9,12.1,22.7,0,64.0,21.0,3.2
2025-03-12,10,18.9,15.4,22.5,0,54.0,27.3,4.9
2025-03-12,11,15.0,9.1,21.7,0,68.0,15.7,6.4
2025-03-12,12,16.6,11.9,20.2,0,65.0,16.3,4.9
2025-03-12,13,17.3,14.3,22.6,0,53.0,9.2,6.3
2025-03-12,14,20.9,15.5,24.6,0,61.0,13.4,5.0
2025-03-12,15,16.5,12.2,21.5,0,62.0,13.1,7.7
2025-03-12,16,17.4,11.7,21.8,1.4,64.0,28.3,3.8
2025-03-12,17,15.6,10.7,19.8,0,52.0,11.1,6.3
2025-03-12,18,14.8,9.0,17.9,0,37.0,25.7,7.9
2025-03-12,19,22.1,16.6,27.7,0,53.0,19.9,5.3
2025-03-12,20,18.1,13.2,22.9,0,60.0,14.0,3.7
2025-03-12,21,15.0,11.1,21.2,0,52.0,13.8,6.7
2025-03-12,22,16.5,13.5,21.4,0,63.0,17.6,7.8
2025-03-12,23,22.3,16.8,25.5,0,30.0,17.8,5.7
2025-03-12,24,14.0,9.5,17.4,0.4,69.0,14.8,7.7
2025-03-12,25,13.7,8.5,18.9,0,47.0,25.7,7.9
2025-03-13,1,17.5,13.4,23.2,0,70.0,18.6,3.5
2025-03-13,2,17.7,12.4,21.4,0,72.0,17.3,11.9
2025-03-13,3,20.8,16.1,27.1,0,71.0,28.4,5.3
2025-03-13,4,17.2,13.9,21.8,0,54.0,14.5,4.9
2025-03-13,5,18.9,15.6,23.1,0,58.0,24.3,9.8
2025-03-13,6,18.9,15.7,24.7,0.8,79.0,9.4,9.3
2025-03-13,7,18.8,12.9,23.8,0,45.0,3.8,5.1
2025-03-13,8,18.1,13.0,24.5,0,62.0,3.4,6.5
2025-03-13,9,17.4,14.4,21.2,0,61.0,12.6,7.5
2025-03-13,10,14.9,10.9,19.1,0,70.0,20.4,3.5
2025-03-13,11,15.9,12.9,21.7,1.2,78.0,15.8,8.2
2025-03-13,12,18.6,13.5,24.1,0,59.0,13.4,4.8
2025-03-13,13,16.8,11.3,22.4,0,54.0,18.9,5.7
2025-03-13,14,20.4,16.4,26.4,0,59.0,19.3,3.3
2025-03-13,15,16.0,11.4,22.0,0,75.0,12.1,5.7
2025-03-13,16,18.1,13.4,23.3,0,74.0,24.7,7.9
2025-03-13,17,17.8,12.3,23.3,0,47.0,6.0,6.8
2025-03-13,18,14.0,10.0,18.8,0,50.0,13.1,5.3
2025-03-13,19,16.4,12.2,20.8,0,55.0,14.9,6.0
2025-03-13,20,19.6,16.0,23.4,0,49.0,12.7,6.6
2025-03-13,21,15.4,11.5,21.4,0,52.0,7.8,8.6
2025-03-13,22,16.9,13.1,21.0,0,57.0,12.0,6.4
2025-03-13,23,18.7,14.2,21.9,0,24.0,0.4,4.8
2025-03-13,24,17.3,11.4,23.0,0,65.0,9.2,7.6
2025-03-13,25,15.4,11.1,21.3,0,47.0,24.8,5.9
2025-03-14,1,16.7,11.7,21.0,0,42.0,16.8,6.2
2025-03-14,2,18.1,12.4,24.8,0,62.0,12.5,4.4
2025-03-14,3,15.2,12.1,19.4,0,76.0,19.5,7.3
2025-03-14,4,15.7,9.7,20.6,10.2,78.0,2.7,4.8
2025-03-14,5,16.6,12.9,23.2,0,76.0,22.1,5.2
2025-03-14,6,16.7,11.7,21.2,0,69.0,19.5,8.4
2025-03-14,7,18.7,13.7,23.0,0,83.0,6.8,6.6
2025-03-14,8,19.5,13.9,23.7,0,60.0,19.6,6.2
2025-03-14,9,20.9,15.8,24.8,0,59.0,13.0,7.9
2025-03-14,10,15.1,11.7,20.6,0,66.0,15.7,7.2
2025-03-14,11,18.0,14.7,21.3,2.2,64.0,20.9,4.2
2025-03-14,12,15.8,11.4,20.0,0,50.0,5.5,5.4
2025-03-14,13,18.4,14.3,22.2,5.4,51.0,29.2,8.3
2025-03-14,14,20.3,16.6,26.3,0,64.0,3.0,5.6
2025-03-14,15,16.7,11.1,23.3,0,65.0,25.9,7.2
2025-03-14,16,18.0,12.7,24.8,0,76.0,17.4,4.8
2025-03-14,17,17.2,13.0,22.2,0,43.0,19.0,5.0
2025-03-14,18,15.3,11.0,18.8,0,62.0,12.9,6.5
2025-03-14,19,21.1,17.3,24.9,0,61.0,15.2,7.3
2025-03-14,20,21.2,17.3,24.8,0,61.0,15.3,7.9
2025-03-14,21,15.5,11.5,21.3,3.8,63.0,5.8,6.1
2025-03-14,22,16.5,13.3,19.7,10.0,63.0,10.5,6.1
2025-03-14,23,19.3,15.5,24.8,0,22.0,22.0,5.9
2025-03-14,24,17.9,14.2,22.5,0,61.0,6.4,9.1
2025-03-14,25,15.8,10.5,22.1,0,62.0,19.1,4.7
2025-03-15,1,19.8,15.8,26.1,0,55.0,15.9,8.4
2025-03-15,2,18.5,13.7,25.4,3.9,68.0,26.1,5.4
2025-03-15,3,20.6,14.7,25.9,0,51.0,21.1,5.8
2025-03-15,4,19.8,15.4,23.2,0,56.0,24.8,5.0
2025-03-15,5,16.6,11.0,20.2,0,66.0,15.7,7.1
2025-03-15,6,16.3,10.6,20.2,0,66.0,21.1,6.6
2025-03-15,7,20.3,14.4,26.5,0,79.0,9.4,6.2
2025-03-15,8,16.8,13.2,22.0,0,54.0,26.0,6.2
2025-03-15,9,18.6,12.8,23.5,0,72.0,23.1,5.9
2025-03-15,10,19.6,15.4,25.1,0,64.0,7.5,3.9
2025-03-15,11,16.1,11.2,19.8,0,69.0,4.2,6.8
2025-03-15,12,16.2,12.2,22.3,0,74.0,27.0,9.0
2025-03-15,13,16.9,13.0,22.3,0.4,56.0,9.1,9.9
2025-03-15,14,20.5,15.0,26.6,0,60.0,15.3,6.1
2025-03-15,15,17.4,12.4,22.8,0,75.0,7.1,4.9
2025-03-15,16,17.0,12.5,20.2,0,77.0,16.6,6.0
2025-03-15,17,16.8,12.9,22.6,0,45.0,20.3,7.8
2025-03-15,18,14.7,11.3,19.1,0,44.0,4.9,8.5
2025-03-15,19,20.7,15.0,25.6,0,66.0,19.5,5.0
2025-03-15,20,19.0,14.2,24.6,0,56.0,17.7,5.8
2025-03-15,21,15.1,11.7,21.2,0,61.0,16.9,9.9
2025-03-15,22,14.1,10.0,17.7,0,58.0,12.7,7.2
2025-03-15,23,21.6,17.8,25.6,0,33.0,13.1,6.4
2025-03-15,24,18.8,13.4,22.5,0,62.0,20.8,5.2
2025-03-15,25,18.7,15.3,23.4,0,39.0,11.5,6.2
2025-03-16,1,18.5,13.2,24.8,0,75.0,6.3,5.7
2025-03-16,2,17.4,12.5,24.0,0,62.0,23.9,5.9
2025-03-16,3,15.2,11.4,19.5,0,70.0,18.2,8.4
2025-03-16,4,16.0,10.3,22.2,0,63.0,4.0,4.9
2025-03-16,5,20.5,15.3,23.8,0,57.0,25.2,5.2
2025-03-16,6,18.5,13.1,25.2,2.8,62.0,14.9,4.8
2025-03-16,7,19.0,15.3,25.4,0,76.0,14.9,5.9
2025-03-16,8,17.9,14.7,24.1,0,60.0,22.5,5.8
2025-03-16,9,19.4,13.7,22.5,0,52.0,25.6,8.2
2025-03-16,10,17.7,14.0,20.7,0,57.0,16.3,7.1
2025-03-16,11,18.7,15.0,23.6,0,74.0,19.2,5.6
2025-03-16,12,19.3,15.2,26.1,0,59.0,25.1,7.3
2025-03-16,13,16.8,12.9,23.6,0.1,61.0,22.3,10.5
2025-03-16,14,20.9,15.8,24.6,1.7,60.0,13.1,6.4
2025-03-16,15,17.4,13.0,23.6,2.6,72.0,19.8,7.1
2025-03-16,16,18.6,13.4,22.8,0,76.0,3.3,10.0
2025-03-16,17,17.5,12.0,22.6,0,43.0,20.3,9.8
2025-03-16,18,17.0,12.8,22.8,0,61.0,19.1,6.0
2025-03-16,19,18.9,14.6,22.4,0,43.0,23.1,11.5
2025-03-16,20,19.4,14.0,25.3,0,44.0,6.2,6.6
2025-03-16,21,19.2,14.4,25.9,0,73.0,19.1,6.4
2025-03-16,22,18.4,14.2,22.8,0,58.0,20.9,8.4
2025-03-16,23,23.0,18.1,27.0,0,41.0,2.1,5.0
2025-03-16,24,16.1,11.9,20.4,0,77.0,18.1,6.2
2025-03-16,25,18.3,14.7,23.0,0,44.0,15.2,5.3
2025-03-17,1,17.5,12.0,23.5,1.6,72.0,26.2,5.6
2025-03-17,2,16.0,10.2,21.7,0,64.0,16.3,7.4
2025-03-17,3,17.7,12.4,24.4,0,73.0,22.6,8.4
2025-03-17,4,18.0,13.6,21.3,0,54.0,2.6,5.0
2025-03-17,5,17.6,13.6,22.1,0,75.0,26.5,5.4
2025-03-17,6,17.1,13.0,21.1,0,62.0,20.0,7.0
2025-03-17,7,16.1,12.2,20.6,0.3,74.0,36.9,8.6
2025-03-17,8,18.1,13.9,22.1,0,78.0,25.2,7.0
2025-03-17,9,20.7,14.9,24.9,0,64.0,19.0,6.5
2025-03-17,10,16.8,11.3,23.5,5.3,70.0,5.6,8.8
2025-03-17,11,20.5,15.3,25.0,0,63.0,25.1,5.4
2025-03-17,12,21.2,15.6,27.2,0,77.0,21.0,4.5
2025-03-17,13,18.7,14.2,25.4,0,55.0,17.5,9.9
2025-03-17,14,18.2,12.3,25.0,0,67.0,9.5,7.3
2025-03-17,15,17.2,13.2,22.1,0,85.0,16.7,6.7
2025-03-17,16,17.4,12.9,21.0,0,70.0,11.1,8.6
2025-03-17,17,16.8,11.7,22.9,0,37.0,28.9,6.9
2025-03-17,18,15.8,12.2,22.8,0,46.0,5.8,10.0
2025-03-17,19,22.3,18.0,28.2,0,47.0,21.0,4.7
2025-03-17,20,21.0,16.4,25.0,0,38.0,16.2,5.2
2025-03-17,21,17.9,14.1,22.5,0,66.0,1.4,5.9
2025-03-17,22,13.9,8.0,19.6,0,57.0,15.9,2.6
2025-03-17,23,18.1,13.4,22.6,0,35.0,6.7,6.8
2025-03-17,24,16.7,13.3,22.0,0,57.0,21.5,5.7
2025-03-17,25,18.5,13.7,23.0,0,48.0,8.8,7.2
2025-03-18,1,19.7,15.1,22.9,0,66.0,27.2,7.3
2025-03-18,2,18.9,14.3,24.7,0,66.0,15.8,7.7
2025-03-18,3,16.4,10.9,21.9,0,54.0,14.0,6.1
2025-03-18,4,15.7,11.3,22.1,0,72.0,15.4,5.9
2025-03-18,5,16.3,13.0,20.3,1.3,72.0,7.7,6.8
2025-03-18,6,18.7,13.6,22.9,0,73.0,9.9,6.5
2025-03-18,7,20.1,16.7,23.8,1.8,55.0,21.9,7.2
2025-03-18,8,20.0,16.0,25.9,1.8,64.0,0.2,5.5
2025-03-18,9,18.9,14.7,22.4,0,67.0,6.9,7.4
2025-03-18,10,16.6,13.2,22.7,0,76.0,8.3,7.9
2025-03-18,11,19.5,13.7,24.0,0.3,74.0,13.2,9.9
2025-03-18,12,18.5,15.2,24.5,0,67.0,13.3,6.1
2025-03-18,13,19.5,15.3,24.1,0,51.0,29.6,7.2
2025-03-18,14,21.7,16.8,27.6,0,50.0,14.4,9.2
2025-03-18,15,16.1,11.1,22.6,0,79.0,14.5,8.4
2025-03-18,16,20.1,16.7,26.9,0,55.0,13.1,6.3
2025-03-18,17,17.2,12.7,20.2,0,44.0,14.1,7.9
2025-03-18,18,12.6,6.6,18.4,0,59.0,4.2,8.1
2025-03-18,19,21.5,17.7,24.7,0,60.0,16.2,7.7
2025-03-18,20,20.0,16.4,25.1,0,48.0,23.9,8.2
2025-03-18,21,17.5,13.8,21.5,4.6,67.0,15.3,6.3
2025-03-18,22,18.8,14.2,24.0,0,78.0,19.4,7.5
2025-03-18,23,20.1,16.8,24.1,0,29.0,2.7,5.8
2025-03-18,24,17.6,14.4,23.3,0.6,61.0,19.6,6.6
2025-03-18,25,19.2,14.1,23.3,0.6,49.0,2.0,6.2
2025-03-19,1,17.6,12.9,21.5,0,65.0,6.9,6.1
2025-03-19,2,21.1,15.3,27.9,0,65.0,28.1,4.8
2025-03-19,3,18.1,13.1,22.7,0,84.0,10.8,8.6
2025-03-19,4,16.5,13.2,23.1,3.8,78.0,19.3,7.5
2025-03-19,5,19.2,14.9,22.5,0,85.0,2.7,7.9
2025-03-19,6,17.4,12.9,22.7,0,69.0,14.2,8.5
2025-03-19,7,18.0,14.0,22.3,0,73.0,1.2,6.9
2025-03-19,8,17.0,12.3,21.0,0,59.0,6.5,6.6
2025-03-19,9,19.7,13.8,25.4,0,59.0,17.6,7.5
2025-03-19,10,18.0,12.9,24.9,0,77.0,34.8,6.8
2025-03-19,11,18.1,12.1,24.5,0,58.0,18.8,10.5
2025-03-19,12,18.7,15.7,25.6,0,73.0,14.8,4.9
2025-03-19,13,20.1,15.0,23.3,0,59.0,20.3,5.7
2025-03-19,14,21.3,18.3,27.1,0,51.0,9.9,6.9
2025-03-19,15,18.8,13.3,24.8,0,76.0,24.6,4.1
2025-03-19,16,17.2,12.3,20.8,0,58.0,7.5,4.7
2025-03-19,17,18.3,14.5,22.7,0,44.0,12.7,7.7
2025-03-19,18,12.6,8.1,17.8,0,57.0,3.5,7.2
2025-03-19,19,22.3,17.6,27.4,0,47.0,14.8,4.9
2025-03-19,20,20.2,14.8,24.7,0,41.0,8.1,6.5
2025-03-19,21,18.4,13.4,24.6,2.1,43.0,16.4,8.3
2025-03-19,22,17.8,12.0,21.9,0,51.0,10.5,6.5
2025-03-19,23,21.8,16.0,27.9,0,37.0,19.8,5.5
2025-03-19,24,15.9,10.4,22.1,0,73.0,21.0,6.5
2025-03-19,25,19.0,13.5,24.9,0,57.0,14.2,6.8
2025-03-20,1,18.7,13.3,23.5,0,70.0,12.6,7.0
2025-03-20,2,16.8,11.8,21.9,0,68.0,18.4,9.1
2025-03-20,3,20.0,15.5,26.8,2.0,71.0,13.9,9.1
2025-03-20,4,17.1,12.6,22.9,0,57.0,11.5,7.3
2025-03-20,5,17.3,12.6,21.6,0,47.0,20.9,7.3
2025-03-20,6,18.0,12.5,23.6,0,63.0,22.5,6.8
2025-03-20,7,16.3,11.8,23.1,0,64.0,2.6,7.0
2025-03-20,8,17.4,11.7,21.0,0,74.0,23.7,6.6
2025-03-20,9,19.4,16.1,22.7,0,64.0,11.7,7.7
2025-03-20,10,18.3,12.3,25.3,0,60.0,13.7,7.4
2025-03-20,11,21.1,16.4,24.9,0,73.0,15.4,6.5
2025-03-20,12,16.3,12.5,22.2,0,68.0,1.0,9.4
2025-03-20,13,15.8,12.2,22.4,0.1,40.0,15.6,7.3
2025-03-20,14,18.5,14.5,24.5,0,67.0,25.9,7.0
2025-03-20,15,18.4,12.7,25.2,0,62.0,18.6,7.9
2025-03-20,16,19.3,15.4,22.6,0,73.0,13.1,7.6
2025-03-20,17,21.9,18.4,26.9,0,54.0,5.2,6.2
2025-03-20,18,15.2,10.0,18.5,0,58.0,24.9,5.9
2025-03-20,19,18.7,15.4,25.7,0,46.0,1.1,6.2
2025-03-20,20,23.6,20.3,30.3,0,62.0,5.1,6.4
2025-03-20,21,16.5,12.5,22.5,0,51.0,23.5,8.1
2025-03-20,22,20.4,16.6,24.6,0,54.0,18.0,8.0
2025-03-20,23,23.2,18.9,27.5,0,41.0,11.5,6.1
2025-03-20,24,18.0,14.9,21.7,0,65.0,14.5,6.3
2025-03-20,25,18.0,14.3,21.1,0,37.0,29.5,5.0
2025-03-21,1,17.7,13.8,23.9,0,69.0,27.7,7.3
2025-03-21,2,19.5,15.3,25.9,0,69.0,15.6,5.7
2025-03-21,3,18.1,15.0,23.6,0,60.0,17.4,6.0
2025-03-21,4,18.6,13.4,22.8,0,79.0,20.0,4.9
2025-03-21,5,18.4,15.1,21.4,0,62.0,22.1,7.7
2025-03-21,6,18.0,14.1,21.4,0,71.0,10.6,7.4
2025-03-21,7,19.3,15.6,24.8,0,60.0,10.3,7.5
2025-03-21,8,18.1,12.6,24.5,0,77.0,27.3,5.2
2025-03-21,9,18.7,15.1,24.9,0,46.0,12.5,6.2
2025-03-21,10,19.2,14.6,22.3,0,56.0,3.3,8.3
2025-03-21,11,21.9,16.6,27.1,0,67.0,12.1,8.2
2025-03-21,12,17.9,13.0,21.5,0,57.0,12.3,8.1
2025-03-21,13,17.4,13.0,22.1,0,69.0,11.9,8.9
2025-03-21,14,21.0,17.2,27.5,0,65.0,11.9,7.1
2025-03-21,15,18.9,15.0,22.9,0,63.0,25.5,9.4
2025-03-21,16,18.6,14.3,25.4,0,68.0,11.2,7.2
2025-03-21,17,20.1,15.7,26.7,0,58.0,12.3,7.0
2025-03-21,18,16.5,13.1,23.2,0,50.0,11.7,5.9
2025-03-21,19,24.1,18.2,29.2,0,47.0,9.4,5.9
2025-03-21,20,19.8,16.7,23.2,0,63.0,8.9,6.8
2025-03-21,21,15.2,9.9,20.3,0,51.0,23.2,5.5
2025-03-21,22,14.1,9.8,18.4,1.6,57.0,26.3,6.9
2025-03-21,23,22.1,17.6,28.9,0,38.0,13.7,6.6
2025-03-21,24,18.6,15.2,23.5,0,56.0,4.7,6.6
2025-03-21,25,16.6,10.6,22.5,0,39.0,21.7,6.5
2025-03-22,1,17.4,12.3,22.0,0,66.0,8.7,11.9
2025-03-22,2,17.9,14.8,22.4,0,51.0,17.1,8.9
2025-03-22,3,17.3,12.8,20.5,0,83.0,19.8,6.2
2025-03-22,4,17.5,13.2,22.6,4.1,72.0,9.5,8.5
2025-03-22,5,17.5,12.8,24.5,0,65.0,15.1,6.8
2025-03-22,6,18.3,12.7,25.1,0,46.0,11.8,9.4
2025-03-22,7,19.4,14.4,23.7,4.0,58.0,8.4,7.7
2025-03-22,8,21.4,16.7,28.3,0,57.0,23.7,6.9
2025-03-22,9,21.9,16.8,27.9,0,62.0,12.7,6.9
2025-03-22,10,19.6,16.5,24.4,0,58.0,14.8,7.4
2025-03-22,11,19.1,14.4,26.1,0,78.0,26.4,8.2
2025-03-22,12,18.4,14.8,25.0,0,60.0,33.4,9.1
2025-03-22,13,18.5,13.7,25.3,0,51.0,12.0,6.4
2025-03-22,14,20.2,17.2,24.4,0,53.0,8.3,5.8
2025-03-22,15,18.3,13.1,23.7,0,78.0,11.0,6.2
2025-03-22,16,18.4,12.6,21.8,0,65.0,19.3,6.6
2025-03-22,17,18.7,13.3,22.5,0,44.0,20.4,3.5
2025-03-22,18,16.2,10.3,20.5,0,54.0,24.7,6.0
2025-03-22,19,22.8,18.0,26.0,0,50.0,16.4,5.6
2025-03-22,20,21.7,16.8,27.4,0,55.0,14.2,8.4
2025-03-22,21,17.5,13.7,20.7,0,48.0,9.3,6.8
2025-03-22,22,17.3,14.0,21.7,0,55.0,21.7,10.1
2025-03-22,23,24.4,18.8,29.1,0,32.0,17.6,7.4
2025-03-22,24,18.9,13.5,25.0,0,73.0,9.7,8.6
2025-03-22,25,18.6,14.6,24.8,0,51.0,21.5,7.0
2025-03-23,1,18.9,13.2,24.0,0,72.0,5.9,7.2
2025-03-23,2,21.3,15.8,25.2,0,72.0,14.1,8.8
2025-03-23,3,17.8,14.6,23.8,0,63.0,30.6,4.5
2025-03-23,4,19.9,16.7,25.5,0,59.0,10.9,8.7
2025-03-23,5,20.5,14.8,27.4,0,69.0,11.4,7.2
2025-03-23,6,22.6,17.1,29.4,0,76.0,19.8,8.4
2025-03-23,7,18.6,12.8,22.3,0,66.0,24.9,6.1
2025-03-23,8,22.7,19.6,28.4,1.6,51.0,12.3,7.3
2025-03-23,9,18.4,13.3,24.7,0,58.0,19.9,8.1
2025-03-23,10,19.5,14.1,25.2,0,65.0,12.2,5.9
2025-03-23,11,17.5,13.8,24.0,0,78.0,25.1,5.8
2025-03-23,12,17.5,12.0,22.1,0,65.0,21.4,5.8
2025-03-23,13,20.7,16.8,24.7,0,47.0,0.1,7.8
2025-03-23,14,21.2,15.9,28.0,0,62.0,22.8,5.0
2025-03-23,15,17.5,12.8,23.6,0,55.0,21.7,6.9
2025-03-23,16,19.8,14.6,26.1,0,67.0,21.3,4.4
2025-03-23,17,19.5,14.1,25.3,0,39.0,14.6,6.5
2025-03-23,18,16.0,11.7,21.0,0,46.0,16.4,9.0
2025-03-23,19,21.3,17.7,25.0,0,43.0,16.4,7.7
2025-03-23,20,20.7,16.8,23.8,0,59.0,5.6,5.8
2025-03-23,21,19.1,14.8,22.4,0,66.0,14.3,4.4
2025-03-23,22,18.0,14.6,23.4,0,41.0,11.1,7.1
2025-03-23,23,22.2,17.8,28.4,0,28.0,5.7,6.0
2025-03-23,24,19.1,14.8,22.9,0,59.0,5.1,9.6
2025-03-23,25,18.7,15.2,23.5,0,44.0,6.1,8.4
2025-03-24,1,18.7,14.4,24.3,0,72.0,21.7,5.5
2025-03-24,2,21.0,16.0,25.5,0,61.0,6.6,6.9
2025-03-24,3,18.0,13.9,24.3,0,62.0,25.0,5.8
2025-03-24,4,19.4,16.4,25.9,0,54.0,10.2,6.8
2025-03-24,5,17.2,11.6,20.9,0,75.0,10.4,8.8
2025-03-24,6,17.3,12.8,23.9,0.3,63.0,29.6,5.0
2025-03-24,7,20.3,14.7,26.4,0,54.0,21.7,8.2
2025-03-24,8,20.6,15.7,26.2,0,73.0,12.9,8.2
2025-03-24,9,19.8,16.5,25.1,0,52.0,10.5,5.1
2025-03-24,10,19.9,16.4,24.9,0,75.0,16.5,8.4
2025-03-24,11,18.3,14.0,21.5,0,72.0,13.0,6.6
2025-03-24,12,18.7,15.6,23.9,0,59.0,12.5,7.0
2025-03-24,13,18.8,13.5,25.6,0,57.0,15.6,4.3
2025-03-24,14,21.2,15.5,25.7,0,57.0,18.1,8.9
2025-03-24,15,17.1,12.0,21.4,16.6,64.0,19.5,8.7
2025-03-24,16,20.7,16.5,27.7,0,63.0,15.9,6.2
2025-03-24,17,20.2,16.3,24.9,0,42.0,8.4,8.5
2025-03-24,18,14.6,9.1,19.9,0,50.0,16.6,7.2
2025-03-24,19,24.6,20.7,30.2,0,55.0,13.6,8.7
2025-03-24,20,20.1,15.3,26.3,0,63.0,16.1,8.0
2025-03-24,21,17.2,12.5,21.3,0,55.0,20.2,8.9
2025-03-24,22,18.6,14.4,22.9,3.3,64.0,18.1,7.3
2025-03-24,23,21.9,18.0,27.6,0,43.0,1.1,7.6
2025-03-24,24,20.9,17.7,25.0,0,56.0,22.0,6.8
2025-03-24,25,18.8,13.0,24.8,0,56.0,2.6,7.1
2025-03-25,1,19.6,15.3,22.7,0,69.0,16.0,7.9
2025-03-25,2,20.1,14.7,24.9,0,72.0,7.7,8.0
2025-03-25,3,20.1,17.0,23.9,0,52.0,7.5,8.7
2025-03-25,4,19.0,14.5,24.3,0,72.0,20.9,7.7
2025-03-25,5,20.2,16.0,23.8,2.3,58.0,25.5,6.7
2025-03-25,6,17.4,12.5,21.0,0,72.0,2.3,5.3
2025-03-25,7,19.5,13.7,26.1,0,53.0,23.7,8.1
2025-03-25,8,20.7,16.6,25.9,0,60.0,22.8,7.0
2025-03-25,9,21.2,17.0,24.3,0,53.0,9.2,7.9
2025-03-25,10,22.6,18.7,26.0,0.5,48.0,15.6,9.6
2025-03-25,11,18.2,12.8,21.2,0,71.0,16.8,10.0
2025-03-25,12,21.0,15.1,27.1,0,67.0,13.5,5.5
2025-03-25,13,20.9,17.9,25.5,0,57.0,14.2,7.3
2025-03-25,14,19.7,14.2,24.6,0,66.0,3.0,9.8
2025-03-25,15,17.0,12.8,22.7,0,77.0,22.0,6.8
2025-03-25,16,22.1,17.3,27.6,0,69.0,4.4,7.9
2025-03-25,17,20.4,17.2,24.5,0,37.0,17.5,9.1
2025-03-25,18,16.7,11.6,20.7,0.0,36.0,8.3,9.6
2025-03-25,19,20.3,15.6,26.5,0,40.0,17.1,9.5
2025-03-25,20,23.2,17.7,28.3,0,35.0,8.7,9.2
2025-03-25,21,15.3,12.1,21.5,0,69.0,9.5,8.5
2025-03-25,22,19.4,14.5,24.1,0,72.0,11.4,5.5
2025-03-25,23,22.2,18.9,27.6,0,37.0,14.6,8.3
2025-03-25,24,22.0,16.4,25.6,0,62.0,4.4,8.1
2025-03-25,25,19.7,14.5,23.0,0,41.0,12.8,9.1
2025-03-26,1,17.7,12.5,23.4,0,69.0,22.8,7.8
2025-03-26,2,20.8,16.1,24.9,0,66.0,13.9,7.5
2025-03-26,3,21.9,16.5,28.3,0,69.0,1.7,8.0
2025-03-26,4,17.4,13.3,20.7,0,79.0,9.5,5.9
2025-03-26,5,20.1,14.8,23.2,5.0,58.0,22.1,8.8
2025-03-26,6,17.1,14.0,21.2,0,61.0,12.2,4.5
2025-03-26,7,18.1,13.4,24.8,0,61.0,19.6,6.0
2025-03-26,8,20.5,14.6,25.8,1.9,60.0,9.2,6.3
2025-03-26,9,21.4,16.4,26.4,0,63.0,19.4,4.9
2025-03-26,10,19.1,13.2,24.3,0,60.0,27.7,6.7
2025-03-26,11,21.9,17.6,27.6,0,87.0,7.9,6.5
2025-03-26,12,18.8,13.6,23.0,0,64.0,12.5,7.3
2025-03-26,13,21.2,16.7,25.2,0,53.0,21.1,6.2
2025-03-26,14,23.3,18.7,27.6,0,64.0,18.0,9.3
2025-03-26,15,18.2,14.6,22.7,4.3,76.0,21.2,10.2
2025-03-26,16,17.6,14.2,24.1,0,66.0,8.3,9.7
2025-03-26,17,23.5,20.0,26.8,0,39.0,13.2,4.6
2025-03-26,18,17.5,11.7,23.7,0,40.0,12.6,10.2
2025-03-26,19,22.1,18.7,26.0,0,52.0,32.3,6.0
2025-03-26,20,23.5,19.8,26.7,0.2,58.0,13.4,7.5
2025-03-26,21,17.9,14.8,24.5,0,48.0,7.5,6.1
2025-03-26,22,14.8,9.9,19.3,0,53.0,8.3,7.1
2025-03-26,23,23.1,19.3,29.4,0,37.0,21.2,6.3
2025-03-26,24,16.1,10.5,21.4,0.6,51.0,17.3,9.7
2025-03-26,25,19.4,15.4,22.5,3.1,51.0,11.7,5.6
2025-03-27,1,18.8,15.2,23.3,2.5,54.0,19.5,10.8
2025-03-27,2,21.0,16.3,25.0,0,57.0,9.1,6.8
2025-03-27,3,19.7,15.5,23.7,0,72.0,20.6,6.2
2025-03-27,4,22.4,16.5,27.2,0,43.0,10.1,6.9
2025-03-27,5,19.2,14.6,22.8,0,60.0,14.7,5.8
2025-03-27,6,18.6,12.8,24.3,0,64.0,17.0,6.4
2025-03-27,7,18.4,13.2,25.3,0,64.0,7.2,11.1
2025-03-27,8,17.2,11.7,21.5,0,56.0,10.3,8.4
2025-03-27,9,20.1,17.0,23.6,0,72.0,15.8,6.7
2025-03-27,10,22.5,17.1,27.7,0,64.0,19.6,7.4
2025-03-27,11,17.4,14.0,24.3,0,55.0,18.7,6.0
2025-03-27,12,19.4,15.7,24.8,0,65.0,4.1,7.0
2025-03-27,13,21.6,17.5,25.9,0,50.0,21.6,5.0
2025-03-27,14,23.7,19.1,27.6,3.4,55.0,15.6,10.3
2025-03-27,15,19.3,14.1,23.0,5.1,78.0,3.7,6.1
2025-03-27,16,20.9,15.7,24.3,0,64.0,8.5,7.2
2025-03-27,17,20.9,15.4,27.3,0,53.0,21.7,9.8
2025-03-27,18,15.4,10.8,21.7,0,43.0,16.9,5.4
2025-03-27,19,24.9,21.6,30.3,0,48.0,9.8,5.7
2025-03-27,20,20.5,16.4,27.3,0,55.0,16.0,6.3
2025-03-27,21,18.6,12.9,22.7,0.2,56.0,14.3,6.3
2025-03-27,22,15.1,9.5,18.8,0,55.0,4.8,7.6
2025-03-27,23,24.5,20.6,30.5,0,26.0,22.7,8.0
2025-03-27,24,19.5,13.6,24.0,0,61.0,35.9,8.8
2025-03-27,25,19.8,16.3,24.9,0,54.0,10.6,8.4
2025-03-28,1,20.7,15.2,24.4,0,72.0,21.0,10.2
2025-03-28,2,19.5,14.9,24.4,0,63.0,10.0,8.6
2025-03-28,3,20.9,17.2,27.8,3.0,71.0,17.4,8.6
2025-03-28,4,19.0,14.0,24.7,0,65.0,16.6,8.3
2025-03-28,5,17.0,13.7,21.6,0,58.0,14.1,9.8
2025-03-28,6,18.4,12.6,24.8,0,60.0,18.4,7.8
2025-03-28,7,19.7,16.3,24.8,0,84.0,21.3,7.6
2025-03-28,8,19.5,15.7,23.4,0,60.0,21.5,8.8
2025-03-28,9,21.5,18.5,27.1,0,37.0,29.1,8.0
2025-03-28,10,21.4,17.3,26.9,0,67.0,10.5,6.5
2025-03-28,11,20.3,16.5,26.0,0,65.0,19.7,8.3
2025-03-28,12,19.0,15.4,22.4,0,79.0,5.6,6.6
2025-03-28,13,20.4,16.6,27.1,0,57.0,3.2,7.0
2025-03-28,14,24.5,21.2,30.6,0,66.0,2.5,6.1
2025-03-28,15,18.5,13.6,22.0,22.7,75.0,10.9,7.8
2025-03-28,16,20.9,16.7,24.8,0.1,56.0,15.4,8.3
2025-03-28,17,24.3,21.0,27.5,0,57.0,15.8,8.2
2025-03-28,18,17.7,14.2,23.7,0,40.0,15.8,8.4
2025-03-28,19,20.5,15.6,25.4,0,53.0,7.1,7.5
2025-03-28,20,20.5,17.1,25.6,0,62.0,26.9,6.7
2025-03-28,21,21.4,16.3,25.2,0,66.0,23.8,7.9
2025-03-28,22,19.3,15.2,23.7,6.4,72.0,16.4,7.4
2025-03-28,23,24.1,19.5,29.1,0,37.0,5.9,8.6
2025-03-28,24,21.6,17.5,27.6,0,67.0,13.3,5.8
2025-03-28,25,21.0,17.6,24.1,0.3,39.0,0.2,9.1
2025-03-29,1,18.3,15.0,22.9,0,57.0,8.0,9.7
2025-03-29,2,21.7,17.5,25.2,0,67.0,12.3,8.5
2025-03-29,3,23.4,18.3,28.8,0,48.0,6.4,6.9
2025-03-29,4,18.4,15.1,22.3,0,70.0,25.7,7.1
2025-03-29,5,20.5,15.0,26.7,0,56.0,20.1,8.2
2025-03-29,6,20.6,15.3,27.4,0,62.0,6.1,10.0
2025-03-29,7,17.5,13.0,23.5,0,60.0,20.1,6.4
2025-03-29,8,19.5,14.4,24.6,0,59.0,10.8,9.1
2025-03-29,9,19.7,15.3,26.3,0,64.0,2.8,9.6
2025-03-29,10,22.9,19.1,29.6,0,61.0,8.8,7.4
2025-03-29,11,17.9,12.6,23.5,0,79.0,25.5,4.6
2025-03-29,12,21.0,15.5,27.3,0,66.0,17.3,11.4
2025-03-29,13,22.4,19.0,27.5,0,52.0,24.3,7.3
2025-03-29,14,22.7,17.1,26.2,0,57.0,12.4,5.1
2025-03-29,15,17.7,14.5,24.2,22.1,76.0,8.3,7.7
2025-03-29,16,18.1,14.8,21.9,1.8,70.0,15.5,8.1
2025-03-29,17,17.0,12.9,22.8,0,30.0,18.9,8.0
2025-03-29,18,17.7,14.5,21.1,0,47.0,30.3,7.0
2025-03-29,19,20.7,15.3,27.6,0,47.0,6.9,4.5
2025-03-29,20,21.8,16.4,25.0,0,60.0,15.0,5.7
2025-03-29,21,20.1,16.5,26.5,0.2,45.0,15.5,7.5
2025-03-29,22,19.9,16.3,23.7,0,64.0,5.1,9.0
2025-03-29,23,25.3,21.2,31.0,0,30.0,17.7,8.3
2025-03-29,24,21.3,15.7,27.4,0,64.0,13.8,8.1
2025-03-29,25,23.3,18.6,28.7,1.7,48.0,7.6,9.4
2025-03-30,1,18.8,14.7,25.3,0,81.0,30.9,9.5
2025-03-30,2,22.2,17.4,27.7,2.2,62.0,20.2,7.3
2025-03-30,3,21.7,17.2,26.7,0,54.0,6.4,7.9
2025-03-30,4,22.7,18.6,29.2,0,68.0,8.3,7.2
2025-03-30,5,19.1,14.8,24.5,0,61.0,5.6,6.3
2025-03-30,6,19.0,14.1,22.5,0,60.0,22.3,8.8
2025-03-30,7,19.8,15.7,26.7,0,69.0,13.8,8.9
2025-03-30,8,19.9,16.4,25.8,0.9,71.0,12.5,7.6
2025-03-30,9,20.8,16.3,24.8,0,66.0,19.6,9.7
2025-03-30,10,20.5,15.5,24.5,0,54.0,15.8,9.4
2025-03-30,11,21.6,17.5,26.5,0,73.0,11.3,8.4
2025-03-30,12,21.1,15.2,24.9,0.4,66.0,13.2,9.6
2025-03-30,13,20.4,16.4,26.3,0,55.0,19.5,6.3
2025-03-30,14,21.2,16.4,26.5,0,42.0,12.8,7.7
2025-03-30,15,20.3,16.4,24.2,2.5,71.0,0.8,6.6
2025-03-30,16,18.0,13.1,24.2,1.4,54.0,17.3,7.4
2025-03-30,17,18.5,13.2,23.0,0,31.0,14.7,6.7
2025-03-30,18,21.6,15.6,27.5,0,63.0,23.2,7.8
2025-03-30,19,25.2,20.6,28.5,0,62.0,7.9,9.8
2025-03-30,20,24.7,18.9,30.9,0,51.0,7.2,7.1
2025-03-30,21,16.8,11.0,21.8,0,52.0,22.0,8.6
2025-03-30,22,17.7,13.6,21.6,18.3,56.0,4.0,8.9
2025-03-30,23,24.5,19.9,30.5,0,41.0,25.7,10.2
2025-03-30,24,18.4,12.9,22.3,0,71.0,24.1,6.9
2025-03-30,25,22.6,19.0,26.3,0,44.0,3.2,10.9
2025-03-31,1,18.9,13.3,25.2,0,52.0,8.2,8.9
2025-03-31,2,21.1,15.7,24.8,0,65.0,10.1,9.4
2025-03-31,3,22.5,17.3,27.4,8.3,68.0,21.0,7.5
2025-03-31,4,20.9,16.0,24.4,0,68.0,6.8,7.1
2025-03-31,5,18.6,15.2,25.2,0,81.0,13.4,5.6
2025-03-31,6,18.7,13.4,22.2,0,61.0,22.5,8.6
2025-03-31,7,17.7,12.1,21.0,0,78.0,5.9,7.0
2025-03-31,8,23.7,18.8,28.8,0,79.0,19.5,7.8
2025-03-31,9,20.1,17.1,26.5,0,54.0,9.9,9.5
2025-03-31,10,21.8,17.4,27.2,0,62.0,28.8,9.9
2025-03-31,11,20.3,15.8,24.7,0,70.0,1.5,5.9
2025-03-31,12,22.8,18.5,29.3,0,64.0,14.0,7.4
2025-03-31,13,21.8,18.3,27.8,0,57.0,16.7,6.0
2025-03-31,14,21.5,17.2,28.4,0,44.0,18.9,9.0
2025-03-31,15,18.5,15.2,23.4,0,68.0,21.5,8.3
2025-03-31,16,20.2,14.9,25.3,0,68.0,14.5,7.5
2025-03-31,17,21.9,18.6,27.7,0,39.0,23.1,8.6
2025-03-31,18,16.6,12.3,20.0,0,58.0,3.7,6.3
2025-03-31,19,23.0,19.9,26.4,0,69.0,4.3,7.4
2025-03-31,20,22.5,16.9,25.8,0,59.0,6.5,5.8
2025-03-31,21,19.6,15.4,25.4,0,59.0,20.9,7.7
2025-03-31,22,19.0,14.3,23.0,0,54.0,20.6,8.2
2025-03-31,23,25.5,20.9,32.0,0,36.0,21.4,9.1
2025-03-31,24,20.5,15.1,24.8,0,47.0,19.3,8.6
2025-03-31,25,19.5,16.2,23.8,0,45.0,6.3,7.6
2025-04-01,1,20.2,16.8,23.9,0,72.0,17.3,11.9
2025-04-01,2,19.4,13.7,25.4,0,57.0,15.1,7.6
2025-04-01,3,18.8,12.9,25.3,0,56.0,13.4,10.2
2025-04-01,4,21.7,15.8,28.4,0,66.0,21.3,6.4
2025-04-01,5,19.5,14.7,23.5,0,54.0,17.8,8.0
2025-04-01,6,19.5,13.9,25.4,0,57.0,13.8,5.9
2025-04-01,7,20.0,14.0,24.7,0,47.0,21.8,8.7
2025-04-01,8,21.2,17.4,27.5,0,59.0,9.7,9.9
2025-04-01,9,24.1,19.9,27.2,0,62.0,16.8,9.3
2025-04-01,10,21.7,16.9,28.4,0,43.0,29.2,7.6
2025-04-01,11,21.9,18.4,24.9,0,67.0,13.3,5.1
2025-04-01,12,19.1,14.3,23.8,0,75.0,26.1,7.6
2025-04-01,13,23.8,19.5,28.9,0,61.0,5.6,10.3
2025-04-01,14,23.1,19.9,26.7,0,58.0,24.2,6.5
2025-04-01,15,17.9,14.3,22.7,0,76.0,6.1,4.7
2025-04-01,16,22.2,16.8,25.8,0,70.0,17.3,8.0
2025-04-01,17,21.4,17.3,26.6,0,26.0,22.7,4.8
2025-04-01,18,19.9,16.3,23.5,0,55.0,26.4,9.7
2025-04-01,19,23.4,19.1,30.4,0,60.0,7.0,7.3
2025-04-01,20,22.1,17.8,26.6,0,58.0,6.6,10.1
2025-04-01,21,19.8,15.0,23.6,0,53.0,8.1,8.2
2025-04-01,22,20.6,15.7,27.1,0,60.0,11.4,6.7
2025-04-01,23,24.0,20.0,27.6,0,32.0,20.4,7.9
2025-04-01,24,19.2,14.6,25.9,0,58.0,18.7,8.7
2025-04-01,25,21.2,16.7,25.7,0,40.0,25.1,4.5
2025-04-02,1,23.3,17.4,30.1,0,49.0,21.9,7.3
2025-04-02,2,20.9,16.9,26.0,0,61.0,22.2,6.7
2025-04-02,3,20.3,15.9,26.0,0.7,72.0,2.6,6.5
2025-04-02,4,19.2,14.4,25.2,0,50.0,15.5,7.5
2025-04-02,5,22.0,17.2,28.3,0,70.0,2.7,7.1
2025-04-02,6,21.5,16.0,26.7,2.2,62.0,17.1,8.2
2025-04-02,7,24.7,20.2,31.0,0,56.0,6.3,7.4
2025-04-02,8,20.3,15.9,25.8,0,71.0,25.2,11.4
2025-04-02,9,21.6,17.9,24.7,0,62.0,1.4,6.9
2025-04-02,10,21.9,18.5,26.7,0,62.0,23.2,10.2
2025-04-02,11,17.2,12.2,23.0,0,71.0,17.5,8.3
2025-04-02,12,20.1,15.2,26.0,0,69.0,15.9,9.4
2025-04-02,13,21.1,17.5,26.8,0,57.0,20.8,8.4
2025-04-02,14,21.8,16.0,26.6,0,54.0,18.0,7.4
2025-04-02,15,19.7,14.6,26.0,0,70.0,20.4,9.8
2025-04-02,16,20.6,16.2,25.8,0,72.0,19.2,7.3
2025-04-02,17,21.7,17.5,27.7,0,43.0,31.2,8.4
2025-04-02,18,21.3,17.3,26.0,0,45.0,19.1,7.0
2025-04-02,19,22.9,18.0,27.9,0,52.0,26.7,7.3
2025-04-02,20,23.9,19.9,28.9,0,53.0,31.1,6.5
2025-04-02,21,17.7,14.4,24.6,0,59.0,12.0,7.5
2025-04-02,22,22.3,17.7,28.3,0,49.0,7.8,8.6
2025-04-02,23,25.4,20.4,32.0,0,40.0,12.9,8.3
2025-04-02,24,21.5,18.1,27.5,0,73.0,9.6,8.3
2025-04-02,25,21.7,18.1,27.6,0,36.0,15.3,7.4
2025-04-03,1,21.0,15.8,25.8,7.8,73.0,13.3,9.6
2025-04-03,2,20.3,16.9,27.3,1.4,40.0,9.5,11.2
2025-04-03,3,20.1,15.8,25.7,0,58.0,9.7,6.3
2025-04-03,4,21.7,18.4,26.7,0,69.0,1.4,10.6
2025-04-03,5,23.4,17.5,27.7,0,64.0,1.3,7.1
2025-04-03,6,19.3,14.5,24.5,0,59.0,13.6,8.8
2025-04-03,7,20.8,16.6,25.3,0,58.0,15.7,6.7
2025-04-03,8,19.1,14.4,25.2,0,71.0,7.1,7.1
2025-04-03,9,21.3,18.1,25.6,0,58.0,14.9,7.6
2025-04-03,10,22.4,16.9,28.0,0,71.0,1.9,9.7
2025-04-03,11,20.1,15.5,25.9,0,79.0,21.7,7.7
2025-04-03,12,19.7,15.6,23.3,0,81.0,17.0,8.7
2025-04-03,13,24.1,20.1,30.5,0.4,52.0,0.7,9.1
2025-04-03,14,21.3,16.1,28.1,0,53.0,5.0,9.7
2025-04-03,15,19.1,15.1,22.4,3.6,65.0,25.6,7.9
2025-04-03,16,22.2,18.2,28.6,0,60.0,19.4,6.9
2025-04-03,17,21.7,16.0,27.9,0,49.0,12.6,7.5
2025-04-03,18,20.5,17.4,24.4,0,38.0,19.1,10.6
2025-04-03,19,23.2,18.9,26.4,0,60.0,9.7,9.1
2025-04-03,20,22.6,18.1,26.0,0,46.0,17.9,7.6
2025-04-03,21,18.6,13.3,23.5,0,51.0,6.2,5.0
2025-04-03,22,21.7,18.0,27.7,0,54.0,13.3,7.9
2025-04-03,23,24.3,19.9,30.1,0.9,34.0,25.0,9.0
2025-04-03,24,20.2,15.6,25.4,0.6,60.0,22.3,4.1
2025-04-03,25,20.0,14.0,25.6,0,45.0,22.6,8.3
2025-04-04,1,20.3,15.8,23.9,0,63.0,13.8,7.8
2025-04-04,2,22.0,18.4,25.3,0,64.0,24.7,6.2
2025-04-04,3,22.4,18.4,28.9,0,64.0,2.6,7.0
2025-04-04,4,20.4,16.0,27.2,0,76.0,14.5,9.2
2025-04-04,5,24.5,19.0,29.1,0,73.0,4.9,7.7
2025-04-04,6,20.9,16.0,27.8,0,58.0,23.2,5.8
2025-04-04,7,23.9,17.9,27.7,0,54.0,19.2,4.7
2025-04-04,8,19.3,13.4,24.9,0,67.0,6.9,6.4
2025-04-04,9,20.9,16.1,25.7,0,56.0,6.5,7.5
2025-04-04,10,23.6,19.4,29.5,0,63.0,17.0,6.9
2025-04-04,11,20.4,16.5,24.5,0,73.0,0.6,9.4
2025-04-04,12,21.8,15.8,28.0,0.5,58.0,28.1,9.1
2025-04-04,13,21.0,15.2,27.4,0,52.0,17.0,7.6
2025-04-04,14,22.5,19.1,27.5,0,53.0,19.5,7.1
2025-04-04,15,19.2,13.3,23.4,0,74.0,16.2,9.5
2025-04-04,16,21.3,17.9,25.2,0,61.0,22.1,9.3
2025-04-04,17,20.7,17.4,24.9,0,52.0,14.1,6.3
2025-04-04,18,19.4,16.0,25.7,0,59.0,5.7,9.0
2025-04-04,19,23.9,19.9,28.5,0,54.0,17.1,9.8
2025-04-04,20,22.8,18.2,28.1,0,47.0,12.1,5.5
2025-04-04,21,18.8,14.8,22.1,0,62.0,18.4,7.8
2025-04-04,22,21.6,16.8,25.2,0,47.0,29.9,8.9
2025-04-04,23,22.9,19.5,28.4,0,34.0,17.8,10.8
2025-04-04,24,20.2,16.6,23.8,0,70.0,37.8,9.0
2025-04-04,25,21.4,15.8,27.2,0,36.0,20.3,10.5
2025-04-05,1,19.5,13.6,23.5,0,69.0,14.0,10.7
2025-04-05,2,23.0,17.7,26.2,0,60.0,11.7,5.7
2025-04-05,3,20.8,16.4,24.7,0,63.0,19.3,10.2
2025-04-05,4,20.6,15.6,23.8,0,52.0,11.5,6.6
2025-04-05,5,21.9,17.9,27.3,0,58.0,4.4,6.2
2025-04-05,6,20.3,15.4,27.0,3.3,75.0,31.1,7.0
2025-04-05,7,20.9,15.9,25.5,0,55.0,17.3,8.5
2025-04-05,8,23.2,19.0,28.8,0,82.0,20.3,10.0
2025-04-05,9,20.6,14.7,26.0,0,63.0,22.2,9.1
2025-04-05,10,23.5,19.3,29.7,0,53.0,37.6,7.6
2025-04-05,11,17.1,11.2,23.5,0,72.0,34.5,5.4
2025-04-05,12,19.9,16.1,25.1,1.7,66.0,22.5,9.7
2025-04-05,13,21.5,15.8,26.4,0,58.0,4.4,7.9
2025-04-05,14,24.0,18.1,28.6,0,58.0,10.9,8.1
2025-04-05,15,19.4,14.8,24.7,0,66.0,16.1,9.3
2025-04-05,16,19.8,13.9,23.4,0,56.0,5.8,9.0
2025-04-05,17,22.7,18.6,25.8,0,27.0,8.5,10.1
2025-04-05,18,19.2,15.5,25.6,7.2,55.0,26.9,8.8
2025-04-05,19,23.9,18.2,28.0,0,52.0,2.8,9.3
2025-04-05,20,25.6,22.5,28.9,0,53.0,4.4,9.0
2025-04-05,21,17.8,12.8,22.0,0,49.0,13.3,9.9
2025-04-05,22,18.6,12.7,23.3,0,65.0,13.4,8.5
2025-04-05,23,23.0,18.9,28.6,0,44.0,19.1,7.4
2025-04-05,24,20.8,16.9,25.7,0,57.0,24.1,8.7
2025-04-05,25,23.0,18.7,29.8,0,48.0,4.4,8.0
2025-04-06,1,23.0,19.6,27.9,0,58.0,21.3,9.0
2025-04-06,2,19.5,16.3,23.8,7.7,62.0,14.8,7.6
2025-04-06,3,24.0,20.5,29.8,0,79.0,15.9,8.7
2025-04-06,4,20.8,15.7,27.4,0,60.0,10.9,10.2
2025-04-06,5,19.0,15.9,22.0,0,55.0,23.3,5.1
2025-04-06,6,22.0,18.9,25.4,0,68.0,18.6,9.2
2025-04-06,7,22.6,17.4,27.6,0,65.0,7.8,6.9
2025-04-06,8,19.8,15.1,25.8,0,75.0,16.7,8.0
2025-04-06,9,22.9,17.3,29.2,0,57.0,17.6,7.1
2025-04-06,10,23.3,18.6,28.7,0,67.0,12.7,8.3
2025-04-06,11,20.4,14.5,25.8,0,83.0,38.5,10.3
2025-04-06,12,21.2,15.4,25.7,2.8,67.0,14.0,8.4
2025-04-06,13,19.9,16.2,25.4,0,56.0,26.1,8.1
2025-04-06,14,20.3,17.0,26.9,0,57.0,13.7,6.5
2025-04-06,15,18.8,14.7,23.2,0,67.0,8.2,11.6
2025-04-06,16,21.0,17.6,25.1,0,61.0,15.9,6.5
2025-04-06,17,24.7,20.5,30.5,0,36.0,24.8,7.6
2025-04-06,18,21.2,17.8,24.4,0,45.0,8.9,7.9
2025-04-06,19,23.0,17.1,29.3,0,46.0,8.2,6.9
2025-04-06,20,25.0,20.5,30.2,0,68.0,19.3,9.3
2025-04-06,21,23.4,18.1,30.0,21.5,71.0,0.5,8.0
2025-04-06,22,23.2,19.3,28.7,0.0,50.0,6.9,7.1
2025-04-06,23,24.0,20.0,30.8,0,33.0,22.0,10.6
2025-04-06,24,22.0,16.2,26.9,0,70.0,30.1,8.7
2025-04-06,25,22.1,17.8,26.8,3.7,37.0,9.6,9.0
2025-04-07,1,22.1,16.9,25.1,0,67.0,13.2,8.0
2025-04-07,2,22.4,17.2,28.4,0,57.0,21.6,9.5
2025-04-07,3,23.0,17.4,29.3,0.6,59.0,21.5,5.9
2025-04-07,4,20.3,14.8,24.8,3.4,55.0,17.6,8.0
2025-04-07,5,23.7,19.9,27.3,0,51.0,16.0,7.0
2025-04-07,6,19.9,16.8,24.7,3.8,66.0,18.1,5.4
2025-04-07,7,23.4,18.1,29.4,0,75.0,7.3,7.3
2025-04-07,8,22.5,17.3,26.0,1.0,61.0,24.0,7.7
2025-04-07,9,22.3,19.1,29.1,0,73.0,8.8,10.8
2025-04-07,10,23.1,18.7,26.5,0,77.0,16.6,8.1
2025-04-07,11,23.1,18.6,26.8,0,70.0,16.4,6.3
2025-04-07,12,21.4,16.9,25.3,0,48.0,19.2,7.8
2025-04-07,13,24.7,20.6,28.1,0,44.0,15.2,7.8
2025-04-07,14,22.3,17.0,29.1,0,72.0,32.9,8.6
2025-04-07,15,21.1,15.6,27.6,0,66.0,10.6,9.0
2025-04-07,16,21.4,15.7,24.9,0,71.0,11.7,5.5
2025-04-07,17,22.0,16.1,26.5,0,39.0,26.5,9.9
2025-04-07,18,20.4,16.0,24.1,0,49.0,22.9,8.7
2025-04-07,19,26.1,20.9,30.0,0,50.0,17.1,10.8
2025-04-07,20,25.4,21.7,30.3,0,52.0,7.1,5.9
2025-04-07,21,21.0,15.8,24.7,2.1,56.0,18.2,9.6
2025-04-07,22,21.7,16.8,26.2,0.3,67.0,7.7,11.5
2025-04-07,23,27.6,21.8,32.5,0,27.0,8.0,10.4
2025-04-07,24,22.9,19.0,28.6,2.2,53.0,14.3,6.2
2025-04-07,25,20.9,17.1,27.2,0,38.0,24.1,9.5
2025-04-08,1,18.3,13.9,23.0,0.7,68.0,3.6,7.0
2025-04-08,2,20.3,16.0,24.4,0,62.0,18.7,7.3
2025-04-08,3,19.0,13.3,24.2,0,50.0,17.1,6.8
2025-04-08,4,21.4,18.2,25.9,0,62.0,28.4,7.8
2025-04-08,5,19.9,16.3,24.4,0,67.0,14.1,6.5
2025-04-08,6,21.3,16.5,28.2,7.1,66.0,12.1,10.9
2025-04-08,7,21.2,15.6,25.7,0,52.0,4.3,6.1
2025-04-08,8,21.4,18.4,25.2,0,62.0,3.9,8.3
2025-04-08,9,21.4,15.6,25.3,0,65.0,15.3,6.8
2025-04-08,10,20.9,16.2,24.0,0,55.0,31.2,7.2
2025-04-08,11,21.6,18.2,28.4,3.6,70.0,28.7,6.5
2025-04-08,12,21.3,18.3,27.8,0,73.0,10.8,11.3
2025-04-08,13,24.6,19.0,31.0,0,43.0,21.8,8.2
2025-04-08,14,21.7,15.9,27.9,0,67.0,16.3,7.1
2025-04-08,15,21.1,17.5,25.5,4.7,72.0,19.2,5.3
2025-04-08,16,22.2,17.4,28.9,0,75.0,4.3,8.9
2025-04-08,17,21.2,16.0,25.7,0,43.0,21.8,6.3
2025-04-08,18,18.2,14.4,23.6,0,61.0,22.0,5.4
2025-04-08,19,26.7,22.5,29.9,0,53.0,33.6,10.6
2025-04-08,20,24.4,20.2,28.0,0,46.0,16.6,8.0
2025-04-08,21,22.1,18.9,27.9,0,46.0,25.7,10.3
2025-04-08,22,19.3,13.9,24.7,0,55.0,12.0,8.7
2025-04-08,23,28.2,24.0,31.2,2.7,40.0,10.5,10.0
2025-04-08,24,20.1,16.5,24.2,0,64.0,20.7,9.5
2025-04-08,25,26.3,20.6,29.8,0,54.0,6.2,10.7
2025-04-09,1,20.7,16.1,24.2,0,71.0,14.5,8.1
2025-04-09,2,20.7,16.0,26.7,0,56.0,14.2,7.4
2025-04-09,3,19.9,15.3,24.9,0,65.0,15.8,9.2
2025-04-09,4,22.9,17.8,28.8,2.6,62.0,14.7,7.3
2025-04-09,5,22.2,16.3,28.1,0,56.0,15.6,7.1
2025-04-09,6,19.6,15.8,23.5,2.8,64.0,18.1,8.4
2025-04-09,7,21.7,16.1,25.1,0,58.0,16.6,8.7
2025-04-09,8,21.8,18.2,26.1,0,71.0,3.0,9.4
2025-04-09,9,22.7,16.8,27.0,0,55.0,27.7,6.4
2025-04-09,10,23.1,18.1,26.3,0,57.0,3.0,7.2
2025-04-09,11,23.5,19.6,30.3,0,56.0,9.3,7.6
2025-04-09,12,19.9,14.3,24.0,0,56.0,10.7,9.7
2025-04-09,13,21.1,15.7,26.7,0,52.0,15.4,11.3
2025-04-09,14,24.1,20.7,28.8,0,48.0,1.7,8.7
2025-04-09,15,18.2,12.4,23.7,0,64.0,13.8,8.2
2025-04-09,16,20.7,14.8,26.9,0,58.0,30.5,8.2
2025-04-09,17,24.7,20.4,28.5,0,50.0,20.0,10.7
2025-04-09,18,22.5,17.5,26.4,0,50.0,20.4,8.6
2025-04-09,19,25.1,20.9,30.4,0,62.0,13.3,6.1
2025-04-09,20,25.0,20.7,29.0,0,56.0,22.0,10.5
2025-04-09,21,19.3,13.9,24.2,0,56.0,20.2,7.1
2025-04-09,22,23.3,19.7,29.4,0,63.0,24.5,7.1
2025-04-09,23,28.9,23.7,34.9,0,45.0,15.3,8.8
2025-04-09,24,22.9,18.8,28.7,0,70.0,12.9,7.5
2025-04-09,25,21.4,17.3,28.4,0,42.0,12.0,8.5
2025-04-10,1,24.8,20.1,28.3,0,66.0,16.6,10.6
2025-04-10,2,22.1,18.4,26.0,0,69.0,8.7,10.8
2025-04-10,3,22.7,18.6,26.6,0,70.0,14.3,8.5
2025-04-10,4,21.6,16.0,26.9,0,68.0,17.5,9.1
2025-04-10,5,21.4,18.3,24.6,0,59.0,20.6,10.5
2025-04-10,6,20.7,14.9,24.6,0,53.0,14.2,8.3
2025-04-10,7,22.3,18.2,28.1,0,68.0,31.0,7.9
2025-04-10,8,22.8,19.0,25.9,0,66.0,6.9,7.7
2025-04-10,9,21.8,15.8,26.0,0,57.0,27.9,7.3
2025-04-10,10,23.4,20.1,27.2,0,61.0,7.1,6.6
2025-04-10,11,24.8,19.9,31.0,0,78.0,7.3,8.9
2025-04-10,12,21.3,16.6,25.0,0,59.0,15.0,9.6
2025-04-10,13,24.2,20.3,30.5,0,51.0,5.2,9.4
2025-04-10,14,23.0,17.5,26.7,0,57.0,6.9,8.3
2025-04-10,15,23.2,19.2,28.3,0,80.0,17.3,6.9
2025-04-10,16,21.2,16.9,25.3,0,66.0,31.4,11.9
2025-04-10,17,24.4,20.1,29.2,0.3,36.0,1.1,7.6
2025-04-10,18,20.2,15.9,25.9,0,58.0,17.4,9.5
2025-04-10,19,25.3,20.4,30.6,1.2,37.0,23.8,7.4
2025-04-10,20,24.3,21.2,28.8,0,59.0,20.0,10.0
2025-04-10,21,20.0,14.1,25.2,5.7,66.0,24.0,11.6
2025-04-10,22,19.1,13.9,24.6,0,54.0,6.1,6.9
2025-04-10,23,28.6,24.0,34.6,0,29.0,0.7,9.5
2025-04-10,24,22.0,16.0,26.5,0,69.0,18.8,7.1
2025-04-10,25,19.6,16.3,25.4,1.4,53.0,15.3,7.9
2025-04-11,1,20.5,15.4,26.5,0,76.0,9.5,5.8
2025-04-11,2,21.6,17.2,28.2,0,52.0,6.9,7.3
2025-04-11,3,23.8,20.7,27.3,0,55.0,2.8,9.2
2025-04-11,4,21.7,17.7,25.8,0,73.0,32.3,9.7
2025-04-11,5,24.3,19.3,27.5,0,48.0,20.7,10.3
2025-04-11,6,21.3,15.6,26.8,0,69.0,21.2,7.1
2025-04-11,7,20.6,16.8,23.6,0,76.0,14.1,10.1
2025-04-11,8,25.3,21.8,31.1,0,59.0,16.7,8.6
2025-04-11,9,25.4,22.2,30.4,0,58.0,6.8,6.8
2025-04-11,10,24.5,18.8,28.8,0,77.0,1.7,8.4
2025-04-11,11,24.1,18.8,28.0,0,61.0,13.3,8.4
2025-04-11,12,19.4,14.9,25.2,0,56.0,15.7,7.4
2025-04-11,13,24.7,20.5,28.0,0,48.0,8.5,7.3
2025-04-11,14,25.5,20.4,30.9,0,49.0,2.0,10.1
2025-04-11,15,19.8,15.3,23.2,0,63.0,43.5,7.0
2025-04-11,16,22.1,17.2,28.9,0,66.0,7.4,7.2
2025-04-11,17,26.2,22.4,33.1,0,44.0,24.5,9.6
2025-04-11,18,20.8,17.0,24.2,0,34.0,12.1,10.8
2025-04-11,19,28.2,24.3,33.6,0,54.0,8.9,11.5
2025-04-11,20,24.3,19.7,30.7,0,45.0,20.9,9.5
2025-04-11,21,22.0,17.0,28.1,0,60.0,25.6,9.1
2025-04-11,22,22.4,18.1,26.7,0,66.0,1.7,8.0
2025-04-11,23,29.6,25.4,34.2,0,26.0,17.8,10.3
2025-04-11,24,22.6,19.5,27.5,0,71.0,1.0,9.8
2025-04-11,25,23.7,18.2,28.9,0,41.0,1.4,9.8
2025-04-12,1,22.1,17.6,28.7,0,68.0,16.0,8.1
2025-04-12,2,21.6,17.9,25.7,0,63.0,13.7,9.8
2025-04-12,3,24.0,20.2,27.4,0,66.0,25.4,8.9
2025-04-12,4,25.9,22.5,31.8,0.1,67.0,22.7,11.0
2025-04-12,5,22.0,18.9,28.9,0,67.0,9.5,8.5
2025-04-12,6,25.1,19.3,28.8,0,64.0,26.4,10.8
2025-04-12,7,20.8,15.5,24.4,0,57.0,24.0,6.6
2025-04-12,8,23.1,19.7,29.5,0,56.0,15.8,9.4
2025-04-12,9,23.8,17.8,29.9,0,72.0,15.8,8.3
2025-04-12,10,26.1,22.7,30.5,0,64.0,10.2,9.4
2025-04-12,11,21.5,17.8,28.3,0,60.0,21.0,9.8
2025-04-12,12,18.8,14.0,22.3,0,62.0,15.2,9.3
2025-04-12,13,27.4,24.2,33.1,0,43.0,9.9,9.1
2025-04-12,14,24.2,19.3,28.4,0.5,59.0,14.0,8.8
2025-04-12,15,23.3,19.2,27.4,0,58.0,28.2,9.4
2025-04-12,16,23.0,18.9,28.5,0,45.0,18.1,7.8
2025-04-12,17,25.1,21.0,30.0,0,46.0,18.9,11.5
2025-04-12,18,21.3,16.5,26.9,0,53.0,8.8,8.4
2025-04-12,19,23.3,17.4,29.3,0,49.0,21.2,9.4
2025-04-12,20,25.3,22.3,28.7,0,23.0,16.0,8.1
2025-04-12,21,22.4,19.0,28.8,0,54.0,10.0,8.2
2025-04-12,22,22.7,18.4,25.8,0,55.0,0.3,9.8
2025-04-12,23,26.9,23.8,32.9,0,19.0,9.6,6.6
2025-04-12,24,23.1,19.9,26.5,2.5,59.0,11.8,5.7
2025-04-12,25,25.7,21.1,32.7,0,44.0,11.1,9.3
2025-04-13,1,20.4,15.6,25.4,0,60.0,1.3,8.8
2025-04-13,2,23.1,17.2,27.9,0,72.0,15.0,9.2
2025-04-13,3,20.7,17.6,26.4,0.2,55.0,12.2,8.8
2025-04-13,4,19.2,13.9,25.3,0,51.0,13.2,12.6
2025-04-13,5,22.0,17.1,27.1,1.7,66.0,16.7,9.9
2025-04-13,6,21.8,18.2,26.2,0,70.0,7.7,8.4
2025-04-13,7,22.7,18.6,26.8,0,63.0,19.2,7.7
2025-04-13,8,21.9,16.8,26.2,0,75.0,12.8,7.7
2025-04-13,9,23.3,19.8,26.4,0,57.0,10.7,8.5
2025-04-13,10,24.8,21.2,29.8,0,55.0,22.9,6.8
2025-04-13,11,22.4,17.8,28.1,0,61.0,13.4,11.0
2025-04-13,12,21.1,15.6,28.0,0,56.0,4.3,10.3
2025-04-13,13,25.1,22.0,29.3,0.2,56.0,25.7,9.5
2025-04-13,14,23.5,19.0,28.9,0,73.0,5.8,10.0
2025-04-13,15,20.9,16.9,27.4,6.3,58.0,25.4,9.7
2025-04-13,16,23.4,18.2,27.5,0,69.0,18.3,7.5
2025-04-13,17,24.8,21.6,29.5,0,47.0,19.4,8.2
2025-04-13,18,22.2,18.6,25.5,0,59.0,9.0,8.6
2025-04-13,19,22.9,18.4,26.7,0,49.0,3.4,9.1
2025-04-13,20,23.9,18.3,27.9,0,50.0,20.0,7.8
2025-04-13,21,21.6,16.0,26.3,0,52.0,25.1,8.6
2025-04-13,22,23.9,18.4,30.0,0,47.0,12.4,11.2
2025-04-13,23,27.3,21.9,30.8,0,33.0,23.7,7.8
2025-04-13,24,22.9,18.2,27.0,0,71.0,28.2,5.4
2025-04-13,25,25.4,20.0,28.7,0,56.0,15.6,8.3
2025-04-14,1,17.6,12.2,22.0,0,67.0,22.7,8.7
2025-04-14,2,22.8,19.7,26.2,0,55.0,18.8,6.9
2025-04-14,3,22.5,17.8,28.9,0,44.0,10.9,8.0
2025-04-14,4,22.7,17.1,25.8,0,73.0,19.9,10.7
2025-04-14,5,25.0,21.6,29.6,0,58.0,8.1,9.0
2025-04-14,6,22.1,17.2,25.2,0,58.0,9.2,8.5
2025-04-14,7,22.7,18.9,26.0,0,75.0,8.3,7.9
2025-04-14,8,23.2,18.2,28.2,0,56.0,2.1,5.8
2025-04-14,9,24.5,20.3,29.1,0,53.0,28.4,9.1
2025-04-14,10,24.4,19.3,27.4,0,56.0,21.9,12.7
2025-04-14,11,21.5,18.4,27.0,0,65.0,14.0,7.6
2025-04-14,12,22.9,19.0,27.5,0,62.0,23.6,7.2
2025-04-14,13,22.9,19.6,27.6,0,53.0,3.7,10.9
2025-04-14,14,24.3,19.2,29.6,0,48.0,12.9,11.2
2025-04-14,15,23.4,19.1,29.4,0,67.0,1.5,9.8
2025-04-14,16,24.0,19.4,30.8,0,63.0,6.9,12.3
2025-04-14,17,26.7,20.9,33.2,0,32.0,9.3,7.9
2025-04-14,18,19.5,13.7,23.2,0,45.0,17.6,10.3
2025-04-14,19,23.4,20.0,28.9,0,54.0,10.4,9.0
2025-04-14,20,22.5,16.9,28.7,0,59.0,11.8,10.8
2025-04-14,21,20.4,14.9,25.4,0,63.0,11.4,9.8
2025-04-14,22,22.9,19.3,26.9,1.1,61.0,17.2,8.0
2025-04-14,23,29.1,24.7,32.9,0,30.0,31.0,10.6
2025-04-14,24,21.7,17.1,27.8,0,66.0,14.7,9.5
2025-04-14,25,23.8,19.2,29.3,0,39.0,17.1,10.0
2025-04-15,1,24.9,21.0,29.0,0,57.0,14.8,8.4
2025-04-15,2,22.0,18.3,26.5,0,63.0,18.5,11.0
2025-04-15,3,23.0,19.1,27.3,0,75.0,14.8,10.3
2025-04-15,4,23.1,18.2,27.9,0,57.0,17.4,11.7
2025-04-15,5,23.2,19.4,27.0,0,67.0,16.5,10.1
2025-04-15,6,22.2,18.4,28.9,0,59.0,24.7,7.7
2025-04-15,7,24.8,19.0,28.8,0,63.0,7.4,8.9
2025-04-15,8,23.1,19.1,29.5,0,72.0,13.3,7.1
2025-04-15,9,23.7,20.7,28.3,0,71.0,3.4,6.2
2025-04-15,10,22.5,18.2,27.7,0,61.0,9.0,8.8
2025-04-15,11,21.9,17.8,27.0,3.5,73.0,21.4,9.6
2025-04-15,12,20.7,15.6,27.0,0,68.0,2.9,9.0
2025-04-15,13,23.9,20.6,29.2,0,43.0,15.6,9.8
2025-04-15,14,25.3,21.0,30.0,0,56.0,2.5,8.3
2025-04-15,15,22.6,18.1,29.0,0,63.0,20.1,10.2
2025-04-15,16,21.4,15.5,26.6,0,73.0,8.0,6.9
2025-04-15,17,25.8,20.3,32.1,0,38.0,10.7,8.3
2025-04-15,18,23.8,20.3,30.5,0,37.0,11.1,7.9
2025-04-15,19,27.5,22.6,31.0,0,58.0,13.3,10.1
2025-04-15,20,23.9,18.6,28.7,0,48.0,5.5,7.5
2025-04-15,21,24.5,19.5,28.7,0,62.0,10.9,9.7
2025-04-15,22,22.5,17.1,26.6,2.6,48.0,15.2,9.7
2025-04-15,23,29.1,25.1,35.7,0,26.0,21.5,6.9
2025-04-15,24,24.8,21.7,31.6,0,70.0,14.2,9.0
2025-04-15,25,23.3,19.5,26.6,0.8,38.0,5.6,9.6
2025-04-16,1,23.5,19.6,28.3,0,59.0,17.5,11.1
2025-04-16,2,22.2,17.8,28.3,6.3,54.0,5.8,9.6
2025-04-16,3,23.4,19.9,28.1,0,56.0,6.8,11.1
2025-04-16,4,20.2,15.0,23.9,0,62.0,20.3,8.2
2025-04-16,5,23.6,17.8,30.3,0,67.0,14.5,11.1
2025-04-16,6,24.9,20.8,31.3,0,59.0,6.1,9.0
2025-04-16,7,23.6,20.2,30.0,0,73.0,7.3,9.5
2025-04-16,8,21.2,18.1,26.4,0,58.0,9.5,11.6
2025-04-16,9,21.6,16.0,24.8,0,67.0,27.9,8.4
2025-04-16,10,22.4,18.1,28.7,0,69.0,5.0,12.6
2025-04-16,11,20.3,16.2,26.5,0,68.0,17.6,9.6
2025-04-16,12,22.1,16.7,29.0,0,75.0,4.4,7.8
2025-04-16,13,22.8,17.7,26.3,0,46.0,24.9,11.5
2025-04-16,14,24.9,20.4,30.9,0,58.0,23.9,9.5
2025-04-16,15,22.3,17.5,26.9,9.0,63.0,4.0,11.4
2025-04-16,16,20.8,16.0,27.3,0,61.0,14.3,8.9
2025-04-16,17,23.7,20.3,29.1,0,48.0,27.5,12.5
2025-04-16,18,21.5,17.9,26.6,0,54.0,4.2,8.1
2025-04-16,19,26.0,22.0,31.8,0,50.0,9.2,7.9
2025-04-16,20,25.2,21.8,30.6,0,57.0,16.1,9.0
2025-04-16,21,25.0,20.4,28.8,9.6,47.0,9.7,9.1
2025-04-16,22,24.0,18.2,27.7,6.0,51.0,8.1,9.3
2025-04-16,23,26.2,22.4,31.3,0,18.0,23.9,9.2
2025-04-16,24,22.9,18.9,27.5,0,72.0,11.8,8.9
2025-04-16,25,24.5,20.6,29.5,0,39.0,17.7,11.7
2025-04-17,1,20.0,14.7,25.9,0,55.0,5.9,6.8
2025-04-17,2,23.0,18.3,29.3,0,71.0,9.7,8.4
2025-04-17,3,20.1,16.7,26.1,0,59.0,6.5,7.6
2025-04-17,4,19.5,15.2,24.1,1.9,66.0,24.2,9.2
2025-04-17,5,24.9,19.1,28.8,5.1,64.0,23.5,7.0
2025-04-17,6,23.3,17.6,29.3,0,66.0,28.9,9.2
2025-04-17,7,23.1,18.4,27.0,0,55.0,11.0,9.4
2025-04-17,8,24.5,18.9,29.8,0,57.0,21.7,9.7
2025-04-17,9,24.2,18.6,30.3,0,59.0,17.7,10.6
2025-04-17,10,25.7,21.6,30.8,0.7,70.0,12.4,9.4
2025-04-17,11,20.9,17.1,25.4,2.9,49.0,21.9,10.5
2025-04-17,12,19.6,15.7,22.8,0,60.0,32.2,9.5
2025-04-17,13,23.0,19.8,27.8,0,44.0,9.3,11.6
2025-04-17,14,23.8,20.0,26.9,0,52.0,17.3,11.8
2025-04-17,15,24.2,20.8,28.6,14.9,72.0,10.9,8.3
2025-04-17,16,23.0,19.4,28.6,0,66.0,12.7,10.7
2025-04-17,17,26.4,23.3,29.5,0,42.0,26.3,8.8
2025-04-17,18,26.0,20.7,30.7,5.9,41.0,13.9,9.2
2025-04-17,19,25.8,22.4,30.0,0.8,66.0,6.1,9.3
2025-04-17,20,24.3,18.8,30.0,0,49.0,14.1,9.9
2025-04-17,21,24.2,20.4,30.3,0,65.0,24.0,6.7
2025-04-17,22,21.8,16.2,28.6,2.4,45.0,12.4,10.6
2025-04-17,23,28.1,25.0,31.2,0,42.0,5.7,9.2
2025-04-17,24,20.9,16.9,27.4,0,74.0,12.8,11.2
2025-04-17,25,23.4,20.2,27.6,0,33.0,0.3,8.8
2025-04-18,1,23.3,20.2,26.7,3.3,60.0,20.7,11.5
2025-04-18,2,25.3,21.7,29.3,2.7,63.0,12.3,8.9
2025-04-18,3,22.5,18.6,27.7,0,59.0,17.7,8.4
2025-04-18,4,25.2,20.9,32.0,0,49.0,29.8,10.6
2025-04-18,5,21.4,15.6,26.0,5.1,54.0,26.0,9.3
2025-04-18,6,21.9,16.5,25.7,0,60.0,9.9,11.4
2025-04-18,7,24.0,20.5,29.7,0,57.0,4.9,10.9
2025-04-18,8,23.5,19.9,28.7,0,56.0,4.1,8.0
2025-04-18,9,23.5,18.2,28.3,0,63.0,0.7,10.0
2025-04-18,10,25.0,20.3,29.5,0,44.0,4.5,8.1
2025-04-18,11,23.0,19.6,29.1,0,65.0,9.8,10.1
2025-04-18,12,24.4,18.5,27.4,0,77.0,8.8,9.3
2025-04-18,13,22.3,19.0,26.8,0,45.0,22.2,5.7
2025-04-18,14,25.9,21.4,29.9,0,44.0,21.9,8.7
2025-04-18,15,19.5,14.9,24.1,6.9,70.0,10.8,10.0
2025-04-18,16,24.1,18.5,30.2,0,69.0,30.2,6.8
2025-04-18,17,25.4,20.9,30.2,0,52.0,14.8,9.9
2025-04-18,18,20.3,14.7,27.2,0,37.0,3.3,7.6
2025-04-18,19,25.0,19.8,29.9,0,38.0,12.7,11.4
2025-04-18,20,25.4,19.9,30.8,0,53.0,22.0,9.1
2025-04-18,21,25.0,20.8,28.5,0,72.0,21.4,5.1
2025-04-18,22,22.4,17.6,26.6,0,54.0,20.7,11.2
2025-04-18,23,27.1,21.1,34.1,0,25.0,7.2,9.2
2025-04-18,24,25.7,21.1,30.0,12.7,72.0,30.3,6.9
2025-04-18,25,27.7,24.3,33.3,0,44.0,16.7,9.4
2025-04-19,1,23.2,18.2,26.7,0,48.0,4.3,11.7
2025-04-19,2,23.1,19.0,29.8,0,62.0,22.8,10.7
2025-04-19,3,26.1,20.3,29.4,0,59.0,16.9,8.2
2025-04-19,4,22.2,16.7,25.4,0,61.0,4.5,11.0
2025-04-19,5,21.4,18.0,27.2,8.1,66.0,21.5,12.1
2025-04-19,6,23.7,17.8,29.2,0,52.0,13.8,10.8
2025-04-19,7,22.6,17.9,28.2,0,79.0,14.8,10.1
2025-04-19,8,24.7,18.9,31.5,3.7,66.0,31.6,8.6
2025-04-19,9,25.6,20.6,29.7,0,57.0,7.0,7.9
2025-04-19,10,26.5,20.9,30.2,0,53.0,27.6,11.5
2025-04-19,11,21.8,16.5,26.6,0,58.0,16.5,10.4
2025-04-19,12,23.3,20.1,28.3,0,78.0,20.4,10.7
2025-04-19,13,22.5,18.5,26.9,0,45.0,21.9,11.3
2025-04-19,14,25.3,20.9,30.2,0,45.0,15.4,8.4
2025-04-19,15,23.5,18.7,26.9,2.8,64.0,21.4,10.0
2025-04-19,16,24.9,19.6,31.6,0,58.0,1.5,10.2
2025-04-19,17,28.6,22.7,32.2,0,22.0,20.0,8.3
2025-04-19,18,26.2,23.0,30.5,0,32.0,6.4,8.7
2025-04-19,19,24.7,21.4,27.7,0,61.0,5.4,9.2
2025-04-19,20,25.8,22.0,29.4,0,37.0,8.5,9.1
2025-04-19,21,20.1,16.9,26.2,0,47.0,10.3,9.1
2025-04-19,22,22.3,17.6,26.4,0,53.0,14.2,10.5
2025-04-19,23,28.3,24.9,32.4,0,38.0,18.7,8.4
2025-04-19,24,20.0,15.4,24.0,0,57.0,14.7,7.4
2025-04-19,25,25.1,21.3,29.6,0,49.0,22.0,9.7
2025-04-20,1,25.1,21.4,31.0,0,50.0,10.0,9.0
2025-04-20,2,20.9,17.8,27.4,1.6,57.0,15.8,9.0
2025-04-20,3,26.0,22.2,32.0,0,59.0,15.7,9.8
2025-04-20,4,24.4,18.9,29.5,0,57.0,24.7,9.7
2025-04-20,5,23.9,20.6,29.1,0,53.0,10.0,6.9
2025-04-20,6,25.9,20.9,30.6,0,57.0,16.5,10.3
2025-04-20,7,23.5,18.3,30.0,0.5,71.0,19.9,10.9
2025-04-20,8,27.2,22.5,32.8,0,64.0,11.9,10.4
2025-04-20,9,23.1,19.5,27.0,0,46.0,15.2,9.0
2025-04-20,10,25.4,22.0,31.1,0,47.0,0.2,8.0
2025-04-20,11,20.0,14.8,23.0,1.3,68.0,17.8,11.1
2025-04-20,12,23.0,18.2,26.6,0,63.0,36.9,8.0
2025-04-20,13,23.0,17.3,29.5,0,34.0,23.7,10.3
2025-04-20,14,26.6,22.9,30.5,0,44.0,12.7,9.0
2025-04-20,15,19.9,14.7,26.2,0,72.0,7.3,7.8
2025-04-20,16,23.7,19.1,28.7,0,66.0,31.7,10.5
2025-04-20,17,24.2,19.8,31.0,0,51.0,10.2,10.3
2025-04-20,18,22.6,17.4,29.4,0,41.0,24.9,7.6
2025-04-20,19,28.5,23.6,31.6,0,57.0,19.0,7.3
2025-04-20,20,26.9,23.4,31.5,0,59.0,13.8,8.1
2025-04-20,21,23.1,19.7,28.2,14.0,45.0,2.5,8.5
2025-04-20,22,23.2,17.6,28.9,0,57.0,20.5,10.0
2025-04-20,23,28.6,23.5,32.6,0,36.0,24.4,9.5
2025-04-20,24,20.2,15.0,26.3,0,79.0,19.3,7.3
2025-04-20,25,23.9,19.5,28.5,1.2,35.0,24.9,10.2
2025-04-21,1,23.5,18.4,28.3,0,52.0,18.9,10.3
2025-04-21,2,20.5,16.1,25.5,0,64.0,16.4,8.5
2025-04-21,3,28.5,23.3,34.7,0,66.0,12.7,11.1
2025-04-21,4,24.0,20.0,29.4,0,65.0,11.3,9.7
2025-04-21,5,24.5,20.4,29.1,0,59.0,16.4,9.3
2025-04-21,6,23.1,19.8,28.2,0,55.0,27.4,9.2
2025-04-21,7,25.7,22.7,31.0,0,66.0,10.5,9.2
2025-04-21,8,25.2,21.7,31.8,0,73.0,14.4,9.3
2025-04-21,9,24.0,20.5,28.3,0,64.0,4.4,9.2
2025-04-21,10,25.2,21.0,31.2,0,62.0,12.8,8.9
2025-04-21,11,22.8,18.6,26.7,0,56.0,8.5,10.3
2025-04-21,12,20.2,16.4,24.5,0,63.0,11.8,11.6
2025-04-21,13,23.2,18.0,29.6,0,38.0,16.0,10.2
2025-04-21,14,25.8,21.4,30.1,0,75.0,8.7,13.3
2025-04-21,15,21.3,15.9,26.4,2.1,61.0,5.6,7.8
2025-04-21,16,24.6,20.7,30.9,0,67.0,19.1,8.9
2025-04-21,17,25.2,21.1,28.8,0.5,38.0,14.5,10.2
2025-04-21,18,21.7,17.8,25.6,0,44.0,20.1,9.2
2025-04-21,19,26.7,21.8,31.4,0,47.0,41.6,8.3
2025-04-21,20,26.7,21.6,30.9,0,52.0,16.6,13.5
2025-04-21,21,24.2,19.7,30.8,0,48.0,20.6,9.5
2025-04-21,22,24.3,20.0,30.1,6.0,42.0,12.8,9.2
2025-04-21,23,31.0,26.8,35.4,0,13.0,19.4,9.5
2025-04-21,24,23.6,18.4,27.0,6.4,62.0,26.2,10.0
2025-04-21,25,24.7,21.4,28.8,0,54.0,15.8,8.9
2025-04-22,1,25.1,22.0,28.4,12.1,64.0,13.9,10.1
2025-04-22,2,25.7,20.3,31.6,0,51.0,18.2,10.8
2025-04-22,3,23.0,17.8,26.8,0,50.0,17.8,9.7
2025-04-22,4,24.4,19.7,30.9,0.8,69.0,14.2,11.0
2025-04-22,5,23.0,19.7,27.0,0,60.0,2.2,11.3
2025-04-22,6,26.0,20.9,32.5,0,68.0,14.8,8.1
2025-04-22,7,22.4,17.2,27.0,0,65.0,18.1,9.5
2025-04-22,8,27.4,22.1,32.9,0,70.0,17.5,8.5
2025-04-22,9,24.8,21.1,28.2,0,59.0,12.9,9.6
2025-04-22,10,26.8,20.8,32.5,0,64.0,8.1,12.5
2025-04-22,11,20.5,15.1,25.6,0,71.0,23.4,8.8
2025-04-22,12,22.1,18.5,25.7,0,69.0,34.5,10.2
2025-04-22,13,22.9,18.7,28.9,0,54.0,18.2,8.6
2025-04-22,14,25.9,20.9,32.5,0,61.0,12.2,7.1
2025-04-22,15,22.6,18.0,26.8,0,81.0,5.6,11.7
2025-04-22,16,23.8,19.2,29.0,0,65.0,27.2,6.3
2025-04-22,17,26.3,22.8,32.4,0,39.0,15.8,10.5
2025-04-22,18,24.2,20.5,28.1,0,39.0,20.8,9.9
2025-04-22,19,27.1,21.5,31.9,0,59.0,15.5,9.9
2025-04-22,20,26.3,21.9,31.3,0,42.0,19.8,9.5
2025-04-22,21,22.6,18.8,29.1,5.3,70.0,16.1,7.5
2025-04-22,22,24.2,19.8,28.3,2.6,61.0,13.3,7.7
2025-04-22,23,31.4,28.2,37.4,0,18.0,5.5,8.3
2025-04-22,24,22.9,17.4,26.4,0,55.0,11.7,7.1
2025-04-22,25,23.1,17.2,28.7,0,41.0,13.2,10.4
2025-04-23,1,22.8,18.8,26.3,0,60.0,12.2,6.9
2025-04-23,2,27.6,22.7,33.8,2.7,61.0,10.6,10.7
2025-04-23,3,24.6,20.3,31.5,0,67.0,16.8,7.8
2025-04-23,4,24.4,21.3,29.9,0,52.0,8.7,8.2
2025-04-23,5,23.1,18.4,27.1,0,61.0,19.2,9.1
2025-04-23,6,21.8,16.7,27.2,0.2,57.0,3.7,8.4
2025-04-23,7,21.7,17.6,24.8,0,72.0,24.4,11.8
2025-04-23,8,23.3,18.7,30.1,0,59.0,16.7,7.9
2025-04-23,9,26.1,22.8,30.7,0,60.0,9.7,8.1
2025-04-23,10,23.1,17.8,29.7,0,63.0,17.1,10.8
2025-04-23,11,24.1,20.4,28.3,0,65.0,15.9,10.1
2025-04-23,12,21.0,15.7,26.0,0,71.0,14.7,8.7
2025-04-23,13,25.7,20.1,30.9,0.7,49.0,11.3,10.7
2025-04-23,14,29.0,24.4,33.2,0,51.0,2.4,7.6
2025-04-23,15,21.2,15.5,27.1,0,76.0,22.0,10.3
2025-04-23,16,21.1,17.3,25.5,0.3,62.0,1.5,10.8
2025-04-23,17,24.0,20.2,30.3,0,39.0,2.9,7.6
2025-04-23,18,23.3,19.1,27.6,5.7,42.0,8.3,8.7
2025-04-23,19,24.6,20.1,30.4,0,50.0,18.8,9.8
2025-04-23,20,26.7,21.6,32.4,0,49.0,15.8,13.2
2025-04-23,21,22.9,18.8,26.0,0,46.0,8.7,10.8
2025-04-23,22,22.5,17.9,28.5,0,56.0,24.4,5.6
2025-04-23,23,30.6,25.8,34.9,0,27.0,9.5,9.2
2025-04-23,24,22.8,19.0,26.6,0,53.0,12.4,10.0
2025-04-23,25,26.1,21.7,30.3,0,48.0,16.5,9.9
2025-04-24,1,24.3,20.4,29.8,6.6,73.0,16.7,9.5
2025-04-24,2,22.6,17.2,27.1,2.5,57.0,25.6,9.4
2025-04-24,3,25.3,21.2,29.2,0,60.0,17.5,10.2
2025-04-24,4,24.3,19.3,28.5,0,56.0,34.2,10.6
2025-04-24,5,23.9,18.3,30.9,2.2,51.0,13.7,8.0
2025-04-24,6,22.9,19.1,26.4,0,63.0,14.4,11.6
2025-04-24,7,25.0,20.7,28.7,0,66.0,9.7,7.6
2025-04-24,8,24.1,18.6,27.5,0,60.0,24.3,9.9
2025-04-24,9,24.6,21.6,30.9,0,67.0,10.4,10.9
2025-04-24,10,27.6,22.9,32.0,0,55.0,17.1,9.3
2025-04-24,11,23.8,20.5,27.2,0.1,73.0,6.0,8.0
2025-04-24,12,23.6,19.2,30.1,0,69.0,18.1,7.7
2025-04-24,13,26.8,21.4,30.7,0,47.0,15.9,7.9
2025-04-24,14,27.1,22.6,33.8,0,58.0,13.2,10.5
2025-04-24,15,23.8,20.8,27.9,0,57.0,0.5,10.6
2025-04-24,16,22.6,17.0,28.6,0,72.0,2.9,9.5
2025-04-24,17,23.3,18.5,26.6,0,48.0,18.8,11.3
2025-04-24,18,25.2,21.2,30.5,0,34.0,27.1,10.1
2025-04-24,19,26.7,22.1,31.0,0,43.0,20.2,8.6
2025-04-24,20,26.5,22.8,31.5,0,46.0,6.4,10.7
2025-04-24,21,21.7,17.8,28.4,0,59.0,5.0,11.1
2025-04-24,22,24.6,18.9,30.5,0,62.0,14.9,9.1
2025-04-24,23,28.3,24.5,32.7,0,32.0,18.2,10.0
2025-04-24,24,24.2,18.6,27.4,0,45.0,12.4,9.9
2025-04-24,25,26.7,23.3,32.1,0,39.0,13.2,8.3
2025-04-25,1,25.2,22.0,31.5,0,54.0,8.3,10.2
2025-04-25,2,24.8,19.0,29.6,0,47.0,1.7,12.0
2025-04-25,3,21.0,16.9,24.3,0,67.0,10.8,6.8
2025-04-25,4,24.2,20.5,29.1,0,57.0,6.6,10.1
2025-04-25,5,23.1,19.4,27.6,0,67.0,0.9,7.7
2025-04-25,6,24.9,19.4,30.3,0,68.0,11.8,9.7
2025-04-25,7,23.9,18.1,29.9,0,65.0,5.0,8.4
2025-04-25,8,25.1,19.7,28.3,0,62.0,23.3,7.1
2025-04-25,9,25.1,19.7,31.5,0,40.0,16.3,10.5
2025-04-25,10,23.6,17.9,27.6,0,53.0,26.3,9.4
2025-04-25,11,22.9,17.2,26.1,0,57.0,24.7,10.0
2025-04-25,12,23.0,17.4,28.4,0,73.0,40.7,10.8
2025-04-25,13,25.8,20.3,31.2,0,47.0,14.2,8.3
2025-04-25,14,25.2,21.3,29.3,0.3,58.0,22.1,9.8
2025-04-25,15,21.6,15.8,28.5,0,84.0,23.6,11.2
2025-04-25,16,22.4,19.1,26.9,0,65.0,3.2,8.4
2025-04-25,17,26.8,22.4,33.4,0,26.0,7.7,10.4
2025-04-25,18,23.6,20.4,28.5,0,36.0,21.2,8.1
2025-04-25,19,25.7,20.4,29.7,0,39.0,10.9,8.6
2025-04-25,20,28.0,24.2,32.8,0,54.0,18.8,7.1
2025-04-25,21,25.8,22.0,30.4,1.5,51.0,3.8,11.8
2025-04-25,22,24.8,19.2,31.6,0.7,48.0,20.3,11.3
2025-04-25,23,29.0,25.1,34.1,0,24.0,16.4,8.9
2025-04-25,24,20.5,15.5,23.8,3.3,63.0,13.7,11.0
2025-04-25,25,26.2,22.4,31.7,0,45.0,12.5,10.1
2025-04-26,1,24.1,18.6,28.3,0,45.0,30.4,10.4
2025-04-26,2,23.6,17.7,29.2,0,63.0,7.6,11.2
2025-04-26,3,24.7,19.2,28.8,0,56.0,0.2,11.6
2025-04-26,4,24.0,18.7,30.9,0,57.0,7.3,11.1
2025-04-26,5,24.1,20.9,30.8,0,58.0,20.0,12.3
2025-04-26,6,25.7,21.7,29.1,0,61.0,13.0,9.4
2025-04-26,7,24.6,19.0,31.6,0,57.0,26.1,9.1
2025-04-26,8,24.1,18.3,30.3,0,64.0,8.4,9.4
2025-04-26,9,23.9,20.0,29.4,0,64.0,4.6,8.3
2025-04-26,10,26.6,21.7,29.7,0,52.0,10.9,11.2
2025-04-26,11,24.1,18.5,27.3,0,75.0,16.4,7.9
2025-04-26,12,21.9,18.1,27.9,0,71.0,0.2,8.5
2025-04-26,13,27.7,23.9,31.4,0,59.0,10.8,9.8
2025-04-26,14,25.0,19.0,31.8,0,55.0,30.0,10.5
2025-04-26,15,23.0,18.5,29.0,5.4,67.0,9.4,10.9
2025-04-26,16,23.0,18.6,29.9,0,69.0,17.3,8.3
2025-04-26,17,28.2,24.4,34.0,0,42.0,8.1,4.9
2025-04-26,18,21.7,17.2,27.2,0,44.0,2.5,10.2
2025-04-26,19,26.7,21.0,30.1,0,46.0,20.3,8.4
2025-04-26,20,28.9,24.3,35.3,0,61.0,11.1,10.2
2025-04-26,21,23.7,18.7,29.1,0,59.0,9.0,9.1
2025-04-26,22,23.8,20.0,30.1,0,45.0,16.2,8.3
2025-04-26,23,32.3,28.4,39.0,0,35.0,22.9,13.1
2025-04-26,24,24.2,19.0,29.7,0,56.0,27.8,8.7
2025-04-26,25,27.6,21.8,33.8,0,29.0,6.8,10.2
2025-04-27,1,26.4,21.9,30.4,0,52.0,15.7,7.6
2025-04-27,2,24.2,20.4,28.0,0,62.0,14.9,11.1
2025-04-27,3,26.1,22.6,31.6,0,53.0,27.1,9.1
2025-04-27,4,24.1,19.4,29.0,0,57.0,9.6,9.5
2025-04-27,5,23.1,18.2,26.7,0,55.0,21.6,12.1
2025-04-27,6,22.1,17.7,25.5,0,58.0,17.8,9.0
2025-04-27,7,23.7,19.1,27.0,0,72.0,25.0,12.7
2025-04-27,8,24.8,21.1,28.0,0,58.0,7.8,11.8
2025-04-27,9,24.9,19.2,30.6,0,52.0,26.7,9.4
2025-04-27,10,24.4,18.8,28.5,0,52.0,23.5,9.0
2025-04-27,11,23.5,20.1,29.0,0,73.0,21.7,12.2
2025-04-27,12,24.6,20.1,30.6,0,64.0,20.4,7.2
2025-04-27,13,27.4,23.4,33.2,0,57.0,32.1,13.3
2025-04-27,14,30.8,25.6,37.1,0,57.0,4.3,10.7
2025-04-27,15,21.7,15.8,28.4,8.9,64.0,16.9,8.9
2025-04-27,16,26.2,21.4,31.9,0,59.0,13.5,8.3
2025-04-27,17,26.3,22.2,29.5,0,36.0,10.8,9.7
2025-04-27,18,25.7,22.0,30.4,0,48.0,15.2,7.9
2025-04-27,19,25.7,21.0,30.4,0,68.0,11.1,7.7
2025-04-27,20,26.9,23.8,33.7,0,43.0,8.3,6.8
2025-04-27,21,22.1,16.5,26.9,0,45.0,12.3,11.5
2025-04-27,22,23.7,19.3,29.4,0,51.0,15.1,8.2
2025-04-27,23,29.8,25.8,33.8,0,36.0,13.0,9.4
2025-04-27,24,22.7,18.6,27.4,0,55.0,23.0,9.4
2025-04-27,25,24.5,21.4,30.8,0,35.0,2.9,10.4
2025-04-28,1,22.4,17.0,26.5,0,63.0,14.1,9.6
2025-04-28,2,24.6,18.9,27.8,0,43.0,0.5,11.7
2025-04-28,3,23.5,18.3,29.2,0,56.0,11.7,10.0
2025-04-28,4,24.8,20.4,28.5,0,54.0,4.2,10.5
2025-04-28,5,23.5,19.8,26.8,0,52.0,9.8,8.3
2025-04-28,6,24.9,19.5,28.4,0,71.0,26.6,12.1
2025-04-28,7,26.2,22.2,32.1,0,57.0,21.4,10.0
2025-04-28,8,23.9,18.6,30.1,0,54.0,22.4,8.0
2025-04-28,9,25.1,19.8,30.0,0,55.0,23.8,9.5
2025-04-28,10,28.5,24.6,32.1,0,65.0,21.4,7.9
2025-04-28,11,22.6,17.2,26.7,0,67.0,35.5,7.5
2025-04-28,12,21.4,16.9,25.8,0,68.0,15.3,9.3
2025-04-28,13,24.4,19.9,29.2,0,58.0,19.3,10.1
2025-04-28,14,27.0,23.7,31.4,0,53.0,7.7,10.5
2025-04-28,15,24.7,19.2,30.1,0.2,65.0,27.9,8.5
2025-04-28,16,26.0,21.1,29.4,0,66.0,22.5,9.2
2025-04-28,17,26.4,21.3,30.3,0,35.0,17.9,9.9
2025-04-28,18,27.5,23.0,31.4,0,50.0,24.9,11.4
2025-04-28,19,24.3,20.0,30.3,0,40.0,14.7,9.0
2025-04-28,20,24.9,21.8,31.7,0,57.0,1.1,11.4
2025-04-28,21,27.3,23.7,31.5,0,51.0,10.2,10.7
2025-04-28,22,25.7,20.1,29.2,0,37.0,19.8,12.4
2025-04-28,23,29.5,24.9,36.3,0,39.0,9.7,11.3
2025-04-28,24,24.1,18.7,27.9,0,61.0,5.1,6.4
2025-04-28,25,26.8,23.5,30.4,0,36.0,30.4,11.1
2025-04-29,1,26.6,20.7,31.5,0,59.0,17.0,11.3
2025-04-29,2,21.3,15.6,26.1,0,56.0,16.3,6.5
2025-04-29,3,24.9,21.3,29.2,0,65.0,6.5,9.1
2025-04-29,4,24.1,19.6,27.9,0,66.0,17.4,10.2
2025-04-29,5,25.6,21.0,30.2,0,66.0,10.7,11.0
2025-04-29,6,24.5,18.7,29.8,2.5,60.0,24.9,8.4
2025-04-29,7,24.6,19.4,31.1,0,60.0,15.7,10.9
2025-04-29,8,22.0,17.4,26.1,0,52.0,24.3,11.4
2025-04-29,9,24.0,18.6,28.9,0,55.0,21.1,9.8
2025-04-29,10,26.4,23.1,31.9,0,41.0,7.7,10.8
2025-04-29,11,23.2,19.5,28.6,0.3,72.0,12.0,11.1
2025-04-29,12,25.1,21.4,30.1,0.6,49.0,8.7,12.4
2025-04-29,13,26.9,23.8,32.5,0,46.0,21.8,11.9
2025-04-29,14,25.7,21.6,29.2,0,59.0,19.9,12.1
2025-04-29,15,22.2,17.2,28.8,4.7,68.0,22.1,9.2
2025-04-29,16,27.8,22.0,33.8,0,73.0,9.9,10.7
2025-04-29,17,27.1,21.5,32.0,0,45.0,15.7,7.6
2025-04-29,18,24.9,20.4,29.5,0,34.0,21.1,12.6
2025-04-29,19,27.5,22.3,33.2,0,54.0,6.5,10.8
2025-04-29,20,26.8,23.5,30.1,0,40.0,24.2,12.6
2025-04-29,21,26.9,23.9,31.4,0,54.0,4.0,8.5
2025-04-29,22,25.5,21.9,31.4,6.7,48.0,17.6,11.9
2025-04-29,23,31.4,27.4,34.9,0,36.0,9.7,8.8
2025-04-29,24,24.8,21.0,30.8,0,55.0,22.6,9.2
2025-04-29,25,25.7,22.0,30.6,0,54.0,20.0,12.8
2025-04-30,1,25.1,19.9,30.6,0,51.0,22.7,10.7
2025-04-30,2,26.5,23.1,30.5,0,60.0,18.0,12.1
2025-04-30,3,23.3,18.4,26.7,7.6,60.0,26.4,11.6
2025-04-30,4,24.9,19.8,30.3,0,66.0,15.6,9.3
2025-04-30,5,21.4,16.7,24.7,0,66.0,13.1,11.2
2025-04-30,6,24.3,20.9,30.7,12.7,62.0,9.3,10.5
2025-04-30,7,23.5,20.3,28.2,0,69.0,13.6,10.9
2025-04-30,8,24.5,21.2,29.8,0,54.0,7.2,10.6
2025-04-30,9,24.7,21.2,29.3,0,67.0,19.9,10.9
2025-04-30,10,25.7,21.2,30.0,0,61.0,28.5,10.6
2025-04-30,11,22.3,18.0,25.3,0,59.0,2.6,10.1
2025-04-30,12,22.4,18.8,26.1,0,63.0,7.5,8.0
2025-04-30,13,27.3,22.3,32.8,0,48.0,19.4,9.5
2025-04-30,14,28.5,24.0,33.3,0,35.0,13.1,7.4
2025-04-30,15,24.4,20.5,27.5,0,86.0,9.0,10.3
2025-04-30,16,26.9,21.2,30.0,0,57.0,19.8,9.8
2025-04-30,17,26.2,21.6,30.8,0.4,34.0,21.5,10.4
2025-04-30,18,23.3,18.7,30.1,0,38.0,25.3,11.6
2025-04-30,19,27.8,23.6,31.6,0,57.0,12.5,9.2
2025-04-30,20,28.2,23.8,34.4,0,44.0,20.6,7.0
2025-04-30,21,22.7,17.8,27.6,0,54.0,24.5,10.7
2025-04-30,22,24.5,19.2,27.6,0,64.0,28.0,9.2
2025-04-30,23,29.4,25.3,35.3,0,46.0,17.2,9.9
2025-04-30,24,26.8,23.3,33.6,0,60.0,9.5,10.0
2025-04-30,25,27.4,24.4,33.8,0,46.0,24.5,10.0
2025-05-01,1,27.2,23.7,32.7,0,62.0,11.8,9.6
2025-05-01,2,25.4,22.1,29.1,0,62.0,7.8,10.8
2025-05-01,3,25.3,20.9,29.1,0,68.0,1.7,10.6
2025-05-01,4,24.5,19.5,31.5,0,49.0,20.8,9.2
2025-05-01,5,24.2,18.8,30.8,0,44.0,0.3,9.3
2025-05-01,6,25.6,19.6,31.7,0,57.0,1.5,11.0
2025-05-01,7,24.1,19.8,27.9,0,58.0,8.8,7.9
2025-05-01,8,27.0,22.8,33.2,0,53.0,20.9,11.9
2025-05-01,9,24.4,20.7,28.0,0,64.0,14.1,11.6
2025-05-01,10,27.4,24.0,32.3,0,55.0,42.0,11.1
2025-05-01,11,26.3,21.7,29.7,0,54.0,5.5,8.1
2025-05-01,12,24.4,21.3,29.5,0,59.0,0.4,9.6
2025-05-01,13,27.2,22.2,34.0,0,48.0,5.7,9.6
2025-05-01,14,27.5,24.3,30.6,0,52.0,7.2,7.5
2025-05-01,15,25.2,19.3,30.2,0,59.0,15.0,11.2
2025-05-01,16,25.0,19.5,28.4,0,44.0,8.3,9.4
2025-05-01,17,26.9,21.6,33.0,0,35.0,18.3,9.5
2025-05-01,18,27.9,24.0,33.1,2.0,33.0,19.7,11.7
2025-05-01,19,25.1,21.8,28.4,0,51.0,23.6,7.6
2025-05-01,20,26.2,22.9,32.0,0,53.0,5.1,11.1
2025-05-01,21,25.7,21.0,32.5,0,56.0,14.2,9.2
2025-05-01,22,27.5,23.2,31.0,0.2,57.0,7.8,7.2
2025-05-01,23,30.3,25.7,35.6,0,25.0,10.8,13.0
2025-05-01,24,22.0,16.2,26.9,0,61.0,24.9,13.6
2025-05-01,25,29.6,24.9,33.8,0,47.0,5.3,9.5
2025-05-02,1,26.5,21.9,32.2,0,51.0,19.0,12.9
2025-05-02,2,24.2,18.8,28.0,0,51.0,16.8,10.8
2025-05-02,3,26.0,22.8,29.0,5.0,61.0,22.2,11.1
2025-05-02,4,23.2,19.6,29.4,0,58.0,13.2,12.4
2025-05-02,5,26.0,21.8,32.5,0,49.0,9.5,9.5
2025-05-02,6,26.2,23.0,31.3,4.0,61.0,19.2,12.2
2025-05-02,7,23.8,19.4,29.4,0,71.0,1.1,7.2
2025-05-02,8,23.5,18.8,26.9,0,52.0,9.8,12.3
2025-05-02,9,26.3,20.4,30.5,0,53.0,19.3,11.2
2025-05-02,10,26.6,21.8,33.2,0,67.0,6.4,11.4
2025-05-02,11,24.7,19.4,30.1,0,76.0,12.3,9.1
2025-05-02,12,27.6,22.4,32.8,0,64.0,18.7,12.4
2025-05-02,13,28.0,24.4,33.6,0.4,51.0,10.0,9.0
2025-05-02,14,26.3,22.3,31.0,0,54.0,23.8,8.4
2025-05-02,15,26.6,21.9,29.6,0,68.0,11.0,9.8
2025-05-02,16,23.9,20.2,27.2,1.6,68.0,15.4,7.7
2025-05-02,17,28.5,22.6,32.2,0,34.0,26.7,10.8
2025-05-02,18,25.6,21.1,28.9,0,38.0,16.6,11.5
2025-05-02,19,28.1,22.2,33.5,0,40.0,8.0,10.1
2025-05-02,20,24.5,21.3,29.7,0,50.0,23.0,11.2
2025-05-02,21,26.9,22.7,30.6,0,50.0,20.2,11.6
2025-05-02,22,28.0,24.0,34.5,0,67.0,14.0,7.8
2025-05-02,23,30.7,25.0,34.9,0,15.0,12.8,12.1
2025-05-02,24,24.5,20.9,29.2,0,62.0,22.6,9.9
2025-05-02,25,22.2,16.2,27.1,3.4,36.0,5.1,11.5
2025-05-03,1,23.2,18.0,26.5,0,44.0,6.7,11.2
2025-05-03,2,25.7,20.0,31.9,4.4,57.0,13.4,12.6
2025-05-03,3,25.6,21.0,32.4,0,52.0,7.4,10.0
2025-05-03,4,24.6,20.9,28.8,0,46.0,9.8,13.9
2025-05-03,5,25.8,22.8,29.2,0,66.0,8.4,12.8
2025-05-03,6,24.3,20.1,31.1,0,65.0,22.7,12.7
2025-05-03,7,25.2,22.1,28.2,0,70.0,11.6,11.3
2025-05-03,8,26.5,21.2,32.8,0,61.0,12.7,11.2
2025-05-03,9,28.0,22.8,32.5,0,60.0,8.2,7.1
2025-05-03,10,24.2,20.8,27.4,0,42.0,25.9,10.9
2025-05-03,11,25.3,21.4,31.8,0,61.0,16.5,12.5
2025-05-03,12,22.4,19.0,28.6,0,65.0,0.1,8.1
2025-05-03,13,29.4,24.9,35.4,0,48.0,3.7,7.3
2025-05-03,14,26.5,22.2,29.6,0,50.0,2.3,11.1
2025-05-03,15,24.0,19.3,29.3,0,84.0,16.2,11.4
2025-05-03,16,25.3,21.3,30.9,0,65.0,19.3,10.9
2025-05-03,17,27.9,23.9,34.3,0,31.0,5.7,10.4
2025-05-03,18,23.8,18.6,29.8,0,47.0,15.8,9.5
2025-05-03,19,30.0,24.7,33.1,0,39.0,28.2,8.7
2025-05-03,20,30.0,26.5,36.1,0,60.0,16.7,11.4
2025-05-03,21,26.6,21.9,29.9,0,50.0,1.7,10.0
2025-05-03,22,26.7,21.4,33.5,0,54.0,30.0,9.6
2025-05-03,23,31.1,25.3,37.6,0,30.0,12.2,8.9
2025-05-03,24,28.1,24.7,32.3,0,56.0,12.4,9.3
2025-05-03,25,26.8,22.3,30.6,0,44.0,28.1,11.1
2025-05-04,1,24.4,20.8,28.3,0,64.0,0.2,9.9
2025-05-04,2,26.5,22.8,30.0,0,52.0,22.1,12.3
2025-05-04,3,25.0,21.6,29.3,0,60.0,10.7,9.2
2025-05-04,4,23.4,19.5,27.7,0,50.0,4.6,12.9
2025-05-04,5,25.9,22.3,30.1,0,57.0,10.2,9.8
2025-05-04,6,21.6,17.2,26.8,0,42.0,3.6,11.0
2025-05-04,7,26.1,22.5,33.1,0,73.0,31.6,11.5
2025-05-04,8,27.0,21.2,30.6,0,73.0,24.6,11.5
2025-05-04,9,25.7,20.3,32.0,0,62.0,14.4,9.5
2025-05-04,10,24.8,21.6,30.8,0,56.0,19.5,11.2
2025-05-04,11,25.8,20.0,32.7,2.3,64.0,10.9,9.0
2025-05-04,12,25.6,22.3,32.3,0,64.0,0.8,8.9
2025-05-04,13,26.5,21.9,30.8,0,50.0,3.2,12.4
2025-05-04,14,25.1,21.4,31.5,0,63.0,3.2,12.5
2025-05-04,15,23.6,17.6,29.2,6.5,63.0,8.7,11.0
2025-05-04,16,25.9,22.0,28.9,9.4,65.0,12.2,10.5
2025-05-04,17,28.4,23.1,35.3,0,17.0,12.7,9.2
2025-05-04,18,26.0,22.1,31.7,0,37.0,18.8,9.4
2025-05-04,19,26.3,22.6,29.5,0,56.0,11.0,10.8
2025-05-04,20,26.1,21.9,30.6,0,65.0,16.9,11.6
2025-05-04,21,26.9,22.6,33.4,0,53.0,15.1,11.5
2025-05-04,22,27.1,23.8,31.4,0,42.0,19.9,12.9
2025-05-04,23,30.8,27.4,35.8,0,27.0,24.5,11.2
2025-05-04,24,23.7,18.8,29.5,0,41.0,6.7,12.0
2025-05-04,25,26.6,21.4,32.3,0,41.0,13.1,13.4
2025-05-05,1,25.7,20.1,29.1,9.0,58.0,17.5,9.6
2025-05-05,2,26.5,22.5,33.5,0,54.0,12.5,9.2
2025-05-05,3,24.7,20.1,30.8,0,48.0,18.7,10.8
2025-05-05,4,25.2,19.4,30.6,0,67.0,3.9,10.8
2025-05-05,5,24.3,19.0,30.9,0,60.0,4.3,12.9
2025-05-05,6,27.4,22.7,31.9,0,66.0,2.7,11.6
2025-05-05,7,26.9,22.8,30.6,0,50.0,4.9,8.0
2025-05-05,8,27.4,24.2,33.4,0,61.0,6.9,7.0
2025-05-05,9,24.8,20.9,30.9,0,55.0,26.2,9.2
2025-05-05,10,25.1,21.3,28.2,0,53.0,7.2,10.3
2025-05-05,11,26.7,23.0,32.2,0,60.0,10.4,13.1
2025-05-05,12,23.2,17.2,28.6,0,82.0,13.2,9.5
2025-05-05,13,27.9,23.9,32.4,0,46.0,26.0,11.8
2025-05-05,14,26.6,22.6,32.1,0,55.0,16.6,10.3
2025-05-05,15,20.8,15.3,24.3,0,57.0,20.6,9.5
2025-05-05,16,24.8,19.0,30.4,0,58.0,23.0,9.5
2025-05-05,17,29.5,23.6,35.6,0,34.0,1.8,9.6
2025-05-05,18,24.5,20.0,27.7,0,52.0,18.6,12.8
2025-05-05,19,28.2,23.3,35.1,0,35.0,22.4,12.5
2025-05-05,20,26.6,21.2,32.2,0,56.0,29.0,11.6
2025-05-05,21,24.7,20.8,30.9,0,55.0,15.5,7.8
2025-05-05,22,27.8,23.6,33.1,0,35.0,20.8,11.0
2025-05-05,23,32.8,27.8,36.5,0,24.0,16.7,12.4
2025-05-05,24,27.1,23.8,31.8,0,68.0,15.5,12.5
2025-05-05,25,29.5,24.1,35.0,0,51.0,21.8,9.5
2025-05-06,1,25.4,20.5,29.6,0,58.0,24.2,10.9
2025-05-06,2,23.0,18.6,29.8,0,57.0,25.4,11.6
2025-05-06,3,25.3,19.3,30.3,0,59.0,6.0,9.6
2025-05-06,4,24.2,20.6,29.6,0.8,58.0,16.0,10.0
2025-05-06,5,27.4,24.0,32.5,0,62.0,5.2,9.1
2025-05-06,6,26.2,23.2,32.6,0,62.0,9.0,11.9
2025-05-06,7,24.7,21.4,28.2,0,57.0,12.0,9.4
2025-05-06,8,25.8,20.7,29.0,0,50.0,10.8,14
2025-05-06,9,26.7,20.9,33.7,0,71.0,15.1,11.5
2025-05-06,10,24.7,20.7,28.6,3.1,40.0,26.6,12.8
2025-05-06,11,25.7,22.0,30.1,0,53.0,16.4,8.7
2025-05-06,12,26.2,22.2,32.1,0,68.0,18.4,12.0
2025-05-06,13,28.4,24.0,32.8,0,50.0,16.3,9.9
2025-05-06,14,30.4,26.1,37.3,0,52.0,26.4,9.3
2025-05-06,15,24.0,20.4,27.5,15.7,63.0,17.5,8.4
2025-05-06,16,26.4,21.8,31.7,1.3,59.0,7.8,9.1
2025-05-06,17,26.8,22.6,31.4,0,33.0,15.7,10.4
2025-05-06,18,22.8,17.0,27.6,0,37.0,28.6,9.1
2025-05-06,19,27.6,22.7,32.4,0,50.0,23.7,11.1
2025-05-06,20,28.0,24.8,34.4,0,59.0,17.6,9.7
2025-05-06,21,26.3,21.6,32.7,0,54.0,9.6,11.3
2025-05-06,22,26.2,20.4,31.8,0.5,58.0,16.7,9.7
2025-05-06,23,33.3,28.4,39.7,0,25.0,2.6,11.8
2025-05-06,24,28.4,25.1,34.1,0,67.0,12.6,12.6
2025-05-06,25,26.3,21.2,29.5,0,34.0,12.8,11.8
2025-05-07,1,27.3,21.4,34.1,12.0,63.0,11.6,11.2
2025-05-07,2,28.2,24.6,32.7,0,57.0,15.4,12.6
2025-05-07,3,25.7,21.3,32.5,1.4,57.0,18.4,11.7
2025-05-07,4,24.7,19.6,28.2,0,43.0,25.4,11.7
2025-05-07,5,20.8,17.7,27.3,0,58.0,19.5,11.7
2025-05-07,6,27.5,22.8,32.9,0,59.0,12.6,10.0
2025-05-07,7,25.4,20.3,29.7,0,61.0,15.4,9.2
2025-05-07,8,24.7,20.0,31.0,0,49.0,15.1,9.4
2025-05-07,9,27.5,22.6,32.5,0,55.0,8.2,10.4
2025-05-07,10,25.3,19.7,28.9,0,64.0,23.5,11.0
2025-05-07,11,26.0,21.0,30.6,0,53.0,24.5,10.5
2025-05-07,12,23.6,18.1,30.5,1.3,72.0,2.7,10.4
2025-05-07,13,30.0,24.2,34.7,1.8,43.0,12.5,10.5
2025-05-07,14,26.5,23.0,33.1,0,43.0,19.0,9.4
2025-05-07,15,23.7,20.3,30.2,2.2,68.0,10.7,11.2
2025-05-07,16,24.5,19.5,28.5,0,50.0,1.8,10.6
2025-05-07,17,30.4,24.7,34.7,0,33.0,12.1,11.1
2025-05-07,18,26.3,20.4,29.9,1.5,47.0,7.4,9.7
2025-05-07,19,28.7,23.2,34.2,0,41.0,17.2,10.9
2025-05-07,20,28.7,24.9,33.8,0,44.0,18.1,12.0
2025-05-07,21,25.3,19.4,30.4,0,50.0,6.4,9.2
2025-05-07,22,23.1,18.8,26.1,0,54.0,25.4,11.2
2025-05-07,23,32.9,26.9,38.8,0,21.0,18.9,12.9
2025-05-07,24,26.3,20.4,30.0,1.6,51.0,21.1,10.3
2025-05-07,25,30.0,25.1,36.8,0,37.0,13.8,10.7
2025-05-08,1,27.8,24.3,34.6,4.2,62.0,21.9,11.1
2025-05-08,2,23.7,18.3,28.2,0,39.0,11.3,11.5
2025-05-08,3,25.0,21.8,31.4,0,58.0,20.5,10.5
2025-05-08,4,24.8,20.5,28.4,0,53.0,12.2,11.5
2025-05-08,5,27.0,23.3,31.1,0,65.0,12.6,11.7
2025-05-08,6,26.9,23.9,32.5,0,42.0,8.3,9.7
2025-05-08,7,25.4,20.7,29.3,0,62.0,17.3,10.5
2025-05-08,8,26.4,21.8,29.7,0,64.0,12.8,9.9
2025-05-08,9,27.1,22.2,33.8,0,51.0,24.6,10.6
2025-05-08,10,27.0,21.1,33.5,0,58.0,6.2,11.1
2025-05-08,11,27.7,22.4,33.1,0,59.0,13.0,9.5
2025-05-08,12,23.4,18.5,28.3,0,67.0,15.0,11.1
2025-05-08,13,25.3,19.6,30.0,1.7,51.0,15.5,12.6
2025-05-08,14,26.1,21.3,31.8,0,42.0,12.9,13.0
2025-05-08,15,24.3,21.2,29.4,2.1,70.0,5.9,10.6
2025-05-08,16,26.9,21.2,32.6,0,51.0,9.9,12.1
2025-05-08,17,31.2,26.3,34.8,0,28.0,23.1,11.0
2025-05-08,18,28.1,24.3,33.3,0,50.0,11.2,13.0
2025-05-08,19,27.3,23.7,33.1,0,47.0,24.7,13.8
2025-05-08,20,28.8,25.2,33.6,0,43.0,7.5,11.0
2025-05-08,21,25.4,21.6,29.9,1.0,59.0,29.9,10.9
2025-05-08,22,25.5,22.3,29.0,0,56.0,25.5,13.2
2025-05-08,23,31.2,26.3,35.8,0,38.0,14.3,10.5
2025-05-08,24,26.5,20.8,29.7,0,48.0,4.3,10.7
2025-05-08,25,28.9,23.8,33.7,0,44.0,26.2,11.1
2025-05-09,1,26.5,22.1,32.6,0,65.0,15.7,8.7
2025-05-09,2,25.7,19.7,28.7,0,59.0,14.3,9.2
2025-05-09,3,26.6,23.4,30.4,0,48.0,0.9,12.8
2025-05-09,4,28.3,24.2,34.2,0,56.0,26.0,8.9
2025-05-09,5,26.7,22.8,32.9,0,51.0,23.2,12.2
2025-05-09,6,25.7,21.3,32.6,0.3,60.0,10.6,11.3
2025-05-09,7,26.6,21.8,31.0,0,58.0,17.8,10.7
2025-05-09,8,27.2,21.8,32.5,0,63.0,18.9,11.1
2025-05-09,9,26.9,23.3,32.9,0,48.0,20.8,7.7
2025-05-09,10,28.3,23.4,32.5,0,60.0,19.3,11.5
2025-05-09,11,27.7,23.3,32.9,5.3,70.0,17.7,10.8
2025-05-09,12,25.1,21.6,31.7,0,60.0,20.3,10.4
2025-05-09,13,27.2,22.0,34.0,6.1,49.0,9.3,10.5
2025-05-09,14,27.5,22.6,31.6,0,56.0,8.6,10.1
2025-05-09,15,25.3,21.7,28.6,0,67.0,23.7,10.3
2025-05-09,16,26.1,22.9,29.6,0,62.0,21.7,9.6
2025-05-09,17,29.1,24.3,35.1,0,33.0,5.9,12.3
2025-05-09,18,26.8,22.6,30.8,0,40.0,22.2,10.1
2025-05-09,19,29.1,23.9,34.0,0,46.0,7.8,11.5
2025-05-09,20,29.1,23.2,35.4,0,45.0,9.7,9.4
2025-05-09,21,25.6,21.7,29.3,0,61.0,22.1,10.3
2025-05-09,22,24.8,20.7,30.8,0,56.0,17.2,10.3
2025-05-09,23,31.9,28.3,36.7,0,30.0,21.5,8.4
2025-05-09,24,23.7,18.2,30.2,0,66.0,8.5,10.0
2025-05-09,25,27.4,22.7,33.0,0,37.0,13.5,10.0
2025-05-10,1,27.5,23.4,32.8,3.3,65.0,11.5,10.0
2025-05-10,2,24.4,20.5,30.0,0,55.0,9.5,11.9
2025-05-10,3,24.5,20.0,29.1,1.0,63.0,15.9,11.0
2025-05-10,4,26.1,21.7,32.3,3.7,49.0,12.8,11.8
2025-05-10,5,24.8,18.8,29.8,0,74.0,12.5,10.6
2025-05-10,6,27.4,24.3,31.7,0,66.0,15.3,9.3
2025-05-10,7,26.0,20.7,29.9,0,70.0,18.5,11.8
2025-05-10,8,24.8,20.2,30.9,0,64.0,16.7,10.2
2025-05-10,9,26.8,21.1,33.2,0,43.0,26.4,10.8
2025-05-10,10,27.9,23.1,34.8,0,53.0,9.6,9.9
2025-05-10,11,27.4,23.8,33.0,4.7,64.0,16.2,11.1
2025-05-10,12,24.9,21.3,31.9,0,58.0,18.2,10.7
2025-05-10,13,27.5,23.8,32.7,0,50.0,2.9,10.7
2025-05-10,14,27.6,24.4,30.9,0,46.0,3.7,13.7
2025-05-10,15,24.8,20.6,31.1,0,80.0,14.1,10.2
2025-05-10,16,25.4,19.5,28.5,0,60.0,17.2,10.3
2025-05-10,17,28.0,23.9,33.3,0,32.0,15.5,10.4
2025-05-10,18,27.8,24.5,31.1,0,48.0,9.4,9.3
2025-05-10,19,26.7,23.2,33.1,0,48.0,7.4,13.3
2025-05-10,20,26.4,22.6,33.3,0,48.0,16.4,10.5
2025-05-10,21,25.1,21.5,29.1,1.5,46.0,13.8,11.7
2025-05-10,22,26.5,22.2,30.7,10.3,60.0,18.5,11.4
2025-05-10,23,35.2,29.2,41.2,0,27.0,16.4,11.1
2025-05-10,24,25.5,21.0,32.4,0,46.0,9.5,8.6
2025-05-10,25,29.9,25.4,36.4,0,50.0,18.7,11.7
2025-05-11,1,27.6,23.7,32.0,0,63.0,29.5,12.7
2025-05-11,2,26.0,20.3,32.8,0,44.0,15.2,11.3
2025-05-11,3,25.5,19.8,30.5,0,54.0,21.9,11.9
2025-05-11,4,26.8,22.9,31.8,0,51.0,14.5,12.0
2025-05-11,5,26.1,22.1,29.7,0,50.0,23.3,9.9
2025-05-11,6,28.5,23.3,33.5,0,55.0,14.2,9.1
2025-05-11,7,24.6,21.2,30.7,0,70.0,11.9,11.0
2025-05-11,8,27.1,22.0,32.9,0,60.0,25.9,10.8
2025-05-11,9,28.2,22.6,31.5,6.2,45.0,9.6,11.6
2025-05-11,10,26.7,20.9,32.1,0,52.0,7.6,13.4
2025-05-11,11,23.7,19.8,28.2,0,60.0,26.5,10.7
2025-05-11,12,26.0,22.7,30.3,0,75.0,13.3,8.2
2025-05-11,13,28.4,24.7,32.4,0,52.0,11.5,10.2
2025-05-11,14,26.1,20.6,29.5,0,39.0,13.2,12.7
2025-05-11,15,24.3,19.0,28.0,0,58.0,11.3,10.0
2025-05-11,16,25.6,20.7,28.7,0,56.0,6.0,11.5
2025-05-11,17,29.1,24.3,33.2,0,43.0,7.6,10.3
2025-05-11,18,27.2,22.3,33.8,0,41.0,26.2,12.0
2025-05-11,19,30.2,26.8,35.0,0,37.0,5.9,10.1
2025-05-11,20,29.7,25.6,33.9,0,38.0,15.8,9.9
2025-05-11,21,27.0,23.0,33.6,7.7,63.0,7.1,11.5
2025-05-11,22,25.8,22.6,29.6,0,44.0,10.6,10.0
2025-05-11,23,33.2,30.1,38.7,0,31.0,18.8,9.0
2025-05-11,24,28.1,24.4,33.1,0,48.0,22.4,11.1
2025-05-11,25,28.6,23.5,34.9,0,32.0,11.9,13.3
2025-05-12,1,26.0,20.9,30.9,0,53.0,14.4,11.4
2025-05-12,2,29.0,24.0,33.3,3.7,57.0,16.9,11.8
2025-05-12,3,26.7,20.8,32.2,0,63.0,14.3,9.5
2025-05-12,4,23.7,19.3,28.2,0,60.0,22.7,12.2
2025-05-12,5,25.9,22.1,31.9,0,60.0,18.9,12.2
2025-05-12,6,27.9,23.6,33.8,0,42.0,22.1,11.6
2025-05-12,7,26.9,23.9,33.8,0,54.0,23.7,13.1
2025-05-12,8,24.0,18.8,30.6,0,66.0,26.9,11.9
2025-05-12,9,26.8,21.2,31.5,4.4,53.0,13.1,10.5
2025-05-12,10,24.7,19.4,31.3,0,51.0,9.8,8.9
2025-05-12,11,23.6,19.4,26.7,0,71.0,27.0,10.4
2025-05-12,12,23.8,18.7,29.3,0,59.0,16.8,11.2
2025-05-12,13,27.7,23.9,31.5,0,53.0,8.7,9.7
2025-05-12,14,28.4,24.4,32.4,0,56.0,8.6,12.5
2025-05-12,15,23.8,20.4,30.1,0,62.0,18.2,9.2
2025-05-12,16,30.0,26.9,34.0,0,59.0,25.8,8.4
2025-05-12,17,30.8,25.4,37.3,0,38.0,13.1,8.9
2025-05-12,18,28.5,22.9,35.0,0,46.0,18.3,9.7
2025-05-12,19,26.1,22.6,30.2,0,49.0,8.5,12.2
2025-05-12,20,28.8,24.3,34.9,0,60.0,13.0,9.7
2025-05-12,21,26.1,22.4,31.3,0,44.0,15.6,11.1
2025-05-12,22,27.4,22.7,32.0,0,44.0,21.4,12.7
2025-05-12,23,34.3,30.3,39.1,0,39.0,12.0,11.1
2025-05-12,24,26.2,22.9,30.0,0,59.0,21.6,10.9
2025-05-12,25,28.0,24.5,32.5,0,50.0,6.9,10.7
2025-05-13,1,27.8,24.4,31.7,0,43.0,9.5,11.7
2025-05-13,2,27.8,24.3,31.2,0,49.0,22.8,13.8
2025-05-13,3,26.1,22.4,31.0,2.1,61.0,15.8,10.6
2025-05-13,4,27.3,22.4,33.8,0,59.0,14.1,10.3
2025-05-13,5,24.5,19.1,31.0,2.7,66.0,18.2,10.7
2025-05-13,6,26.5,22.1,32.9,0,52.0,22.4,9.0
2025-05-13,7,29.1,25.9,33.6,0,49.0,10.4,10.9
2025-05-13,8,23.7,18.2,30.0,0,60.0,19.2,11.8
2025-05-13,9,28.9,23.5,32.2,0,48.0,16.8,12.1
2025-05-13,10,28.5,23.7,34.4,0.3,62.0,18.4,12.6
2025-05-13,11,25.9,22.0,31.6,0,52.0,7.9,12.9
2025-05-13,12,24.7,19.4,30.1,4.5,55.0,13.4,13.6
2025-05-13,13,27.6,22.1,30.9,7.8,50.0,7.4,14
2025-05-13,14,28.2,23.3,33.5,0,65.0,5.9,11.3
2025-05-13,15,23.1,20.0,26.6,0,61.0,6.1,10.2
2025-05-13,16,25.0,21.6,29.9,0,64.0,13.9,11.2
2025-05-13,17,30.1,27.1,36.3,0,33.0,20.4,11.3
2025-05-13,18,29.9,24.9,36.5,0,51.0,17.0,10.8
2025-05-13,19,26.7,22.4,33.5,0,53.0,23.2,11.7
2025-05-13,20,28.6,25.1,32.4,0,43.0,19.7,10.8
2025-05-13,21,26.4,20.5,31.2,0,50.0,11.1,8.7
2025-05-13,22,25.1,21.7,28.5,0.6,59.0,17.1,12.0
2025-05-13,23,32.4,28.1,38.7,0,14.0,26.4,13.4
2025-05-13,24,25.5,22.3,30.0,1.3,57.0,16.4,9.3
2025-05-13,25,29.4,25.8,34.6,0,46.0,14.4,10.1
2025-05-14,1,25.3,19.9,28.9,0,51.0,9.6,12.5
2025-05-14,2,27.5,23.7,33.3,0,50.0,12.6,10.1
2025-05-14,3,24.9,21.3,30.0,0,59.0,27.9,11.8
2025-05-14,4,25.2,21.2,31.0,0,60.0,15.8,14
2025-05-14,5,26.4,23.0,32.9,0,49.0,11.1,6.7
2025-05-14,6,24.6,19.5,31.3,0,65.0,7.7,13.4
2025-05-14,7,28.0,24.5,32.7,0.2,64.0,5.9,9.0
2025-05-14,8,26.3,23.3,33.1,0,67.0,3.9,12.0
2025-05-14,9,28.9,24.6,32.6,5.6,66.0,16.8,13.9
2025-05-14,10,28.2,23.4,33.3,0,31.0,27.4,12.2
2025-05-14,11,24.8,19.3,28.1,0,56.0,1.9,14
2025-05-14,12,23.3,18.8,28.6,0,68.0,19.8,11.9
2025-05-14,13,29.3,23.9,34.6,1.6,39.0,10.1,13.1
2025-05-14,14,28.2,24.4,33.1,0,57.0,26.7,10.9
2025-05-14,15,22.5,17.3,29.0,0,58.0,16.8,13.0
2025-05-14,16,27.3,24.0,31.2,0.2,67.0,10.9,11.8
2025-05-14,17,26.1,20.7,30.0,0,43.0,22.3,13.0
2025-05-14,18,28.2,23.8,32.6,0,50.0,14.1,11.2
2025-05-14,19,28.0,24.6,32.2,0,61.0,6.4,8.9
2025-05-14,20,30.2,24.8,36.8,0.5,48.0,22.9,7.7
2025-05-14,21,27.6,23.7,31.6,0,52.0,16.6,13.0
2025-05-14,22,27.8,24.8,34.3,0,60.0,12.5,12.4
2025-05-14,23,34.1,31.0,40.9,0,22.0,20.8,10.4
2025-05-14,24,27.7,21.9,34.7,0,58.0,21.7,8.0
2025-05-14,25,30.0,24.7,35.0,0,33.0,20.6,12.5
2025-05-15,1,25.5,19.7,30.6,1.3,60.0,4.2,10.0
2025-05-15,2,25.5,22.0,28.6,0,59.0,19.3,10.5
2025-05-15,3,24.3,19.5,29.5,0,72.0,12.5,12.0
2025-05-15,4,27.9,23.5,32.2,0,65.0,13.2,7.9
2025-05-15,5,25.5,20.2,29.2,0,49.0,11.5,12.0
2025-05-15,6,27.7,24.4,33.9,0,56.0,6.5,13.0
2025-05-15,7,26.2,21.5,30.0,0,55.0,9.4,11.4
2025-05-15,8,25.3,19.9,30.9,0,50.0,6.3,11.7
2025-05-15,9,31.0,27.2,34.7,0,55.0,7.6,11.2
2025-05-15,10,24.8,19.9,27.8,0,37.0,11.5,13.5
2025-05-15,11,25.5,19.8,29.6,0,51.0,14.9,11.5
2025-05-15,12,25.6,21.2,31.3,0,66.0,7.5,11.4
2025-05-15,13,28.9,24.9,34.3,0,46.0,13.8,10.5
2025-05-15,14,29.2,24.5,33.8,0,55.0,9.3,10.7
2025-05-15,15,27.2,23.1,32.1,0,65.0,14.3,10.8
2025-05-15,16,25.5,21.2,32.0,0,49.0,21.3,9.9
2025-05-15,17,29.3,23.8,34.0,0,51.0,20.1,11.6
2025-05-15,18,26.7,21.1,31.4,0,31.0,15.6,11.7
2025-05-15,19,29.8,25.1,35.4,0,50.0,5.5,10.8
2025-05-15,20,29.2,25.0,34.7,0,40.0,5.5,12.1
2025-05-15,21,28.3,24.8,32.8,0,52.0,12.0,12.1
2025-05-15,22,27.8,23.3,31.9,0,65.0,1.4,11.1
2025-05-15,23,36.2,30.5,42.4,0,25.0,11.5,10.4
2025-05-15,24,30.4,26.7,34.6,0,45.0,23.8,9.1
2025-05-15,25,30.2,26.2,35.1,0,48.0,15.1,13.2
2025-05-16,1,28.8,24.1,34.6,3.5,66.0,16.1,11.1
2025-05-16,2,26.7,22.6,32.5,0,52.0,23.5,10.7
2025-05-16,3,25.8,20.8,32.6,0,53.0,10.9,11.0
2025-05-16,4,25.9,20.9,29.7,0,56.0,17.7,10.2
2025-05-16,5,28.3,23.0,34.9,8.9,71.0,18.4,13.4
2025-05-16,6,26.4,22.6,33.0,3.1,48.0,15.9,11.5
2025-05-16,7,26.0,22.9,31.0,0,54.0,12.8,10.7
2025-05-16,8,30.0,24.8,35.8,0,61.0,22.6,11.6
2025-05-16,9,27.7,24.6,32.0,0,55.0,23.7,8.2
2025-05-16,10,26.7,20.9,31.3,0,57.0,6.6,12.1
2025-05-16,11,26.8,21.7,31.9,1.9,58.0,10.6,10.4
2025-05-16,12,23.7,18.1,28.1,0.7,56.0,29.1,10.7
2025-05-16,13,27.1,23.2,34.0,0,32.0,20.4,10.7
2025-05-16,14,28.7,24.3,33.5,0,53.0,11.9,11.5
2025-05-16,15,26.2,23.1,32.9,0,66.0,16.7,12.5
2025-05-16,16,25.8,21.6,32.3,0,51.0,24.8,12.0
2025-05-16,17,29.0,24.0,33.5,0,21.0,6.4,11.2
2025-05-16,18,28.3,24.3,31.3,0.6,43.0,16.7,8.9
2025-05-16,19,26.6,22.4,29.9,0,70.0,9.9,10.4
2025-05-16,20,28.2,22.4,31.4,0,27.0,10.3,14
2025-05-16,21,26.2,22.2,31.2,0,51.0,13.9,11.5
2025-05-16,22,27.0,23.3,31.8,0,51.0,18.5,11.5
2025-05-16,23,32.6,28.8,36.2,0.2,26.0,18.7,10.5
2025-05-16,24,26.5,23.5,32.0,0,53.0,14.8,13.6
2025-05-16,25,26.3,21.9,32.2,0,45.0,13.6,12.2
2025-05-17,1,27.1,21.6,30.7,0,60.0,17.6,11.4
2025-05-17,2,29.9,25.4,35.7,0,74.0,4.3,12.2
2025-05-17,3,26.2,20.6,32.5,0,50.0,23.5,10.4
2025-05-17,4,26.4,21.6,32.9,3.3,61.0,12.2,12.3
2025-05-17,5,26.6,20.8,30.9,5.3,53.0,18.9,10.9
2025-05-17,6,26.6,20.8,31.9,0,39.0,30.5,10.5
2025-05-17,7,25.3,22.3,31.3,0,64.0,12.7,11.1
2025-05-17,8,27.3,23.1,31.6,0,57.0,11.7,11.1
2025-05-17,9,27.8,22.6,30.9,0,45.0,30.6,11.9
2025-05-17,10,25.3,19.3,30.5,0,40.0,11.5,11.1
2025-05-17,11,23.8,19.1,28.2,0,69.0,21.0,10.4
2025-05-17,12,24.7,21.1,30.5,0,66.0,18.7,12.3
2025-05-17,13,29.2,23.6,34.0,0,52.0,9.7,12.3
2025-05-17,14,28.7,23.4,34.6,0,39.0,5.2,12.6
2025-05-17,15,22.4,17.2,29.3,4.3,75.0,27.8,10.3
2025-05-17,16,28.6,23.3,33.0,0,64.0,10.9,11.7
2025-05-17,17,29.8,24.9,34.7,0,46.0,20.1,11.2
2025-05-17,18,27.5,22.6,33.6,0,27.0,20.5,10.1
2025-05-17,19,27.9,23.9,32.4,0,52.0,15.9,9.6
2025-05-17,20,27.4,21.7,33.5,0,42.0,6.0,13.6
2025-05-17,21,24.8,19.7,28.3,0,50.0,23.2,13.9
2025-05-17,22,27.1,23.4,32.6,0,47.0,1.8,11.5
2025-05-17,23,34.1,29.4,40.7,0,27.0,0.8,13.9
2025-05-17,24,26.3,22.1,29.6,0,57.0,8.9,8.6
2025-05-17,25,29.4,24.0,34.8,0,48.0,5.2,12.9
2025-05-18,1,24.4,21.4,29.0,0,53.0,22.4,12.3
2025-05-18,2,29.3,26.0,36.1,0,57.0,19.8,10.6
2025-05-18,3,27.9,23.0,31.5,3.7,51.0,18.5,12.2
2025-05-18,4,27.3,22.6,31.0,0,57.0,23.3,11.4
2025-05-18,5,27.6,22.6,32.2,0,57.0,8.6,10.2
2025-05-18,6,27.1,22.7,30.8,0.9,57.0,21.6,8.5
2025-05-18,7,25.8,22.4,32.0,0,61.0,4.5,10.9
2025-05-18,8,27.3,22.4,33.7,0,59.0,21.7,11.1
2025-05-18,9,29.5,23.7,33.8,0,53.0,24.6,11.6
2025-05-18,10,28.5,24.4,33.3,2.3,62.0,9.5,10.2
2025-05-18,11,27.6,22.0,32.1,0,72.0,29.0,10.1
2025-05-18,12,24.6,21.5,30.6,0,76.0,9.9,10.4
2025-05-18,13,29.8,26.0,36.6,0,42.0,4.3,10.1
2025-05-18,14,30.5,26.7,36.6,0,55.0,16.3,12.1
2025-05-18,15,26.3,20.7,29.4,0,67.0,14.8,11.9
2025-05-18,16,27.0,22.2,32.4,0,63.0,4.4,14
2025-05-18,17,27.6,22.4,31.7,0,29.0,16.1,11.3
2025-05-18,18,26.3,20.8,30.0,0,45.0,17.6,10.9
2025-05-18,19,27.4,22.6,31.1,0,55.0,19.6,8.7
2025-05-18,20,29.5,25.1,33.0,0,55.0,22.6,11.5
2025-05-18,21,27.6,23.1,34.1,5.7,56.0,17.1,8.1
2025-05-18,22,27.7,22.7,30.9,0,41.0,1.6,11.1
2025-05-18,23,33.0,28.1,38.6,0,39.0,18.1,10.8
2025-05-18,24,27.8,22.1,33.1,0,58.0,1.6,13.2
2025-05-18,25,32.2,28.3,37.7,0,40.0,14.7,10.1
2025-05-19,1,28.4,24.0,34.5,2.7,52.0,7.1,10.6
2025-05-19,2,27.3,21.8,31.0,0,54.0,1.4,10.2
2025-05-19,3,25.9,22.3,29.0,0,65.0,2.9,12.7
2025-05-19,4,27.6,24.5,33.3,0,60.0,4.6,7.0
2025-05-19,5,29.8,24.3,34.4,0,60.0,12.0,13.2
2025-05-19,6,28.5,23.2,35.3,0,52.0,21.8,12.8
2025-05-19,7,26.9,22.1,31.3,0.1,57.0,15.6,11.8
2025-05-19,8,26.3,21.6,30.1,0,63.0,20.7,10.0
2025-05-19,9,27.8,23.8,34.2,0,54.0,16.1,8.2
2025-05-19,10,27.3,23.5,34.1,0,54.0,14.6,13.8
2025-05-19,11,25.0,21.8,30.7,0,54.0,22.1,10.2
2025-05-19,12,28.4,24.7,31.4,0,54.0,23.3,11.2
2025-05-19,13,29.5,25.4,33.3,0.9,43.0,15.3,14
2025-05-19,14,29.4,24.5,35.2,0,41.0,29.3,11.7
2025-05-19,15,26.8,23.5,33.2,0,66.0,20.7,10.0
2025-05-19,16,27.3,22.9,32.3,0,58.0,24.6,12.4
2025-05-19,17,31.0,25.8,34.4,0,27.0,18.8,9.8
2025-05-19,18,28.0,23.7,33.0,0,42.0,21.2,11.8
2025-05-19,19,29.5,24.1,36.0,0,48.0,17.1,11.4
2025-05-19,20,29.0,25.0,32.6,0,51.0,10.0,9.6
2025-05-19,21,28.9,23.5,33.3,0,47.0,10.2,12.2
2025-05-19,22,27.4,23.9,31.4,0,37.0,26.2,10.3
2025-05-19,23,31.5,26.4,35.3,0,27.0,4.1,11.9
2025-05-19,24,26.8,21.7,31.5,0.9,67.0,17.3,9.1
2025-05-19,25,28.4,25.2,33.2,0,45.0,16.9,10.4
2025-05-20,1,24.0,18.7,29.9,0,52.0,5.7,11.7
2025-05-20,2,26.4,23.1,31.4,0,60.0,27.6,13.1
2025-05-20,3,25.5,20.1,31.2,0,51.0,11.4,12.6
2025-05-20,4,26.7,22.3,30.0,0,57.0,18.0,8.8
2025-05-20,5,26.5,22.8,30.2,0.6,57.0,13.2,12.8
2025-05-20,6,29.4,25.7,33.7,0,55.0,15.7,10.3
2025-05-20,7,24.8,19.4,30.1,0,58.0,6.9,11.7
2025-05-20,8,26.4,23.1,31.6,0,67.0,15.6,9.5
2025-05-20,9,29.3,23.9,35.1,0,58.0,0.9,11.8
2025-05-20,10,27.6,23.4,31.9,0,51.0,2.0,11.8
2025-05-20,11,25.6,20.9,32.6,0,78.0,10.9,12.0
2025-05-20,12,27.3,22.8,33.9,0,74.0,7.6,12.1
2025-05-20,13,27.4,22.9,34.1,0,57.0,11.1,12.2
2025-05-20,14,28.4,23.7,33.7,0,52.0,12.1,10.9
2025-05-20,15,26.0,22.5,31.4,6.1,70.0,17.2,13.9
2025-05-20,16,28.7,24.8,32.0,0,45.0,13.1,12.7
2025-05-20,17,27.6,22.3,32.3,0,42.0,31.6,11.4
2025-05-20,18,23.6,20.3,27.9,0,52.0,13.9,11.4
2025-05-20,19,34.5,30.2,38.9,0,45.0,10.2,12.6
2025-05-20,20,28.7,25.0,34.2,0,54.0,13.0,12.3
2025-05-20,21,25.8,21.4,30.5,1.7,45.0,21.7,10.3
2025-05-20,22,28.0,23.1,34.1,0,53.0,21.8,13.2
2025-05-20,23,35.5,30.8,41.6,0,41.0,1.4,9.2
2025-05-20,24,25.6,20.0,30.5,0,42.0,17.1,10.8
2025-05-20,25,30.8,26.4,37.6,0,45.0,16.2,9.9
2025-05-21,1,27.4,23.0,32.7,0,62.0,24.7,12.3
2025-05-21,2,26.9,23.8,33.0,0,62.0,22.2,7.5
2025-05-21,3,25.9,20.9,31.6,0,58.0,4.0,11.3
2025-05-21,4,26.5,21.9,32.7,0,65.0,3.9,11.8
2025-05-21,5,25.6,21.4,32.5,0,57.0,14.9,12.3
2025-05-21,6,26.3,21.2,30.4,0.3,67.0,10.7,14
2025-05-21,7,26.3,22.7,32.5,0,59.0,19.8,11.7
2025-05-21,8,25.3,20.8,28.7,0,55.0,20.2,11.0
2025-05-21,9,27.1,23.1,32.5,0,57.0,6.0,11.7
2025-05-21,10,25.9,22.6,31.8,0,53.0,16.8,11.7
2025-05-21,11,24.2,20.5,28.8,7.7,67.0,32.2,12.1
2025-05-21,12,24.4,18.7,30.3,0,77.0,14.6,12.2
2025-05-21,13,29.5,23.6,35.4,0,52.0,2.6,10.4
2025-05-21,14,29.5,23.7,35.7,0,46.0,18.3,11.2
2025-05-21,15,23.9,18.1,29.1,0.1,58.0,20.7,10.6
2025-05-21,16,25.7,22.1,31.4,0,50.0,31.6,13.5
2025-05-21,17,31.0,27.4,36.2,1.3,38.0,28.6,12.9
2025-05-21,18,28.5,24.4,34.9,0,50.0,10.7,11.4
2025-05-21,19,30.0,24.6,35.5,0,24.0,24.7,9.1
2025-05-21,20,29.3,23.4,33.4,0,64.0,24.4,11.1
2025-05-21,21,26.9,21.8,32.1,0,54.0,15.3,9.1
2025-05-21,22,27.1,23.4,30.6,0,46.0,17.6,10.3
2025-05-21,23,32.4,29.1,36.4,0,30.0,6.1,12.6
2025-05-21,24,28.6,25.5,34.8,0,43.0,21.2,12.4
2025-05-21,25,30.3,24.9,36.5,0,40.0,7.8,12.5
2025-05-22,1,29.0,23.2,33.5,0.0,60.0,20.2,12.1
2025-05-22,2,24.6,19.1,28.4,0,46.0,5.9,11.3
2025-05-22,3,30.0,26.3,33.3,0,59.0,3.0,12.2
2025-05-22,4,28.4,25.0,32.8,4.8,59.0,7.2,10.0
2025-05-22,5,28.4,23.2,32.5,0,53.0,28.0,12.2
2025-05-22,6,27.1,21.6,30.8,0.5,60.0,13.9,14
2025-05-22,7,27.9,22.0,32.5,0,63.0,17.1,12.3
2025-05-22,8,23.8,20.7,30.6,0,77.0,25.4,9.1
2025-05-22,9,25.9,20.4,32.5,0,48.0,5.7,11.2
2025-05-22,10,27.1,23.6,33.8,0,66.0,16.8,10.7
2025-05-22,11,25.4,20.1,29.6,0,64.0,19.1,11.0
2025-05-22,12,26.5,22.7,31.6,0,65.0,9.9,7.9
2025-05-22,13,29.5,24.9,34.9,0,50.0,22.1,11.4
2025-05-22,14,29.3,26.2,35.2,0.6,66.0,9.7,8.9
2025-05-22,15,27.7,24.0,34.5,0,61.0,22.7,11.8
2025-05-22,16,29.9,24.4,35.7,0,58.0,15.0,12.0
2025-05-22,17,31.5,26.7,38.3,0,46.0,10.0,9.0
2025-05-22,18,29.1,25.6,35.9,0,35.0,25.6,12.5
2025-05-22,19,30.8,27.0,36.6,0,42.0,14.0,11.9
2025-05-22,20,29.6,26.0,36.4,0,58.0,14.6,10.8
2025-05-22,21,27.5,22.7,32.6,0,50.0,8.1,10.8
2025-05-22,22,27.2,23.6,32.4,0,45.0,17.9,11.1
2025-05-22,23,32.3,28.4,36.9,0,28.0,18.0,12.0
2025-05-22,24,28.2,23.4,33.3,0,56.0,13.7,11.8
2025-05-22,25,31.5,25.6,36.2,0,29.0,0.0,10.7
2025-05-23,1,28.1,22.5,31.5,0,63.0,17.6,12.1
2025-05-23,2,27.8,23.0,33.2,0,69.0,6.5,11.4
2025-05-23,3,26.4,21.4,29.7,0,46.0,20.2,9.2
2025-05-23,4,30.0,25.5,33.1,0,61.0,19.7,12.6
2025-05-23,5,24.1,18.1,28.2,0,50.0,11.1,11.3
2025-05-23,6,29.4,23.9,35.2,0,55.0,11.0,11.0
2025-05-23,7,28.8,25.3,33.1,0,78.0,1.8,12.0
2025-05-23,8,26.8,23.1,33.6,0.2,68.0,0.5,8.7
2025-05-23,9,27.3,23.4,33.9,0,54.0,13.1,12.3
2025-05-23,10,28.4,24.5,32.0,0,65.0,23.1,11.3
2025-05-23,11,28.2,22.3,33.4,0,61.0,22.9,10.1
2025-05-23,12,26.5,22.6,29.5,0,59.0,16.3,12.1
2025-05-23,13,28.0,24.7,34.2,0,47.0,10.2,10.6
2025-05-23,14,30.9,25.6,34.4,0,52.0,25.4,9.7
2025-05-23,15,24.7,21.4,28.4,0,64.0,10.9,12.4
2025-05-23,16,25.4,19.8,28.8,0,65.0,23.4,11.3
2025-05-23,17,30.5,25.0,36.1,0,37.0,16.7,14
2025-05-23,18,28.2,24.4,31.9,0,32.0,6.1,9.2
2025-05-23,19,29.5,25.3,33.4,0,47.0,16.5,12.9
2025-05-23,20,30.4,24.7,36.1,0,44.0,12.1,11.6
2025-05-23,21,26.4,22.2,29.8,3.3,50.0,21.0,11.3
2025-05-23,22,27.7,23.1,32.2,0,39.0,11.5,12.5
2025-05-23,23,33.7,29.2,37.4,0,27.0,14.4,12.3
2025-05-23,24,28.0,23.5,31.7,0,65.0,15.9,11.1
2025-05-23,25,30.6,27.4,33.6,0,36.0,15.2,11.3
2025-05-24,1,26.0,20.7,30.2,0,36.0,13.3,11.8
2025-05-24,2,29.7,24.3,34.0,0,58.0,14.0,12.0
2025-05-24,3,27.8,22.3,34.0,1.4,57.0,11.3,11.2
2025-05-24,4,28.2,22.3,34.6,0,60.0,19.6,11.7
2025-05-24,5,28.3,23.0,33.2,0,64.0,13.2,14
2025-05-24,6,25.9,22.6,28.9,0,49.0,5.4,9.1
2025-05-24,7,27.3,21.9,30.7,0,68.0,16.3,12.7
2025-05-24,8,27.6,22.9,33.0,1.4,59.0,14.6,13.2
2025-05-24,9,29.7,26.6,36.5,0,54.0,11.8,10.6
2025-05-24,10,27.8,23.5,31.1,0,57.0,16.1,12.2
2025-05-24,11,25.8,21.9,31.8,0,53.0,5.6,12.2
2025-05-24,12,27.7,24.4,33.8,0.2,77.0,19.2,14
2025-05-24,13,26.5,20.7,30.2,0,42.0,3.2,14
2025-05-24,14,29.0,24.3,32.6,0,46.0,19.6,11.9
2025-05-24,15,23.8,18.1,29.1,3.6,49.0,37.6,10.9
2025-05-24,16,24.9,20.2,29.0,0,52.0,7.5,9.8
2025-05-24,17,31.0,25.8,37.5,0,45.0,29.1,10.5
2025-05-24,18,28.3,23.0,35.2,2.9,33.0,12.9,12.6
2025-05-24,19,31.0,26.5,37.5,0.7,33.0,27.2,11.5
2025-05-24,20,31.5,26.3,34.9,0,57.0,22.8,13.6
2025-05-24,21,26.5,21.1,32.7,0,49.0,29.8,8.6
2025-05-24,22,27.6,23.8,31.8,0,42.0,20.0,13.6
2025-05-24,23,32.4,29.3,35.7,0,32.0,2.6,10.2
2025-05-24,24,31.4,25.8,34.5,0,54.0,7.1,9.8
2025-05-24,25,31.0,28.0,37.5,0,46.0,19.9,13.2
2025-05-25,1,28.8,23.1,33.0,0,52.0,29.1,10.1
2025-05-25,2,27.2,22.4,32.8,0,63.0,1.5,11.6
2025-05-25,3,25.7,21.1,30.3,0,65.0,22.1,14
2025-05-25,4,25.6,22.0,31.8,8.9,49.0,22.5,11.1
2025-05-25,5,29.5,24.4,34.5,0,59.0,30.5,10.8
2025-05-25,6,26.6,21.1,32.3,0,55.0,11.9,12.8
2025-05-25,7,28.8,23.8,32.4,0,62.0,13.1,9.7
2025-05-25,8,29.2,25.9,33.5,0,62.0,12.3,12.6
2025-05-25,9,27.0,21.4,32.4,0,47.0,12.4,12.3
2025-05-25,10,29.2,23.2,34.8,0.6,59.0,18.8,12.5
2025-05-25,11,27.9,23.7,32.1,0,61.0,6.2,11.8
2025-05-25,12,28.4,25.4,32.9,0,64.0,8.8,11.4
2025-05-25,13,28.4,25.0,32.8,0,44.0,10.1,13.3
2025-05-25,14,27.3,23.8,33.7,0,49.0,10.4,10.9
2025-05-25,15,24.4,20.2,27.6,0,68.0,8.2,11.8
2025-05-25,16,26.5,21.7,31.7,0,39.0,24.3,10.5
2025-05-25,17,30.1,24.9,34.7,0,43.0,42.8,11.2
2025-05-25,18,26.6,23.0,32.6,0,59.0,19.6,8.7
2025-05-25,19,32.0,26.1,35.1,0,45.0,9.3,12.6
2025-05-25,20,30.3,26.1,34.4,0,37.0,7.7,14
2025-05-25,21,28.8,25.2,32.6,0,52.0,9.3,10.1
2025-05-25,22,28.9,24.3,35.6,0,57.0,26.3,11.7
2025-05-25,23,33.2,27.6,36.9,0,26.0,17.6,11.5
2025-05-25,24,25.9,20.2,29.5,0,58.0,6.6,9.6
2025-05-25,25,28.7,24.5,32.9,0,39.0,32.1,12.2
2025-05-26,1,28.6,23.9,32.9,0,48.0,18.7,13.4
2025-05-26,2,28.5,25.3,34.9,0,59.0,12.8,11.6
2025-05-26,3,29.3,25.7,35.8,0,57.0,17.5,9.5
2025-05-26,4,28.8,24.2,35.8,0,53.0,24.7,10.2
2025-05-26,5,27.5,23.5,32.5,0,66.0,15.6,10.8
2025-05-26,6,26.9,22.4,30.5,0,55.0,20.9,10.8
2025-05-26,7,29.4,25.8,34.3,0,43.0,9.6,9.0
2025-05-26,8,29.4,26.3,34.2,0,63.0,16.2,14
2025-05-26,9,30.6,25.2,35.1,0,56.0,12.0,8.1
2025-05-26,10,30.2,26.9,33.8,0,51.0,0.9,10.1
2025-05-26,11,28.7,24.3,35.6,3.4,64.0,17.9,9.9
2025-05-26,12,27.7,23.4,32.6,0,67.0,19.8,11.7
2025-05-26,13,28.2,22.6,31.9,0,45.0,10.9,10.2
2025-05-26,14,30.8,25.7,34.0,0,49.0,8.7,9.9
2025-05-26,15,27.0,21.4,30.2,5.3,75.0,19.3,10.4
2025-05-26,16,26.2,22.3,30.3,0,57.0,16.5,10.8
2025-05-26,17,31.0,26.2,37.5,0,39.0,3.2,9.8
2025-05-26,18,30.9,26.8,34.3,0,41.0,20.5,13.0
2025-05-26,19,32.6,27.4,37.3,0,34.0,11.5,11.6
2025-05-26,20,30.4,25.5,37.4,0,45.0,11.1,11.6
2025-05-26,21,27.9,24.2,33.2,0,55.0,22.6,13.6
2025-05-26,22,29.5,24.7,33.3,0,46.0,2.1,13.6
2025-05-26,23,36.9,33.6,42.0,0,20.0,8.7,12.1
2025-05-26,24,27.0,22.8,31.2,0,55.0,12.2,13.1
2025-05-26,25,28.6,24.9,33.3,0,43.0,20.9,11.1
2025-05-27,1,30.2,25.9,33.5,0,50.0,20.9,11.9
2025-05-27,2,27.9,23.2,34.5,0,51.0,7.4,12.9
2025-05-27,3,26.0,21.0,29.9,0,66.0,14.5,12.2
2025-05-27,4,27.7,22.7,32.4,0,63.0,7.4,11.9
2025-05-27,5,29.7,24.1,35.5,0,56.0,21.3,12.1
2025-05-27,6,28.6,24.5,32.1,0,50.0,4.4,11.7
2025-05-27,7,26.9,22.6,33.3,0,43.0,14.8,12.7
2025-05-27,8,26.3,22.5,32.1,0,58.0,8.1,14
2025-05-27,9,29.3,24.2,35.0,6.0,38.0,17.0,13.7
2025-05-27,10,28.8,23.2,33.1,0,57.0,2.1,11.1
2025-05-27,11,27.3,24.0,31.9,0,56.0,18.2,13.0
2025-05-27,12,28.1,22.7,33.1,0,56.0,4.5,12.8
2025-05-27,13,29.6,26.2,36.2,0,38.0,27.2,10.9
2025-05-27,14,30.5,27.0,36.5,0,61.0,27.0,10.8
2025-05-27,15,24.0,18.0,27.7,0,64.0,18.1,10.9
2025-05-27,16,28.8,23.3,35.2,0,72.0,3.4,12.1
2025-05-27,17,30.7,25.3,36.8,0,38.0,11.0,13.1
2025-05-27,18,28.1,24.0,33.6,2.9,47.0,23.7,12.8
2025-05-27,19,30.4,25.4,34.3,0,45.0,30.6,12.7
2025-05-27,20,29.3,26.1,32.3,0,64.0,0.5,11.0
2025-05-27,21,27.7,22.9,32.4,7.8,49.0,15.4,10.7
2025-05-27,22,26.4,23.3,30.1,2.6,52.0,7.0,13.6
2025-05-27,23,35.2,32.0,39.7,0,37.0,29.5,12.0
2025-05-27,24,29.5,26.2,34.3,0,46.0,4.9,11.1
2025-05-27,25,28.3,24.3,34.6,1.9,36.0,28.6,9.3
2025-05-28,1,26.6,21.0,30.0,0,59.0,24.0,11.8
2025-05-28,2,29.0,24.6,33.0,0,53.0,10.5,12.8
2025-05-28,3,28.3,24.4,32.0,0,54.0,20.3,9.3
2025-05-28,4,25.9,22.7,31.2,1.4,50.0,18.5,14
2025-05-28,5,27.6,23.8,31.8,3.2,59.0,16.9,10.0
2025-05-28,6,28.7,25.6,34.8,0,55.0,16.8,11.4
2025-05-28,7,27.6,23.3,32.6,0,52.0,10.3,11.1
2025-05-28,8,27.0,21.6,33.9,0,43.0,13.8,11.4
2025-05-28,9,28.8,23.4,34.2,0,55.0,4.2,11.6
2025-05-28,10,29.8,26.1,35.3,0,48.0,5.1,8.4
2025-05-28,11,27.3,22.5,32.0,0,65.0,4.5,13.0
2025-05-28,12,27.0,21.0,33.4,0,74.0,13.4,11.6
2025-05-28,13,31.1,27.5,38.0,0,52.0,7.7,14
2025-05-28,14,31.8,27.7,38.8,0,49.0,14.1,12.4
2025-05-28,15,26.2,22.7,31.8,0,56.0,10.3,9.8
2025-05-28,16,28.0,23.5,34.8,0,44.0,12.6,10.7
2025-05-28,17,30.0,25.8,35.6,0,21.0,9.2,11.2
2025-05-28,18,27.4,23.3,33.1,0,39.0,8.2,10.8
2025-05-28,19,33.7,28.7,37.5,0,52.0,22.8,13.9
2025-05-28,20,27.3,22.6,30.4,0,38.0,18.3,12.1
2025-05-28,21,25.2,21.3,29.3,0,50.0,3.3,14
2025-05-28,22,30.1,26.0,35.2,0,44.0,14.2,10.4
2025-05-28,23,36.9,32.9,40.6,0,23.0,16.7,10.8
2025-05-28,24,27.2,22.3,33.5,5.7,55.0,17.4,11.6
2025-05-28,25,31.0,25.9,34.9,0.4,21.0,3.0,11.3
2025-05-29,1,26.2,21.3,31.9,0,66.0,7.8,11.5
2025-05-29,2,29.3,24.1,35.7,0,63.0,21.5,10.1
2025-05-29,3,25.1,19.2,29.7,0,61.0,10.4,12.9
2025-05-29,4,28.9,25.6,34.8,0,55.0,15.6,13.0
2025-05-29,5,26.8,22.9,33.1,0,63.0,1.2,12.1
2025-05-29,6,26.8,23.2,33.4,0,48.0,19.7,11.0
2025-05-29,7,28.3,24.9,32.3,0,62.0,2.2,9.5
2025-05-29,8,27.7,23.4,33.9,0,72.0,14.2,13.9
2025-05-29,9,27.8,23.0,31.0,0,45.0,26.9,11.8
2025-05-29,10,31.6,28.1,35.3,0,57.0,22.3,10.2
2025-05-29,11,24.9,19.5,28.4,0,52.0,16.6,9.2
2025-05-29,12,26.3,22.0,30.6,0,68.0,22.7,14
2025-05-29,13,28.8,24.9,33.3,0,54.0,22.5,8.8
2025-05-29,14,28.7,25.5,35.4,0,61.0,13.2,12.7
2025-05-29,15,26.9,21.8,32.8,0,59.0,18.4,11.6
2025-05-29,16,28.0,23.7,31.7,0,65.0,20.2,10.6
2025-05-29,17,31.6,26.0,36.3,0,38.0,14.4,11.6
2025-05-29,18,29.7,24.2,34.6,0,35.0,15.1,12.1
2025-05-29,19,27.9,23.4,33.9,0,45.0,10.9,9.7
2025-05-29,20,31.1,27.2,34.3,0,49.0,22.0,11.3
2025-05-29,21,29.6,24.0,34.8,0,53.0,10.7,11.8
2025-05-29,22,29.1,24.1,35.1,2.4,60.0,9.7,11.1
2025-05-29,23,33.0,29.7,37.7,0,25.0,6.4,13.1
2025-05-29,24,28.0,22.8,31.8,0,53.0,13.3,10.7
2025-05-29,25,32.0,27.0,35.6,0,50.0,1.9,12.5
2025-05-30,1,27.5,23.2,31.4,0,63.0,12.7,12.1
2025-05-30,2,27.6,23.3,32.8,0,51.0,21.5,10.0
2025-05-30,3,29.2,25.9,33.2,1.0,46.0,13.8,12.4
2025-05-30,4,31.2,25.5,35.8,0,61.0,20.6,11.8
2025-05-30,5,28.7,23.5,32.7,0,50.0,11.9,9.9
2025-05-30,6,29.1,25.4,35.7,0,59.0,20.5,11.7
2025-05-30,7,29.3,24.2,32.5,0,52.0,6.8,12.1
2025-05-30,8,29.8,25.8,35.0,2.0,56.0,13.1,8.6
2025-05-30,9,28.9,23.6,33.1,0,42.0,10.0,14
2025-05-30,10,29.8,25.7,33.4,0,48.0,7.9,11.5
2025-05-30,11,26.8,22.5,31.0,0.5,59.0,19.1,12.8
2025-05-30,12,26.0,20.6,32.2,1.4,68.0,8.1,10.6
2025-05-30,13,31.7,26.4,35.1,0,52.0,18.9,12.4
2025-05-30,14,28.9,25.4,35.9,0,68.0,7.4,13.4
2025-05-30,15,26.4,21.4,31.3,0,71.0,19.8,8.7
2025-05-30,16,28.3,24.4,34.9,0,43.0,27.9,11.2
2025-05-30,17,29.8,26.7,33.5,0,28.0,3.0,13.9
2025-05-30,18,31.1,25.6,36.9,0,47.0,11.2,11.8
2025-05-30,19,30.9,25.3,36.1,0,49.0,13.6,12.9
2025-05-30,20,31.4,25.9,37.6,2.5,40.0,4.3,11.8
2025-05-30,21,27.7,22.3,32.1,1.6,36.0,7.0,11.8
2025-05-30,22,29.2,23.7,32.9,2.9,44.0,4.3,11.3
2025-05-30,23,35.0,30.1,38.8,0,35.0,0.7,13.7
2025-05-30,24,29.5,24.8,32.7,6.8,53.0,16.8,11.6
2025-05-30,25,32.4,27.0,37.0,0,35.0,25.2,12.8
2025-05-31,1,27.5,23.9,34.5,0,60.0,22.5,12.3
2025-05-31,2,26.9,21.1,32.3,0,46.0,14.8,11.9
2025-05-31,3,28.6,23.3,34.5,0,42.0,7.8,13.6
2025-05-31,4,28.3,24.6,32.7,5.8,54.0,9.0,9.8
2025-05-31,5,28.4,25.3,31.9,0,70.0,26.9,11.7
2025-05-31,6,26.3,21.3,31.0,0,60.0,21.4,12.0
2025-05-31,7,26.4,20.6,32.5,0,73.0,20.9,9.4
2025-05-31,8,28.2,22.3,32.5,0,69.0,15.3,13.5
2025-05-31,9,29.7,25.0,36.5,0,50.0,18.0,9.4
2025-05-31,10,28.4,22.8,32.0,0,49.0,12.4,10.6
2025-05-31,11,29.4,25.2,34.0,0,61.0,16.3,10.1
2025-05-31,12,26.3,23.1,33.1,5.3,56.0,10.5,12.7
2025-05-31,13,32.1,26.8,35.5,0,48.0,10.8,10.0
2025-05-31,14,27.4,23.3,33.1,0,49.0,21.2,10.6
2025-05-31,15,25.8,22.7,32.3,0,58.0,15.0,10.0
2025-05-31,16,28.8,23.1,35.5,0,53.0,13.4,8.9
2025-05-31,17,30.3,26.9,36.8,0,35.0,13.2,11.9
2025-05-31,18,26.8,22.5,31.5,0,39.0,24.3,9.4
2025-05-31,19,30.5,26.7,37.3,0,42.0,19.4,12.8
2025-05-31,20,30.0,25.3,36.5,0,53.0,11.5,11.1
2025-05-31,21,26.7,23.3,32.5,0,55.0,29.0,12.2
2025-05-31,22,26.9,20.9,31.7,0,45.0,15.8,13.8
2025-05-31,23,33.2,29.2,36.7,0,29.0,7.5,13.0
2025-05-31,24,28.4,23.3,31.7,0,48.0,20.0,12.2
2025-05-31,25,30.9,26.7,34.9,0,28.0,17.6,13.2
2025-06-01,1,29.3,24.1,35.2,0,49.0,24.3,12.7
2025-06-01,2,28.0,24.4,31.3,0,54.0,36.9,12.6
2025-06-01,3,30.5,25.2,35.0,0,55.0,23.8,12.1
2025-06-01,4,28.5,25.1,34.8,0,40.0,4.5,12.7
2025-06-01,5,27.7,21.8,33.9,0,66.0,4.9,10.3
2025-06-01,6,28.9,23.6,34.1,1.3,38.0,16.0,9.5
2025-06-01,7,27.7,22.4,32.9,0,51.0,9.6,10.6
2025-06-01,8,26.4,21.2,30.5,0,43.0,4.6,9.4
2025-06-01,9,31.0,26.5,35.4,0,52.0,12.3,10.7
2025-06-01,10,29.7,26.5,36.4,0,44.0,4.7,9.7
2025-06-01,11,24.2,21.2,29.9,0,63.0,9.4,11.0
2025-06-01,12,27.4,23.3,34.3,1.7,54.0,17.8,11.4
2025-06-01,13,29.7,25.5,33.2,0,44.0,14.4,11.4
2025-06-01,14,29.1,25.4,35.6,0,37.0,0.8,11.0
2025-06-01,15,26.3,21.6,32.7,2.2,42.0,22.2,12.6
2025-06-01,16,29.0,24.3,35.7,0,46.0,9.6,10.0
2025-06-01,17,33.9,30.6,40.9,0,38.0,26.7,9.6
2025-06-01,18,28.2,24.7,34.3,0,51.0,19.6,12.2
2025-06-01,19,30.3,25.4,35.7,0,54.0,6.6,12.2
2025-06-01,20,32.0,26.2,36.8,0,40.0,10.4,12.3
2025-06-01,21,28.1,24.5,34.5,5.6,52.0,12.7,12.9
2025-06-01,22,30.2,26.9,36.2,9.1,60.0,25.4,12.3
2025-06-01,23,35.4,31.3,40.9,0,26.0,18.9,9.6
2025-06-01,24,25.9,20.9,31.5,0,52.0,22.5,13.2
2025-06-01,25,32.9,28.4,36.5,0,31.0,35.0,11.3
2025-06-02,1,28.0,23.8,31.7,0.2,65.0,20.1,14
2025-06-02,2,26.3,21.2,30.9,0,56.0,0.1,12.9
2025-06-02,3,24.6,20.5,28.5,0,56.0,16.4,14
2025-06-02,4,25.5,19.9,31.9,0,60.0,18.7,11.3
2025-06-02,5,28.0,23.4,31.2,0,55.0,14.2,11.6
2025-06-02,6,26.7,21.5,33.4,0,54.0,2.9,11.4
2025-06-02,7,25.9,21.8,29.7,0,75.0,14.9,10.7
2025-06-02,8,26.7,21.1,29.9,0,49.0,5.3,11.9
2025-06-02,9,25.9,20.2,30.9,0,50.0,20.2,10.8
2025-06-02,10,31.3,26.3,35.9,0,46.0,19.7,12.7
2025-06-02,11,24.9,21.3,28.4,0,52.0,12.5,12.2
2025-06-02,12,25.4,21.3,28.5,0,59.0,17.9,12.0
2025-06-02,13,30.1,26.2,35.4,0,51.0,16.1,12.6
2025-06-02,14,28.1,24.8,31.7,0,50.0,3.8,13.2
2025-06-02,15,26.3,21.5,29.3,0,63.0,3.7,12.5
2025-06-02,16,26.1,22.6,32.3,0,66.0,7.7,10.8
2025-06-02,17,31.1,25.9,38.1,0,35.0,38.7,11.8
2025-06-02,18,28.9,24.3,33.8,0,43.0,21.0,9.1
2025-06-02,19,31.1,25.6,35.8,0,54.0,18.0,9.8
2025-06-02,20,29.6,24.5,33.2,0,41.0,25.1,12.2
2025-06-02,21,29.1,24.2,32.4,0,61.0,16.0,12.6
2025-06-02,22,29.1,24.4,34.0,0,46.0,17.2,11.6
2025-06-02,23,38.1,32.7,42.7,0,28.0,4.9,10.7
2025-06-02,24,27.8,23.8,32.5,0,66.0,10.8,9.9
2025-06-02,25,29.7,25.5,35.0,0,29.0,18.5,13.8
2025-06-03,1,26.5,23.2,29.7,0,55.0,7.0,11.5
2025-06-03,2,28.1,24.9,32.4,0,51.0,5.3,11.3
2025-06-03,3,30.7,26.7,36.2,0,68.0,21.4,12.7
2025-06-03,4,28.3,22.5,34.3,0,46.0,12.5,13.6
2025-06-03,5,27.3,22.5,31.3,0,46.0,12.9,12.4
2025-06-03,6,29.0,24.0,33.0,0,54.0,12.8,11.2
2025-06-03,7,24.2,19.8,29.0,0,51.0,7.3,9.9
2025-06-03,8,26.4,23.2,30.0,0,47.0,9.1,12.7
2025-06-03,9,27.8,22.0,34.2,0,55.0,8.7,12.1
2025-06-03,10,31.7,27.2,35.3,0,51.0,16.2,11.4
2025-06-03,11,27.5,22.3,30.7,0,57.0,15.6,10.9
2025-06-03,12,27.0,21.3,33.8,0,58.0,23.6,13.0
2025-06-03,13,31.0,26.5,35.6,0,43.0,8.4,9.7
2025-06-03,14,30.5,26.8,34.8,0,47.0,22.4,9.8
2025-06-03,15,27.3,23.4,34.2,0,86.0,4.7,12.7
2025-06-03,16,26.3,20.3,30.9,0,48.0,22.3,11.6
2025-06-03,17,31.4,25.9,35.4,0,35.0,4.2,11.0
2025-06-03,18,31.4,25.4,37.8,0,53.0,18.2,9.7
2025-06-03,19,29.6,24.2,36.0,0,63.0,3.0,14
2025-06-03,20,30.1,26.0,33.8,0,45.0,19.0,12.2
2025-06-03,21,31.7,26.8,36.0,0,52.0,15.7,11.1
2025-06-03,22,27.8,24.8,34.8,0,58.0,27.9,13.6
2025-06-03,23,34.5,31.3,38.3,0,30.0,10.5,13.2
2025-06-03,24,28.7,22.8,34.8,0,40.0,23.0,12.7
2025-06-03,25,31.9,26.5,36.8,0,39.0,12.9,11.1
2025-06-04,1,27.4,21.6,33.3,0,53.0,12.5,9.9
2025-06-04,2,27.8,24.7,31.7,0,53.0,16.8,11.9
2025-06-04,3,30.3,25.3,33.8,0,75.0,8.3,13.2
2025-06-04,4,32.1,28.2,37.7,0,51.0,19.8,13.6
2025-06-04,5,29.3,25.3,33.3,0,54.0,22.3,10.4
2025-06-04,6,31.9,26.6,37.8,2.2,59.0,20.4,13.1
2025-06-04,7,26.8,22.4,30.8,0,58.0,12.2,12.2
2025-06-04,8,28.6,22.9,34.0,0,73.0,19.4,12.5
2025-06-04,9,28.0,24.0,31.6,0,54.0,12.6,12.4
2025-06-04,10,28.0,23.1,33.2,0,59.0,11.9,10.4
2025-06-04,11,26.7,23.1,33.0,1.5,71.0,19.6,12.1
2025-06-04,12,26.4,21.9,30.4,0,83.0,24.2,12.7
2025-06-04,13,28.0,22.5,33.6,1.0,26.0,7.9,12.4
2025-06-04,14,29.1,25.6,33.4,0,44.0,9.7,11.3
2025-06-04,15,25.7,20.9,30.8,12.7,66.0,18.3,10.6
2025-06-04,16,28.8,23.2,33.6,0,49.0,1.6,12.8
2025-06-04,17,33.7,29.1,39.5,0,33.0,20.9,14
2025-06-04,18,26.9,22.6,33.5,0,42.0,14.2,13.6
2025-06-04,19,30.6,26.1,35.6,0,47.0,13.3,12.9
2025-06-04,20,31.7,27.3,36.5,0,35.0,1.8,9.0
2025-06-04,21,29.1,23.2,34.2,0,47.0,3.6,12.1
2025-06-04,22,27.8,24.2,32.5,0.5,52.0,6.0,11.9
2025-06-04,23,36.7,31.2,40.9,0,21.0,12.1,10.4
2025-06-04,24,27.8,23.2,32.9,0,43.0,13.6,12.6
2025-06-04,25,30.2,25.6,35.0,0,30.0,26.5,10.7
2025-06-05,1,30.7,25.7,37.7,0,58.0,5.9,13.1
2025-06-05,2,29.4,26.3,35.3,0,46.0,1.2,11.6
2025-06-05,3,28.8,25.6,33.5,3.1,52.0,31.3,11.2
2025-06-05,4,29.8,24.7,34.2,0,57.0,21.0,9.6
2025-06-05,5,27.1,23.5,30.3,0,54.0,21.8,12.4
2025-06-05,6,27.1,22.2,32.9,0,56.0,28.4,12.6
2025-06-05,7,29.3,25.5,34.3,0,56.0,13.2,12.5
2025-06-05,8,27.7,23.3,30.8,0,72.0,21.4,14
2025-06-05,9,30.5,27.2,34.2,0,55.0,8.4,12.1
2025-06-05,10,31.1,26.0,34.6,0,50.0,22.7,9.9
2025-06-05,11,28.4,23.1,32.2,0,70.0,21.7,11.0
2025-06-05,12,28.7,24.4,34.7,0,55.0,4.5,13.7
2025-06-05,13,30.6,25.5,34.3,0,49.0,23.1,9.7
2025-06-05,14,30.3,26.4,34.0,0,45.0,28.0,12.2
2025-06-05,15,22.8,17.5,26.3,0,55.0,11.2,9.1
2025-06-05,16,24.8,19.8,29.6,0,49.0,19.7,12.1
2025-06-05,17,32.4,28.9,38.5,1.3,35.0,15.0,9.9
2025-06-05,18,26.7,20.8,33.5,0,33.0,14.6,10.2
2025-06-05,19,30.7,26.0,37.1,0,37.0,13.8,11.8
2025-06-05,20,28.3,22.7,32.2,0,43.0,15.9,11.3
2025-06-05,21,27.8,24.0,31.7,0,54.0,16.7,12.5
2025-06-05,22,30.3,24.7,35.4,4.8,39.0,14.2,14
2025-06-05,23,37.0,33.9,43.5,0,32.0,18.0,12.3
2025-06-05,24,28.7,24.3,33.7,0,41.0,12.1,14.0
2025-06-05,25,31.5,26.3,36.4,0,32.0,18.0,13.2
2025-06-06,1,28.2,22.4,34.6,0,71.0,1.6,12.2
2025-06-06,2,25.6,22.3,29.8,0,58.0,15.9,14
2025-06-06,3,27.5,24.4,33.6,0,58.0,15.3,11.2
2025-06-06,4,27.8,23.8,31.8,0.7,53.0,15.4,14
2025-06-06,5,29.0,25.2,32.1,0,70.0,9.5,13.4
2025-06-06,6,27.6,22.4,31.0,0,41.0,18.8,9.2
2025-06-06,7,28.8,24.3,33.0,0,49.0,39.2,13.4
2025-06-06,8,26.8,21.8,30.2,0,58.0,15.7,9.9
2025-06-06,9,27.6,24.5,30.9,0,56.0,30.7,13.4
2025-06-06,10,28.8,24.6,35.3,0,53.0,14.6,11.4
2025-06-06,11,27.2,22.4,31.8,0.5,68.0,12.6,11.2
2025-06-06,12,27.2,23.1,30.6,0,67.0,32.7,10.7
2025-06-06,13,31.1,26.2,36.2,0,39.0,21.8,10.7
2025-06-06,14,28.6,23.0,31.8,0,42.0,13.4,10.8
2025-06-06,15,27.2,23.1,33.1,0,63.0,18.0,13.8
2025-06-06,16,27.6,23.2,32.0,0,73.0,10.2,13.1
2025-06-06,17,34.0,29.1,37.7,0.9,40.0,26.4,9.1
2025-06-06,18,28.6,24.4,32.4,0,30.0,16.6,9.6
2025-06-06,19,30.5,26.5,35.4,0,39.0,28.6,13.5
2025-06-06,20,32.6,27.4,36.6,0,38.0,12.5,10.7
2025-06-06,21,28.2,25.1,31.9,0,39.0,30.0,11.5
2025-06-06,22,30.0,24.1,33.9,25.1,51.0,5.2,11.3
2025-06-06,23,34.9,31.4,41.5,0,28.0,32.5,12.9
2025-06-06,24,30.7,26.8,34.7,0,64.0,22.4,9.0
2025-06-06,25,28.9,24.1,34.6,0,46.0,18.1,9.4
2025-06-07,1,27.7,23.1,32.2,0,50.0,21.3,14
2025-06-07,2,30.4,27.0,34.6,0,63.0,3.3,13.8
2025-06-07,3,28.9,24.4,33.8,0,51.0,27.0,12.9
2025-06-07,4,27.2,21.4,31.7,1.2,64.0,2.1,13.9
2025-06-07,5,29.4,25.6,33.1,0,51.0,19.2,9.9
2025-06-07,6,27.9,23.9,31.6,0,54.0,14.0,10.9
2025-06-07,7,27.7,22.9,34.6,0,58.0,9.7,11.6
2025-06-07,8,27.2,23.2,31.4,0,60.0,14.1,13.8
2025-06-07,9,31.7,26.3,35.2,0,61.0,1.3,14
2025-06-07,10,28.4,23.3,34.0,0.1,43.0,10.0,11.9
2025-06-07,11,26.5,21.2,33.5,0,59.0,3.5,11.4
2025-06-07,12,25.0,20.4,28.9,0,61.0,17.8,14
2025-06-07,13,31.6,28.0,35.9,0,46.0,20.2,11.0
2025-06-07,14,29.6,26.1,34.5,0,45.0,18.2,10.7
2025-06-07,15,27.8,23.3,31.1,0,60.0,3.8,11.6
2025-06-07,16,27.9,23.7,33.0,10.8,65.0,22.1,9.5
2025-06-07,17,30.4,25.9,34.4,0,50.0,9.7,9.9
2025-06-07,18,28.0,23.1,31.0,0,50.0,9.3,13.7
2025-06-07,19,32.0,27.4,38.9,0,38.0,16.5,13.0
2025-06-07,20,30.5,25.2,35.4,0,51.0,15.1,10.6
2025-06-07,21,27.4,22.1,31.3,0,47.0,9.2,11.9
2025-06-07,22,26.6,22.7,31.5,2.5,35.0,22.8,14
2025-06-07,23,37.5,32.6,44.1,0,34.0,0.8,10.9
2025-06-07,24,28.2,25.2,31.3,1.6,34.0,1.7,11.5
2025-06-07,25,32.7,29.4,38.9,0,45.0,17.8,10.4
2025-06-08,1,28.7,25.2,32.7,0,57.0,34.6,9.0
2025-06-08,2,30.6,24.6,33.8,0,53.0,18.7,11.4
2025-06-08,3,28.0,22.2,32.1,0,59.0,20.0,12.0
2025-06-08,4,28.8,23.1,35.6,0,55.0,16.8,12.0
2025-06-08,5,30.6,26.5,34.4,0,62.0,21.3,13.5
2025-06-08,6,29.4,23.7,33.1,0,58.0,14.8,11.6
2025-06-08,7,26.5,23.2,32.6,0,40.0,16.7,12.7
2025-06-08,8,27.6,23.5,34.0,0,57.0,7.1,12.9
2025-06-08,9,27.6,22.4,31.4,0,62.0,14.8,11.5
2025-06-08,10,31.5,27.8,37.8,0,61.0,2.1,10.9
2025-06-08,11,29.7,26.6,35.3,0,64.0,20.1,13.0
2025-06-08,12,27.0,21.0,33.9,0,54.0,11.0,14
2025-06-08,13,31.2,25.6,34.3,0,58.0,8.2,13.4
2025-06-08,14,30.1,24.7,36.4,0,55.0,17.8,10.8
2025-06-08,15,24.1,18.5,27.9,0,61.0,22.5,11.5
2025-06-08,16,27.7,22.1,33.1,0,55.0,6.3,11.3
2025-06-08,17,33.8,30.5,37.0,0,42.0,12.0,11.7
2025-06-08,18,26.9,21.2,30.4,5.7,34.0,5.6,10.9
2025-06-08,19,28.9,23.5,33.7,0,40.0,14.8,12.6
2025-06-08,20,30.0,24.0,33.8,0,46.0,1.9,7.4
2025-06-08,21,28.4,23.1,33.4,0,45.0,10.1,12.5
2025-06-08,22,28.2,23.0,34.3,0,56.0,16.4,14
2025-06-08,23,37.6,33.4,44.3,0,16.0,18.2,11.6
2025-06-08,24,27.2,21.6,32.5,0,58.0,17.0,11.8
2025-06-08,25,34.8,29.6,38.4,0,31.0,17.4,11.0
2025-06-09,1,28.8,23.2,32.9,0,62.0,20.8,10.9
2025-06-09,2,28.4,23.6,33.2,0,56.0,27.1,10.2
2025-06-09,3,27.3,24.0,33.4,5.6,47.0,22.2,14
2025-06-09,4,28.3,23.6,34.1,0,59.0,16.8,11.0
2025-06-09,5,28.9,24.7,33.7,0,46.0,20.1,13.9
2025-06-09,6,26.7,23.2,31.1,2.1,44.0,9.5,11.9
2025-06-09,7,28.5,23.1,32.6,1.8,42.0,20.3,9.3
2025-06-09,8,25.9,20.3,30.5,3.2,51.0,14.1,10.6
2025-06-09,9,30.3,25.5,35.7,0,43.0,28.6,10.1
2025-06-09,10,28.9,24.5,32.0,0,63.0,4.4,9.8
2025-06-09,11,24.1,18.3,28.7,0,45.0,17.8,12.3
2025-06-09,12,28.2,23.2,34.6,0,70.0,14.4,11.8
2025-06-09,13,30.1,25.5,37.0,0,38.0,0.2,9.6
2025-06-09,14,29.7,24.5,35.8,0,47.0,19.5,13.4
2025-06-09,15,25.6,21.8,31.8,2.7,54.0,14.0,8.3
2025-06-09,16,26.9,21.2,32.6,0,44.0,7.4,11.6
2025-06-09,17,32.5,28.3,37.8,0,43.0,23.3,10.9
2025-06-09,18,28.6,23.9,35.5,0,43.0,15.5,11.3
2025-06-09,19,31.5,26.0,38.2,0,44.0,27.4,12.1
2025-06-09,20,31.8,28.8,36.1,0,51.0,13.8,13.8
2025-06-09,21,30.8,26.0,34.2,0,51.0,33.8,12.5
2025-06-09,22,30.2,26.0,34.7,0,55.0,16.9,11.1
2025-06-09,23,36.3,32.1,43.1,0,34.0,8.3,13.2
2025-06-09,24,25.2,20.1,32.1,0,67.0,18.5,13.0
2025-06-09,25,33.4,28.0,38.0,0,44.0,31.7,10.6
2025-06-10,1,26.9,22.1,33.9,1.3,49.0,9.0,11.1
2025-06-10,2,28.6,24.1,31.8,0,52.0,17.2,12.0
2025-06-10,3,28.1,24.6,33.0,0,51.0,5.7,11.1
2025-06-10,4,28.4,24.5,34.9,0,72.0,29.5,12.5
2025-06-10,5,27.3,23.9,32.6,0,56.0,20.3,12.7
2025-06-10,6,28.1,24.5,34.5,0,50.0,18.0,10.8
2025-06-10,7,27.4,24.2,33.5,0,66.0,21.9,11.8
2025-06-10,8,27.6,24.0,32.5,0,67.0,7.6,14
2025-06-10,9,26.5,23.2,29.5,0,44.0,5.7,9.8
2025-06-10,10,30.5,26.8,34.0,0,37.0,12.4,13.4
2025-06-10,11,26.8,23.5,31.8,7.8,52.0,18.7,9.9
2025-06-10,12,27.5,21.9,30.8,1.1,63.0,5.3,14
2025-06-10,13,29.6,24.1,36.5,0,40.0,9.1,10.7
2025-06-10,14,27.0,21.5,30.7,0,42.0,21.5,10.6
2025-06-10,15,26.2,20.5,31.2,0,66.0,17.2,9.9
2025-06-10,16,29.7,24.1,35.2,0,65.0,8.1,13.2
2025-06-10,17,32.7,28.4,39.6,0,38.0,5.7,12.8
2025-06-10,18,27.4,21.6,31.8,0,44.0,28.9,10.2
2025-06-10,19,32.3,28.5,37.0,0,52.0,3.1,11.5
2025-06-10,20,29.8,24.2,34.2,0,39.0,20.8,12.4
2025-06-10,21,29.1,24.8,33.7,0,51.0,17.6,13.0
2025-06-10,22,30.9,25.9,34.6,6.5,36.0,10.8,12.6
2025-06-10,23,34.0,31.0,37.8,0,25.0,11.4,10.8
2025-06-10,24,31.1,27.5,35.9,0,65.0,6.0,10.6
2025-06-10,25,34.5,28.6,38.2,0,42.0,22.9,12.9
2025-06-11,1,31.4,26.7,36.8,0,59.0,29.2,13.1
2025-06-11,2,29.5,23.6,35.6,0,48.0,32.5,12.2
2025-06-11,3,29.0,24.7,35.9,0,58.0,16.4,11.7
2025-06-11,4,30.7,25.5,36.0,0,62.0,3.8,10.6
2025-06-11,5,31.2,26.6,37.0,0,60.0,33.6,12.8
2025-06-11,6,27.5,21.6,32.9,0,65.0,19.9,9.9
2025-06-11,7,28.0,24.2,31.8,0.5,47.0,26.3,13.6
2025-06-11,8,28.0,23.0,31.3,0,59.0,2.4,12.4
2025-06-11,9,31.0,25.6,35.2,0,52.0,18.6,11.5
2025-06-11,10,28.4,24.6,33.2,0,61.0,16.6,12.3
2025-06-11,11,29.4,25.2,34.4,0,68.0,20.3,10.1
2025-06-11,12,29.4,24.2,33.8,2.7,52.0,17.8,12.9
2025-06-11,13,32.8,27.1,36.2,0,39.0,14.1,11.7
2025-06-11,14,34.0,30.4,41.0,0,59.0,23.6,14
2025-06-11,15,24.7,19.9,28.2,0,60.0,14.1,12.7
2025-06-11,16,26.3,22.5,32.0,0,57.0,19.1,13.9
2025-06-11,17,30.0,25.6,33.4,0,34.0,24.7,13.7
2025-06-11,18,32.4,27.8,38.4,0,45.0,11.5,13.5
2025-06-11,19,30.7,26.7,34.8,0,41.0,16.5,13.8
2025-06-11,20,31.3,25.8,36.0,0,42.0,19.7,12.4
2025-06-11,21,30.5,24.8,35.9,0,35.0,21.0,13.2
2025-06-11,22,30.5,24.8,37.0,0,49.0,18.5,12.9
2025-06-11,23,36.6,31.3,39.9,0,12.0,18.7,11.2
2025-06-11,24,29.0,23.5,33.6,0,40.0,15.9,11.5
2025-06-11,25,31.8,28.3,36.9,14.6,41.0,11.0,12.5
2025-06-12,1,27.5,23.8,31.9,0,58.0,17.2,13.7
2025-06-12,2,28.1,24.4,33.8,0.8,64.0,18.2,13.2
2025-06-12,3,27.9,23.1,32.6,1.1,51.0,12.7,8.5
2025-06-12,4,29.7,24.2,34.5,0,65.0,11.5,14
2025-06-12,5,26.4,21.1,30.8,0,49.0,19.7,9.2
2025-06-12,6,25.2,20.7,30.4,0,55.0,35.6,11.3
2025-06-12,7,26.5,21.2,30.1,0,73.0,0.7,14
2025-06-12,8,27.9,23.0,34.2,0,61.0,19.8,12.7
2025-06-12,9,28.2,24.2,33.1,0,50.0,2.4,12.3
2025-06-12,10,29.8,24.3,33.4,0,55.0,18.3,14
2025-06-12,11,27.0,21.9,30.9,0,60.0,6.8,11.4
2025-06-12,12,27.1,23.8,30.8,0,76.0,23.3,9.1
2025-06-12,13,30.9,26.7,34.1,0,39.0,9.3,11.6
2025-06-12,14,30.4,26.6,37.0,0,55.0,16.3,13.6
2025-06-12,15,28.1,22.7,33.2,0,51.0,14.8,10.5
2025-06-12,16,28.0,23.1,31.0,0,54.0,24.0,10.0
2025-06-12,17,33.2,29.5,37.4,0,30.0,17.3,14
2025-06-12,18,28.4,22.4,33.1,0,25.0,20.6,9.6
2025-06-12,19,32.5,28.9,38.9,0,56.0,21.7,14
2025-06-12,20,29.0,24.8,32.6,0,43.0,13.1,12.2
2025-06-12,21,30.5,26.2,36.7,0,56.0,21.5,12.3
2025-06-12,22,30.9,26.3,34.7,4.1,43.0,19.8,10.6
2025-06-12,23,33.0,29.3,38.4,0,35.0,13.1,12.7
2025-06-12,24,29.3,24.7,35.9,0,52.0,2.2,12.4
2025-06-12,25,29.6,25.6,35.6,0,34.0,7.8,12.9
2025-06-13,1,27.9,24.0,32.6,0,55.0,20.6,10.3
2025-06-13,2,30.3,24.9,35.7,0,49.0,8.5,10.3
2025-06-13,3,31.7,26.2,35.2,0.3,50.0,11.8,12.9
2025-06-13,4,28.2,24.0,33.1,0.7,61.0,14.0,10.1
2025-06-13,5,31.1,27.9,38.0,0,40.0,27.8,13.2
2025-06-13,6,31.4,25.9,36.4,0.4,43.0,7.9,11.4
2025-06-13,7,27.9,22.5,31.7,0,53.0,18.9,13.2
2025-06-13,8,28.9,25.9,33.4,0,56.0,18.4,12.0
2025-06-13,9,29.7,26.7,34.7,0,47.0,12.0,10.8
2025-06-13,10,28.7,25.0,33.9,0,55.0,20.4,12.9
2025-06-13,11,29.9,26.4,33.1,0.7,56.0,2.8,10.4
2025-06-13,12,26.1,22.7,29.9,0,55.0,15.5,10.0
2025-06-13,13,30.2,26.3,33.6,0,49.0,23.6,12.5
2025-06-13,14,29.0,25.9,32.9,0,40.0,13.8,11.0
2025-06-13,15,26.8,22.0,32.5,18.3,65.0,10.7,12.6
2025-06-13,16,27.4,21.9,32.5,0,66.0,0.9,13.5
2025-06-13,17,30.7,27.6,37.0,0,36.0,9.0,12.2
2025-06-13,18,31.7,28.3,35.0,0,43.0,6.2,12.1
2025-06-13,19,31.0,26.8,35.8,0,40.0,16.7,13.9
2025-06-13,20,30.8,27.2,37.6,0,30.0,20.8,11.1
2025-06-13,21,28.4,22.9,34.9,0,49.0,21.2,11.3
2025-06-13,22,27.8,23.5,32.3,0,63.0,15.1,12.1
2025-06-13,23,34.3,30.7,38.5,0,30.0,21.1,10.8
2025-06-13,24,28.0,24.2,34.8,0,52.0,15.1,9.5
2025-06-13,25,32.5,29.2,36.4,0,24.0,2.2,13.9
2025-06-14,1,30.0,25.0,35.0,0,50.0,12.4,12.6
2025-06-14,2,25.8,22.5,29.4,4.8,53.0,12.9,11.2
2025-06-14,3,27.9,24.4,31.9,8.4,50.0,30.0,11.5
2025-06-14,4,27.6,22.9,31.9,0,40.0,15.3,11.3
2025-06-14,5,28.0,23.9,34.7,3.8,43.0,10.7,13.5
2025-06-14,6,28.6,23.8,32.2,0,61.0,22.0,11.2
2025-06-14,7,30.0,25.3,34.7,0,54.0,13.1,9.1
2025-06-14,8,24.4,21.2,30.0,0,57.0,4.9,11.7
2025-06-14,9,27.8,22.2,33.7,0,40.0,18.6,12.8
2025-06-14,10,26.5,23.3,33.5,0,45.0,5.6,13.8
2025-06-14,11,27.8,22.0,34.2,0,66.0,21.2,12.5
2025-06-14,12,29.5,24.0,32.7,0,63.0,13.4,9.8
2025-06-14,13,31.1,27.0,36.1,1.1,48.0,9.8,10.7
2025-06-14,14,32.5,26.9,37.4,3.3,31.0,15.4,12.1
2025-06-14,15,29.2,24.7,35.4,0,56.0,8.7,11.7
2025-06-14,16,29.6,25.7,32.7,0,56.0,19.5,11.9
2025-06-14,17,34.7,29.0,38.4,0,43.0,6.9,11.6
2025-06-14,18,30.7,26.3,34.3,0,44.0,16.8,9.4
2025-06-14,19,29.2,23.8,35.1,0,48.0,14.6,11.5
2025-06-14,20,32.5,27.4,38.8,0,38.0,26.3,10.5
2025-06-14,21,28.6,23.6,35.2,25.4,48.0,1.9,11.2
2025-06-14,22,31.3,27.8,36.0,0,52.0,1.6,13.8
2025-06-14,23,36.5,30.5,41.6,0,23.0,14.3,11.7
2025-06-14,24,29.0,24.2,34.2,0,66.0,27.1,12.2
2025-06-14,25,31.7,27.7,35.4,13.3,62.0,24.3,11.8
2025-06-15,1,29.5,23.7,32.8,0,55.0,7.5,10.7
2025-06-15,2,26.3,21.5,30.3,0.1,56.0,20.8,11.0
2025-06-15,3,30.2,25.5,36.1,0,48.0,18.6,14
2025-06-15,4,27.8,24.1,33.9,0,45.0,2.6,11.0
2025-06-15,5,27.4,23.6,33.7,0,65.0,5.4,11.5
2025-06-15,6,27.3,22.7,31.3,3.2,45.0,12.2,11.7
2025-06-15,7,29.1,24.8,32.9,0,50.0,6.6,10.8
2025-06-15,8,28.0,22.3,31.4,0,59.0,21.9,12.9
2025-06-15,9,30.5,24.6,35.3,0,53.0,9.7,9.6
2025-06-15,10,31.7,27.2,35.0,0,50.0,8.4,14.0
2025-06-15,11,27.8,24.5,31.7,2.2,55.0,30.5,11.8
2025-06-15,12,29.3,25.6,35.7,0,49.0,13.7,11.2
2025-06-15,13,28.5,23.8,31.6,0,53.0,26.0,10.5
2025-06-15,14,30.2,26.7,33.8,0,45.0,22.6,9.4
2025-06-15,15,26.6,23.2,32.9,0,48.0,3.5,11.9
2025-06-15,16,28.6,22.6,32.4,0,54.0,12.7,12.1
2025-06-15,17,34.8,30.8,40.3,0,43.0,12.8,11.1
2025-06-15,18,27.3,23.6,33.2,0,41.0,20.3,10.7
2025-06-15,19,29.6,24.1,36.5,0,33.0,24.4,12.3
2025-06-15,20,30.1,26.6,36.7,0,41.0,11.6,12.6
2025-06-15,21,27.4,23.7,32.0,0,44.0,7.6,10.5
2025-06-15,22,29.3,26.3,33.9,0,53.0,7.4,12.8
2025-06-15,23,36.4,30.8,42.0,0,33.0,2.5,11.2
2025-06-15,24,29.7,25.4,36.0,0,51.0,14.7,11.2
2025-06-15,25,29.9,26.5,35.6,0,43.0,5.1,12.2
2025-06-16,1,27.5,23.3,32.9,0,50.0,12.1,9.6
2025-06-16,2,27.7,22.5,33.5,0.3,60.0,27.4,13.2
2025-06-16,3,29.9,25.4,33.7,0,44.0,12.9,12.5
2025-06-16,4,28.0,24.8,33.1,0,49.0,19.0,12.4
2025-06-16,5,27.7,22.8,31.5,0,48.0,20.4,10.8
2025-06-16,6,29.0,23.4,34.3,1.7,66.0,20.5,11.0
2025-06-16,7,29.3,24.6,32.8,0,52.0,16.2,11.1
2025-06-16,8,26.2,22.6,30.2,0.6,36.0,15.2,14
2025-06-16,9,29.6,26.3,33.4,0,49.0,15.9,13.6
2025-06-16,10,26.4,21.2,32.6,0,40.0,22.4,10.8
2025-06-16,11,28.1,24.8,33.3,0,66.0,8.2,13.4
2025-06-16,12,28.7,23.7,33.7,0,40.0,20.6,9.6
2025-06-16,13,29.3,24.2,34.0,0.4,47.0,6.4,12.9
2025-06-16,14,30.5,25.7,35.9,0,53.0,19.5,9.5
2025-06-16,15,26.3,20.9,30.3,0,71.0,18.1,13.6
2025-06-16,16,27.2,22.9,32.8,0,62.0,12.4,10.7
2025-06-16,17,31.1,27.9,37.8,0,26.0,32.6,11.2
2025-06-16,18,29.1,25.6,33.4,1.5,30.0,12.8,11.8
2025-06-16,19,31.3,27.3,37.3,0,42.0,27.5,11.5
2025-06-16,20,31.4,28.1,35.3,0,37.0,17.3,12.9
2025-06-16,21,27.3,22.6,33.6,37.4,43.0,13.6,11.2
2025-06-16,22,28.9,23.3,33.0,0,44.0,12.4,12.2
2025-06-16,23,33.4,30.4,40.3,0,32.0,24.6,11.9
2025-06-16,24,28.3,23.5,34.4,0,67.0,17.6,12.6
2025-06-16,25,29.4,24.3,32.8,0,36.0,9.1,9.4
2025-06-17,1,25.8,20.2,30.9,0,44.0,14.9,12.3
2025-06-17,2,26.5,22.5,31.0,0,50.0,14.8,12.0
2025-06-17,3,27.9,23.9,32.0,0,46.0,1.9,12.6
2025-06-17,4,27.7,23.0,31.9,28.0,46.0,5.1,10.2
2025-06-17,5,27.4,22.0,32.8,0,54.0,16.0,12.5
2025-06-17,6,27.6,21.6,30.8,0,42.0,0.0,14
2025-06-17,7,28.6,24.4,35.2,0,57.0,9.4,12.8
2025-06-17,8,28.2,23.2,33.9,1.4,52.0,17.1,13.6
2025-06-17,9,28.4,25.1,32.1,0,36.0,23.7,13.6
2025-06-17,10,30.0,26.5,35.0,0,35.0,17.6,11.6
2025-06-17,11,26.7,23.3,32.6,0,70.0,11.9,13.2
2025-06-17,12,26.6,22.8,31.9,3.7,66.0,7.3,12.1
2025-06-17,13,31.5,27.1,34.5,0,35.0,9.7,12.0
2025-06-17,14,29.4,26.2,36.2,0,50.0,20.7,12.1
2025-06-17,15,26.8,21.2,33.0,7.9,74.0,10.2,10.5
2025-06-17,16,28.7,24.0,35.4,0,54.0,17.2,14
2025-06-17,17,30.5,25.6,37.1,0,52.0,18.0,11.9
2025-06-17,18,32.7,27.2,36.8,0,42.0,3.0,14
2025-06-17,19,31.5,28.5,37.2,0,49.0,32.6,9.9
2025-06-17,20,32.2,27.0,38.0,0,46.0,21.4,13.5
2025-06-17,21,28.4,22.6,32.1,0,50.0,25.8,10.2
2025-06-17,22,28.1,24.1,33.8,0,41.0,24.2,9.7
2025-06-17,23,37.2,33.2,40.3,0,21.0,12.8,10.5
2025-06-17,24,25.5,19.8,31.4,0,61.0,5.3,11.9
2025-06-17,25,28.8,23.7,35.3,0,32.0,10.7,12.1
2025-06-18,1,22.6,16.6,27.0,2.6,53.0,26.1,12.9
2025-06-18,2,28.1,24.7,33.3,0,50.0,8.0,8.3
2025-06-18,3,30.0,26.8,33.8,0,59.0,26.7,11.7
2025-06-18,4,27.6,24.3,33.1,0,69.0,12.1,11.7
2025-06-18,5,30.7,26.9,34.0,2.4,65.0,9.9,14
2025-06-18,6,26.6,21.5,30.1,0,70.0,27.1,12.0
2025-06-18,7,27.8,24.1,34.7,0,49.0,0.3,12.2
2025-06-18,8,28.8,25.4,35.1,0,56.0,7.6,9.7
2025-06-18,9,27.4,23.0,34.4,0,55.0,11.9,10.8
2025-06-18,10,30.8,26.0,34.3,0.8,57.0,20.1,12.8
2025-06-18,11,28.6,24.8,35.0,0,55.0,14.4,14
2025-06-18,12,26.8,22.3,30.6,0,62.0,4.2,12.5
2025-06-18,13,30.8,26.6,34.3,0,51.0,16.9,12.5
2025-06-18,14,30.4,24.8,35.1,0,56.0,2.1,13.5
2025-06-18,15,26.2,21.2,29.2,0,61.0,4.4,12.6
2025-06-18,16,27.4,22.5,33.4,2.2,57.0,17.3,10.9
2025-06-18,17,32.2,26.9,36.7,1.3,34.0,16.1,13.5
2025-06-18,18,31.1,26.1,35.3,0,56.0,16.3,11.9
2025-06-18,19,29.5,25.7,33.1,0,48.0,22.6,11.3
2025-06-18,20,32.6,29.0,37.6,0,42.0,18.4,9.6
2025-06-18,21,28.0,22.5,34.3,0,52.0,15.9,11.3
2025-06-18,22,29.1,24.9,33.5,0,57.0,20.2,10.2
2025-06-18,23,34.2,29.2,40.3,0,14.0,16.1,10.8
2025-06-18,24,26.9,22.8,33.3,0,53.0,10.8,12.8
2025-06-18,25,32.5,29.0,37.0,0,35.0,16.8,9.0
2025-06-19,1,29.7,25.0,35.7,0,57.0,20.1,12.0
2025-06-19,2,27.4,22.3,33.1,0,49.0,6.1,14
2025-06-19,3,25.0,20.9,29.6,0,51.0,17.0,13.1
2025-06-19,4,29.3,25.7,35.0,0,61.0,14.1,12.0
2025-06-19,5,29.0,23.3,34.0,0,49.0,27.6,13.3
2025-06-19,6,28.2,25.0,32.3,0,46.0,18.6,14
2025-06-19,7,31.5,28.3,38.4,0,60.0,5.2,11.5
2025-06-19,8,28.5,25.1,33.5,0,61.0,22.7,13.4
2025-06-19,9,29.6,26.4,36.4,0,54.0,14.2,11.9
2025-06-19,10,31.1,26.1,35.5,0,51.0,11.9,13.7
2025-06-19,11,29.4,26.1,36.4,0,51.0,21.6,13.7
2025-06-19,12,29.6,24.9,35.8,0,58.0,2.5,14
2025-06-19,13,30.9,26.3,35.8,0,47.0,20.9,12.6
2025-06-19,14,32.0,28.4,36.3,0,46.0,15.1,13.5
2025-06-19,15,25.9,20.0,29.7,3.0,51.0,17.6,11.1
2025-06-19,16,27.2,21.4,32.7,0,48.0,17.3,10.5
2025-06-19,17,34.2,31.2,38.1,0,50.0,14.1,12.0
2025-06-19,18,28.2,24.0,34.3,0,28.0,6.0,9.1
2025-06-19,19,31.2,25.8,35.3,0,39.0,15.9,12.5
2025-06-19,20,27.8,24.4,33.6,0,52.0,22.9,11.1
2025-06-19,21,30.1,24.9,34.0,0,48.0,8.4,9.4
2025-06-19,22,31.9,26.3,37.1,0,52.0,14.3,11.6
2025-06-19,23,34.7,30.7,37.9,0,24.0,3.8,11.3
2025-06-19,24,30.3,26.2,34.0,0,53.0,22.4,12.2
2025-06-19,25,32.8,27.9,37.1,0,40.0,8.3,10.7
2025-06-20,1,25.9,21.1,32.6,0,61.0,3.9,14
2025-06-20,2,28.8,24.1,34.3,0,61.0,0.7,13.5
2025-06-20,3,28.7,25.0,33.9,0,60.0,8.5,10.1
2025-06-20,4,31.7,27.3,36.4,0,59.0,24.1,12.3
2025-06-20,5,28.6,24.9,33.9,0,63.0,21.1,14
2025-06-20,6,28.5,24.8,32.3,1.6,43.0,10.0,9.7
2025-06-20,7,27.7,22.5,31.9,0,65.0,31.2,13.5
2025-06-20,8,29.6,24.0,36.6,0,55.0,16.2,11.3
2025-06-20,9,30.7,26.1,35.8,0,42.0,16.9,11.8
2025-06-20,10,28.2,23.0,32.4,0,36.0,10.2,11.8
2025-06-20,11,27.2,21.4,31.0,0.9,57.0,31.1,14.0
2025-06-20,12,27.8,21.9,32.7,0,61.0,23.9,11.1
2025-06-20,13,31.1,26.5,35.2,0,23.0,9.8,9.9
2025-06-20,14,33.4,28.6,38.0,0,40.0,14.9,14
2025-06-20,15,21.6,18.1,27.4,0.9,65.0,16.7,13.3
2025-06-20,16,30.6,25.9,37.0,0,66.0,12.8,11.0
2025-06-20,17,33.5,29.0,38.1,0,28.0,9.8,10.9
2025-06-20,18,30.8,27.5,37.8,0,45.0,17.7,12.9
2025-06-20,19,30.3,25.8,36.8,0,44.0,27.4,10.6
2025-06-20,20,30.8,25.9,35.6,0,51.0,1.5,9.3
2025-06-20,21,29.2,24.8,33.9,0,49.0,12.1,10.9
2025-06-20,22,27.6,23.5,31.2,4.3,47.0,12.9,12.9
2025-06-20,23,35.8,31.5,41.6,0,27.0,12.8,10.9
2025-06-20,24,24.8,20.0,31.0,0,52.0,7.0,12.1
2025-06-20,25,31.4,25.9,35.8,0,25.0,19.6,12.7
2025-06-21,1,31.4,26.3,37.4,0,45.0,8.7,11.0
2025-06-21,2,30.9,25.6,35.8,0.4,44.0,12.0,10.7
2025-06-21,3,25.8,19.9,29.7,0,54.0,9.3,11.7
2025-06-21,4,27.9,22.3,34.1,0,59.0,13.6,11.2
2025-06-21,5,25.3,21.3,31.4,0,64.0,18.2,14
2025-06-21,6,31.1,25.4,34.3,4.8,69.0,18.1,11.9
2025-06-21,7,29.3,24.7,35.8,0.7,45.0,12.5,11.5
2025-06-21,8,26.5,21.2,29.7,0,70.0,5.4,13.4
2025-06-21,9,28.5,25.3,32.5,0.1,61.0,16.8,14
2025-06-21,10,28.1,23.2,34.9,0,54.0,10.4,12.5
2025-06-21,11,28.1,23.4,34.8,0,56.0,20.8,12.5
2025-06-21,12,27.5,24.0,32.7,0,60.0,28.5,10.7
2025-06-21,13,30.9,27.0,36.2,0,54.0,12.8,14
2025-06-21,14,30.7,27.5,36.7,0,64.0,14.9,12.3
2025-06-21,15,24.7,19.0,29.7,0,67.0,25.5,9.6
2025-06-21,16,29.0,24.0,33.3,0,53.0,15.6,10.0
2025-06-21,17,34.5,29.8,37.6,2.1,48.0,10.5,12.9
2025-06-21,18,29.2,23.4,35.5,0,47.0,6.6,13.6
2025-06-21,19,31.2,25.5,34.7,0,34.0,1.8,11.4
2025-06-21,20,31.3,27.7,34.4,0,58.0,23.7,10.2
2025-06-21,21,28.5,24.1,33.6,0,53.0,15.9,11.1
2025-06-21,22,27.7,22.5,32.9,0,57.0,18.9,12.3
2025-06-21,23,35.2,29.6,40.3,0,26.0,19.1,12.3
2025-06-21,24,28.1,24.9,33.5,0,53.0,26.1,14
2025-06-21,25,33.5,29.0,38.2,0,33.0,18.3,14
2025-06-22,1,26.6,22.7,31.8,0,43.0,8.9,14
2025-06-22,2,30.7,25.4,35.6,0,47.0,26.1,12.2
2025-06-22,3,27.5,22.1,31.1,0,59.0,18.5,11.6
2025-06-22,4,27.8,22.5,34.5,0,42.0,7.5,14
2025-06-22,5,27.7,22.4,30.7,0,54.0,13.6,7.4
2025-06-22,6,29.7,24.8,36.0,0,56.0,16.6,12.4
2025-06-22,7,30.2,25.0,37.0,0,58.0,11.3,12.9
2025-06-22,8,26.4,20.6,32.3,0,64.0,15.2,12.9
2025-06-22,9,30.7,27.6,34.0,0,39.0,8.2,11.3
2025-06-22,10,28.2,23.8,32.3,0,64.0,6.1,13.1
2025-06-22,11,28.7,24.9,32.4,0,67.0,0.9,13.2
2025-06-22,12,27.0,21.0,30.7,0,62.0,2.9,9.6
2025-06-22,13,32.5,29.3,38.5,0,28.0,13.9,14
2025-06-22,14,30.5,27.5,36.5,0,36.0,12.9,12.5
2025-06-22,15,27.0,23.6,30.4,0.0,60.0,20.1,13.5
2025-06-22,16,29.5,25.4,34.1,0,48.0,10.9,9.8
2025-06-22,17,32.8,29.4,37.6,0,51.0,18.9,14
2025-06-22,18,28.6,23.2,32.0,0,39.0,18.7,12.0
2025-06-22,19,29.2,24.7,34.0,0.3,50.0,13.3,10.4
2025-06-22,20,31.7,28.0,37.5,0,36.0,21.7,11.1
2025-06-22,21,30.7,25.2,34.4,0,49.0,10.1,13.0
2025-06-22,22,31.8,26.7,35.4,0,55.0,25.6,9.7
2025-06-22,23,36.5,33.5,42.7,0,18.0,23.6,13.3
2025-06-22,24,30.8,26.8,37.8,0,66.0,9.8,12.8
2025-06-22,25,33.1,29.1,38.9,0,31.0,18.2,13.9
2025-06-23,1,28.4,23.3,33.5,0,65.0,0.7,12.0
2025-06-23,2,28.0,24.7,33.0,0,47.0,17.3,14
2025-06-23,3,30.1,25.7,35.8,1.9,31.0,2.3,12.2
2025-06-23,4,26.8,20.9,33.3,0,51.0,13.5,12.9
2025-06-23,5,27.1,21.8,32.0,2.8,59.0,10.6,14
2025-06-23,6,31.1,27.4,34.6,0,58.0,11.7,11.4
2025-06-23,7,26.4,23.1,30.3,0,62.0,16.1,11.3
2025-06-23,8,25.9,20.9,29.8,0,54.0,26.1,11.5
2025-06-23,9,28.1,23.5,31.2,0,64.0,9.1,12.5
2025-06-23,10,29.1,25.1,35.9,0,58.0,14.9,11.5
2025-06-23,11,24.6,20.0,30.5,0,67.0,14.3,9.6
2025-06-23,12,26.8,21.1,31.9,0.3,62.0,10.3,14
2025-06-23,13,30.7,27.0,35.0,0,40.0,14.0,10.2
2025-06-23,14,31.9,28.2,35.4,0.2,49.0,8.3,12.5
2025-06-23,15,29.9,26.3,35.2,4.0,51.0,17.7,13.2
2025-06-23,16,31.0,27.0,35.7,0,69.0,20.4,10.5
2025-06-23,17,34.1,28.8,38.0,0,38.0,17.6,12.7
2025-06-23,18,29.7,25.0,34.0,0,28.0,2.1,11.4
2025-06-23,19,29.1,25.8,34.2,0,54.0,19.8,11.3
2025-06-23,20,30.5,26.4,34.3,0,66.0,14.2,9.1
2025-06-23,21,27.1,22.8,33.9,0,46.0,19.3,11.0
2025-06-23,22,27.4,22.9,31.8,0.2,46.0,8.8,12.2
2025-06-23,23,36.4,31.8,41.9,0,38.0,17.0,10.7
2025-06-23,24,25.6,22.3,29.4,0,70.0,15.0,11.4
2025-06-23,25,31.4,26.3,34.8,0,35.0,10.6,13.3
2025-06-24,1,28.8,24.1,35.4,0,49.0,12.4,9.9
2025-06-24,2,28.1,23.4,32.6,0,52.0,9.8,11.3
2025-06-24,3,30.7,25.8,37.3,0,50.0,16.9,9.7
2025-06-24,4,30.6,26.4,37.1,0,65.0,9.2,14.0
2025-06-24,5,29.1,25.1,35.0,8.2,60.0,28.2,8.8
2025-06-24,6,24.5,20.7,30.9,16.4,47.0,6.8,11.9
2025-06-24,7,24.8,19.3,28.4,0,59.0,4.8,10.5
2025-06-24,8,27.5,22.0,31.2,0,64.0,14.0,12.1
2025-06-24,9,27.7,23.6,32.8,0,59.0,2.4,11.8
2025-06-24,10,31.7,27.5,38.0,0,46.0,17.7,12.7
2025-06-24,11,26.9,23.1,33.8,0,59.0,13.5,11.8
2025-06-24,12,26.6,21.7,33.1,0,59.0,26.9,12.0
2025-06-24,13,28.9,23.4,35.0,1.2,58.0,14.1,12.3
2025-06-24,14,29.7,25.1,36.2,1.1,42.0,18.7,14
2025-06-24,15,24.1,19.0,29.8,0,50.0,4.9,12.5
2025-06-24,16,29.6,24.8,33.2,0,78.0,15.9,11.0
2025-06-24,17,33.3,27.8,36.7,0.3,31.0,20.0,11.9
2025-06-24,18,28.4,22.7,32.2,0,44.0,18.9,14
2025-06-24,19,30.5,26.3,33.8,0,39.0,15.7,11.3
2025-06-24,20,28.7,24.3,33.7,0,61.0,31.3,11.3
2025-06-24,21,28.1,22.9,31.6,0,50.0,13.0,11.6
2025-06-24,22,30.0,25.0,33.4,0,52.0,18.4,13.6
2025-06-24,23,35.8,32.6,39.5,0,20.0,10.6,14
2025-06-24,24,26.0,22.6,29.4,13.9,58.0,9.2,10.7
2025-06-24,25,30.7,26.3,37.6,0,28.0,15.0,9.8
2025-06-25,1,27.7,23.0,33.8,4.6,43.0,13.4,10.0
2025-06-25,2,26.5,20.6,31.1,0,57.0,21.8,12.4
2025-06-25,3,30.1,25.0,35.7,0,52.0,19.5,12.9
2025-06-25,4,29.9,24.8,33.7,0,55.0,16.8,13.1
2025-06-25,5,27.8,22.3,34.2,0,57.0,30.0,10.7
2025-06-25,6,30.6,25.9,35.0,0,38.0,5.7,12.0
2025-06-25,7,29.1,23.2,32.9,0,54.0,14.0,11.9
2025-06-25,8,27.3,23.7,30.9,0,57.0,14.8,14
2025-06-25,9,28.8,24.6,32.5,0,55.0,12.8,11.1
2025-06-25,10,29.5,24.3,36.3,0,31.0,22.5,10.9
2025-06-25,11,25.8,22.8,29.7,0,58.0,32.6,14
2025-06-25,12,27.5,22.6,34.3,0,57.0,2.5,13.7
2025-06-25,13,29.6,23.7,33.6,0,39.0,4.3,14
2025-06-25,14,28.3,24.9,33.4,0,58.0,15.6,13.7
2025-06-25,15,26.2,23.2,31.6,0,60.0,21.4,11.7
2025-06-25,16,29.4,24.7,35.5,0,70.0,16.4,12.2
2025-06-25,17,32.5,26.7,38.0,0,39.0,9.6,10.6
2025-06-25,18,33.9,29.3,40.9,0,39.0,14.8,10.4
2025-06-25,19,31.6,26.2,35.7,0.5,46.0,13.2,12.1
2025-06-25,20,30.9,27.3,33.9,0,52.0,14.3,14
2025-06-25,21,28.4,23.2,32.9,0,45.0,8.4,10.8
2025-06-25,22,28.0,24.0,32.5,8.8,60.0,14.7,10.3
2025-06-25,23,37.4,31.6,41.6,0.8,25.0,17.2,11.8
2025-06-25,24,27.9,22.1,31.2,0,53.0,20.7,13.4
2025-06-25,25,32.4,26.7,38.7,0,40.0,15.8,12.4
2025-06-26,1,27.9,23.5,33.4,1.8,66.0,11.3,11.8
2025-06-26,2,31.9,26.8,35.1,0,50.0,12.2,11.5
2025-06-26,3,31.5,26.1,37.7,0,48.0,2.4,13.2
2025-06-26,4,29.3,23.9,34.2,0,47.0,3.9,12.0
2025-06-26,5,28.3,22.6,34.5,0,67.0,16.5,9.6
2025-06-26,6,28.9,25.0,34.7,0.6,72.0,13.1,13.9
2025-06-26,7,26.8,22.8,31.4,0,60.0,8.6,10.8
2025-06-26,8,29.1,24.0,32.5,0,61.0,8.6,11.9
2025-06-26,9,26.9,22.9,32.7,0,65.0,2.1,12.5
2025-06-26,10,27.8,23.2,33.9,0,57.0,10.9,11.2
2025-06-26,11,26.7,22.2,33.4,0,66.0,4.0,10.5
2025-06-26,12,27.8,23.0,32.5,0,65.0,0.1,13.0
2025-06-26,13,31.3,26.0,36.7,0,67.0,22.2,11.3
2025-06-26,14,29.6,24.7,36.5,0,35.0,16.6,13.5
2025-06-26,15,26.9,23.5,30.8,1.2,59.0,19.0,12.4
2025-06-26,16,31.0,25.2,36.4,0,60.0,3.0,12.3
2025-06-26,17,31.5,27.8,37.1,0,42.0,28.4,13.9
2025-06-26,18,31.5,27.7,35.3,0,46.0,8.3,7.8
2025-06-26,19,30.6,27.4,36.6,0,49.0,14.7,8.9
2025-06-26,20,30.6,26.8,36.4,0,33.0,33.8,10.4
2025-06-26,21,27.1,21.4,33.7,0,43.0,8.8,12.8
2025-06-26,22,30.8,24.8,34.7,0,53.0,16.6,11.3
2025-06-26,23,31.9,27.8,36.4,0,38.0,16.9,14
2025-06-26,24,29.4,24.5,35.3,0,44.0,8.9,12.7
2025-06-26,25,31.9,26.3,38.2,0,34.0,9.5,12.1
2025-06-27,1,27.8,22.8,33.0,0.1,59.0,7.9,12.3
2025-06-27,2,29.3,24.9,35.0,0,53.0,21.8,14
2025-06-27,3,28.7,22.9,32.4,0,55.0,12.9,9.9
2025-06-27,4,26.1,20.8,31.0,0,57.0,16.4,11.3
2025-06-27,5,27.0,21.5,32.2,0,53.0,18.7,10.8
2025-06-27,6,26.2,22.1,31.2,0,68.0,8.9,13.6
2025-06-27,7,27.2,22.8,33.8,0,54.0,26.0,13.6
2025-06-27,8,24.8,20.6,29.5,0,64.0,11.6,12.9
2025-06-27,9,29.0,24.6,35.5,0,48.0,20.5,12.6
2025-06-27,10,30.1,25.4,36.5,0,40.0,13.3,11.4
2025-06-27,11,24.4,20.4,29.3,5.7,73.0,5.2,10.9
2025-06-27,12,28.9,24.1,34.4,0,68.0,12.2,12.7
2025-06-27,13,32.0,27.2,39.0,0.8,52.0,5.7,12.5
2025-06-27,14,30.1,25.7,36.8,1.4,57.0,11.4,12.5
2025-06-27,15,25.1,20.5,29.3,0.0,61.0,25.7,10.7
2025-06-27,16,25.1,19.7,31.2,7.2,59.0,9.0,12.5
2025-06-27,17,30.9,27.1,35.5,0,37.0,3.9,11.4
2025-06-27,18,29.7,23.9,34.3,0,33.0,8.4,10.9
2025-06-27,19,33.0,28.9,36.7,0,36.0,14.3,12.4
2025-06-27,20,31.1,27.0,36.8,0,33.0,17.2,14
2025-06-27,21,29.8,25.0,34.4,0,42.0,22.1,14
2025-06-27,22,30.7,27.2,36.3,0,45.0,15.5,11.0
2025-06-27,23,34.3,29.6,38.5,0,25.0,19.5,9.8
2025-06-27,24,26.7,21.7,31.2,3.1,58.0,25.0,10.7
2025-06-27,25,30.4,26.0,35.1,0,20.0,33.3,14
2025-06-28,1,27.0,21.3,32.1,0,69.0,10.5,14
2025-06-28,2,27.7,23.3,31.9,0,63.0,11.8,12.8
2025-06-28,3,28.5,23.1,35.4,4.9,53.0,23.5,12.5
2025-06-28,4,29.2,23.3,32.5,0,59.0,29.2,11.7
2025-06-28,5,24.3,21.1,30.1,0,62.0,19.3,11.9
2025-06-28,6,29.2,24.9,33.1,0,58.0,10.7,10.7
2025-06-28,7,27.9,23.7,31.0,0,63.0,12.0,12.5
2025-06-28,8,27.6,23.5,31.0,0,41.0,22.0,10.4
2025-06-28,9,29.7,24.8,34.2,0,54.0,23.1,13.1
2025-06-28,10,27.4,21.9,32.6,0,58.0,17.9,9.6
2025-06-28,11,28.1,23.8,34.1,0,66.0,7.6,8.6
2025-06-28,12,24.9,19.1,28.0,0,58.0,22.4,13.9
2025-06-28,13,32.2,27.7,36.8,0,44.0,8.8,11.4
2025-06-28,14,29.6,24.9,34.0,0,58.0,4.3,14
2025-06-28,15,25.6,22.6,30.7,0,56.0,10.0,10.5
2025-06-28,16,29.4,25.2,35.5,0,63.0,14.9,11.3
2025-06-28,17,32.1,28.9,37.4,0,33.0,18.9,12.9
2025-06-28,18,31.0,27.1,37.6,0,46.0,18.6,9.8
2025-06-28,19,31.5,26.8,36.1,0,45.0,7.6,12.5
2025-06-28,20,31.3,26.8,35.5,0,45.0,15.7,10.4
2025-06-28,21,28.3,22.3,34.6,0,49.0,12.7,14
2025-06-28,22,30.3,26.8,35.5,0,47.0,24.1,13.1
2025-06-28,23,35.8,31.3,40.7,0,18.0,13.6,11.6
2025-06-28,24,26.9,21.5,30.3,0.1,52.0,4.0,10.4
2025-06-28,25,31.0,27.8,35.5,2.0,44.0,22.4,11.1
2025-06-29,1,26.6,23.1,30.0,0,59.0,0.4,12.3
2025-06-29,2,28.6,24.4,34.8,4.1,68.0,7.9,11.1
2025-06-29,3,26.4,22.1,31.3,1.6,62.0,21.8,10.8
2025-06-29,4,32.2,27.8,37.5,0.5,51.0,1.0,11.4
2025-06-29,5,30.0,25.4,34.4,0,54.0,18.4,11.9
2025-06-29,6,28.2,24.7,34.9,0,54.0,12.5,10.3
2025-06-29,7,29.4,24.8,32.9,0,53.0,31.6,13.9
2025-06-29,8,28.5,25.0,32.3,0,75.0,20.4,11.9
2025-06-29,9,30.8,25.4,37.1,0,58.0,10.2,13.2
2025-06-29,10,28.6,24.9,34.5,0,56.0,20.4,11.4
2025-06-29,11,27.1,22.8,31.9,0,55.0,19.3,12.5
2025-06-29,12,28.3,25.1,32.2,0,54.0,11.1,11.2
2025-06-29,13,29.5,25.9,34.8,6.4,40.0,15.0,14
2025-06-29,14,33.4,28.7,38.6,0,45.0,16.0,12.5
2025-06-29,15,26.8,22.0,31.5,12.0,63.0,8.8,9.7
2025-06-29,16,29.6,24.5,36.2,0,63.0,11.4,11.7
2025-06-29,17,34.8,29.5,39.4,0,30.0,11.4,14.0
2025-06-29,18,30.3,25.4,34.6,0,44.0,20.3,10.6
2025-06-29,19,31.5,27.9,36.3,0,41.0,9.6,11.6
2025-06-29,20,31.7,27.0,36.3,0,52.0,0.4,10.5
2025-06-29,21,28.7,25.5,33.3,0,54.0,30.6,12.1
2025-06-29,22,28.4,23.3,32.1,0,47.0,0.0,13.4
2025-06-29,23,34.5,30.6,39.5,0,26.0,7.9,11.1
2025-06-29,24,31.0,25.8,34.8,0,56.0,20.7,11.5
2025-06-29,25,31.9,25.9,37.8,0,51.0,18.8,13.8
2025-06-30,1,25.6,22.4,32.0,0,44.0,33.2,9.1
2025-06-30,2,29.5,26.2,36.3,1.9,48.0,7.1,13.4
2025-06-30,3,27.4,23.3,31.1,0,59.0,10.5,13.2
2025-06-30,4,28.7,23.9,33.7,0,52.0,29.5,12.5
2025-06-30,5,25.8,20.0,31.7,1.0,57.0,12.0,11.1
2025-06-30,6,28.9,25.8,33.4,0,55.0,21.2,14
2025-06-30,7,25.7,19.8,30.8,0,59.0,16.2,8.7
2025-06-30,8,28.5,23.2,33.7,0,54.0,29.8,9.1
2025-06-30,9,28.4,24.6,31.6,0.3,44.0,13.7,12.2
2025-06-30,10,29.3,25.4,33.3,0,57.0,9.4,10.5
2025-06-30,11,26.9,23.5,33.7,0,42.0,17.7,14
2025-06-30,12,29.0,23.7,35.7,0,59.0,30.4,12.3
2025-06-30,13,33.8,28.2,39.2,0,73.0,8.3,12.8
2025-06-30,14,29.8,25.0,36.8,0,53.0,12.0,10.4
2025-06-30,15,26.9,23.4,30.8,0,67.0,6.7,12.4
2025-06-30,16,32.7,28.0,38.2,2.0,52.0,19.1,12.3
2025-06-30,17,31.4,25.8,36.3,0,41.0,22.2,11.5
2025-06-30,18,29.1,24.9,33.2,0,38.0,13.4,10.1
2025-06-30,19,30.5,25.7,33.7,0,45.0,26.1,12.3
2025-06-30,20,30.2,26.2,33.9,0,32.0,24.2,13.1
2025-06-30,21,29.6,24.9,33.0,0.9,47.0,22.3,12.1
2025-06-30,22,27.5,22.2,33.5,0,47.0,6.9,10.8
2025-06-30,23,35.0,30.7,40.1,0,30.0,31.7,10.3
2025-06-30,24,29.8,25.0,34.8,1.6,60.0,23.6,12.4
2025-06-30,25,32.1,27.1,38.2,0,36.0,8.2,11.7
2025-07-01,1,29.0,24.6,33.1,6.8,51.0,12.4,9.0
2025-07-01,2,26.2,22.2,32.4,0,58.0,22.2,11.4
2025-07-01,3,27.7,22.0,31.7,0.2,43.0,10.1,10.4
2025-07-01,4,28.3,24.8,33.4,0,57.0,16.7,13.2
2025-07-01,5,29.9,26.0,34.4,0,55.0,24.3,13.8
2025-07-01,6,29.5,24.5,34.6,5.1,51.0,18.3,10.6
2025-07-01,7,28.0,24.7,31.1,0,60.0,28.2,12.5
2025-07-01,8,26.6,21.3,30.6,0,63.0,18.2,14
2025-07-01,9,29.0,25.9,32.5,0,64.0,19.6,11.0
2025-07-01,10,29.6,25.1,34.7,0.6,48.0,0.1,13.4
2025-07-01,11,26.7,20.9,31.8,0,54.0,27.8,13.7
2025-07-01,12,26.9,22.8,31.0,0,68.0,17.4,13.1
2025-07-01,13,32.1,28.3,36.4,0,42.0,6.8,6.5
2025-07-01,14,32.7,27.3,37.1,0,57.0,16.7,12.7
2025-07-01,15,28.6,25.2,32.8,0,72.0,19.0,11.2
2025-07-01,16,29.3,24.4,33.8,0.3,52.0,11.0,12.1
2025-07-01,17,31.5,27.3,35.8,0,37.0,7.5,10.8
2025-07-01,18,31.6,26.9,36.5,0,36.0,10.7,10.8
2025-07-01,19,30.7,26.9,37.3,0,46.0,20.3,10.8
2025-07-01,20,29.0,25.8,35.8,0,50.0,22.8,12.0
2025-07-01,21,28.1,24.4,34.9,6.4,54.0,11.3,12.1
2025-07-01,22,31.1,27.5,36.5,9.7,57.0,14.9,10.3
2025-07-01,23,33.3,27.6,40.0,0,12.0,14.3,8.7
2025-07-01,24,30.4,25.6,35.9,3.0,56.0,21.2,10.8
2025-07-01,25,33.6,28.8,37.8,1.8,41.0,17.0,11.0
2025-07-02,1,25.3,21.9,32.3,0,53.0,19.1,12.2
2025-07-02,2,30.2,24.4,33.3,0,63.0,27.3,10.3
2025-07-02,3,25.6,21.9,28.9,0,53.0,20.6,11.8
2025-07-02,4,27.1,22.1,34.1,0,57.0,15.0,11.8
2025-07-02,5,29.8,24.0,34.8,0,47.0,19.0,14
2025-07-02,6,26.9,22.6,31.3,9.0,72.0,11.2,12.6
2025-07-02,7,27.9,24.1,33.7,0,76.0,16.9,12.8
2025-07-02,8,28.1,24.2,34.1,0,46.0,34.3,11.5
2025-07-02,9,29.7,25.0,34.5,0,61.0,25.3,12.8
2025-07-02,10,28.2,24.2,33.8,0,47.0,27.2,13.2
2025-07-02,11,25.1,21.0,28.5,0,55.0,18.0,12.6
2025-07-02,12,25.9,20.0,30.3,0.3,57.0,12.1,12.2
2025-07-02,13,29.3,26.1,33.8,0,36.0,17.4,13.0
2025-07-02,14,32.1,28.7,36.7,0,60.0,8.0,10.4
2025-07-02,15,28.0,24.5,32.9,0,58.0,0.1,12.1
2025-07-02,16,26.0,20.3,29.0,0,52.0,21.3,13.4
2025-07-02,17,33.4,29.9,37.7,0,39.0,9.4,12.9
2025-07-02,18,31.5,26.0,35.0,0,43.0,11.9,12.7
2025-07-02,19,28.1,24.6,33.1,0,41.0,11.4,9.3
2025-07-02,20,30.7,27.1,37.6,0,49.0,23.2,11.5
2025-07-02,21,27.6,23.1,31.0,0,61.0,28.2,10.3
2025-07-02,22,28.8,24.9,34.0,0,41.0,18.3,10.4
2025-07-02,23,35.2,30.5,39.3,0,32.0,19.0,11.1
2025-07-02,24,29.4,23.6,35.5,0,57.0,3.4,10.3
2025-07-02,25,31.2,27.8,37.5,0,23.0,14.8,14
2025-07-03,1,27.3,23.4,30.7,1.5,41.0,10.6,10.0
2025-07-03,2,32.1,28.0,38.5,0,67.0,17.7,10.7
2025-07-03,3,28.4,23.5,34.7,0,41.0,3.8,12.2
2025-07-03,4,29.4,24.7,34.1,0,51.0,9.2,10.5
2025-07-03,5,28.8,22.9,32.9,0,58.0,12.3,10.7
2025-07-03,6,26.8,22.7,33.3,0,70.0,35.2,13.8
2025-07-03,7,28.3,25.2,34.6,0,45.0,13.5,10.6
2025-07-03,8,28.4,24.5,34.9,0,48.0,19.2,12.9
2025-07-03,9,30.2,26.7,36.2,0,59.0,16.2,11.0
2025-07-03,10,29.1,24.3,34.5,0,48.0,23.1,11.4
2025-07-03,11,25.8,19.9,30.5,0,70.0,6.9,11.1
2025-07-03,12,24.9,20.7,29.3,0.0,53.0,19.3,12.1
2025-07-03,13,27.5,22.9,33.7,0,39.0,24.1,12.1
2025-07-03,14,30.7,25.7,35.5,0,45.0,15.7,11.5
2025-07-03,15,27.4,21.7,32.3,0,77.0,1.1,12.8
2025-07-03,16,26.3,20.8,29.4,0,64.0,27.0,9.7
2025-07-03,17,32.6,27.0,37.2,0,40.0,11.0,11.4
2025-07-03,18,28.2,22.8,32.1,0,33.0,22.9,10.5
2025-07-03,19,31.1,25.9,36.5,0,37.0,22.5,10.8
2025-07-03,20,31.7,28.1,35.4,0.7,48.0,2.1,13.3
2025-07-03,21,29.5,25.2,36.1,0,55.0,11.3,12.5
2025-07-03,22,31.4,27.0,37.6,1.3,36.0,7.1,10.2
2025-07-03,23,35.8,30.7,42.5,0,26.0,26.2,12.7
2025-07-03,24,29.8,24.5,33.1,0,61.0,1.6,12.4
2025-07-03,25,31.1,27.6,35.7,0,45.0,8.6,10.9
2025-07-04,1,31.5,26.2,35.0,0,60.0,3.4,14
2025-07-04,2,28.9,24.0,35.2,0,45.0,22.3,13.3
2025-07-04,3,27.9,23.7,34.1,0,49.0,16.0,12.5
2025-07-04,4,27.9,24.6,33.8,0,49.0,20.9,12.0
2025-07-04,5,26.8,21.5,30.4,0,52.0,33.1,13.1
2025-07-04,6,28.0,22.8,31.4,0,58.0,9.7,13.7
2025-07-04,7,28.4,22.7,33.3,0,57.0,24.6,13.2
2025-07-04,8,26.5,23.5,33.0,0,40.0,12.6,12.5
2025-07-04,9,28.8,24.1,33.8,0,36.0,16.5,12.6
2025-07-04,10,30.7,27.1,36.0,0,55.0,29.7,9.4
2025-07-04,11,29.3,25.8,34.5,0,75.0,14.0,10.2
2025-07-04,12,28.1,22.5,32.2,0.7,49.0,20.0,9.7
2025-07-04,13,31.3,26.0,34.5,0,32.0,9.4,12.0
2025-07-04,14,30.2,26.1,37.0,0,41.0,11.2,14
2025-07-04,15,26.5,20.9,31.9,0,68.0,16.9,10.0
2025-07-04,16,27.9,24.4,34.5,6.5,60.0,22.8,12.3
2025-07-04,17,31.1,25.4,36.6,0,39.0,12.8,14
2025-07-04,18,29.1,24.5,33.3,0,27.0,5.8,14
2025-07-04,19,31.2,27.0,37.7,0,47.0,16.6,12.2
2025-07-04,20,29.8,26.0,36.1,0,54.0,18.1,9.6
2025-07-04,21,29.4,24.9,33.7,0,53.0,13.4,13.7
2025-07-04,22,29.8,25.4,35.6,0,63.0,16.5,10.6
2025-07-04,23,34.2,28.3,40.2,0,25.0,13.6,11.8
2025-07-04,24,31.2,27.1,34.7,0,55.0,12.9,11.8
2025-07-04,25,29.8,25.5,35.5,0,33.0,10.3,13.6
2025-07-05,1,28.1,24.6,33.6,0,58.0,13.2,12.3
2025-07-05,2,26.1,22.2,30.0,4.5,46.0,25.8,11.1
2025-07-05,3,28.3,23.0,34.8,0,50.0,21.3,12.0
2025-07-05,4,27.9,22.4,34.7,0,48.0,8.4,10.6
2025-07-05,5,27.8,24.2,33.5,0,63.0,35.1,10.9
2025-07-05,6,27.8,22.0,31.6,0,48.0,8.9,13.6
2025-07-05,7,26.6,21.6,29.9,0,57.0,7.3,11.1
2025-07-05,8,29.9,24.4,36.7,0,61.0,8.3,12.4
2025-07-05,9,29.5,24.6,35.6,0,59.0,30.6,12.4
2025-07-05,10,29.3,23.5,33.4,4.2,53.0,11.9,9.3
2025-07-05,11,27.4,22.1,31.4,0,53.0,17.1,12.5
2025-07-05,12,29.4,25.6,35.9,0,61.0,12.1,10.4
2025-07-05,13,29.4,25.7,35.1,0,52.0,0.0,12.3
2025-07-05,14,31.4,27.6,36.3,0,53.0,11.1,11.3
2025-07-05,15,25.8,22.1,30.6,0,70.0,6.0,13.0
2025-07-05,16,23.0,18.5,28.8,2.0,48.0,18.4,10.5
2025-07-05,17,32.7,27.8,35.8,0,43.0,15.8,12.4
2025-07-05,18,30.1,25.7,33.9,0,39.0,13.2,10.5
2025-07-05,19,30.8,27.5,35.0,0,33.0,3.8,13.3
2025-07-05,20,27.4,21.8,32.7,0,52.0,31.1,10.5
2025-07-05,21,30.3,27.3,36.7,0,50.0,25.0,11.1
2025-07-05,22,28.0,23.5,31.5,0,50.0,10.0,11.2
2025-07-05,23,36.9,33.7,42.4,0,20.0,16.2,11.5
2025-07-05,24,29.3,23.5,32.6,0,51.0,0.5,11.1
2025-07-05,25,31.8,27.0,37.6,0,29.0,24.7,11.6
2025-07-06,1,31.4,25.9,38.3,10.5,64.0,14.2,10.9
2025-07-06,2,28.8,24.1,34.0,0,42.0,21.1,12.8
2025-07-06,3,29.4,24.5,35.0,0,36.0,11.4,10.4
2025-07-06,4,31.1,25.9,36.8,0.8,47.0,7.1,11.1
2025-07-06,5,28.9,23.0,32.0,0,64.0,15.0,14
2025-07-06,6,24.4,21.4,31.3,0,58.0,9.0,10.9
2025-07-06,7,28.1,24.3,32.1,0,59.0,13.5,12.9
2025-07-06,8,27.6,22.4,32.6,0,56.0,12.3,11.2
2025-07-06,9,29.9,26.7,36.1,0,49.0,29.3,10.0
2025-07-06,10,27.0,22.8,30.2,0,52.0,14.1,12.6
2025-07-06,11,28.1,24.0,32.3,0,59.0,16.9,12.2
2025-07-06,12,28.1,22.4,31.5,0.6,68.0,17.7,12.8
2025-07-06,13,30.9,27.6,35.9,0,43.0,5.8,14
2025-07-06,14,29.1,24.0,34.1,0,54.0,12.3,12.4
2025-07-06,15,27.0,23.2,32.5,0,70.0,13.1,12.1
2025-07-06,16,26.5,22.4,30.2,0,61.0,26.2,13.6
2025-07-06,17,32.6,29.2,36.7,0,46.0,18.5,12.2
2025-07-06,18,29.3,25.9,35.8,0,35.0,20.8,13.7
2025-07-06,19,31.3,27.7,36.0,0.3,44.0,14.6,9.2
2025-07-06,20,31.2,25.6,34.6,0,40.0,13.7,11.4
2025-07-06,21,28.0,22.7,32.4,0,60.0,9.2,12.8
2025-07-06,22,30.6,25.6,37.1,1.7,45.0,10.9,11.9
2025-07-06,23,35.0,31.6,38.7,0,18.0,10.8,12.7
2025-07-06,24,26.9,23.2,32.8,0,54.0,12.6,11.3
2025-07-06,25,30.9,25.9,37.3,0,49.0,14.0,13.6
2025-07-07,1,26.0,21.1,30.6,0,59.0,23.6,13.5
2025-07-07,2,29.4,25.7,35.6,0.3,59.0,21.0,11.3
2025-07-07,3,30.2,25.7,34.2,4.8,41.0,12.9,11.8
2025-07-07,4,26.3,22.1,32.2,0,53.0,19.2,11.1
2025-07-07,5,27.1,22.2,32.6,0,61.0,26.5,10.2
2025-07-07,6,28.8,24.8,34.7,2.2,60.0,9.3,13.7
2025-07-07,7,28.9,24.8,32.0,0.4,63.0,21.9,11.7
2025-07-07,8,27.2,21.7,30.9,0,65.0,8.0,9.0
2025-07-07,9,29.7,26.3,33.1,0,55.0,25.7,11.8
2025-07-07,10,30.5,26.5,35.2,0,59.0,14.4,13.3
2025-07-07,11,25.9,20.3,30.9,0,59.0,7.7,10.8
2025-07-07,12,28.4,22.8,34.0,0,76.0,2.6,12.1
2025-07-07,13,29.4,23.4,33.7,0,39.0,2.1,11.1
2025-07-07,14,30.3,25.8,37.1,0,43.0,18.7,13.3
2025-07-07,15,25.3,19.5,30.2,25.9,65.0,14.8,9.3
2025-07-07,16,25.1,19.4,28.8,0,50.0,14.7,10.5
2025-07-07,17,33.8,29.6,38.9,0,33.0,20.0,12.5
2025-07-07,18,26.2,22.8,29.6,0,36.0,18.3,11.9
2025-07-07,19,30.8,25.6,36.8,0.4,54.0,24.3,11.4
2025-07-07,20,28.2,23.2,34.9,0,44.0,23.4,12.2
2025-07-07,21,28.4,22.5,32.6,0,50.0,18.9,12.9
2025-07-07,22,29.0,24.1,35.2,0,40.0,2.6,10.9
2025-07-07,23,34.1,29.8,37.3,0,23.0,6.0,13.7
2025-07-07,24,29.2,24.1,33.8,4.7,48.0,2.0,11.9
2025-07-07,25,28.5,22.7,34.7,0,30.0,16.0,9.0
2025-07-08,1,26.8,21.7,31.2,0,63.0,19.8,12.4
2025-07-08,2,28.5,22.8,33.0,0,49.0,10.1,11.6
2025-07-08,3,26.6,22.3,33.1,0,60.0,3.6,13.9
2025-07-08,4,29.9,26.1,36.7,0,47.0,19.7,10.3
2025-07-08,5,27.2,23.4,32.3,13.0,70.0,12.3,12.0
2025-07-08,6,28.9,25.1,35.0,0,57.0,21.8,14
2025-07-08,7,26.6,23.2,32.4,0,53.0,11.6,13.7
2025-07-08,8,26.6,21.2,31.6,6.5,61.0,25.1,12.6
2025-07-08,9,29.0,25.8,33.8,0,63.0,5.8,11.3
2025-07-08,10,28.6,22.8,31.9,0,53.0,9.9,12.8
2025-07-08,11,26.9,21.8,33.3,0,77.0,20.2,14
2025-07-08,12,26.7,21.8,31.9,0,69.0,4.1,13.3
2025-07-08,13,30.9,27.7,37.9,0,40.0,7.6,12.3
2025-07-08,14,31.0,25.2,36.3,3.0,58.0,9.8,10.6
2025-07-08,15,26.7,22.2,32.0,0,61.0,18.4,11.6
2025-07-08,16,26.5,23.4,33.1,0,61.0,19.5,14
2025-07-08,17,32.1,27.9,35.7,0,37.0,0.8,11.0
2025-07-08,18,29.2,24.1,32.4,5.7,41.0,15.9,10.7
2025-07-08,19,30.6,25.0,35.1,0,43.0,7.9,10.3
2025-07-08,20,30.9,25.1,36.3,0,50.0,23.0,14
2025-07-08,21,30.0,26.5,34.3,0.6,40.0,20.1,11.3
2025-07-08,22,31.7,26.0,38.3,0,58.0,21.8,8.3
2025-07-08,23,36.5,31.0,42.3,0,32.0,15.3,11.1
2025-07-08,24,28.6,22.9,33.8,0.9,44.0,9.6,12.0
2025-07-08,25,31.2,27.1,37.1,0,38.0,24.6,10.4
2025-07-09,1,28.3,23.2,31.7,0,52.0,9.5,10.9
2025-07-09,2,29.5,23.8,34.8,5.9,61.0,11.0,11.9
2025-07-09,3,26.5,23.5,32.8,0,45.0,8.2,13.3
2025-07-09,4,27.6,23.5,34.1,0,64.0,3.6,10.5
2025-07-09,5,28.0,22.7,32.8,0,62.0,19.0,12.9
2025-07-09,6,30.0,26.5,37.0,1.9,61.0,5.9,10.3
2025-07-09,7,30.1,25.6,35.5,7.9,65.0,20.6,11.6
2025-07-09,8,26.6,21.3,32.8,0,61.0,18.5,13.8
2025-07-09,9,29.6,25.5,33.6,3.5,63.0,14.3,13.2
2025-07-09,10,25.9,21.7,30.9,1.1,70.0,21.9,12.1
2025-07-09,11,26.4,22.3,31.5,0,61.0,2.6,13.4
2025-07-09,12,26.5,22.6,29.8,0,77.0,14.1,11.8
2025-07-09,13,32.5,27.0,37.2,6.9,47.0,20.7,14
2025-07-09,14,30.2,27.0,37.0,0,53.0,31.2,12.4
2025-07-09,15,27.0,21.6,31.8,0,73.0,17.5,12.5
2025-07-09,16,28.0,23.7,31.6,1.0,62.0,3.6,12.8
2025-07-09,17,29.8,24.4,33.6,0,30.0,20.5,13.8
2025-07-09,18,27.5,22.3,33.4,0,46.0,11.6,10.2
2025-07-09,19,31.1,27.5,35.4,0,38.0,0.6,13.6
2025-07-09,20,29.7,26.2,34.8,0,52.0,27.4,14.0
2025-07-09,21,30.1,26.6,36.1,0,33.0,22.8,11.7
2025-07-09,22,26.3,21.4,31.7,0,54.0,23.9,10.3
2025-07-09,23,39.2,35.6,43.6,0,32.0,2.9,12.2
2025-07-09,24,27.6,22.3,31.4,0,68.0,13.2,12.2
2025-07-09,25,30.5,25.8,37.1,0,31.0,21.6,11.5
2025-07-10,1,25.1,21.4,30.0,0,59.0,13.9,13.3
2025-07-10,2,27.0,23.3,31.4,0,46.0,12.4,12.1
2025-07-10,3,28.8,25.2,32.1,1.5,50.0,12.8,12.3
2025-07-10,4,28.8,23.9,33.1,0.8,50.0,11.5,14
2025-07-10,5,28.8,23.7,32.9,0,43.0,19.1,13.1
2025-07-10,6,30.5,27.4,34.8,0,63.0,14.2,14
2025-07-10,7,31.0,27.4,36.6,0,59.0,11.5,12.8
2025-07-10,8,26.2,21.7,31.5,0,57.0,15.0,12.0
2025-07-10,9,27.8,23.9,33.6,0,39.0,41.3,12.7
2025-07-10,10,28.9,25.5,32.9,0,51.0,22.2,12.0
2025-07-10,11,27.0,22.3,31.3,0,59.0,3.9,9.8
2025-07-10,12,25.3,21.5,29.8,0,50.0,23.7,10.0
2025-07-10,13,28.3,23.4,33.8,0,72.0,23.0,12.5
2025-07-10,14,31.1,25.4,37.8,0,51.0,3.0,13.8
2025-07-10,15,25.7,20.6,31.7,8.6,71.0,4.9,10.3
2025-07-10,16,27.5,21.9,33.1,0,69.0,26.5,9.5
2025-07-10,17,32.1,29.0,35.1,0,36.0,7.4,12.6
2025-07-10,18,28.2,23.3,33.2,0,34.0,11.2,12.2
2025-07-10,19,32.0,28.7,35.1,0,48.0,11.2,12.1
2025-07-10,20,27.9,24.4,32.1,0,35.0,18.0,10.0
2025-07-10,21,29.9,25.8,36.7,0,42.0,6.4,10.0
2025-07-10,22,27.6,24.0,31.3,0,32.0,3.8,13.7
2025-07-10,23,33.6,29.8,37.8,0,38.0,8.7,11.6
2025-07-10,24,26.7,22.7,32.6,4.0,51.0,21.2,12.2
2025-07-10,25,29.9,25.6,33.5,0,50.0,15.3,12.6
2025-07-11,1,28.0,23.1,31.5,0.1,45.0,23.3,8.4
2025-07-11,2,29.3,24.3,35.9,4.8,54.0,12.7,10.0
2025-07-11,3,28.7,25.3,34.0,0,55.0,22.3,12.6
2025-07-11,4,26.4,20.7,31.3,0,65.0,17.4,12.1
2025-07-11,5,28.5,24.9,33.6,0,61.0,20.0,11.7
2025-07-11,6,27.9,22.9,32.4,0,70.0,24.5,12.2
2025-07-11,7,29.3,24.4,35.5,3.9,63.0,13.5,11.6
2025-07-11,8,25.9,21.4,32.2,0,68.0,24.1,11.1
2025-07-11,9,30.7,25.6,36.3,0,46.0,2.9,12.7
2025-07-11,10,26.2,21.2,30.1,0,44.0,13.4,11.4
2025-07-11,11,26.2,20.3,30.0,0,67.0,20.3,8.5
2025-07-11,12,27.4,22.0,33.2,0,69.0,30.6,10.8
2025-07-11,13,31.5,28.0,37.1,0,47.0,14.6,14
2025-07-11,14,31.5,27.1,36.8,0,57.0,22.6,11.1
2025-07-11,15,29.8,26.6,32.9,0,60.0,10.4,11.7
2025-07-11,16,25.6,20.2,30.1,0,56.0,7.8,14
2025-07-11,17,32.0,26.9,38.4,0,38.0,16.5,14
2025-07-11,18,28.4,23.6,31.8,0,41.0,6.3,13.1
2025-07-11,19,31.2,26.9,36.9,0,51.0,21.0,12.7
2025-07-11,20,30.1,26.3,36.8,0,49.0,5.8,12.1
2025-07-11,21,28.9,23.0,33.5,0,44.0,10.8,13.6
2025-07-11,22,31.3,26.4,34.4,0,53.0,17.8,10.7
2025-07-11,23,32.1,28.1,37.6,0,31.0,21.7,11.5
2025-07-11,24,25.8,21.1,32.4,0,57.0,22.9,9.6
2025-07-11,25,30.6,26.9,33.7,0,38.0,19.6,13.2
2025-07-12,1,28.0,23.4,34.8,0.0,48.0,9.1,10.3
2025-07-12,2,26.6,22.1,30.1,0,58.0,5.7,13.4
2025-07-12,3,28.5,24.4,31.6,0,49.0,3.7,12.3
2025-07-12,4,26.3,22.0,30.6,0,61.0,26.2,11.5
2025-07-12,5,24.7,19.2,30.0,0,69.0,14.8,13.5
2025-07-12,6,26.6,22.7,30.2,0,52.0,15.9,14
2025-07-12,7,27.8,21.8,32.4,0,54.0,9.6,10.7
2025-07-12,8,29.3,24.9,32.5,0,56.0,12.6,11.6
2025-07-12,9,28.3,24.6,34.7,0,55.0,29.4,14
2025-07-12,10,26.4,22.7,33.1,0,51.0,9.0,10.2
2025-07-12,11,27.7,23.4,32.9,0,60.0,16.2,12.5
2025-07-12,12,24.7,19.6,30.9,0,60.0,14.5,11.4
2025-07-12,13,29.9,25.3,36.9,0,66.0,12.2,13.3
2025-07-12,14,29.7,24.9,34.4,0,59.0,22.0,10.1
2025-07-12,15,27.5,24.0,33.3,0,57.0,11.2,8.9
2025-07-12,16,27.3,22.6,33.4,0,43.0,22.0,9.7
2025-07-12,17,31.3,25.9,35.4,0,40.0,23.7,13.8
2025-07-12,18,29.0,24.8,34.0,0,51.0,18.5,13.5
2025-07-12,19,30.3,26.1,34.6,0,58.0,16.7,12.2
2025-07-12,20,29.3,24.0,34.9,0,49.0,30.3,10.5
2025-07-12,21,29.5,25.9,33.8,0,43.0,21.6,12.1
2025-07-12,22,28.7,25.0,32.9,0,51.0,16.8,12.1
2025-07-12,23,33.1,27.8,38.0,0,15.0,8.1,11.2
2025-07-12,24,27.9,24.3,33.2,0,46.0,19.8,11.6
2025-07-12,25,31.8,28.6,35.5,0,50.0,17.8,12.2
2025-07-13,1,27.6,22.1,33.1,0,48.0,22.2,12.2
2025-07-13,2,30.9,27.3,36.8,0,61.0,18.9,10.3
2025-07-13,3,27.3,22.7,33.6,0,51.0,14.1,12.0
2025-07-13,4,25.1,19.6,28.4,0,48.0,6.4,14
2025-07-13,5,30.0,24.7,37.0,0,54.0,12.5,11.5
2025-07-13,6,28.5,25.0,31.9,0,62.0,9.2,12.1
2025-07-13,7,28.5,24.8,33.5,0.4,46.0,9.3,12.9
2025-07-13,8,29.0,24.8,35.7,0,59.0,4.9,12.1
2025-07-13,9,28.7,24.1,32.6,0,53.0,9.5,12.8
2025-07-13,10,30.3,24.3,34.2,0,62.0,22.2,14
2025-07-13,11,27.5,22.6,32.9,0,58.0,21.8,13.9
2025-07-13,12,27.3,24.1,32.0,1.3,58.0,14.6,8.8
2025-07-13,13,29.0,25.1,35.8,0,36.0,5.4,8.8
2025-07-13,14,28.0,23.0,31.8,0,41.0,8.8,12.2
2025-07-13,15,27.5,24.1,32.8,2.3,58.0,26.7,13.4
2025-07-13,16,24.3,20.0,28.2,0,75.0,14.9,14
2025-07-13,17,29.2,26.2,32.7,0,29.0,21.1,13.5
2025-07-13,18,28.3,23.1,34.2,0,41.0,25.8,8.6
2025-07-13,19,32.6,28.3,36.8,0,45.0,16.9,9.5
2025-07-13,20,30.8,25.2,33.9,0,44.0,6.8,11.3
2025-07-13,21,26.3,22.5,30.3,0,42.0,16.2,11.9
2025-07-13,22,30.3,26.7,34.4,0,36.0,32.6,13.6
2025-07-13,23,35.4,30.8,42.0,0,34.0,9.5,11.2
2025-07-13,24,27.5,23.0,32.4,0,60.0,13.6,13.3
2025-07-13,25,30.9,25.8,34.4,0,34.0,16.1,12.0
2025-07-14,1,25.5,20.4,29.0,0,50.0,13.0,12.0
2025-07-14,2,30.4,26.4,34.6,5.5,55.0,8.1,12.9
2025-07-14,3,28.6,24.1,33.8,0,56.0,14.9,11.9
2025-07-14,4,25.8,21.8,30.4,0,62.0,19.9,9.9
2025-07-14,5,27.6,23.9,30.6,0,59.0,18.4,13.0
2025-07-14,6,27.6,23.1,31.7,0,28.0,31.5,12.8
2025-07-14,7,28.4,25.2,32.9,0,78.0,22.2,13.1
2025-07-14,8,26.7,22.9,30.1,0,53.0,21.0,11.3
2025-07-14,9,30.3,25.8,36.3,0,60.0,5.5,11.8
2025-07-14,10,29.2,25.0,32.9,0,53.0,17.6,10.0
2025-07-14,11,28.3,24.5,32.4,0,63.0,21.2,13.2
2025-07-14,12,29.2,25.3,32.7,0,59.0,20.7,13.2
2025-07-14,13,30.7,25.2,34.2,1.0,41.0,24.8,11.4
2025-07-14,14,30.1,24.4,34.3,0,66.0,1.9,10.2
2025-07-14,15,24.2,18.4,30.4,0.2,68.0,29.8,11.7
2025-07-14,16,28.0,22.1,33.1,0,82.0,20.5,12.0
2025-07-14,17,32.5,29.4,36.3,0,54.0,0.3,13.4
2025-07-14,18,27.7,21.7,33.0,0,43.0,17.3,10.8
2025-07-14,19,31.1,25.2,36.6,0,63.0,23.1,10.1
2025-07-14,20,29.4,24.3,35.8,0,45.0,7.9,11.5
2025-07-14,21,27.2,23.2,31.9,0,45.0,7.7,12.7
2025-07-14,22,30.2,26.7,36.8,0,39.0,28.7,12.0
2025-07-14,23,35.5,31.7,41.6,0,12.0,23.6,11.2
2025-07-14,24,25.8,20.1,30.2,0,66.0,15.2,12.4
2025-07-14,25,30.0,25.6,34.2,0,55.0,0.0,12.7
2025-07-15,1,27.8,23.8,32.5,10.3,44.0,4.1,11.5
2025-07-15,2,29.2,25.4,33.1,0,50.0,8.3,8.8
2025-07-15,3,28.2,24.0,33.2,0,55.0,19.9,14
2025-07-15,4,29.2,25.8,34.1,0,52.0,11.1,12.1
2025-07-15,5,26.1,22.2,29.3,0,64.0,24.4,14
2025-07-15,6,28.9,24.9,34.6,0,61.0,11.3,10.0
2025-07-15,7,28.4,25.0,32.7,0,66.0,26.4,10.1
2025-07-15,8,26.9,23.8,31.8,0,55.0,10.1,10.8
2025-07-15,9,26.0,22.5,32.6,0,57.0,6.0,12.6
2025-07-15,10,27.7,24.3,33.0,0,53.0,12.9,13.4
2025-07-15,11,28.5,24.4,34.5,0,61.0,12.0,12.2
2025-07-15,12,26.5,23.3,31.2,0,49.0,21.9,10.2
2025-07-15,13,30.3,25.7,37.0,0,46.0,20.9,12.6
2025-07-15,14,31.1,26.2,37.7,0,56.0,6.4,10.8
2025-07-15,15,23.6,18.9,27.5,0,61.0,14.1,11.3
2025-07-15,16,25.5,20.6,31.1,0,66.0,16.8,9.1
2025-07-15,17,32.1,27.7,36.3,0,48.0,12.5,9.7
2025-07-15,18,31.3,25.8,36.1,0,50.0,12.1,12.6
2025-07-15,19,31.3,28.3,37.0,0,41.0,16.2,10.4
2025-07-15,20,33.8,29.0,37.7,0,32.0,12.2,11.3
2025-07-15,21,26.9,22.1,30.1,7.0,47.0,25.7,10.3
2025-07-15,22,26.0,22.6,30.3,0,44.0,10.9,9.7
2025-07-15,23,37.2,31.3,42.5,0,22.0,16.9,12.5
2025-07-15,24,26.5,21.3,30.2,0,72.0,9.9,8.8
2025-07-15,25,29.3,23.8,33.0,0,49.0,5.8,12.8
2025-07-16,1,27.6,21.9,32.7,0,52.0,9.3,8.5
2025-07-16,2,28.9,25.0,35.4,0,52.0,8.1,9.8
2025-07-16,3,27.8,23.8,32.8,0,53.0,21.3,13.3
2025-07-16,4,27.8,23.8,31.1,0,50.0,2.6,13.5
2025-07-16,5,28.9,23.2,33.4,0,62.0,18.4,14
2025-07-16,6,27.6,22.1,31.1,0.2,56.0,26.2,10.8
2025-07-16,7,25.9,21.3,31.4,0,57.0,1.0,12.4
2025-07-16,8,25.8,22.8,29.2,0.0,60.0,6.9,13.1
2025-07-16,9,29.8,23.8,33.4,0,55.0,23.9,11.3
2025-07-16,10,30.1,25.1,34.5,0,65.0,20.3,9.4
2025-07-16,11,26.1,22.8,31.7,0.1,61.0,24.9,11.4
2025-07-16,12,29.3,25.5,35.6,0,53.0,21.6,11.8
2025-07-16,13,30.1,26.0,33.2,0,38.0,14.8,8.3
2025-07-16,14,29.6,26.4,33.4,0,53.0,16.7,11.2
2025-07-16,15,25.1,19.5,30.9,12.2,57.0,15.7,10.7
2025-07-16,16,29.7,26.3,33.8,0,71.0,10.2,12.4
2025-07-16,17,29.1,24.2,34.6,0,26.0,24.8,10.6
2025-07-16,18,28.0,24.7,31.0,0,34.0,12.0,14
2025-07-16,19,31.0,26.8,34.3,0,45.0,21.5,10.2
2025-07-16,20,31.5,25.6,35.2,1.0,41.0,25.7,10.1
2025-07-16,21,28.4,24.5,33.6,0,40.0,16.3,10.9
2025-07-16,22,26.6,23.2,30.5,0,57.0,3.0,12.0
2025-07-16,23,33.0,27.7,38.0,0,22.0,15.2,12.4
2025-07-16,24,25.1,20.9,29.0,0,56.0,16.9,11.7
2025-07-16,25,31.8,28.5,38.5,0,62.0,1.2,12.9
2025-07-17,1,30.2,25.8,36.7,0,47.0,29.2,14
2025-07-17,2,26.4,21.2,30.0,1.5,64.0,8.5,10.3
2025-07-17,3,26.8,21.9,33.2,0,66.0,24.9,12.0
2025-07-17,4,25.4,20.0,31.9,0,58.0,22.9,10.1
2025-07-17,5,29.2,24.0,34.5,0,63.0,14.9,12.4
2025-07-17,6,28.1,23.7,33.0,0,52.0,23.2,12.5
2025-07-17,7,27.6,21.9,31.7,0,49.0,13.5,11.4
2025-07-17,8,28.9,23.6,33.8,2.6,61.0,16.5,9.5
2025-07-17,9,28.8,24.1,35.0,0,55.0,2.4,10.3
2025-07-17,10,27.4,21.9,31.7,0,62.0,18.6,10.9
2025-07-17,11,24.2,19.9,28.5,0,62.0,19.8,12.0
2025-07-17,12,26.9,22.4,33.1,0,82.0,19.8,12.4
2025-07-17,13,33.7,28.3,39.2,0,43.0,1.2,8.4
2025-07-17,14,30.9,26.0,35.2,0,59.0,5.4,11.5
2025-07-17,15,26.6,22.5,33.3,0,61.0,15.7,9.8
2025-07-17,16,27.7,22.2,32.6,0,51.0,4.4,11.2
2025-07-17,17,29.1,25.7,32.9,0.6,36.0,28.1,9.5
2025-07-17,18,27.1,23.4,30.8,0,41.0,1.4,12.4
2025-07-17,19,29.1,23.9,35.9,0,25.0,19.8,9.9
2025-07-17,20,32.0,28.1,37.4,0,41.0,13.7,12.4
2025-07-17,21,28.6,23.2,35.4,0,40.0,15.4,14
2025-07-17,22,28.9,23.2,35.7,0,41.0,11.2,11.2
2025-07-17,23,34.5,29.1,37.5,0,23.0,20.5,10.2
2025-07-17,24,29.2,25.9,34.8,4.4,54.0,2.8,14
2025-07-17,25,31.1,26.1,35.0,0,33.0,20.0,10.3
2025-07-18,1,25.3,19.4,28.3,0,46.0,17.3,11.7
2025-07-18,2,30.9,27.7,34.6,0,50.0,10.5,11.4
2025-07-18,3,28.8,24.5,32.3,0,53.0,18.4,12.3
2025-07-18,4,27.2,21.5,31.3,0,69.0,3.1,8.8
2025-07-18,5,26.1,20.8,31.7,0,62.0,20.5,11.9
2025-07-18,6,25.7,22.3,31.6,0,58.0,18.0,9.1
2025-07-18,7,25.4,20.0,28.4,0,71.0,6.7,10.9
2025-07-18,8,27.2,21.5,33.1,3.8,52.0,6.7,11.5
2025-07-18,9,30.3,25.0,36.1,0,57.0,10.6,8.8
2025-07-18,10,29.3,24.5,32.9,0,65.0,11.4,10.1
2025-07-18,11,27.4,23.6,33.1,0,55.0,17.1,12.3
2025-07-18,12,25.0,21.3,31.4,0,69.0,9.8,9.7
2025-07-18,13,29.6,26.4,36.5,0,55.0,15.9,10.3
2025-07-18,14,31.0,25.3,37.9,0,53.0,8.7,11.4
2025-07-18,15,25.4,21.5,28.8,0,67.0,13.9,11.8
2025-07-18,16,25.3,20.6,30.4,0,57.0,19.0,11.6
2025-07-18,17,30.4,26.3,36.4,0,35.0,12.9,10.9
2025-07-18,18,27.0,21.7,30.2,0,28.0,6.2,10.6
2025-07-18,19,29.7,24.8,36.2,0,41.0,1.5,11.4
2025-07-18,20,29.2,25.4,35.6,0,58.0,21.0,10.9
2025-07-18,21,26.1,20.4,31.7,0,52.0,20.2,10.7
2025-07-18,22,27.5,22.7,34.5,0,55.0,23.2,12.0
2025-07-18,23,35.1,31.9,41.5,0,29.0,11.1,10.9
2025-07-18,24,27.3,23.9,31.2,0,59.0,19.2,10.3
2025-07-18,25,30.3,24.5,37.3,0,35.0,19.1,12.4
2025-07-19,1,28.0,22.3,32.5,0,59.0,3.4,13.5
2025-07-19,2,27.4,22.8,30.5,0,55.0,0.9,10.7
2025-07-19,3,26.5,22.1,32.8,0,52.0,0.2,9.9
2025-07-19,4,29.6,25.4,35.7,0.7,48.0,6.4,10.6
2025-07-19,5,24.7,19.2,31.6,0,55.0,16.5,12.9
2025-07-19,6,26.2,23.0,33.0,3.1,65.0,24.9,10.4
2025-07-19,7,28.3,23.5,35.0,0,55.0,17.7,11.3
2025-07-19,8,26.0,20.9,30.2,0,56.0,8.4,11.6
2025-07-19,9,31.5,26.4,37.4,0.3,49.0,28.9,11.0
2025-07-19,10,29.0,23.4,33.1,0,55.0,4.2,10.9
2025-07-19,11,26.2,21.5,32.3,0,60.0,10.3,8.5
2025-07-19,12,26.8,22.2,33.0,0,51.0,19.3,14
2025-07-19,13,30.7,27.1,37.6,0,56.0,2.2,12.1
2025-07-19,14,28.6,24.5,34.3,0,49.0,8.8,13.0
2025-07-19,15,24.1,20.7,29.4,11.2,64.0,23.6,12.2
2025-07-19,16,28.7,24.6,33.7,2.4,59.0,12.0,13.9
2025-07-19,17,30.1,26.4,36.6,0,44.0,23.6,10.2
2025-07-19,18,28.3,24.3,33.8,0,37.0,14.7,10.9
2025-07-19,19,31.2,26.3,35.2,0,52.0,16.9,12.2
2025-07-19,20,34.5,31.1,37.7,0,32.0,12.4,13.0
2025-07-19,21,30.9,25.6,34.5,2.5,40.0,22.1,10.3
2025-07-19,22,28.7,22.7,33.4,0,41.0,19.4,9.3
2025-07-19,23,35.7,31.1,42.6,0,26.0,11.3,12.1
2025-07-19,24,30.2,26.0,35.0,0,48.0,8.5,10.1
2025-07-19,25,30.4,25.7,34.0,0,44.0,13.3,12.2
2025-07-20,1,27.7,23.6,32.4,0,58.0,19.0,11.6
2025-07-20,2,25.6,20.2,31.2,0,62.0,24.4,12.2
2025-07-20,3,27.7,23.9,34.1,0,44.0,0.3,10.7
2025-07-20,4,28.3,22.9,32.3,0,60.0,21.3,12.6
2025-07-20,5,28.3,24.0,33.8,0,72.0,11.1,10.0
2025-07-20,6,28.8,24.8,35.7,0,62.0,18.9,12.3
2025-07-20,7,28.9,24.7,34.7,0,65.0,7.3,12.5
2025-07-20,8,25.8,22.3,29.8,0,59.0,11.8,13.3
2025-07-20,9,26.9,23.3,30.6,0,45.0,6.6,12.7
2025-07-20,10,28.3,23.6,33.3,0,47.0,4.3,9.9
2025-07-20,11,27.4,21.8,33.0,0,63.0,16.1,10.0
2025-07-20,12,26.5,22.4,29.8,0,62.0,9.1,10.8
2025-07-20,13,28.7,23.2,32.9,0,37.0,20.0,11.4
2025-07-20,14,31.1,26.8,34.7,0,37.0,15.5,10.7
2025-07-20,15,23.9,19.3,27.5,0,53.0,18.0,13.6
2025-07-20,16,28.3,24.1,31.5,0,49.0,22.0,11.6
2025-07-20,17,28.7,24.4,32.9,0,30.0,33.0,9.6
2025-07-20,18,29.3,25.8,33.6,0,50.0,10.8,12.0
2025-07-20,19,28.0,24.9,33.8,0,44.0,19.0,11.8
2025-07-20,20,30.2,26.1,36.3,0,52.0,17.1,10.0
2025-07-20,21,30.1,24.6,33.1,10.8,71.0,27.5,13.0
2025-07-20,22,28.3,24.8,34.3,0,63.0,10.7,12.9
2025-07-20,23,33.2,28.8,37.2,0.3,24.0,10.6,11.3
2025-07-20,24,28.2,24.1,31.7,0,49.0,5.0,8.9
2025-07-20,25,31.5,28.0,34.8,0,24.0,19.6,13.0
2025-07-21,1,28.3,24.1,34.3,6.5,55.0,18.8,9.1
2025-07-21,2,24.2,19.5,29.1,0,55.0,7.5,13.7
2025-07-21,3,24.5,19.2,28.7,0,64.0,13.1,9.7
2025-07-21,4,25.7,21.8,32.6,0,67.0,26.0,12.0
2025-07-21,5,28.0,24.4,32.6,0,63.0,25.9,9.0
2025-07-21,6,25.9,21.7,29.2,0,52.0,3.5,13.3
2025-07-21,7,27.2,22.0,31.8,3.2,51.0,16.8,12.0
2025-07-21,8,26.5,21.3,30.1,0,54.0,10.7,9.2
2025-07-21,9,27.0,22.8,31.2,0,45.0,9.2,10.3
2025-07-21,10,29.3,25.9,32.5,0,52.0,9.8,11.0
2025-07-21,11,25.7,20.8,32.3,0,44.0,21.8,11.0
2025-07-21,12,24.1,20.5,28.3,0,49.0,4.7,13.0
2025-07-21,13,30.7,24.8,36.7,0,30.0,16.2,11.8
2025-07-21,14,27.2,24.0,31.3,0,38.0,23.9,9.4
2025-07-21,15,24.7,21.3,27.9,0,64.0,15.5,12.5
2025-07-21,16,24.9,21.0,30.2,0,62.0,14.2,9.6
2025-07-21,17,29.1,25.5,35.6,0,24.0,20.2,13.3
2025-07-21,18,28.0,22.2,33.5,0,35.0,17.4,10.1
2025-07-21,19,29.9,24.6,35.6,0,42.0,8.6,12.1
2025-07-21,20,31.1,27.3,34.5,0,42.0,21.6,11.7
2025-07-21,21,27.8,22.3,32.1,0,51.0,1.2,9.4
2025-07-21,22,28.9,25.9,33.8,0,45.0,14.7,12.4
2025-07-21,23,36.8,33.4,39.8,1.3,43.0,12.1,10.6
2025-07-21,24,27.3,23.6,31.3,5.3,60.0,18.4,12.4
2025-07-21,25,31.5,27.1,36.5,0,44.0,18.4,13.4
2025-07-22,1,26.6,23.2,32.8,0,46.0,24.1,10.4
2025-07-22,2,26.5,21.7,30.2,0.8,59.0,2.6,14
2025-07-22,3,30.2,24.5,34.6,0,71.0,25.2,12.4
2025-07-22,4,28.5,22.8,32.1,0.4,60.0,19.8,11.8
2025-07-22,5,28.6,25.0,32.0,0,48.0,11.0,11.2
2025-07-22,6,27.8,23.4,32.2,0,61.0,21.0,12.6
2025-07-22,7,26.2,20.8,30.0,1.9,57.0,8.9,7.4
2025-07-22,8,25.6,21.3,30.0,0,56.0,16.4,11.6
2025-07-22,9,23.9,20.2,30.7,0,51.0,9.1,10.8
2025-07-22,10,28.2,23.8,34.5,0,60.0,15.8,11.1
2025-07-22,11,26.5,20.6,32.4,0,59.0,15.7,11.6
2025-07-22,12,26.9,21.3,30.2,0,60.0,18.9,10.8
2025-07-22,13,29.7,24.8,36.6,0,56.0,16.5,11.7
2025-07-22,14,31.2,28.1,34.3,0,57.0,15.9,10.0
2025-07-22,15,26.7,21.3,30.6,0,59.0,21.3,10.4
2025-07-22,16,25.0,21.7,30.1,0,63.0,14.8,10.1
2025-07-22,17,32.0,27.0,35.6,0,42.0,28.3,11.0
2025-07-22,18,28.3,25.1,32.9,0,52.0,2.1,9.1
2025-07-22,19,29.0,23.7,36.0,0,52.0,10.6,10.2
2025-07-22,20,30.1,25.9,33.6,0,54.0,9.2,8.5
2025-07-22,21,28.5,24.1,33.2,0,45.0,24.7,8.7
2025-07-22,22,30.2,26.4,36.8,0,49.0,20.1,9.7
2025-07-22,23,33.2,29.2,40.1,0,27.0,19.0,11.5
2025-07-22,24,26.9,21.0,31.3,0,54.0,25.5,12.5
2025-07-22,25,33.0,27.7,38.0,0,35.0,23.6,12.6
2025-07-23,1,27.6,22.6,31.8,0,65.0,8.6,9.1
2025-07-23,2,26.0,20.2,31.8,0,60.0,17.4,11.6
2025-07-23,3,27.1,22.3,33.9,0,48.0,33.4,11.4
2025-07-23,4,27.7,24.2,31.7,0,48.0,14.3,13.2
2025-07-23,5,26.7,21.7,33.4,0,52.0,19.0,11.7
2025-07-23,6,27.1,23.2,32.5,3.7,67.0,20.6,12.5
2025-07-23,7,24.6,21.4,29.2,0,59.0,19.8,11.0
2025-07-23,8,28.3,23.3,35.1,0,51.0,17.4,11.2
2025-07-23,9,27.3,24.1,33.8,0,52.0,26.5,11.1
2025-07-23,10,31.5,25.7,36.1,0,42.0,15.4,9.3
2025-07-23,11,26.5,23.3,30.8,0,63.0,16.8,9.9
2025-07-23,12,24.5,19.6,29.3,0,51.0,18.3,11.7
2025-07-23,13,29.0,24.7,34.8,0,35.0,11.1,10.6
2025-07-23,14,29.9,26.8,33.2,0,47.0,23.7,10.7
2025-07-23,15,25.8,19.9,29.5,0.1,71.0,5.6,10.3
2025-07-23,16,27.9,23.1,32.9,0,59.0,23.1,13.4
2025-07-23,17,29.9,23.9,35.3,0,39.0,8.3,10.2
2025-07-23,18,28.8,24.9,34.1,0,40.0,20.0,12.3
2025-07-23,19,28.9,23.3,34.6,0,42.0,9.6,8.6
2025-07-23,20,30.2,26.0,36.7,0.6,72.0,16.0,10.8
2025-07-23,21,28.1,22.9,32.6,3.8,64.0,6.7,9.8
2025-07-23,22,29.7,25.1,36.5,0,54.0,24.9,10.3
2025-07-23,23,32.9,28.0,39.1,0,29.0,3.7,10.9
2025-07-23,24,28.3,22.6,35.3,8.9,63.0,25.1,8.9
2025-07-23,25,31.4,27.2,35.3,0.0,51.0,19.2,13.9
2025-07-24,1,27.2,23.4,32.2,7.7,51.0,3.4,11.3
2025-07-24,2,26.3,22.4,32.1,2.4,49.0,33.0,12.1
2025-07-24,3,25.1,21.3,31.0,0,50.0,18.1,10.0
2025-07-24,4,26.3,22.8,31.5,4.1,43.0,9.8,11.6
2025-07-24,5,27.7,23.5,32.6,1.2,70.0,26.6,11.6
2025-07-24,6,25.9,20.5,31.5,0,65.0,11.1,10.8
2025-07-24,7,26.0,21.3,31.9,0,69.0,24.2,8.7
2025-07-24,8,26.4,23.3,31.0,0,70.0,27.6,12.2
2025-07-24,9,27.3,23.0,32.9,0,61.0,5.5,11.5
2025-07-24,10,28.2,22.6,32.3,0,58.0,14.6,11.2
2025-07-24,11,25.1,21.0,30.0,0.0,66.0,8.4,13.1
2025-07-24,12,27.7,23.4,32.7,0,67.0,24.2,9.9
2025-07-24,13,28.0,22.3,31.4,0,55.0,18.4,8.7
2025-07-24,14,27.9,24.3,32.4,0,63.0,19.0,11.7
2025-07-24,15,26.6,22.3,31.2,0,52.0,1.1,10.6
2025-07-24,16,26.4,20.8,29.6,0,73.0,19.6,14
2025-07-24,17,32.9,27.9,39.0,0,46.0,15.5,12.7
2025-07-24,18,26.5,22.8,30.3,0,43.0,14.5,10.3
2025-07-24,19,28.2,22.6,34.9,0,34.0,8.5,10.9
2025-07-24,20,28.9,24.5,35.8,0,51.0,25.2,13.5
2025-07-24,21,24.4,19.9,27.6,0,44.0,31.7,10.7
2025-07-24,22,27.5,22.3,33.8,4.0,44.0,7.2,12.5
2025-07-24,23,35.8,31.2,41.6,0,20.0,12.7,14
2025-07-24,24,27.2,21.6,32.1,0,70.0,12.8,11.2
2025-07-24,25,29.5,25.8,34.4,0,49.0,12.7,13.3
2025-07-25,1,26.8,21.5,31.4,0,43.0,1.8,10.7
2025-07-25,2,26.1,20.7,30.0,0,45.0,18.9,14
2025-07-25,3,29.4,24.6,33.8,0,40.0,2.2,11.9
2025-07-25,4,29.6,26.2,34.1,0,49.0,17.0,10.1
2025-07-25,5,25.5,19.6,28.6,0,62.0,20.5,9.5
2025-07-25,6,25.1,19.5,30.9,0,55.0,18.0,7.5
2025-07-25,7,24.4,20.1,30.0,0,56.0,7.7,10.0
2025-07-25,8,25.9,21.2,32.4,0,59.0,8.7,10.1
2025-07-25,9,28.4,22.7,32.8,0,32.0,21.3,10.2
2025-07-25,10,29.7,23.9,36.5,0,54.0,24.2,7.5
2025-07-25,11,26.0,21.9,30.7,0,40.0,15.8,10.6
2025-07-25,12,25.4,19.5,31.7,0,51.0,7.9,14
2025-07-25,13,27.8,23.1,32.2,0,48.0,10.0,8.4
2025-07-25,14,29.2,24.2,34.3,0.3,42.0,5.0,11.2
2025-07-25,15,27.3,23.2,32.7,2.3,61.0,6.8,11.6
2025-07-25,16,26.1,22.4,30.4,0.9,65.0,15.1,10.1
2025-07-25,17,28.7,23.4,34.6,0,38.0,2.3,12.3
2025-07-25,18,27.8,24.2,32.7,0,45.0,10.6,9.3
2025-07-25,19,26.1,20.4,29.4,0,40.0,19.1,10.9
2025-07-25,20,28.7,24.7,34.5,0,46.0,7.7,11.6
2025-07-25,21,27.7,23.8,30.9,0.6,65.0,11.7,10.0
2025-07-25,22,25.5,20.6,30.9,0,50.0,1.6,12.6
2025-07-25,23,32.8,28.1,38.5,0,44.0,8.4,12.3
2025-07-25,24,26.1,20.1,33.0,0,44.0,19.6,10.6
2025-07-25,25,31.0,25.3,36.2,0,31.0,17.8,12.5
2025-07-26,1,25.7,21.7,29.9,0,66.0,11.1,10.6
2025-07-26,2,28.6,24.5,34.5,0,56.0,12.2,10.0
2025-07-26,3,25.8,21.0,31.6,6.6,54.0,18.4,14
2025-07-26,4,23.5,17.9,27.5,0,60.0,12.4,9.9
2025-07-26,5,26.5,21.4,31.0,0,56.0,16.0,10.7
2025-07-26,6,25.9,20.5,31.2,0,64.0,11.9,12.5
2025-07-26,7,25.8,22.3,30.9,0,64.0,28.7,9.9
2025-07-26,8,26.2,22.6,30.7,0,56.0,24.7,11.6
2025-07-26,9,24.7,20.6,31.1,0,63.0,8.1,9.6
2025-07-26,10,28.3,24.3,32.4,0,61.0,18.2,11.0
2025-07-26,11,27.3,23.8,33.1,1.4,72.0,11.6,11.7
2025-07-26,12,28.3,25.1,34.4,0,59.0,17.3,9.0
2025-07-26,13,29.8,25.5,33.8,0,47.0,7.7,12.0
2025-07-26,14,27.7,22.4,33.6,0,46.0,19.5,11.5
2025-07-26,15,24.8,20.7,28.8,0.7,71.0,14.7,10.2
2025-07-26,16,26.2,21.8,32.8,0,59.0,23.9,12.5
2025-07-26,17,30.2,25.0,36.4,0,41.0,21.4,10.3
2025-07-26,18,27.9,23.3,33.5,0,54.0,18.5,10.8
2025-07-26,19,28.2,23.4,31.9,0,56.0,14.6,11.6
2025-07-26,20,26.9,22.5,32.6,0,52.0,0.1,12.5
2025-07-26,21,25.9,22.2,30.9,2.8,73.0,11.7,11.7
2025-07-26,22,26.9,21.6,30.4,1.4,44.0,8.1,13.0
2025-07-26,23,34.6,30.0,39.6,0,11.0,6.4,9.8
2025-07-26,24,26.4,23.3,32.4,0,78.0,11.4,12.5
2025-07-26,25,26.9,21.8,30.2,0.4,48.0,14.0,10.4
2025-07-27,1,26.1,20.2,32.8,0,55.0,13.3,12.2
2025-07-27,2,25.7,22.3,30.6,0,57.0,14.6,11.7
2025-07-27,3,28.5,22.8,32.9,0,59.0,19.4,11.9
2025-07-27,4,28.3,24.5,33.2,0,45.0,13.2,8.0
2025-07-27,5,26.9,22.4,32.5,0,62.0,21.9,10.7
2025-07-27,6,27.1,21.3,33.5,0.1,56.0,28.0,11.7
2025-07-27,7,26.9,21.4,33.0,0,70.0,16.4,12.3
2025-07-27,8,28.8,24.7,34.3,0,71.0,12.0,9.6
2025-07-27,9,27.3,22.1,33.1,0,38.0,26.1,12.8
2025-07-27,10,26.1,20.1,31.5,0,72.0,21.5,11.7
2025-07-27,11,28.8,23.0,32.8,0,61.0,5.3,12.0
2025-07-27,12,23.7,17.9,30.5,0,53.0,16.0,12.3
2025-07-27,13,28.1,24.3,34.0,0,41.0,15.2,10.9
2025-07-27,14,33.0,28.6,36.6,3.6,42.0,9.5,10.1
2025-07-27,15,24.7,19.3,29.4,2.2,82.0,42.8,9.6
2025-07-27,16,26.6,21.1,30.3,3.1,51.0,0.1,11.6
2025-07-27,17,28.3,23.8,33.4,0,37.0,20.6,9.0
2025-07-27,18,27.5,22.5,34.0,0,43.0,15.0,12.7
2025-07-27,19,29.2,25.3,33.0,1.5,49.0,13.6,10.1
2025-07-27,20,27.7,23.0,32.9,0,43.0,4.3,9.8
2025-07-27,21,28.5,23.1,32.6,0.6,51.0,35.2,9.4
2025-07-27,22,27.4,21.5,31.5,0,51.0,25.6,12.4
2025-07-27,23,32.3,29.2,38.3,0,37.0,8.5,8.6
2025-07-27,24,28.0,23.5,33.9,3.5,59.0,20.5,12.2
2025-07-27,25,30.4,26.4,36.7,0,47.0,1.9,11.3
2025-07-28,1,30.5,26.6,33.9,0,72.0,26.9,10.7
2025-07-28,2,25.3,19.4,31.0,0,55.0,20.0,12.9
2025-07-28,3,28.7,23.1,34.0,0,60.0,21.1,13.1
2025-07-28,4,28.7,23.4,34.6,0,58.0,14.3,12.1
2025-07-28,5,26.0,21.3,32.8,0.4,55.0,7.8,12.1
2025-07-28,6,28.7,23.4,35.1,5.6,55.0,11.1,9.0
2025-07-28,7,26.1,21.7,30.8,0,68.0,16.3,11.8
2025-07-28,8,26.1,20.9,30.6,0,78.0,10.3,12.8
2025-07-28,9,27.5,23.8,30.7,0,58.0,34.0,11.9
2025-07-28,10,26.6,22.5,30.1,0,34.0,11.2,9.7
2025-07-28,11,25.7,22.0,29.0,0.4,65.0,25.2,7.5
2025-07-28,12,26.4,22.1,31.5,0,55.0,20.3,12.4
2025-07-28,13,29.9,24.8,35.6,0,57.0,33.2,12.9
2025-07-28,14,29.7,25.1,33.0,0,22.0,1.0,10.7
2025-07-28,15,28.2,22.3,31.5,0,70.0,6.9,11.6
2025-07-28,16,27.1,24.1,33.6,0,64.0,18.5,9.7
2025-07-28,17,29.8,23.8,32.8,0,39.0,20.2,10.3
2025-07-28,18,28.0,22.8,33.4,0,39.0,11.3,10.2
2025-07-28,19,27.3,21.8,32.5,0,43.0,17.3,12.3
2025-07-28,20,29.2,24.9,32.5,0,42.0,0.8,11.4
2025-07-28,21,26.0,21.1,30.4,0,45.0,14.6,10.3
2025-07-28,22,26.8,23.1,32.8,0,37.0,12.2,12.5
2025-07-28,23,31.6,26.9,35.9,0,34.0,6.6,11.9
2025-07-28,24,25.6,21.8,30.7,0,63.0,12.5,11.2
2025-07-28,25,30.7,25.4,34.2,0,54.0,19.4,8.7
2025-07-29,1,26.5,23.0,30.2,0,48.0,26.2,9.9
2025-07-29,2,25.4,21.4,29.9,0,47.0,28.5,8.8
2025-07-29,3,25.0,20.5,28.1,0,57.0,14.9,11.1
2025-07-29,4,27.8,24.1,33.0,0,66.0,12.1,12.1
2025-07-29,5,28.9,25.6,33.7,0,64.0,27.7,13.6
2025-07-29,6,28.3,25.3,33.8,0.2,68.0,14.3,10.4
2025-07-29,7,25.9,22.2,29.0,0,51.0,31.3,12.6
2025-07-29,8,27.2,23.5,33.7,0,56.0,6.9,10.1
2025-07-29,9,25.6,20.8,29.1,0,59.0,11.6,12.2
2025-07-29,10,28.0,24.9,31.8,0,52.0,14.5,12.0
2025-07-29,11,24.9,20.1,30.2,0,57.0,7.2,12.5
2025-07-29,12,27.0,21.3,31.1,0,72.0,23.6,12.0
2025-07-29,13,29.2,24.0,35.3,0,46.0,9.9,10.4
2025-07-29,14,30.0,24.9,36.8,0,51.0,27.2,13.6
2025-07-29,15,26.3,22.5,30.4,0,60.0,18.3,10.8
2025-07-29,16,27.4,23.7,32.4,0,50.0,5.7,13.7
2025-07-29,17,30.8,27.3,34.4,0,27.0,17.1,12.3
2025-07-29,18,28.4,22.7,34.7,0,29.0,27.9,12.3
2025-07-29,19,26.0,22.0,32.8,0,56.0,23.4,10.2
2025-07-29,20,28.5,24.6,32.4,0,47.0,17.4,10.4
2025-07-29,21,26.1,20.7,29.8,0,44.0,17.0,11.1
2025-07-29,22,25.2,21.2,29.5,0,57.0,19.9,9.9
2025-07-29,23,31.4,26.0,34.4,0,25.0,13.6,10.6
2025-07-29,24,24.9,20.9,29.8,0,66.0,24.2,14
2025-07-29,25,28.8,22.8,35.0,0,50.0,9.0,10.2
2025-07-30,1,26.9,21.8,32.9,0,45.0,21.0,11.5
2025-07-30,2,22.2,19.0,28.1,0,57.0,6.1,11.5
2025-07-30,3,25.8,20.5,31.1,0,54.0,12.9,10.8
2025-07-30,4,26.9,21.6,33.0,0,62.0,11.5,11.8
2025-07-30,5,28.4,22.8,34.9,0.2,61.0,11.7,12.8
2025-07-30,6,28.5,22.7,32.5,0.0,57.0,23.5,11.6
2025-07-30,7,24.7,21.2,28.5,0,59.0,19.5,11.9
2025-07-30,8,26.9,22.4,30.7,0,58.0,16.9,10.6
2025-07-30,9,26.3,22.3,29.3,0,51.0,17.4,11.4
2025-07-30,10,27.7,24.0,33.2,1.0,49.0,25.7,12.4
2025-07-30,11,25.2,21.4,29.6,0,68.0,3.8,11.6
2025-07-30,12,26.2,21.1,30.0,0,58.0,5.0,12.5
2025-07-30,13,27.0,21.0,33.2,3.4,42.0,21.3,11.2
2025-07-30,14,27.7,23.9,33.0,0,55.0,26.8,8.9
2025-07-30,15,25.1,20.8,28.5,0,53.0,11.3,10.0
2025-07-30,16,25.7,22.0,29.2,0,64.0,27.4,10.6
2025-07-30,17,28.9,24.1,34.8,0,31.0,22.1,12.5
2025-07-30,18,25.6,20.5,31.0,0,48.0,15.5,9.5
2025-07-30,19,27.5,23.9,31.3,0.8,37.0,26.1,9.4
2025-07-30,20,28.9,24.5,35.0,0,52.0,20.8,10.4
2025-07-30,21,26.3,21.8,32.5,2.1,54.0,18.4,12.1
2025-07-30,22,27.9,24.3,32.9,0,41.0,16.3,12.0
2025-07-30,23,32.2,26.9,36.2,0,33.0,7.8,10.8
2025-07-30,24,24.9,19.6,31.7,0,62.0,11.4,11.0
2025-07-30,25,28.8,25.0,32.7,0,35.0,7.9,10.7
2025-07-31,1,25.5,21.3,30.4,0,61.0,1.7,9.8
2025-07-31,2,24.9,19.7,28.3,0,52.0,18.5,12.4
2025-07-31,3,23.8,18.5,27.0,0,58.0,14.9,12.2
2025-07-31,4,25.9,22.0,30.4,2.9,57.0,10.4,9.9
2025-07-31,5,26.1,20.2,30.2,6.1,63.0,13.6,11.5
2025-07-31,6,24.4,20.5,29.8,0,49.0,19.7,10.1
2025-07-31,7,26.8,21.6,31.9,0,54.0,13.7,10.2
2025-07-31,8,26.1,22.2,29.2,0,59.0,5.2,11.6
2025-07-31,9,25.8,21.3,32.2,0,47.0,0.1,10.8
2025-07-31,10,26.5,22.1,33.1,0,50.0,24.4,10.9
2025-07-31,11,27.6,23.2,33.2,0,63.0,13.9,10.7
2025-07-31,12,23.3,20.3,26.8,0,58.0,17.5,10.2
2025-07-31,13,27.3,22.9,32.4,0,51.0,18.6,10.9
2025-07-31,14,30.2,24.3,34.4,0,53.0,20.9,13.7
2025-07-31,15,23.9,19.4,27.4,0,51.0,5.9,10.4
2025-07-31,16,25.8,21.0,30.0,0,65.0,16.9,9.7
2025-07-31,17,30.0,26.2,36.4,0,48.0,5.6,9.5
2025-07-31,18,26.8,22.9,33.3,0,41.0,13.0,10.5
2025-07-31,19,27.7,23.8,31.7,0,54.0,22.5,9.3
2025-07-31,20,26.8,23.0,31.3,0,54.0,13.4,9.3
2025-07-31,21,24.4,21.1,31.0,0,42.0,21.2,12.0
2025-07-31,22,27.3,23.7,31.3,0,52.0,8.8,11.5
2025-07-31,23,31.9,26.9,36.8,0,25.0,6.6,11.3
2025-07-31,24,26.6,22.1,31.6,0,50.0,18.5,11.4
2025-07-31,25,28.4,24.4,31.9,0,61.0,20.5,10.6
2025-08-01,1,25.7,21.5,31.8,4.0,67.0,14.2,11.9
2025-08-01,2,23.8,18.6,29.7,0,64.0,4.0,10.0
2025-08-01,3,26.3,20.3,32.8,0,57.0,9.9,11.6
2025-08-01,4,27.1,23.8,32.4,0.9,46.0,1.1,8.4
2025-08-01,5,25.6,21.2,30.4,0,57.0,11.3,7.7
2025-08-01,6,26.6,22.2,33.3,0,69.0,16.3,10.2
2025-08-01,7,22.5,17.7,25.7,0,59.0,8.9,13.9
2025-08-01,8,24.5,20.0,28.7,0,65.0,3.5,11.6
2025-08-01,9,26.2,21.7,32.4,0,59.0,11.1,12.2
2025-08-01,10,25.8,20.4,29.4,0,59.0,8.2,11.5
2025-08-01,11,25.2,20.4,31.3,0,56.0,13.3,8.9
2025-08-01,12,28.1,24.5,31.7,1.4,53.0,13.9,9.3
2025-08-01,13,27.9,23.9,33.7,0,49.0,14.8,11.4
2025-08-01,14,27.9,23.3,31.0,0,55.0,13.7,12.6
2025-08-01,15,28.2,22.6,33.0,0,54.0,12.5,11.2
2025-08-01,16,26.8,22.1,30.6,0,69.0,11.3,11.1
2025-08-01,17,27.4,24.4,32.3,0,41.0,14.5,7.4
2025-08-01,18,26.2,21.0,32.5,0.5,33.0,18.7,10.7
2025-08-01,19,30.4,26.6,36.0,0,38.0,19.6,9.1
2025-08-01,20,26.2,22.1,29.6,0,55.0,12.0,10.3
2025-08-01,21,28.3,23.5,32.2,0,60.0,18.8,10.9
2025-08-01,22,26.3,20.7,31.2,0,49.0,11.5,12.3
2025-08-01,23,34.3,30.0,40.0,0,35.0,11.1,9.2
2025-08-01,24,25.2,21.0,30.8,0,61.0,28.0,10.4
2025-08-01,25,30.0,24.6,34.2,0,42.0,29.3,9.9
2025-08-02,1,27.2,23.4,31.5,3.2,65.0,17.4,9.4
2025-08-02,2,24.2,21.1,29.8,0,43.0,23.5,11.5
2025-08-02,3,25.8,20.1,29.8,0,68.0,3.5,9.3
2025-08-02,4,27.9,24.0,31.9,0,63.0,11.2,12.0
2025-08-02,5,27.8,24.4,32.2,0,61.0,11.0,9.8
2025-08-02,6,26.9,22.4,33.4,0,60.0,12.8,12.3
2025-08-02,7,25.4,20.9,31.9,0,69.0,8.5,10.8
2025-08-02,8,26.1,21.1,30.9,0,47.0,35.6,9.9
2025-08-02,9,26.5,20.8,30.3,0.2,53.0,4.7,8.1
2025-08-02,10,28.7,24.1,32.5,0,62.0,24.4,8.5
2025-08-02,11,22.0,16.0,26.3,0,45.0,16.5,9.4
2025-08-02,12,24.9,20.6,28.7,0,60.0,0.9,10.8
2025-08-02,13,25.0,20.2,30.6,0,43.0,16.9,11.2
2025-08-02,14,26.7,21.0,30.9,0.4,46.0,18.2,13.2
2025-08-02,15,23.7,20.5,28.5,0,72.0,0.3,8.6
2025-08-02,16,25.5,20.1,32.3,0,46.0,22.9,9.9
2025-08-02,17,30.1,25.7,34.3,0,30.0,15.7,10.7
2025-08-02,18,23.3,20.3,26.5,0,33.0,8.7,10.0
2025-08-02,19,28.4,25.2,31.9,0,47.0,18.8,12.9
2025-08-02,20,26.3,21.3,30.1,0,49.0,2.3,11.4
2025-08-02,21,26.1,20.5,29.1,0,43.0,12.1,9.7
2025-08-02,22,27.5,24.0,32.1,0,44.0,6.5,10.4
2025-08-02,23,33.2,30.0,38.5,0,25.0,23.4,10.5
2025-08-02,24,25.4,21.0,30.8,0,49.0,14.2,12.8
2025-08-02,25,27.0,22.0,30.4,0,54.0,10.8,9.2
2025-08-03,1,25.2,19.4,30.2,0,72.0,11.9,11.4
2025-08-03,2,25.2,21.2,30.6,0,71.0,16.7,10.1
2025-08-03,3,24.9,21.3,29.1,0,61.0,17.5,9.6
2025-08-03,4,26.8,23.7,32.2,0,52.0,28.8,10.1
2025-08-03,5,25.7,20.7,31.1,4.7,58.0,22.8,9.9
2025-08-03,6,26.8,21.6,32.7,4.4,64.0,26.3,9.5
2025-08-03,7,26.9,21.5,32.3,0,56.0,27.4,14
2025-08-03,8,24.4,20.3,30.3,0,66.0,11.3,9.6
2025-08-03,9,26.9,22.8,32.5,0,59.0,15.0,8.6
2025-08-03,10,25.0,21.7,28.3,0,64.0,12.0,13.2
2025-08-03,11,23.9,17.9,30.8,0,66.0,10.5,9.5
2025-08-03,12,26.3,23.2,30.2,0,70.0,16.9,9.3
2025-08-03,13,25.7,21.2,31.9,0,51.0,12.4,11.0
2025-08-03,14,24.6,19.6,28.2,0,39.0,4.1,9.1
2025-08-03,15,22.3,16.8,27.3,5.5,60.0,22.8,11.2
2025-08-03,16,22.6,18.3,27.3,0,62.0,32.2,8.8
2025-08-03,17,30.7,26.3,36.3,0,32.0,16.0,10.2
2025-08-03,18,27.1,23.2,33.7,0,44.0,32.0,10.9
2025-08-03,19,28.3,23.5,35.0,0,41.0,6.5,9.7
2025-08-03,20,29.1,25.0,34.1,0,52.0,20.6,11.6
2025-08-03,21,27.0,21.2,33.6,0,58.0,21.7,9.2
2025-08-03,22,26.5,21.4,33.0,0,50.0,21.5,11.3
2025-08-03,23,34.9,30.8,40.0,0,30.0,31.4,12.6
2025-08-03,24,26.4,20.6,33.0,0,62.0,12.5,10.4
2025-08-03,25,26.7,22.4,31.3,0,42.0,12.2,9.0
2025-08-04,1,27.3,22.5,30.5,0,71.0,3.6,11.0
2025-08-04,2,28.2,23.7,32.6,0,63.0,0.1,10.5
2025-08-04,3,26.6,20.8,33.2,0.4,66.0,20.4,10.1
2025-08-04,4,25.9,22.6,31.8,0,70.0,2.7,12.6
2025-08-04,5,23.6,17.7,27.4,0.9,69.0,8.9,9.4
2025-08-04,6,26.2,21.5,32.2,0,62.0,14.6,11.8
2025-08-04,7,23.6,17.9,28.6,0,58.0,32.7,12.1
2025-08-04,8,24.8,19.7,31.0,0,63.0,17.8,11.9
2025-08-04,9,26.5,22.9,31.4,0,67.0,18.2,13.0
2025-08-04,10,25.6,20.1,29.2,0,50.0,23.0,11.0
2025-08-04,11,24.7,21.2,28.9,0,73.0,24.7,11.4
2025-08-04,12,23.4,19.9,29.1,0,53.0,12.6,9.6
2025-08-04,13,28.5,24.0,33.5,0,42.0,0.4,11.6
2025-08-04,14,29.6,24.0,32.7,0,60.0,10.2,10.6
2025-08-04,15,24.4,18.6,28.5,3.4,56.0,26.2,11.7
2025-08-04,16,26.7,21.1,33.6,0,70.0,32.9,12.2
2025-08-04,17,29.7,24.9,32.9,0,42.0,24.3,9.0
2025-08-04,18,24.2,20.7,30.2,0,30.0,6.4,10.1
2025-08-04,19,28.0,23.3,34.9,0,46.0,12.3,7.1
2025-08-04,20,28.4,23.3,33.9,0,41.0,9.4,11.5
2025-08-04,21,25.7,20.6,32.2,5.1,61.0,23.4,10.6
2025-08-04,22,24.9,19.7,30.9,0,53.0,10.9,9.3
2025-08-04,23,32.7,27.6,39.3,0,21.0,4.6,11.7
2025-08-04,24,25.2,21.8,28.7,7.4,75.0,20.0,10.6
2025-08-04,25,26.7,22.3,32.7,0,51.0,14.3,11.4
2025-08-05,1,24.1,20.1,30.0,0,71.0,36.2,10.3
2025-08-05,2,24.5,19.6,29.0,0,69.0,12.6,10.2
2025-08-05,3,25.2,19.9,28.7,0,57.0,31.1,9.2
2025-08-05,4,24.7,19.3,29.7,0,66.0,15.0,10.5
2025-08-05,5,25.0,20.8,31.2,0,65.0,6.7,9.6
2025-08-05,6,25.1,19.4,28.2,0,55.0,20.5,8.9
2025-08-05,7,22.8,19.1,26.5,0,62.0,7.3,13.7
2025-08-05,8,22.3,17.7,26.4,0,53.0,5.5,12.5
2025-08-05,9,28.5,25.0,33.0,0.6,62.0,9.6,9.8
2025-08-05,10,28.4,25.0,32.0,0.7,46.0,25.4,11.4
2025-08-05,11,24.6,20.6,29.6,0,59.0,19.4,9.9
2025-08-05,12,24.9,19.8,29.5,0,64.0,0.5,11.1
2025-08-05,13,26.3,21.1,32.8,0,52.0,17.5,14
2025-08-05,14,25.3,20.2,30.0,0,51.0,16.1,10.4
2025-08-05,15,24.6,19.1,28.7,0,61.0,19.4,11.6
2025-08-05,16,26.8,21.9,31.2,0.9,60.0,15.9,10.7
2025-08-05,17,28.9,25.2,33.9,3.1,48.0,14.9,10.8
2025-08-05,18,24.9,19.7,30.8,0,29.0,25.3,9.0
2025-08-05,19,27.5,23.6,34.4,0,42.0,19.3,9.1
2025-08-05,20,27.1,23.1,31.7,0,62.0,8.4,11.2
2025-08-05,21,26.0,21.5,29.4,0,55.0,20.1,12.3
2025-08-05,22,26.5,21.7,30.9,0,50.0,17.9,9.4
2025-08-05,23,34.2,29.1,38.4,0,37.0,21.4,12.6
2025-08-05,24,28.3,25.3,35.2,0,48.0,23.4,10.0
2025-08-05,25,26.8,21.7,32.2,0,48.0,16.3,11.8
2025-08-06,1,26.8,22.8,29.9,0,72.0,20.6,11.4
2025-08-06,2,28.0,23.2,33.9,0,55.0,16.0,10.8
2025-08-06,3,22.9,19.2,28.6,0,69.0,16.7,10.1
2025-08-06,4,28.9,23.5,34.9,7.5,50.0,25.7,9.9
2025-08-06,5,22.9,17.5,26.1,0,54.0,19.5,7.9
2025-08-06,6,24.8,20.2,30.4,0,51.0,21.3,9.0
2025-08-06,7,25.5,21.5,30.5,0,50.0,14.4,11.6
2025-08-06,8,27.4,22.9,34.3,11.8,54.0,23.5,7.9
2025-08-06,9,27.2,24.0,31.5,0,44.0,10.8,10.3
2025-08-06,10,27.2,23.4,33.7,0,63.0,19.0,10.1
2025-08-06,11,24.7,20.2,28.4,0,57.0,12.4,10.0
2025-08-06,12,26.4,22.9,31.1,0,58.0,19.8,10.3
2025-08-06,13,28.5,22.8,34.9,0,37.0,9.1,8.8
2025-08-06,14,28.3,24.5,33.1,0,44.0,8.2,9.8
2025-08-06,15,24.1,20.4,28.8,6.7,50.0,13.6,12.0
2025-08-06,16,24.4,20.7,29.5,0,60.0,18.1,10.5
2025-08-06,17,27.7,23.9,30.8,0,42.0,16.3,11.8
2025-08-06,18,23.1,18.3,28.0,0,19.0,19.3,10.2
2025-08-06,19,30.3,24.5,33.6,0,54.0,15.6,11.6
2025-08-06,20,24.9,21.3,30.1,0,36.0,16.3,8.2
2025-08-06,21,22.6,17.4,29.4,0,52.0,3.4,10.9
2025-08-06,22,23.3,17.9,28.3,0,48.0,8.1,12.4
2025-08-06,23,30.4,25.5,36.3,0.4,24.0,14.7,9.4
2025-08-06,24,27.0,23.5,30.2,0,40.0,18.4,8.7
2025-08-06,25,27.5,21.9,32.4,0,49.0,17.5,9.2
2025-08-07,1,28.5,24.2,34.7,0,62.0,14.4,11.4
2025-08-07,2,24.8,20.1,30.4,0.7,67.0,8.9,12.1
2025-08-07,3,24.7,18.8,28.0,0,62.0,15.5,8.6
2025-08-07,4,25.7,21.0,32.1,0,54.0,33.5,8.5
2025-08-07,5,24.3,20.7,28.1,0,60.0,17.7,12.6
2025-08-07,6,26.4,21.9,33.1,0.4,54.0,10.7,13.1
2025-08-07,7,24.8,20.4,28.9,4.2,70.0,12.5,10.9
2025-08-07,8,26.1,22.2,31.2,3.0,65.0,8.8,9.2
2025-08-07,9,24.8,21.6,29.3,0,55.0,17.3,11.0
2025-08-07,10,28.1,23.2,32.2,0,49.0,25.5,11.1
2025-08-07,11,26.1,20.3,31.3,0,64.0,14.1,8.9
2025-08-07,12,26.0,22.3,29.2,0,55.0,16.8,7.1
2025-08-07,13,26.9,23.3,31.3,0,56.0,16.3,8.8
2025-08-07,14,26.5,20.8,33.2,0,46.0,15.8,10.4
2025-08-07,15,22.3,18.3,27.6,1.3,59.0,8.4,11.4
2025-08-07,16,26.6,21.8,32.2,0,70.0,7.4,11.0
2025-08-07,17,28.7,24.2,33.7,0,33.0,12.0,10.7
2025-08-07,18,26.4,21.9,32.4,0,25.0,14.3,12.4
2025-08-07,19,26.5,21.9,30.7,0,51.0,16.4,9.3
2025-08-07,20,27.6,21.7,32.0,0,43.0,5.5,8.0
2025-08-07,21,25.1,22.1,30.9,0,54.0,6.7,12.3
2025-08-07,22,25.2,19.6,30.6,0,54.0,8.7,10.8
2025-08-07,23,31.7,27.3,38.1,0,34.0,8.6,12.1
2025-08-07,24,25.9,22.3,32.7,0,61.0,18.4,9.4
2025-08-07,25,28.4,24.9,33.7,0,41.0,12.5,10.8
2025-08-08,1,23.6,17.6,29.1,0,62.0,13.0,12.3
2025-08-08,2,25.2,19.7,31.9,0,63.0,9.4,10.0
2025-08-08,3,24.1,19.9,28.4,0,58.0,21.1,10.4
2025-08-08,4,26.3,20.5,29.4,0,54.0,17.4,11.3
2025-08-08,5,26.1,21.7,33.1,0,60.0,15.0,7.4
2025-08-08,6,25.8,21.4,31.1,0,57.0,11.2,10.9
2025-08-08,7,24.8,19.6,31.6,0,66.0,9.4,9.3
2025-08-08,8,22.9,18.6,28.5,4.7,70.0,0.6,11.6
2025-08-08,9,26.7,21.3,30.1,0,55.0,11.7,8.0
2025-08-08,10,27.4,23.6,33.4,0,48.0,11.2,10.5
2025-08-08,11,26.8,23.5,31.2,0,64.0,19.1,10.1
2025-08-08,12,25.9,21.1,30.7,0,69.0,25.3,9.1
2025-08-08,13,28.3,24.5,33.9,0,44.0,12.7,11.4
2025-08-08,14,29.5,24.8,34.6,0,61.0,15.9,10.3
2025-08-08,15,23.2,19.8,28.6,0,62.0,13.0,8.3
2025-08-08,16,25.9,20.6,29.8,0,67.0,15.1,10.1
2025-08-08,17,28.8,24.9,32.8,0,35.0,15.3,11.1
2025-08-08,18,24.7,21.4,30.7,0,52.0,13.9,11.4
2025-08-08,19,27.9,23.7,32.8,0,56.0,7.2,9.6
2025-08-08,20,29.2,23.8,35.1,0,47.0,12.8,10.7
2025-08-08,21,28.3,25.0,33.0,0,56.0,15.7,10.0
2025-08-08,22,26.0,22.1,30.0,0,64.0,17.9,11.2
2025-08-08,23,31.9,27.1,36.7,0,33.0,13.5,9.6
2025-08-08,24,25.0,20.2,29.1,0,58.0,23.9,10.1
2025-08-08,25,25.6,22.0,29.1,0,40.0,23.1,12.6
2025-08-09,1,23.2,17.7,27.3,0,57.0,9.6,10.4
2025-08-09,2,26.1,20.7,31.1,0,60.0,4.7,11.4
2025-08-09,3,24.4,19.3,27.9,0,45.0,18.3,11.0
2025-08-09,4,21.5,18.3,28.3,0,75.0,31.0,12.2
2025-08-09,5,21.5,18.3,26.3,16.5,51.0,3.8,11.1
2025-08-09,6,23.5,18.3,29.4,0,66.0,24.6,11.2
2025-08-09,7,27.4,22.8,32.0,2.1,53.0,6.2,9.3
2025-08-09,8,22.4,17.1,25.8,0,66.0,19.1,11.3
2025-08-09,9,27.4,23.1,31.5,0,66.0,15.2,10.6
2025-08-09,10,28.5,22.5,34.9,0,52.0,20.5,9.4
2025-08-09,11,25.9,19.9,30.9,0,62.0,15.1,11.6
2025-08-09,12,27.0,22.1,32.0,0,72.0,18.0,10.9
2025-08-09,13,29.3,23.4,34.7,0,57.0,15.6,8.4
2025-08-09,14,29.0,23.3,34.1,0.1,64.0,11.4,10.5
2025-08-09,15,23.0,18.8,29.3,0,73.0,15.1,8.9
2025-08-09,16,26.5,23.1,31.8,0,56.0,17.3,6.6
2025-08-09,17,27.4,24.1,32.7,0,40.0,11.5,8.8
2025-08-09,18,27.9,23.3,32.8,0,45.0,19.5,8.2
2025-08-09,19,29.3,24.1,34.8,0,48.0,12.3,11.1
2025-08-09,20,27.5,23.0,31.7,0,49.0,12.2,8.4
2025-08-09,21,23.8,18.8,28.6,2.5,54.0,22.8,9.6
2025-08-09,22,24.9,19.4,28.5,0.3,46.0,12.9,9.1
2025-08-09,23,30.1,26.3,36.5,0,22.0,24.3,12.1
2025-08-09,24,24.6,18.7,31.4,0,67.0,25.1,10.2
2025-08-09,25,26.4,22.5,31.6,0,39.0,16.0,10.2
2025-08-10,1,24.2,20.3,29.6,0,52.0,15.1,10.2
2025-08-10,2,25.0,19.4,29.0,0,50.0,23.3,12.1
2025-08-10,3,25.8,21.8,32.1,0,67.0,26.4,11.8
2025-08-10,4,23.9,18.2,30.3,0,58.0,2.7,8.4
2025-08-10,5,23.9,19.7,27.5,3.6,42.0,14.2,13.1
2025-08-10,6,22.8,18.4,29.3,0,51.0,13.9,8.5
2025-08-10,7,24.7,19.3,29.7,1.5,69.0,23.0,10.3
2025-08-10,8,24.5,19.0,30.1,0,60.0,27.9,8.4
2025-08-10,9,27.2,22.0,31.8,0,44.0,16.6,11.4
2025-08-10,10,24.9,19.1,31.4,0,61.0,19.0,11.4
2025-08-10,11,27.3,24.3,32.0,1.0,53.0,28.7,8.9
2025-08-10,12,20.7,17.2,24.9,0,68.0,7.4,12.4
2025-08-10,13,25.4,21.2,31.3,4.0,40.0,16.1,12.2
2025-08-10,14,28.4,23.4,33.5,0,52.0,13.6,8.6
2025-08-10,15,25.1,19.6,31.5,0,68.0,19.8,10.4
2025-08-10,16,23.7,18.2,27.2,0,58.0,27.7,9.6
2025-08-10,17,26.5,21.3,32.5,0,33.0,2.2,8.7
2025-08-10,18,26.9,23.1,31.5,0,44.0,7.1,9.4
2025-08-10,19,28.0,24.0,33.5,0,44.0,17.1,11.4
2025-08-10,20,28.0,23.3,31.7,0,45.0,5.9,12.1
2025-08-10,21,23.1,17.9,29.8,0,50.0,3.4,9.8
2025-08-10,22,27.5,21.8,32.1,0,55.0,26.6,9.1
2025-08-10,23,31.8,28.6,38.6,0,26.0,20.6,7.9
2025-08-10,24,25.6,20.4,31.4,0,65.0,9.1,12.0
2025-08-10,25,26.5,20.7,30.6,0,44.0,23.8,8.5
2025-08-11,1,24.7,20.3,30.3,0,58.0,15.8,11.3
2025-08-11,2,25.3,19.5,28.8,0,67.0,14.2,7.6
2025-08-11,3,25.7,20.8,32.0,0,47.0,3.7,8.3
2025-08-11,4,23.5,17.8,27.3,0,64.0,18.1,10.0
2025-08-11,5,25.3,19.4,30.3,0,75.0,17.2,10.3
2025-08-11,6,25.3,20.8,29.3,0,55.0,14.3,9.8
2025-08-11,7,25.8,21.8,29.1,0,83.0,16.2,9.5
2025-08-11,8,25.2,21.4,29.8,0,68.0,22.3,12.9
2025-08-11,9,22.8,18.0,27.8,0,67.0,29.2,8.1
2025-08-11,10,26.0,21.1,30.8,0,62.0,1.8,9.1
2025-08-11,11,25.7,21.0,29.5,0,63.0,17.5,9.6
2025-08-11,12,25.1,22.0,28.5,0,65.0,16.0,8.6
2025-08-11,13,27.2,23.5,34.1,0,43.0,26.4,7.9
2025-08-11,14,25.5,20.3,32.3,0,62.0,7.2,7.5
2025-08-11,15,25.3,21.6,29.1,0,74.0,21.3,11.2
2025-08-11,16,26.8,21.6,30.6,0,67.0,15.1,10.7
2025-08-11,17,27.6,23.9,34.1,0,51.0,11.2,8.5
2025-08-11,18,23.4,19.8,27.5,0,36.0,22.4,10.4
2025-08-11,19,28.3,25.2,34.4,0,40.0,10.4,11.9
2025-08-11,20,27.3,22.5,31.1,0,33.0,9.7,10.4
2025-08-11,21,24.5,18.6,29.5,0,53.0,25.0,11.5
2025-08-11,22,23.2,19.9,27.1,0,58.0,9.6,10.3
2025-08-11,23,31.1,26.9,34.4,0,28.0,27.7,10.9
2025-08-11,24,25.4,21.4,29.6,0,43.0,20.5,8.9
2025-08-11,25,25.7,21.1,30.1,0,58.0,17.1,9.2
2025-08-12,1,25.1,19.5,30.2,0,59.0,4.9,11.7
2025-08-12,2,22.1,17.7,28.1,0,76.0,30.3,11.2
2025-08-12,3,25.2,19.2,28.4,0,65.0,26.4,11.2
2025-08-12,4,25.8,22.3,31.0,0,56.0,10.5,10.6
2025-08-12,5,24.4,19.1,30.4,0,56.0,24.4,11.2
2025-08-12,6,24.6,20.8,29.7,0,56.0,13.8,9.5
2025-08-12,7,27.4,23.6,33.8,0,63.0,16.7,11.5
2025-08-12,8,23.8,19.4,29.4,0,45.0,17.5,10.9
2025-08-12,9,28.7,25.5,35.0,0,60.0,11.3,12.5
2025-08-12,10,26.2,23.1,32.4,0,55.0,17.6,12.6
2025-08-12,11,23.5,19.0,26.8,0,72.0,18.0,7.6
2025-08-12,12,23.6,17.7,27.9,0,58.0,16.9,10.5
2025-08-12,13,26.4,22.7,32.8,0,52.0,28.7,11.3
2025-08-12,14,25.6,21.0,30.7,0,62.0,19.7,7.8
2025-08-12,15,24.1,19.6,27.6,0,71.0,1.3,10.6
2025-08-12,16,23.5,19.7,27.8,0,46.0,19.9,7.1
2025-08-12,17,26.8,21.5,32.2,0,53.0,22.1,9.5
2025-08-12,18,23.2,19.7,28.9,0,61.0,11.1,10.4
2025-08-12,19,27.4,24.0,31.1,0,53.0,15.7,9.6
2025-08-12,20,25.9,21.6,28.9,0,45.0,11.5,9.3
2025-08-12,21,22.8,19.8,26.6,3.8,67.0,5.5,11.3
2025-08-12,22,27.1,23.2,32.3,0,53.0,14.9,12.6
2025-08-12,23,32.0,27.6,36.6,0,36.0,18.9,11.4
2025-08-12,24,25.5,21.7,32.1,6.8,59.0,26.9,9.1
2025-08-12,25,27.2,23.1,31.1,0,52.0,19.7,9.2
2025-08-13,1,27.6,21.7,33.7,0,69.0,5.2,11.0
2025-08-13,2,24.6,21.1,31.3,0,59.0,16.9,11.8
2025-08-13,3,23.8,18.2,30.5,0,54.0,13.6,8.9
2025-08-13,4,25.0,19.3,31.4,0,56.0,15.3,8.4
2025-08-13,5,24.2,18.7,29.4,0,62.0,7.8,8.9
2025-08-13,6,22.0,17.5,27.7,0,63.0,17.5,9.4
2025-08-13,7,23.8,18.1,27.3,0,56.0,17.6,10.8
2025-08-13,8,24.5,21.2,30.6,0,63.0,8.0,11.6
2025-08-13,9,23.5,18.4,27.8,0,62.0,22.3,9.6
2025-08-13,10,28.2,22.7,33.8,0,42.0,4.2,10.2
2025-08-13,11,26.8,23.5,33.1,0,70.0,17.5,5.7
2025-08-13,12,26.6,20.8,33.1,0.9,72.0,25.0,9.2
2025-08-13,13,25.6,22.5,32.0,0,42.0,23.3,11.6
2025-08-13,14,25.9,21.4,32.1,0,48.0,19.0,8.0
2025-08-13,15,24.4,20.8,30.1,0,67.0,20.1,8.4
2025-08-13,16,24.2,20.5,30.7,0,57.0,32.3,8.7
2025-08-13,17,24.5,19.3,29.2,0,50.0,4.7,10.0
2025-08-13,18,26.0,22.3,30.6,0,62.0,21.0,9.5
2025-08-13,19,30.2,24.5,33.9,0,64.0,17.2,11.8
2025-08-13,20,29.9,24.4,35.3,0,52.0,8.1,13.8
2025-08-13,21,24.9,19.5,29.6,4.7,60.0,7.1,9.1
2025-08-13,22,24.0,18.1,30.9,0,51.0,6.3,8.2
2025-08-13,23,30.3,25.7,34.9,0,44.0,24.6,10.1
2025-08-13,24,23.7,19.1,27.8,7.0,68.0,10.3,8.5
2025-08-13,25,26.5,20.9,32.7,0,49.0,10.9,9.5
2025-08-14,1,22.7,18.1,29.0,0,53.0,4.4,10.0
2025-08-14,2,26.1,21.0,31.4,6.0,71.0,7.1,9.5
2025-08-14,3,22.2,18.2,26.3,2.3,65.0,16.2,8.4
2025-08-14,4,25.8,21.5,29.1,2.0,76.0,17.4,10.8
2025-08-14,5,25.6,20.8,31.6,0,61.0,5.6,9.3
2025-08-14,6,24.2,18.5,28.9,0,35.0,18.1,8.4
2025-08-14,7,27.5,22.1,34.3,0.8,62.0,16.1,8.5
2025-08-14,8,20.5,15.5,27.4,0,57.0,18.0,8.8
2025-08-14,9,27.7,24.3,31.8,0,42.0,13.1,9.5
2025-08-14,10,23.4,20.2,27.6,0.5,61.0,14.5,9.2
2025-08-14,11,22.4,16.5,28.6,1.8,62.0,21.6,9.7
2025-08-14,12,22.7,18.6,27.6,0,76.0,12.2,8.5
2025-08-14,13,27.3,23.0,31.6,0,45.0,15.9,11.0
2025-08-14,14,26.3,22.3,31.5,0,59.0,15.4,8.8
2025-08-14,15,21.1,17.8,25.4,0,72.0,9.0,11.4
2025-08-14,16,24.3,19.5,28.4,0,50.0,16.7,8.9
2025-08-14,17,28.5,24.7,32.6,2.9,47.0,17.5,11.4
2025-08-14,18,26.7,22.7,33.5,0,51.0,30.6,12.7
2025-08-14,19,28.0,23.9,34.3,0,44.0,19.0,9.5
2025-08-14,20,27.7,22.0,33.6,1.8,55.0,18.9,11.9
2025-08-14,21,24.9,19.9,30.6,0,52.0,12.9,11.3
2025-08-14,22,25.1,19.9,31.6,0.5,52.0,19.6,10.5
2025-08-14,23,28.2,24.9,35.0,0,37.0,2.4,10.0
2025-08-14,24,24.8,21.5,31.3,0,66.0,15.9,8.7
2025-08-14,25,26.9,22.2,32.3,0,45.0,26.1,12.2
2025-08-15,1,23.2,17.7,27.9,4.2,60.0,22.1,9.6
2025-08-15,2,24.3,20.8,29.7,0,62.0,17.1,6.6
2025-08-15,3,23.0,17.4,29.4,0,64.0,15.0,11.7
2025-08-15,4,25.3,20.4,29.4,0,48.0,13.6,8.7
2025-08-15,5,22.9,19.1,28.3,0,78.0,14.5,11.3
2025-08-15,6,24.8,19.1,29.7,0,76.0,23.1,12.3
2025-08-15,7,23.6,18.1,29.9,0,58.0,26.3,9.9
2025-08-15,8,26.9,22.3,33.7,0,71.0,18.3,9.0
2025-08-15,9,24.9,21.4,30.1,0,69.0,6.6,6.7
2025-08-15,10,27.4,22.5,34.4,0,47.0,0.5,10.5
2025-08-15,11,21.0,15.4,26.3,0,77.0,20.3,9.5
2025-08-15,12,24.4,19.1,29.2,0,65.0,11.1,9.6
2025-08-15,13,27.6,23.5,31.7,0,35.0,21.1,7.3
2025-08-15,14,22.7,19.7,28.5,0,65.0,24.8,10.9
2025-08-15,15,23.9,18.5,30.9,0,64.0,15.8,10.5
2025-08-15,16,23.5,17.9,27.8,0,74.0,17.0,7.5
2025-08-15,17,27.7,22.8,33.4,0,47.0,28.6,8.9
2025-08-15,18,25.6,19.7,32.3,0,37.0,24.8,10.3
2025-08-15,19,28.7,25.3,33.7,0.2,54.0,18.6,12.2
2025-08-15,20,24.5,19.6,30.1,0,59.0,39.7,12.4
2025-08-15,21,24.6,19.8,28.5,0,62.0,3.0,9.4
2025-08-15,22,25.2,20.7,30.3,0,65.0,0.9,9.9
2025-08-15,23,28.5,25.5,32.9,0.5,30.0,4.3,11.4
2025-08-15,24,22.6,17.5,26.1,0,63.0,23.5,8.7
2025-08-15,25,25.0,21.2,31.9,0,45.0,8.2,8.2
2025-08-16,1,25.4,20.0,29.6,0,54.0,18.9,11.7
2025-08-16,2,25.5,20.7,29.6,0,61.0,22.7,8.4
2025-08-16,3,25.4,20.2,29.5,0,55.0,16.3,12.7
2025-08-16,4,24.8,21.8,28.1,0,59.0,23.0,8.1
2025-08-16,5,26.3,22.8,31.0,0,62.0,20.0,8.7
2025-08-16,6,24.2,18.3,28.3,0,70.0,11.1,8.4
2025-08-16,7,23.0,19.4,29.6,0,63.0,25.6,8.2
2025-08-16,8,23.4,18.9,28.7,0,60.0,5.1,9.5
2025-08-16,9,25.5,21.9,28.7,0,66.0,23.3,10.2
2025-08-16,10,23.4,18.0,27.3,0,68.0,10.4,9.9
2025-08-16,11,23.9,20.3,29.0,0,74.0,18.1,10.8
2025-08-16,12,24.2,20.9,31.2,0.4,62.0,10.2,13.0
2025-08-16,13,26.6,21.8,31.0,0,66.0,13.8,8.5
2025-08-16,14,26.0,21.1,30.9,0,52.0,1.5,12.5
2025-08-16,15,23.8,18.7,26.9,7.4,57.0,15.3,9.5
2025-08-16,16,23.5,20.2,27.2,0,63.0,29.8,7.3
2025-08-16,17,26.0,21.2,30.8,0,52.0,19.3,9.4
2025-08-16,18,25.3,21.6,30.0,0,42.0,22.7,10.6
2025-08-16,19,25.4,21.4,30.7,0,49.0,10.9,12.3
2025-08-16,20,27.2,22.8,33.1,0,62.0,28.3,11.2
2025-08-16,21,25.5,20.9,30.6,0,48.0,16.2,7.4
2025-08-16,22,21.0,16.6,25.2,8.3,65.0,13.1,10.9
2025-08-16,23,28.3,24.1,33.2,0,42.0,19.2,6.6
2025-08-16,24,25.1,21.5,29.5,0,70.0,34.4,8.5
2025-08-16,25,23.9,18.5,28.1,0,34.0,21.5,9.8
2025-08-17,1,23.7,18.6,27.4,0,62.0,26.4,9.2
2025-08-17,2,24.7,19.5,31.0,0,64.0,19.9,8.4
2025-08-17,3,24.1,21.0,31.0,0,51.0,6.0,8.0
2025-08-17,4,23.3,18.6,27.1,0,56.0,19.0,6.9
2025-08-17,5,25.3,19.6,30.3,0,65.0,13.0,7.7
2025-08-17,6,22.0,17.1,25.9,0,60.0,16.6,11.3
2025-08-17,7,22.5,19.2,27.6,0,65.0,7.1,6.7
2025-08-17,8,22.9,18.4,27.9,0,53.0,17.3,8.8
2025-08-17,9,22.4,18.9,28.8,0,56.0,16.0,10.9
2025-08-17,10,22.3,17.4,27.6,0.7,66.0,15.5,9.5
2025-08-17,11,21.8,15.8,26.2,0,79.0,8.7,10.1
2025-08-17,12,22.8,18.6,26.7,0.5,64.0,2.0,8.2
2025-08-17,13,28.1,22.3,32.5,0,56.0,22.6,8.3
2025-08-17,14,24.2,20.3,28.5,0,46.0,8.9,9.9
2025-08-17,15,22.8,18.2,26.9,0.8,73.0,16.5,9.5
2025-08-17,16,22.9,18.4,27.9,0,49.0,5.2,6.4
2025-08-17,17,28.1,23.4,31.7,0,36.0,5.0,8.8
2025-08-17,18,24.0,20.1,30.2,0,42.0,30.1,8.2
2025-08-17,19,25.4,20.4,29.0,0,57.0,19.7,8.2
2025-08-17,20,27.1,22.7,32.1,0,56.0,11.8,10.3
2025-08-17,21,26.8,22.0,31.1,0,44.0,14.4,12.6
2025-08-17,22,22.8,18.1,29.2,0,49.0,35.9,12.1
2025-08-17,23,29.2,24.3,35.8,0,29.0,12.9,7.9
2025-08-17,24,25.6,19.9,29.4,0,61.0,10.3,10.2
2025-08-17,25,23.9,18.6,28.6,0,39.0,14.9,9.2
2025-08-18,1,23.0,17.2,28.0,0,59.0,21.3,9.6
2025-08-18,2,27.9,24.1,31.3,0,63.0,22.3,8.1
2025-08-18,3,27.4,22.3,33.5,10.5,68.0,11.3,8.8
2025-08-18,4,23.2,18.5,28.1,1.8,38.0,11.9,10.5
2025-08-18,5,23.2,18.8,26.4,0,61.0,17.8,11.6
2025-08-18,6,24.2,19.0,27.8,0,70.0,13.6,12.3
2025-08-18,7,22.7,19.1,26.6,10.6,73.0,19.9,9.7
2025-08-18,8,25.5,20.1,31.8,0,75.0,4.9,7.7
2025-08-18,9,25.3,20.6,29.6,0,54.0,15.7,10.7
2025-08-18,10,24.3,18.7,29.3,0,50.0,15.4,12.0
2025-08-18,11,22.5,18.1,28.8,0,60.0,28.9,11.5
2025-08-18,12,24.0,19.4,28.8,0,62.0,23.3,8.6
2025-08-18,13,25.0,19.5,28.9,0,58.0,4.8,8.0
2025-08-18,14,26.5,22.1,29.9,0,55.0,2.9,10.1
2025-08-18,15,19.7,14.0,24.7,4.9,64.0,19.6,10.7
2025-08-18,16,24.2,19.0,28.0,2.0,59.0,13.4,11.0
2025-08-18,17,24.0,18.9,28.4,0,26.0,16.9,10.6
2025-08-18,18,22.8,17.4,27.9,0,41.0,25.7,9.1
2025-08-18,19,26.3,22.0,32.9,0,40.0,15.3,11.0
2025-08-18,20,26.0,20.9,31.8,0,59.0,12.7,9.0
2025-08-18,21,22.7,18.4,28.5,0,46.0,0.2,9.9
2025-08-18,22,25.0,21.8,28.3,6.4,48.0,18.3,8.0
2025-08-18,23,29.9,24.6,34.8,0,30.0,11.3,12.6
2025-08-18,24,24.0,19.0,30.5,0,57.0,3.6,8.9
2025-08-18,25,23.0,18.8,28.8,0,37.0,15.8,9.6
2025-08-19,1,25.0,21.8,28.6,0,59.0,8.9,7.3
2025-08-19,2,22.6,17.0,28.4,0,55.0,18.2,7.9
2025-08-19,3,23.2,18.4,28.1,0,60.0,8.0,9.6
2025-08-19,4,23.6,18.3,27.0,21.3,61.0,10.7,8.5
2025-08-19,5,22.6,17.7,29.0,0,58.0,7.8,9.1
2025-08-19,6,22.2,18.1,26.6,0,64.0,22.7,10.6
2025-08-19,7,25.3,20.5,29.8,10.2,65.0,10.5,7.5
2025-08-19,8,23.6,19.0,30.4,0,52.0,9.7,13.3
2025-08-19,9,26.0,22.0,32.3,0,67.0,11.0,10.7
2025-08-19,10,23.5,20.4,30.1,0,55.0,25.0,8.1
2025-08-19,11,22.4,16.5,27.2,0,60.0,7.2,9.4
2025-08-19,12,23.6,19.6,28.3,0,68.0,16.7,8.6
2025-08-19,13,25.0,21.2,28.1,0,64.0,21.2,7.7
2025-08-19,14,25.9,22.5,29.4,0,55.0,6.6,14
2025-08-19,15,22.2,16.4,26.8,0,69.0,16.4,6.6
2025-08-19,16,20.3,14.7,23.9,0,74.0,19.2,5.4
2025-08-19,17,27.9,24.3,33.6,1.0,41.0,6.0,11.1
2025-08-19,18,25.5,20.5,31.5,0,52.0,6.5,9.0
2025-08-19,19,25.3,19.4,29.6,0,31.0,16.6,10.2
2025-08-19,20,25.6,22.3,30.1,0,54.0,6.8,9.3
2025-08-19,21,24.3,18.5,27.4,0.8,64.0,33.1,8.7
2025-08-19,22,25.7,20.1,31.1,0,49.0,0.8,8.0
2025-08-19,23,28.9,23.0,32.8,0,33.0,14.2,11.5
2025-08-19,24,23.8,19.9,26.8,0,75.0,10.5,10.4
2025-08-19,25,24.9,19.7,29.6,0,35.0,8.9,10.1
2025-08-20,1,22.2,17.2,29.1,0,68.0,14.0,12.9
2025-08-20,2,24.4,19.9,27.7,0,67.0,4.8,7.9
2025-08-20,3,23.2,18.3,29.5,0,61.0,14.4,6.9
2025-08-20,4,22.5,18.2,27.3,6.8,54.0,18.2,10.2
2025-08-20,5,23.0,17.2,29.5,0,55.0,20.3,13.8
2025-08-20,6,22.0,18.0,25.1,0,51.0,16.3,9.8
2025-08-20,7,24.1,18.7,30.9,0,64.0,17.2,10.7
2025-08-20,8,25.4,20.2,30.4,0,61.0,28.0,9.5
2025-08-20,9,26.0,21.5,29.0,0,63.0,7.4,9.2
2025-08-20,10,22.9,17.9,29.2,0,66.0,17.8,11.2
2025-08-20,11,20.6,17.3,27.4,0,71.0,16.0,8.5
2025-08-20,12,22.1,16.8,26.5,6.8,70.0,21.4,11.1
2025-08-20,13,24.3,21.1,31.3,0,49.0,14.6,9.9
2025-08-20,14,26.2,21.6,32.0,0,49.0,5.7,10.0
2025-08-20,15,23.7,19.8,30.6,0,59.0,15.6,8.2
2025-08-20,16,25.5,21.0,29.1,0,65.0,9.3,9.7
2025-08-20,17,25.7,20.8,30.3,0,27.0,5.7,8.7
2025-08-20,18,20.5,17.0,26.6,0,26.0,8.9,11.2
2025-08-20,19,24.2,19.2,27.8,0,47.0,1.9,6.2
2025-08-20,20,28.2,23.6,33.0,0,44.0,2.3,10.9
2025-08-20,21,21.5,17.0,26.2,0,40.0,1.0,9.2
2025-08-20,22,22.2,17.1,28.0,0,52.0,7.0,10.9
2025-08-20,23,28.5,23.4,32.8,0,40.0,27.0,10.2
2025-08-20,24,24.5,19.6,29.5,0,62.0,19.5,8.1
2025-08-20,25,22.0,16.5,27.7,0,28.0,0.7,11.9
2025-08-21,1,20.7,17.6,26.4,0,59.0,16.0,10.5
2025-08-21,2,22.0,16.7,28.8,0,57.0,3.3,7.2
2025-08-21,3,22.2,18.2,26.1,0,50.0,17.8,11.1
2025-08-21,4,21.2,16.5,25.1,0,54.0,18.8,10.8
2025-08-21,5,23.0,17.4,26.8,0,74.0,14.5,8.9
2025-08-21,6,22.7,18.6,26.4,0,69.0,18.7,7.8
2025-08-21,7,24.7,21.2,27.9,0,63.0,20.3,9.5
2025-08-21,8,22.1,18.7,25.4,0,60.0,2.4,11.0
2025-08-21,9,23.6,19.1,30.4,0,56.0,6.8,8.8
2025-08-21,10,22.5,18.6,27.7,0,52.0,21.0,8.3
2025-08-21,11,21.6,16.3,27.7,0,69.0,2.7,12.4
2025-08-21,12,20.7,16.7,23.8,0,53.0,6.5,10.2
2025-08-21,13,24.0,19.9,29.7,0,40.0,5.3,8.3
2025-08-21,14,26.8,22.4,33.8,0,54.0,3.8,9.0
2025-08-21,15,22.4,18.5,26.4,0,62.0,23.9,7.3
2025-08-21,16,25.0,21.2,29.4,0,68.0,1.9,11.0
2025-08-21,17,26.6,22.2,29.9,0,32.0,21.8,9.2
2025-08-21,18,23.2,17.5,27.7,0,62.0,19.3,7.9
2025-08-21,19,25.1,21.1,28.7,0,53.0,1.9,9.1
2025-08-21,20,26.4,20.8,32.9,0,46.0,8.6,9.3
2025-08-21,21,22.0,17.9,25.8,8.3,56.0,26.3,10.7
2025-08-21,22,20.3,17.0,25.9,0.5,55.0,13.0,10.4
2025-08-21,23,28.6,23.4,34.5,0,27.0,14.0,10.4
2025-08-21,24,22.8,19.3,27.7,0,72.0,20.6,9.4
2025-08-21,25,23.4,20.2,29.8,0,43.0,8.7,9.1
2025-08-22,1,23.9,20.6,29.4,0,51.0,15.5,9.0
2025-08-22,2,19.7,14.1,25.2,0,48.0,15.8,9.0
2025-08-22,3,22.5,19.3,28.0,0,77.0,16.0,8.4
2025-08-22,4,21.5,18.3,26.2,0,64.0,17.5,8.5
2025-08-22,5,22.9,19.6,28.3,0,63.0,4.8,9.8
2025-08-22,6,23.2,18.5,29.8,0,65.0,25.1,8.7
2025-08-22,7,21.8,17.2,25.0,2.7,65.0,23.9,10.2
2025-08-22,8,21.9,16.7,27.9,0,71.0,17.1,11.9
2025-08-22,9,24.9,21.7,28.7,0,53.0,14.3,9.4
2025-08-22,10,23.6,18.7,30.3,0,70.0,17.8,11.6
2025-08-22,11,21.2,16.0,28.2,0,57.0,14.3,9.3
2025-08-22,12,23.5,20.3,30.5,8.4,68.0,10.8,8.4
2025-08-22,13,24.5,19.5,31.2,0,50.0,17.9,8.8
2025-08-22,14,23.7,17.9,30.3,0,60.0,20.2,10.7
2025-08-22,15,20.8,17.7,26.0,0,61.0,15.3,10.9
2025-08-22,16,23.0,18.5,27.0,0,61.0,13.1,11.3
2025-08-22,17,29.0,24.5,32.6,0,49.0,15.9,7.8
2025-08-22,18,22.0,16.2,25.8,0,32.0,14.9,10.5
2025-08-22,19,24.5,20.2,29.7,0,57.0,23.3,6.5
2025-08-22,20,25.3,21.9,31.5,0,48.0,9.6,8.0
2025-08-22,21,21.2,17.3,26.8,0,64.0,17.5,9.2
2025-08-22,22,23.5,19.6,29.2,0,57.0,3.4,9.4
2025-08-22,23,25.4,19.7,32.3,0,39.0,8.5,10.5
2025-08-22,24,23.8,20.4,28.4,0,57.0,10.1,12.0
2025-08-22,25,24.4,20.9,29.2,0,46.0,11.7,10.3
2025-08-23,1,22.1,17.3,27.5,0,59.0,6.0,11.0
2025-08-23,2,26.4,23.2,33.1,0,52.0,5.2,8.6
2025-08-23,3,23.0,18.8,27.1,0,61.0,11.1,7.9
2025-08-23,4,24.6,19.7,31.2,0,57.0,11.9,7.9
2025-08-23,5,22.4,17.4,29.0,1.6,53.0,23.2,8.3
2025-08-23,6,24.4,21.0,30.3,0.9,64.0,15.4,7.2
2025-08-23,7,25.0,19.3,29.5,0,82.0,16.7,9.3
2025-08-23,8,20.7,15.7,27.7,0,74.0,10.6,9.1
2025-08-23,9,25.1,21.3,28.2,0,55.0,9.5,8.3
2025-08-23,10,24.4,21.1,30.8,0,55.0,13.8,9.2
2025-08-23,11,23.5,18.9,26.6,0,68.0,9.5,10.2
2025-08-23,12,23.6,19.5,27.9,0,72.0,7.6,11.9
2025-08-23,13,23.4,19.4,30.1,1.8,48.0,15.9,8.2
2025-08-23,14,21.8,18.2,28.4,0,52.0,9.6,8.4
2025-08-23,15,22.0,17.9,26.8,0,62.0,2.3,7.3
2025-08-23,16,20.9,16.1,24.0,0,64.0,22.9,11.9
2025-08-23,17,24.8,20.9,29.2,0,44.0,21.2,8.1
2025-08-23,18,21.0,15.6,26.2,0,38.0,16.0,12.7
2025-08-23,19,22.4,18.3,28.9,0,57.0,2.9,11.0
2025-08-23,20,26.2,22.9,32.3,0,33.0,20.4,8.0
2025-08-23,21,24.8,21.1,28.0,2.5,59.0,22.6,10.3
2025-08-23,22,25.6,19.8,30.7,7.0,55.0,6.1,9.8
2025-08-23,23,30.5,27.2,34.3,0,28.0,38.4,11.4
2025-08-23,24,23.2,19.6,28.9,0,49.0,15.3,9.1
2025-08-23,25,25.8,22.5,31.3,0,46.0,6.5,12.2
2025-08-24,1,24.2,18.8,30.1,0,63.0,20.3,11.4
2025-08-24,2,22.6,19.3,28.9,0,73.0,21.6,7.7
2025-08-24,3,22.5,17.1,25.7,0,65.0,16.9,9.8
2025-08-24,4,22.5,18.6,28.5,0,57.0,7.7,7.2
2025-08-24,5,23.9,20.8,29.7,0,50.0,11.4,9.7
2025-08-24,6,21.9,16.5,27.3,2.5,69.0,12.6,10.1
2025-08-24,7,21.6,18.5,26.7,0,64.0,15.0,10.6
2025-08-24,8,22.5,16.9,26.7,0,70.0,7.0,8.1
2025-08-24,9,22.3,18.3,29.1,0,73.0,21.6,9.0
2025-08-24,10,24.5,20.4,29.3,0,56.0,5.3,8.4
2025-08-24,11,23.0,18.4,27.7,0,78.0,27.0,10.1
2025-08-24,12,24.2,18.7,30.6,0,61.0,14.6,9.3
2025-08-24,13,23.4,18.1,29.8,0,60.0,7.5,12.3
2025-08-24,14,24.2,20.4,28.5,0,65.0,13.7,7.3
2025-08-24,15,21.1,16.5,27.8,1.8,61.0,16.4,8.4
2025-08-24,16,24.0,19.8,27.4,0,67.0,17.4,8.4
2025-08-24,17,25.4,22.2,29.0,0,51.0,17.4,7.9
2025-08-24,18,21.1,17.6,25.3,4.7,55.0,0.5,9.3
2025-08-24,19,26.3,22.8,29.9,0,42.0,6.0,9.9
2025-08-24,20,25.7,21.7,31.2,0,66.0,13.3,10.0
2025-08-24,21,24.2,18.5,29.5,2.5,64.0,8.3,11.1
2025-08-24,22,25.1,20.8,28.6,0,53.0,11.3,9.4
2025-08-24,23,31.4,25.5,36.1,0,36.0,25.0,10.6
2025-08-24,24,24.2,19.3,28.6,0,56.0,10.2,9.7
2025-08-24,25,25.0,20.2,28.9,0,37.0,17.8,8.5
2025-08-25,1,25.4,21.1,31.9,0.2,65.0,6.5,10.3
2025-08-25,2,23.8,18.1,30.0,0,55.0,5.5,7.0
2025-08-25,3,19.9,14.2,24.3,0,65.0,3.3,8.8
2025-08-25,4,21.2,15.6,26.0,0,55.0,3.8,8.6
2025-08-25,5,22.9,18.8,28.8,0,58.0,23.0,10.1
2025-08-25,6,21.9,18.6,26.4,0,63.0,13.8,9.6
2025-08-25,7,24.8,19.8,28.1,0,64.0,20.0,8.8
2025-08-25,8,20.9,15.9,24.6,0,60.0,1.1,8.7
2025-08-25,9,21.1,15.5,24.5,0,45.0,27.9,8.0
2025-08-25,10,23.1,18.2,28.5,0,67.0,2.9,11.1
2025-08-25,11,21.0,17.9,24.4,0,63.0,25.6,5.6
2025-08-25,12,20.7,16.0,25.3,0,69.0,20.5,9.6
2025-08-25,13,26.6,22.3,31.8,0,49.0,2.2,8.2
2025-08-25,14,23.1,17.5,27.6,0,60.0,15.6,8.3
2025-08-25,15,21.4,17.4,27.9,0.4,78.0,23.2,10.4
2025-08-25,16,24.7,20.8,30.1,0,74.0,33.5,11.4
2025-08-25,17,27.0,22.1,31.2,0,26.0,20.0,7.6
2025-08-25,18,21.8,17.5,24.9,0,50.0,18.1,8.9
2025-08-25,19,24.1,18.2,28.6,0,51.0,4.5,8.9
2025-08-25,20,26.4,22.4,31.0,0,62.0,5.3,8.4
2025-08-25,21,20.9,16.3,24.8,2.0,66.0,22.2,11.8
2025-08-25,22,23.0,18.4,29.9,2.0,51.0,19.3,10.9
2025-08-25,23,27.5,22.5,34.5,0,50.0,1.9,7.7
2025-08-25,24,23.7,19.5,28.8,0,71.0,11.7,10.8
2025-08-25,25,23.5,20.0,29.0,0,30.0,6.4,8.2
2025-08-26,1,23.5,17.6,29.5,0,65.0,18.2,9.9
2025-08-26,2,22.9,17.2,27.8,2.1,63.0,24.0,8.6
2025-08-26,3,22.1,18.5,28.1,0,56.0,26.0,11.0
2025-08-26,4,22.8,17.1,27.2,0,67.0,14.8,8.4
2025-08-26,5,24.3,20.4,31.0,0,52.0,8.7,9.1
2025-08-26,6,22.9,18.6,27.2,2.7,48.0,17.7,10.9
2025-08-26,7,24.5,20.9,28.2,0,69.0,13.3,8.9
2025-08-26,8,25.5,21.7,29.6,0,54.0,16.4,8.9
2025-08-26,9,22.4,18.9,26.7,0,57.0,4.3,7.6
2025-08-26,10,24.3,18.9,30.9,0,63.0,22.3,8.4
2025-08-26,11,21.2,17.8,24.5,0,69.0,3.2,7.3
2025-08-26,12,23.4,19.1,29.9,0,58.0,12.2,7.9
2025-08-26,13,24.1,18.9,28.8,0,60.0,22.8,11.3
2025-08-26,14,25.1,20.6,32.1,0,70.0,17.2,8.9
2025-08-26,15,23.5,18.1,28.0,0,67.0,15.0,7.7
2025-08-26,16,20.7,17.3,25.3,0,71.0,0.5,7.1
2025-08-26,17,26.2,22.5,31.5,5.7,49.0,0.9,8.7
2025-08-26,18,20.1,14.9,24.2,0,48.0,19.6,9.2
2025-08-26,19,25.2,20.3,29.2,0,49.0,10.2,11.7
2025-08-26,20,24.0,18.6,30.9,0,36.0,27.1,7.0
2025-08-26,21,21.9,16.4,25.8,0,54.0,15.6,9.9
2025-08-26,22,21.2,16.3,25.1,0,65.0,19.6,10.4
2025-08-26,23,26.5,22.5,30.5,0,29.0,23.4,7.0
2025-08-26,24,23.4,20.0,28.2,0,65.0,21.8,9.8
2025-08-26,25,22.8,19.5,26.1,0,59.0,0.9,12.5
2025-08-27,1,21.8,16.9,26.1,0,63.0,12.7,8.3
2025-08-27,2,22.3,17.5,29.2,0,54.0,25.7,8.5
2025-08-27,3,23.6,19.3,30.4,4.9,56.0,15.2,7.3
2025-08-27,4,22.1,17.2,28.6,0,73.0,11.7,7.3
2025-08-27,5,22.8,18.6,26.7,0,56.0,0.9,8.6
2025-08-27,6,25.3,19.7,28.5,4.6,58.0,23.3,7.2
2025-08-27,7,23.3,20.1,28.1,0,61.0,8.5,9.5
2025-08-27,8,21.4,15.7,27.2,0,67.0,19.0,10.8
2025-08-27,9,24.9,20.8,30.8,0,59.0,9.8,9.6
2025-08-27,10,24.5,19.2,28.4,0,60.0,7.9,7.4
2025-08-27,11,21.1,16.7,26.8,0,83.0,22.2,11.0
2025-08-27,12,23.7,18.0,28.4,0,70.0,7.7,8.0
2025-08-27,13,23.3,19.9,28.8,6.6,41.0,15.2,9.6
2025-08-27,14,24.8,19.0,31.5,0,41.0,18.9,8.5
2025-08-27,15,21.7,18.2,28.6,0,75.0,17.3,7.3
2025-08-27,16,23.6,19.0,29.3,0,72.0,9.8,9.3
2025-08-27,17,22.7,17.7,26.9,0,47.0,18.6,10.3
2025-08-27,18,22.1,19.0,26.5,0,54.0,14.1,13.5
2025-08-27,19,25.0,21.9,28.2,0,61.0,17.2,11.1
2025-08-27,20,25.3,20.1,31.9,0,57.0,14.6,4.9
2025-08-27,21,21.5,18.5,26.9,21.4,41.0,11.1,8.0
2025-08-27,22,21.2,18.2,25.5,0,44.0,8.3,6.8
2025-08-27,23,27.8,22.9,31.6,0,32.0,16.0,8.4
2025-08-27,24,21.3,15.5,25.9,0,64.0,8.1,9.4
2025-08-27,25,24.8,20.3,28.7,0,49.0,19.0,10.4
2025-08-28,1,22.2,16.7,28.5,0,58.0,17.2,9.2
2025-08-28,2,23.0,19.6,27.0,1.6,72.0,2.0,7.4
2025-08-28,3,21.5,17.0,25.0,1.5,52.0,23.7,10.1
2025-08-28,4,22.7,17.9,29.2,0,60.0,18.4,9.3
2025-08-28,5,20.6,17.4,24.6,0,68.0,7.5,9.2
2025-08-28,6,21.9,18.6,25.1,0,57.0,14.7,7.9
2025-08-28,7,23.3,18.5,30.3,0,53.0,9.3,8.1
2025-08-28,8,18.8,14.5,24.4,0.3,72.0,12.2,8.6
2025-08-28,9,22.0,18.7,27.5,0,70.0,12.4,9.3
2025-08-28,10,24.2,19.9,29.0,0,56.0,3.4,9.4
2025-08-28,11,21.5,15.7,27.9,3.5,61.0,22.3,10.3
2025-08-28,12,21.6,17.7,28.0,0,62.0,11.4,8.0
2025-08-28,13,25.3,21.6,29.0,0,58.0,21.1,9.3
2025-08-28,14,25.6,22.4,31.6,0,65.0,7.7,7.6
2025-08-28,15,22.9,17.4,28.7,0,70.0,15.1,8.8
2025-08-28,16,21.1,16.6,24.2,0,67.0,14.7,11.2
2025-08-28,17,23.5,20.4,29.0,0,35.0,13.7,8.6
2025-08-28,18,20.6,16.8,24.0,0,45.0,10.1,10.8
2025-08-28,19,21.8,17.4,26.3,0,41.0,7.1,9.8
2025-08-28,20,23.4,18.2,27.1,0,49.0,4.2,9.1
2025-08-28,21,18.8,13.4,23.4,0,57.0,13.5,10.5
2025-08-28,22,23.2,19.6,29.7,10.0,52.0,19.6,8.2
2025-08-28,23,26.4,21.1,32.7,0,28.0,18.2,7.6
2025-08-28,24,22.0,17.6,27.2,0,59.0,11.1,7.6
2025-08-28,25,24.5,19.2,31.3,0,44.0,19.7,11.4
2025-08-29,1,21.7,17.1,26.4,0,68.0,12.8,10.9
2025-08-29,2,24.0,18.5,30.7,0,60.0,20.5,11.1
2025-08-29,3,23.6,17.7,27.1,4.2,61.0,7.5,5.4
2025-08-29,4,23.4,18.3,26.5,0,57.0,20.4,10.4
2025-08-29,5,22.3,16.7,27.9,0,62.0,10.6,9.7
2025-08-29,6,21.5,16.3,26.7,0,69.0,4.9,9.4
2025-08-29,7,20.3,14.3,25.5,0,64.0,4.8,7.7
2025-08-29,8,23.8,19.3,27.9,0,67.0,13.3,9.7
2025-08-29,9,21.9,18.8,25.6,0,55.0,9.5,8.3
2025-08-29,10,19.3,15.1,25.5,0,55.0,22.8,7.5
2025-08-29,11,21.0,16.3,24.1,3.2,72.0,26.3,8.9
2025-08-29,12,23.8,19.0,27.5,3.4,57.0,30.2,9.7
2025-08-29,13,22.2,16.6,27.3,0,43.0,8.0,9.8
2025-08-29,14,25.2,21.7,28.3,0,46.0,19.9,10.1
2025-08-29,15,21.5,18.1,26.6,0,67.0,12.3,11.0
2025-08-29,16,24.9,21.2,31.2,0,66.0,19.1,9.7
2025-08-29,17,26.6,22.7,31.3,0,35.0,28.0,6.9
2025-08-29,18,21.1,16.0,25.9,0,47.0,0.3,8.5
2025-08-29,19,25.8,22.2,32.6,0,65.0,20.8,6.8
2025-08-29,20,22.5,19.3,27.8,0,40.0,11.7,7.4
2025-08-29,21,23.4,19.2,27.2,0,47.0,15.6,8.3
2025-08-29,22,22.3,17.9,29.3,0,61.0,1.6,8.4
2025-08-29,23,24.3,20.0,30.5,0,29.0,10.8,7.0
2025-08-29,24,23.0,18.4,26.6,0,60.0,16.5,8.5
2025-08-29,25,22.8,18.6,26.7,0,48.0,11.3,9.3
2025-08-30,1,20.7,16.7,24.9,2.5,58.0,10.1,5.8
2025-08-30,2,22.6,17.4,26.1,0,67.0,9.0,8.7
2025-08-30,3,21.1,16.6,26.3,0,74.0,12.1,7.7
2025-08-30,4,20.9,17.2,24.2,0,58.0,18.3,10.4
2025-08-30,5,19.7,15.5,23.9,0,69.0,28.7,8.3
2025-08-30,6,23.7,18.8,27.8,0,63.0,11.7,8.0
2025-08-30,7,21.7,16.6,27.6,0,59.0,5.8,7.6
2025-08-30,8,21.0,17.0,24.1,0,66.0,32.8,8.4
2025-08-30,9,24.5,18.7,29.9,0,64.0,4.2,10.7
2025-08-30,10,22.3,17.8,26.4,0,58.0,17.5,8.4
2025-08-30,11,22.4,18.9,26.2,0,65.0,3.8,10.8
2025-08-30,12,21.3,15.8,26.5,0.7,72.0,22.5,9.8
2025-08-30,13,22.1,16.7,27.3,0,71.0,17.0,8.0
2025-08-30,14,22.8,19.2,28.4,0,64.0,3.0,9.2
2025-08-30,15,19.7,16.7,26.7,0,53.0,8.6,9.1
2025-08-30,16,23.7,18.4,29.3,0,72.0,22.3,10.6
2025-08-30,17,23.5,18.5,26.8,0,40.0,10.8,8.4
2025-08-30,18,20.6,16.5,24.4,0,46.0,19.2,10.3
2025-08-30,19,25.5,21.2,31.4,0,51.0,2.5,7.2
2025-08-30,20,22.6,19.1,27.9,0,36.0,20.2,9.3
2025-08-30,21,19.5,14.6,24.9,0,57.0,13.7,7.2
2025-08-30,22,24.0,20.2,27.9,0,55.0,9.6,7.2
2025-08-30,23,28.9,25.7,34.1,0,29.0,14.9,9.7
2025-08-30,24,21.8,15.9,26.3,2.3,66.0,11.2,10.0
2025-08-30,25,23.3,19.6,29.4,0,44.0,20.2,5.9
2025-08-31,1,20.1,16.2,27.0,0,75.0,4.9,8.3
2025-08-31,2,20.1,16.0,24.6,0,58.0,17.7,7.7
2025-08-31,3,21.7,16.8,26.4,0,75.0,20.5,9.9
2025-08-31,4,19.2,13.6,22.7,5.2,53.0,14.4,10.0
2025-08-31,5,20.9,17.4,25.2,0,64.0,6.9,6.5
2025-08-31,6,21.3,16.1,25.0,0,67.0,13.0,5.9
2025-08-31,7,24.3,20.9,27.3,0,61.0,8.8,9.3
2025-08-31,8,22.9,18.0,26.9,0,57.0,23.4,11.2
2025-08-31,9,23.4,20.1,30.1,0,70.0,7.4,8.1
2025-08-31,10,21.8,16.9,27.1,0,62.0,19.7,8.2
2025-08-31,11,17.3,13.9,22.3,0,67.0,20.3,10.1
2025-08-31,12,21.6,18.0,25.6,0,67.0,17.2,7.9
2025-08-31,13,22.2,18.9,28.7,0,39.0,16.2,8.4
2025-08-31,14,26.4,21.9,32.0,0,47.0,27.7,8.3
2025-08-31,15,21.2,18.1,27.9,0,65.0,11.5,8.4
2025-08-31,16,23.3,18.0,27.5,0,62.0,5.2,8.9
2025-08-31,17,23.8,18.9,29.0,0,50.0,19.1,9.6
2025-08-31,18,21.6,16.7,25.9,0,44.0,11.0,8.1
2025-08-31,19,26.9,21.2,30.2,0,45.0,8.3,10.2
2025-08-31,20,26.7,20.8,31.3,0,61.0,18.5,8.6
2025-08-31,21,18.0,12.6,23.2,0,61.0,6.0,8.7
2025-08-31,22,20.5,17.3,23.8,0,50.0,12.7,10.2
2025-08-31,23,25.7,19.9,28.8,0,36.0,18.8,9.0
2025-08-31,24,20.8,15.2,26.5,0,77.0,8.6,6.4
2025-08-31,25,23.4,19.3,30.0,0,43.0,7.6,10.5
2025-09-01,1,20.0,16.4,25.3,0,57.0,19.6,9.2
2025-09-01,2,24.8,20.8,29.1,0.6,73.0,0.4,9.8
2025-09-01,3,22.6,19.1,27.4,0,74.0,9.6,9.1
2025-09-01,4,20.9,16.6,25.3,0,62.0,25.0,8.3
2025-09-01,5,22.0,17.5,27.2,8.7,61.0,20.8,8.2
2025-09-01,6,22.5,17.1,27.3,0,58.0,10.7,8.3
2025-09-01,7,23.1,20.1,26.8,0.1,60.0,12.5,10.0
2025-09-01,8,22.5,18.7,28.2,5.8,68.0,19.3,9.4
2025-09-01,9,23.5,19.3,29.7,0,63.0,29.3,8.0
2025-09-01,10,25.0,19.8,31.1,0,57.0,7.2,10.4
2025-09-01,11,20.0,16.1,26.6,0,71.0,12.1,8.0
2025-09-01,12,22.0,17.6,25.1,0,72.0,21.5,8.2
2025-09-01,13,23.9,18.7,27.9,0,52.0,8.7,11.2
2025-09-01,14,22.6,17.3,26.6,0,46.0,20.3,8.5
2025-09-01,15,21.8,16.8,27.9,0,61.0,9.0,9.2
2025-09-01,16,23.2,18.7,29.0,0,61.0,18.2,6.6
2025-09-01,17,21.8,17.7,25.6,0,45.0,25.1,5.7
2025-09-01,18,21.7,16.5,27.0,0,47.0,0.3,6.3
2025-09-01,19,25.4,21.2,29.5,0,53.0,17.0,8.3
2025-09-01,20,26.6,22.7,33.6,0,45.0,7.0,9.2
2025-09-01,21,21.0,15.4,25.9,0,54.0,13.3,8.8
2025-09-01,22,23.0,19.7,30.0,0.8,64.0,13.0,7.2
2025-09-01,23,26.8,23.1,31.5,0,40.0,6.7,11.3
2025-09-01,24,20.4,14.5,23.7,0,54.0,8.1,5.3
2025-09-01,25,19.7,13.8,26.3,0,50.0,5.3,10.4
2025-09-02,1,22.1,18.7,27.0,11.9,71.0,30.3,6.9
2025-09-02,2,24.5,19.0,28.9,0,72.0,17.0,7.4
2025-09-02,3,18.4,14.8,24.5,0,62.0,16.3,8.0
2025-09-02,4,20.4,14.9,24.4,0,48.0,8.6,7.1
2025-09-02,5,23.4,17.6,29.5,0,62.0,6.9,7.2
2025-09-02,6,21.9,17.4,28.8,0,69.0,18.9,7.1
2025-09-02,7,20.9,15.1,27.0,2.5,52.0,19.5,8.8
2025-09-02,8,22.4,18.9,26.9,0,52.0,6.7,8.3
2025-09-02,9,23.1,18.7,27.5,0,63.0,15.4,4.9
2025-09-02,10,20.2,17.1,27.1,0,46.0,23.0,8.5
2025-09-02,11,23.6,19.7,27.3,0,73.0,11.7,8.7
2025-09-02,12,22.9,17.6,27.7,0,73.0,5.2,9.2
2025-09-02,13,22.0,18.1,27.2,0,50.0,18.7,7.2
2025-09-02,14,24.8,20.4,28.7,0,57.0,18.1,6.8
2025-09-02,15,21.3,15.6,27.8,0,62.0,21.3,9.7
2025-09-02,16,22.0,16.2,27.6,5.1,79.0,17.1,8.2
2025-09-02,17,22.9,18.0,26.8,1.9,48.0,13.9,10.3
2025-09-02,18,20.4,15.0,25.7,0.2,41.0,11.1,7.8
2025-09-02,19,23.0,19.1,26.7,0,63.0,10.4,7.0
2025-09-02,20,24.5,19.1,30.6,0,54.0,30.3,11.5
2025-09-02,21,22.6,18.0,29.2,0,52.0,15.6,8.5
2025-09-02,22,21.8,17.6,28.2,2.3,54.0,19.3,8.3
2025-09-02,23,26.8,23.0,30.2,0,26.0,14.6,7.2
2025-09-02,24,22.5,18.7,27.0,0,45.0,19.7,8.6
2025-09-02,25,22.2,17.8,26.8,0,36.0,39.2,9.2
2025-09-03,1,21.2,17.3,25.6,0,67.0,3.9,10.7
2025-09-03,2,23.8,19.1,27.1,0,61.0,10.3,11.0
2025-09-03,3,22.9,18.7,27.8,0,83.0,17.7,8.2
2025-09-03,4,21.9,18.5,28.8,0.2,68.0,15.4,9.0
2025-09-03,5,19.8,16.0,23.4,0,56.0,28.7,7.4
2025-09-03,6,21.1,17.8,26.4,0,58.0,16.5,8.0
2025-09-03,7,19.5,14.0,25.3,0,78.0,11.0,8.3
2025-09-03,8,22.3,17.3,28.2,0,59.0,23.3,5.6
2025-09-03,9,23.5,19.7,26.5,0,50.0,0.4,7.5
2025-09-03,10,18.5,14.2,21.7,0,56.0,13.9,6.2
2025-09-03,11,20.1,16.6,24.6,0,70.0,6.5,10.4
2025-09-03,12,18.2,14.1,23.8,0,57.0,10.2,9.9
2025-09-03,13,21.6,17.5,27.0,0,56.0,27.4,8.4
2025-09-03,14,23.4,18.6,28.1,0,45.0,18.9,10.6
2025-09-03,15,20.0,14.3,24.9,0.0,68.0,3.8,10.4
2025-09-03,16,19.8,15.3,25.6,0,66.0,26.5,7.8
2025-09-03,17,23.5,20.5,27.5,0,53.0,0.8,9.9
2025-09-03,18,20.1,16.2,23.4,0,44.0,26.2,10.6
2025-09-03,19,24.5,21.3,29.9,0,51.0,22.6,10.3
2025-09-03,20,23.1,19.3,29.3,0,44.0,21.5,9.7
2025-09-03,21,18.0,14.7,21.9,0,58.0,14.3,8.0
2025-09-03,22,18.2,13.2,21.2,0,46.0,14.9,8.2
2025-09-03,23,25.7,21.7,28.9,0,31.0,9.5,8.9
2025-09-03,24,21.3,17.8,27.7,0,68.0,1.9,9.4
2025-09-03,25,21.1,18.0,26.3,0,50.0,15.6,8.3
2025-09-04,1,21.6,16.7,25.8,0,51.0,8.4,6.5
2025-09-04,2,20.3,15.3,25.5,0,73.0,20.4,8.6
2025-09-04,3,22.9,17.5,26.6,3.2,69.0,1.0,8.6
2025-09-04,4,21.0,16.1,27.1,1.2,68.0,9.6,8.2
2025-09-04,5,20.3,14.9,24.2,0,63.0,13.2,6.5
2025-09-04,6,18.8,15.2,22.4,0,71.0,13.3,9.3
2025-09-04,7,23.2,17.4,27.4,0,60.0,18.9,9.5
2025-09-04,8,21.0,15.9,27.4,0.8,56.0,19.4,7.6
2025-09-04,9,21.4,16.4,28.1,0,46.0,13.9,6.7
2025-09-04,10,24.2,18.3,29.0,0,65.0,13.9,7.8
2025-09-04,11,18.9,14.6,22.0,10.5,66.0,7.6,9.2
2025-09-04,12,21.8,17.6,28.4,0,82.0,31.9,6.3
2025-09-04,13,18.9,13.9,25.4,0,65.0,18.3,6.1
2025-09-04,14,22.8,18.9,26.8,0,59.0,9.2,9.9
2025-09-04,15,19.3,14.9,25.7,4.2,63.0,27.9,6.2
2025-09-04,16,21.3,18.0,25.5,0,65.0,6.7,8.7
2025-09-04,17,22.1,18.8,26.0,0,38.0,5.7,10.5
2025-09-04,18,20.9,17.8,24.3,0,36.0,4.2,7.8
2025-09-04,19,23.0,19.9,28.6,0,63.0,11.1,7.9
2025-09-04,20,22.5,18.2,27.7,0,50.0,1.7,10.4
2025-09-04,21,23.3,17.5,28.9,0,53.0,20.1,8.2
2025-09-04,22,20.8,17.2,24.9,0,62.0,19.8,9.5
2025-09-04,23,25.9,19.9,29.9,0.0,31.0,23.0,8.4
2025-09-04,24,21.9,17.8,26.0,0,64.0,8.5,8.7
2025-09-04,25,21.8,15.8,25.5,0,48.0,10.8,9.3
2025-09-05,1,23.7,18.5,28.8,2.3,67.0,5.4,8.6
2025-09-05,2,19.9,14.1,25.7,0,67.0,14.6,10.7
2025-09-05,3,20.9,15.4,25.6,0,61.0,13.7,6.5
2025-09-05,4,22.5,16.9,28.9,0,73.0,4.4,8.9
2025-09-05,5,20.1,16.7,23.9,0,64.0,14.0,8.1
2025-09-05,6,21.2,15.3,26.9,0,56.0,7.9,10.2
2025-09-05,7,22.7,18.4,29.7,0,65.0,13.8,8.1
2025-09-05,8,20.5,14.6,24.6,0,50.0,4.6,7.0
2025-09-05,9,21.1,15.2,26.9,0,53.0,22.9,7.8
2025-09-05,10,18.6,14.4,22.7,0,55.0,8.1,7.2
2025-09-05,11,18.2,13.9,23.7,0,74.0,3.8,8.2
2025-09-05,12,20.3,15.0,24.2,0,60.0,17.0,9.3
2025-09-05,13,20.6,15.9,23.7,3.1,83.0,24.1,6.9
2025-09-05,14,21.5,16.4,24.9,0,64.0,14.9,8.3
2025-09-05,15,21.7,17.8,27.8,0,80.0,6.0,7.8
2025-09-05,16,22.5,17.6,27.8,0,67.0,19.5,6.9
2025-09-05,17,21.9,18.4,26.4,0,36.0,0.3,7.1
2025-09-05,18,19.6,15.6,26.4,0,37.0,12.6,8.7
2025-09-05,19,23.5,18.1,27.8,0,53.0,2.9,7.5
2025-09-05,20,24.6,20.9,30.9,0,52.0,8.6,7.3
2025-09-05,21,18.7,15.2,22.2,0,52.0,24.8,8.4
2025-09-05,22,20.7,16.6,26.2,0,57.0,3.0,5.7
2025-09-05,23,24.3,20.6,29.1,0,38.0,20.0,9.4
2025-09-05,24,20.7,16.7,24.3,0,58.0,12.1,8.6
2025-09-05,25,20.6,17.4,26.2,0,45.0,14.3,8.7
2025-09-06,1,19.7,14.6,25.6,1.7,70.0,21.9,11.1
2025-09-06,2,20.9,15.5,25.3,0,70.0,20.6,7.2
2025-09-06,3,18.4,13.6,24.1,0,56.0,17.4,7.4
2025-09-06,4,20.4,15.8,23.7,0,56.0,16.7,7.0
2025-09-06,5,19.2,16.1,26.1,1.5,52.0,2.3,6.7
2025-09-06,6,18.7,13.2,24.2,0,69.0,7.4,7.5
2025-09-06,7,21.1,16.2,27.5,0,40.0,20.1,7.2
2025-09-06,8,21.7,17.3,25.2,0,74.0,1.9,7.3
2025-09-06,9,21.0,16.5,27.5,0,55.0,19.3,9.0
2025-09-06,10,23.9,20.6,29.9,0,58.0,3.9,10.3
2025-09-06,11,22.2,18.3,27.9,0,65.0,13.8,9.2
2025-09-06,12,20.3,16.5,27.3,0.3,54.0,9.3,8.0
2025-09-06,13,24.0,20.7,28.1,0,53.0,11.2,9.1
2025-09-06,14,22.9,17.2,29.4,0,57.0,23.2,5.6
2025-09-06,15,17.6,13.2,22.2,0,61.0,15.1,7.4
2025-09-06,16,20.2,17.0,24.6,0,71.0,8.4,5.9
2025-09-06,17,22.0,18.2,27.8,0,37.0,4.9,8.3
2025-09-06,18,18.0,12.9,22.6,0,47.0,8.4,7.0
2025-09-06,19,23.7,19.5,27.3,0,65.0,16.9,9.3
2025-09-06,20,23.3,17.7,29.8,0,43.0,20.9,9.5
2025-09-06,21,21.1,16.3,26.2,0,39.0,15.9,8.2
2025-09-06,22,21.9,16.4,26.1,0,63.0,19.3,10.2
2025-09-06,23,23.3,18.6,28.9,0,26.0,8.0,7.9
2025-09-06,24,20.4,14.8,26.7,0,55.0,13.7,7.8
2025-09-06,25,21.1,16.6,24.9,2.3,50.0,21.0,6.4
2025-09-07,1,20.3,16.6,23.5,0,73.0,9.7,5.2
2025-09-07,2,21.5,17.9,26.0,0,63.0,9.8,11.7
2025-09-07,3,20.3,14.9,25.2,0.4,68.0,15.5,6.7
2025-09-07,4,21.2,15.4,25.3,0,64.0,18.8,7.1
2025-09-07,5,20.8,16.4,26.7,0,61.0,6.3,9.9
2025-09-07,6,19.7,16.0,24.5,0,50.0,2.0,8.4
2025-09-07,7,22.4,18.2,25.8,0,68.0,13.0,6.1
2025-09-07,8,18.7,14.0,22.7,0,61.0,2.0,11.0
2025-09-07,9,19.8,14.1,25.2,0,55.0,10.8,9.6
2025-09-07,10,19.7,14.5,23.9,0,65.0,27.6,7.0
2025-09-07,11,18.7,13.2,21.8,0,72.0,7.8,8.5
2025-09-07,12,18.4,15.0,23.7,0,68.0,15.9,8.6
2025-09-07,13,20.4,15.8,24.5,0,52.0,10.8,8.8
2025-09-07,14,23.5,18.5,29.6,0,44.0,12.2,7.8
2025-09-07,15,21.1,16.5,27.0,0,70.0,1.7,8.3
2025-09-07,16,21.9,17.8,25.8,5.0,62.0,23.0,7.7
2025-09-07,17,21.4,18.0,26.3,0,56.0,9.5,7.0
2025-09-07,18,20.3,17.1,27.3,0,60.0,26.9,8.1
2025-09-07,19,20.6,16.7,24.3,0,53.0,19.9,7.0
2025-09-07,20,25.0,21.4,30.5,0,58.0,26.2,7.1
2025-09-07,21,19.8,15.6,24.1,1.8,62.0,26.9,10.1
2025-09-07,22,20.6,16.1,26.9,0,39.0,12.0,9.1
2025-09-07,23,29.3,25.4,35.2,0,34.0,17.2,8.1
2025-09-07,24,19.8,15.3,23.4,0,75.0,14.1,7.3
2025-09-07,25,23.3,17.7,28.5,0,31.0,15.7,10.3
2025-09-08,1,22.5,19.0,26.7,1.2,83.0,13.0,8.6
2025-09-08,2,21.5,17.7,27.0,0,70.0,5.1,10.0
2025-09-08,3,21.7,18.4,26.2,0,58.0,22.8,9.5
2025-09-08,4,21.4,17.1,27.8,8.2,56.0,9.4,6.3
2025-09-08,5,22.2,16.5,28.6,0,61.0,20.7,6.3
2025-09-08,6,21.3,18.1,24.4,6.1,62.0,9.5,8.2
2025-09-08,7,18.8,15.0,25.6,0,53.0,18.8,8.5
2025-09-08,8,17.5,11.8,21.8,0,75.0,21.0,10.2
2025-09-08,9,23.6,20.1,28.4,0,69.0,4.3,6.8
2025-09-08,10,21.8,16.7,25.9,0,47.0,17.8,8.5
2025-09-08,11,19.7,16.0,23.9,0,58.0,21.8,7.6
2025-09-08,12,19.9,16.2,26.7,0,54.0,14.3,9.9
2025-09-08,13,22.0,16.9,27.2,0,35.0,11.2,8.6
2025-09-08,14,24.0,20.8,27.1,0,57.0,3.7,7.3
2025-09-08,15,19.5,15.7,23.8,0,81.0,14.0,7.1
2025-09-08,16,18.7,12.9,24.4,0,68.0,11.1,7.8
2025-09-08,17,21.9,16.3,28.8,0,44.0,25.4,5.8
2025-09-08,18,18.9,15.6,22.2,0,57.0,2.6,8.1
2025-09-08,19,22.2,18.3,29.1,0,56.0,4.0,10.0
2025-09-08,20,22.3,18.4,28.5,0,41.0,18.2,8.1
2025-09-08,21,19.1,14.6,22.8,0,68.0,26.1,9.6
2025-09-08,22,19.3,15.5,23.3,0,58.0,6.7,10.3
2025-09-08,23,23.1,19.9,28.8,0,27.0,10.7,7.5
2025-09-08,24,20.8,15.7,26.7,0,71.0,14.3,6.1
2025-09-08,25,21.9,16.6,26.8,0,56.0,20.4,7.3
2025-09-09,1,20.8,17.3,27.7,0.8,53.0,22.8,8.0
2025-09-09,2,19.2,15.7,22.4,0,62.0,18.5,9.4
2025-09-09,3,22.7,18.4,29.5,0,53.0,21.5,6.7
2025-09-09,4,22.7,18.4,26.7,0,63.0,4.1,9.3
2025-09-09,5,20.9,16.1,26.3,0,60.0,24.8,6.9
2025-09-09,6,19.7,15.9,25.0,0,74.0,19.6,9.2
2025-09-09,7,18.8,14.8,23.8,0,73.0,20.5,8.6
2025-09-09,8,22.5,19.3,28.1,0,70.0,3.9,10.4
2025-09-09,9,20.4,16.1,24.6,0,60.0,18.0,5.7
2025-09-09,10,18.9,15.5,24.7,0,71.0,16.6,8.3
2025-09-09,11,19.5,13.8,26.3,0,76.0,21.9,7.8
2025-09-09,12,20.5,14.6,23.8,0,77.0,1.6,10.7
2025-09-09,13,21.3,15.8,26.0,0,43.0,17.4,5.3
2025-09-09,14,22.3,17.0,27.8,1.9,58.0,22.0,9.8
2025-09-09,15,19.0,14.7,23.4,0,81.0,15.9,7.3
2025-09-09,16,22.4,16.5,28.4,0,75.0,22.7,8.2
2025-09-09,17,22.6,18.9,26.6,0,57.0,7.6,5.6
2025-09-09,18,18.1,14.6,24.1,0,52.0,19.0,9.1
2025-09-09,19,20.0,16.1,25.3,0,47.0,24.9,7.5
2025-09-09,20,23.6,18.6,27.5,0,54.0,31.8,8.7
2025-09-09,21,16.8,13.6,22.4,0,52.0,26.2,8.2
2025-09-09,22,20.8,17.0,27.5,0,58.0,9.5,8.5
2025-09-09,23,21.5,16.3,27.0,0,27.0,7.8,10.6
2025-09-09,24,21.7,17.3,25.8,0,58.0,2.3,7.4
2025-09-09,25,22.3,18.5,28.4,0,51.0,11.7,7.9
2025-09-10,1,20.2,14.6,26.2,9.6,65.0,16.1,7.7
2025-09-10,2,19.7,14.8,26.2,2.0,49.0,22.2,7.3
2025-09-10,3,20.3,16.5,24.3,1.0,58.0,5.9,5.0
2025-09-10,4,20.4,15.1,27.0,3.7,66.0,12.1,6.1
2025-09-10,5,21.7,16.3,26.7,0,81.0,14.0,8.9
2025-09-10,6,20.0,15.5,24.1,0,53.0,17.0,6.1
2025-09-10,7,20.2,15.7,26.2,0,73.0,8.2,8.1
2025-09-10,8,21.3,18.0,26.3,0,70.0,10.3,9.7
2025-09-10,9,21.4,17.2,28.3,0,70.0,20.9,5.0
2025-09-10,10,21.4,16.4,25.1,0,77.0,4.9,10.5
2025-09-10,11,18.8,15.5,23.7,0,88.0,9.5,7.9
2025-09-10,12,18.8,15.0,22.1,0,80.0,17.0,5.9
2025-09-10,13,22.0,18.4,28.2,0,57.0,15.9,11.4
2025-09-10,14,22.4,19.3,25.8,0,51.0,18.1,7.1
2025-09-10,15,20.1,16.0,25.0,0,79.0,5.7,8.9
2025-09-10,16,20.4,14.8,24.3,0,67.0,9.6,9.1
2025-09-10,17,20.6,17.3,24.7,0,54.0,15.2,9.4
2025-09-10,18,18.8,15.2,25.3,0,61.0,9.2,9.7
2025-09-10,19,23.2,18.2,26.3,0,59.0,27.0,6.0
2025-09-10,20,22.8,19.4,26.0,0,76.0,11.6,7.9
2025-09-10,21,19.1,14.5,26.0,0,50.0,25.2,7.0
2025-09-10,22,19.0,14.5,25.0,0,55.0,25.8,7.0
2025-09-10,23,23.3,18.1,26.4,0,44.0,32.2,7.8
2025-09-10,24,22.4,16.9,28.1,0,66.0,15.0,7.9
2025-09-10,25,21.0,16.0,26.0,0,30.0,12.4,7.9
2025-09-11,1,19.3,13.4,26.3,0,67.0,12.3,8.2
2025-09-11,2,20.0,14.9,24.2,0,74.0,7.3,6.0
2025-09-11,3,19.1,15.3,23.2,10.7,64.0,14.8,9.2
2025-09-11,4,20.3,16.0,23.7,0,53.0,8.0,7.3
2025-09-11,5,17.9,13.5,24.1,0,61.0,14.3,7.1
2025-09-11,6,20.3,14.4,27.1,0,69.0,5.2,6.0
2025-09-11,7,19.0,13.9,22.6,0,80.0,13.6,5.6
2025-09-11,8,22.0,17.4,25.4,0,57.0,11.0,8.9
2025-09-11,9,21.4,18.2,26.1,0,59.0,3.1,8.5
2025-09-11,10,20.9,17.4,24.4,0,64.0,22.5,7.5
2025-09-11,11,19.7,15.8,25.1,0.4,65.0,13.0,10.0
2025-09-11,12,20.5,17.3,24.5,0,57.0,7.6,9.0
2025-09-11,13,21.2,16.5,28.1,0,60.0,29.4,8.7
2025-09-11,14,22.3,16.8,25.8,0.7,73.0,1.3,6.1
2025-09-11,15,18.2,15.0,23.8,0,68.0,10.3,6.2
2025-09-11,16,20.0,16.4,26.5,0,72.0,15.1,9.1
2025-09-11,17,21.3,17.8,27.7,0,41.0,18.9,8.2
2025-09-11,18,16.7,13.5,22.6,0,48.0,19.7,12.2
2025-09-11,19,21.1,15.8,27.5,0,58.0,28.9,8.8
2025-09-11,20,22.3,17.2,27.8,0,64.0,13.9,8.0
2025-09-11,21,18.5,13.3,21.8,3.9,63.0,11.3,8.1
2025-09-11,22,21.3,17.2,24.4,0,50.0,6.3,9.1
2025-09-11,23,23.1,19.4,27.1,0,29.0,9.2,8.7
2025-09-11,24,22.0,17.0,28.3,0,49.0,18.6,6.9
2025-09-11,25,20.7,17.1,27.6,0,45.0,11.7,7.6
2025-09-12,1,18.1,13.2,24.6,0,58.0,8.3,9.3
2025-09-12,2,18.3,14.1,24.1,0,61.0,13.5,6.2
2025-09-12,3,20.2,15.6,25.4,7.5,62.0,20.6,6.2
2025-09-12,4,18.4,15.0,24.3,0,68.0,21.0,7.1
2025-09-12,5,16.4,12.1,20.4,0,74.0,15.9,7.2
2025-09-12,6,23.2,17.3,29.0,0,60.0,22.6,8.0
2025-09-12,7,21.3,18.0,24.9,0,59.0,6.9,7.2
2025-09-12,8,18.3,13.5,21.4,0,55.0,1.3,8.2
2025-09-12,9,20.9,17.2,25.9,0,61.0,16.7,5.8
2025-09-12,10,21.9,17.7,26.5,0,61.0,8.1,6.7
2025-09-12,11,19.3,15.1,24.9,0.3,80.0,20.9,7.4
2025-09-12,12,18.7,14.7,23.7,0,67.0,10.9,7.7
2025-09-12,13,19.3,15.8,25.2,0,43.0,22.8,5.9
2025-09-12,14,23.0,18.6,29.6,0,62.0,0.8,7.9
2025-09-12,15,17.8,12.2,23.8,0,72.0,4.1,7.5
2025-09-12,16,18.4,13.2,21.6,0,73.0,6.3,6.8
2025-09-12,17,21.3,17.6,28.1,3.3,48.0,7.4,7.1
2025-09-12,18,17.4,13.0,20.5,0,48.0,2.4,5.6
2025-09-12,19,22.4,18.6,29.4,0,53.0,20.4,8.7
2025-09-12,20,22.9,16.9,27.7,0,62.0,29.1,8.1
2025-09-12,21,19.0,15.6,23.0,0,73.0,20.3,6.6
2025-09-12,22,20.9,16.3,27.2,0,66.0,20.1,6.6
2025-09-12,23,25.0,21.0,32.0,0,49.0,30.9,6.3
2025-09-12,24,23.0,19.2,28.2,0,58.0,10.0,7.0
2025-09-12,25,19.8,14.3,23.7,0,37.0,1.5,8.9
2025-09-13,1,18.3,13.4,24.4,0,67.0,6.9,6.3
2025-09-13,2,17.3,12.0,21.2,0,64.0,19.6,7.4
2025-09-13,3,19.8,14.4,26.4,0,63.0,25.6,6.3
2025-09-13,4,17.6,12.6,22.1,0,75.0,23.6,8.9
2025-09-13,5,21.0,15.7,25.8,0,71.0,16.5,8.7
2025-09-13,6,19.5,14.2,23.8,0,76.0,21.9,6.1
2025-09-13,7,20.6,15.2,24.4,0,70.0,9.1,6.8
2025-09-13,8,18.8,15.1,24.6,0,65.0,25.8,5.5
2025-09-13,9,20.4,16.8,24.9,0,54.0,15.3,9.6
2025-09-13,10,23.4,18.4,30.0,0.2,64.0,7.3,6.7
2025-09-13,11,20.5,16.1,26.3,0,63.0,14.0,9.1
2025-09-13,12,17.5,12.1,21.6,0,55.0,24.4,9.4
2025-09-13,13,17.7,14.6,23.5,0,56.0,20.4,7.8
2025-09-13,14,18.6,14.8,24.1,0,55.0,13.1,6.4
2025-09-13,15,19.6,14.4,25.5,0,67.0,10.2,6.3
2025-09-13,16,16.2,12.6,20.2,0,69.0,17.4,8.8
2025-09-13,17,20.5,16.7,24.3,0,57.0,20.5,5.4
2025-09-13,18,17.6,12.6,22.6,0,42.0,15.6,5.4
2025-09-13,19,21.0,15.9,26.4,0,69.0,25.5,9.4
2025-09-13,20,23.6,17.9,29.2,0,46.0,15.5,7.6
2025-09-13,21,18.2,14.8,23.4,0,42.0,1.0,9.0
2025-09-13,22,19.8,15.2,24.8,0,58.0,0.7,9.3
2025-09-13,23,23.2,18.1,28.8,0,30.0,17.1,6.8
2025-09-13,24,17.8,12.4,24.5,0,55.0,10.6,10.3
2025-09-13,25,21.2,17.9,26.4,0,51.0,15.2,8.8
2025-09-14,1,18.0,14.2,21.5,0,80.0,3.0,9.1
2025-09-14,2,16.0,11.1,21.8,0,61.0,19.5,6.7
2025-09-14,3,18.8,14.0,23.5,0,61.0,12.6,6.3
2025-09-14,4,18.2,15.0,24.3,0,74.0,1.2,8.6
2025-09-14,5,18.9,15.2,24.3,0.8,68.0,2.2,7.6
2025-09-14,6,17.8,12.6,22.4,2.9,67.0,20.6,5.4
2025-09-14,7,19.0,13.1,25.2,0,66.0,28.7,9.4
2025-09-14,8,18.6,13.8,24.0,0,79.0,22.9,5.6
2025-09-14,9,18.2,14.1,23.0,0,70.0,23.8,5.5
2025-09-14,10,19.4,13.6,25.2,0,58.0,23.2,10.8
2025-09-14,11,19.8,15.6,23.8,0,68.0,5.6,9.4
2025-09-14,12,19.8,16.6,24.2,3.4,73.0,12.3,7.9
2025-09-14,13,22.9,17.7,29.8,0,49.0,26.6,6.8
2025-09-14,14,22.4,17.7,26.4,0,64.0,15.5,8.1
2025-09-14,15,18.5,13.2,25.4,17.7,72.0,21.7,8.6
2025-09-14,16,18.0,14.2,23.3,0,81.0,10.2,10.0
2025-09-14,17,17.6,11.7,22.9,0,39.0,25.5,7.8
2025-09-14,18,18.0,12.7,23.0,0,46.0,4.7,6.8
2025-09-14,19,21.9,17.4,26.6,0,48.0,22.8,7.4
2025-09-14,20,21.5,17.7,26.0,0,63.0,28.2,6.5
2025-09-14,21,17.9,13.9,22.8,0,56.0,16.7,8.9
2025-09-14,22,18.7,15.1,24.4,3.8,56.0,8.4,6.6
2025-09-14,23,23.6,18.0,29.3,0,45.0,10.1,7.0
2025-09-14,24,17.7,12.6,23.7,15.1,71.0,20.3,9.3
2025-09-14,25,17.7,11.9,23.9,0,35.0,31.5,7.4
2025-09-15,1,15.7,11.7,20.1,0,62.0,25.9,6.4
2025-09-15,2,21.3,15.4,28.2,0,68.0,20.2,6.0
2025-09-15,3,19.3,14.6,23.4,0,72.0,11.3,6.1
2025-09-15,4,19.2,16.0,25.2,0,67.0,8.3,6.3
2025-09-15,5,18.7,15.4,23.6,0,66.0,2.2,7.9
2025-09-15,6,19.7,16.0,22.8,0,67.0,7.8,8.1
2025-09-15,7,20.8,16.5,26.5,1.8,69.0,29.2,6.7
2025-09-15,8,21.5,17.6,28.0,0,81.0,11.1,7.9
2025-09-15,9,20.3,14.8,26.7,0,54.0,13.6,5.0
2025-09-15,10,21.1,15.7,25.6,0,54.0,20.3,5.1
2025-09-15,11,19.0,15.6,24.3,0,68.0,17.9,5.0
2025-09-15,12,17.9,13.5,22.1,0,66.0,9.0,6.0
2025-09-15,13,21.1,17.2,26.6,0,38.0,31.4,6.0
2025-09-15,14,22.1,17.4,26.6,0,74.0,23.3,7.0
2025-09-15,15,19.1,15.1,25.2,0,69.0,23.3,9.5
2025-09-15,16,17.3,12.2,21.3,0,59.0,7.9,6.8
2025-09-15,17,18.8,15.5,24.5,0,44.0,6.2,7.4
2025-09-15,18,19.9,16.5,25.8,0,35.0,27.6,6.6
2025-09-15,19,20.1,14.5,25.0,0,52.0,13.9,6.9
2025-09-15,20,22.6,18.2,29.3,0,43.0,21.5,7.2
2025-09-15,21,19.0,13.9,22.5,0,54.0,22.5,6.6
2025-09-15,22,18.1,15.1,23.5,0,53.0,23.9,5.8
2025-09-15,23,23.7,19.6,29.7,0,35.0,16.7,6.9
2025-09-15,24,19.3,14.2,25.9,0,64.0,17.2,5.5
2025-09-15,25,20.5,16.0,24.6,0,48.0,3.9,7.1
2025-09-16,1,19.7,15.1,24.1,0,65.0,21.6,9.2
2025-09-16,2,21.5,15.6,26.6,0,59.0,17.8,7.8
2025-09-16,3,16.4,10.6,19.8,6.1,59.0,26.7,5.8
2025-09-16,4,19.3,15.3,23.2,0,85.0,14.2,8.5
2025-09-16,5,16.4,11.5,19.5,0,67.0,14.9,6.1
2025-09-16,6,19.4,15.0,23.1,0,57.0,22.6,6.1
2025-09-16,7,18.5,13.8,21.9,0,59.0,28.3,9.2
2025-09-16,8,17.6,14.4,24.5,0,65.0,8.8,6.8
2025-09-16,9,18.7,12.9,22.2,0.4,52.0,2.1,5.3
2025-09-16,10,17.5,12.7,22.4,0,57.0,8.1,7.0
2025-09-16,11,21.2,16.3,27.7,0,83.0,0.8,3.5
2025-09-16,12,19.8,14.9,25.0,1.1,55.0,13.9,5.3
2025-09-16,13,19.8,15.3,23.7,0,54.0,19.4,7.9
2025-09-16,14,21.8,16.6,25.6,0,46.0,20.0,6.2
2025-09-16,15,19.7,15.4,25.8,0,82.0,10.7,8.9
2025-09-16,16,18.8,14.0,24.7,7.1,59.0,19.0,5.8
2025-09-16,17,21.1,17.8,28.0,0,58.0,10.7,6.8
2025-09-16,18,15.7,11.7,20.0,0,39.0,22.5,9.4
2025-09-16,19,23.1,18.6,27.1,0,48.0,9.3,8.9
2025-09-16,20,22.1,17.8,26.7,0,68.0,14.2,7.9
2025-09-16,21,18.4,13.0,23.7,0.5,73.0,15.4,7.6
2025-09-16,22,18.4,12.9,22.4,0,57.0,25.0,5.5
2025-09-16,23,24.3,21.3,28.3,0,45.0,11.8,9.1
2025-09-16,24,19.5,14.9,22.8,0,69.0,24.1,8.9
2025-09-16,25,19.4,14.1,26.4,0,45.0,19.8,6.8
2025-09-17,1,19.3,13.7,23.4,4.0,59.0,4.3,7.3
2025-09-17,2,19.0,15.5,24.2,0,70.0,19.8,7.5
2025-09-17,3,20.1,14.7,24.5,2.8,79.0,16.3,8.1
2025-09-17,4,17.7,13.8,22.2,0,71.0,14.1,6.0
2025-09-17,5,17.8,12.0,23.0,0,74.0,15.4,7.0
2025-09-17,6,18.4,14.1,24.3,0,69.0,17.0,8.2
2025-09-17,7,18.8,15.4,23.6,1.1,78.0,15.8,9.7
2025-09-17,8,18.9,15.6,22.7,0,60.0,21.6,7.1
2025-09-17,9,19.4,13.5,26.0,0,67.0,17.1,8.3
2025-09-17,10,19.0,13.7,23.6,0,69.0,19.1,8.7
2025-09-17,11,19.5,14.1,23.6,0,70.0,29.1,6.5
2025-09-17,12,22.0,18.6,28.2,1.5,72.0,25.4,7.2
2025-09-17,13,19.1,13.3,25.6,0,47.0,29.2,5.9
2025-09-17,14,20.5,14.8,24.3,0,76.0,7.7,10.4
2025-09-17,15,17.2,12.5,23.0,10.1,74.0,8.7,4.8
2025-09-17,16,22.7,17.1,28.5,0,73.0,16.6,8.9
2025-09-17,17,21.3,17.1,27.1,0,47.0,25.6,7.2
2025-09-17,18,16.9,13.4,21.8,0,41.0,24.8,8.6
2025-09-17,19,20.5,14.8,27.0,0,42.0,20.9,7.4
2025-09-17,20,20.5,17.1,26.1,0,34.0,22.9,6.2
2025-09-17,21,16.8,11.1,21.6,0,70.0,17.7,6.0
2025-09-17,22,17.1,12.7,23.7,5.7,50.0,10.0,8.0
2025-09-17,23,21.3,17.4,27.0,0,24.0,14.2,4.9
2025-09-17,24,19.1,13.8,25.8,0,65.0,18.9,7.6
2025-09-17,25,18.9,14.2,22.1,0,29.0,17.3,10.1
2025-09-18,1,17.8,13.7,22.7,0,59.0,7.9,5.0
2025-09-18,2,21.2,15.3,25.8,0,57.0,16.4,6.2
2025-09-18,3,19.2,13.2,22.4,0,72.0,10.4,5.8
2025-09-18,4,19.6,13.7,23.8,0,62.0,11.1,7.6
2025-09-18,5,20.1,15.3,24.4,0,49.0,13.9,4.3
2025-09-18,6,19.4,15.9,22.6,0,69.0,14.0,10.1
2025-09-18,7,18.9,15.4,22.8,0,62.0,20.4,6.4
2025-09-18,8,22.2,16.7,26.3,0,85.0,3.9,5.6
2025-09-18,9,21.7,15.8,28.1,0,56.0,33.9,6.7
2025-09-18,10,18.3,13.5,24.0,0,55.0,17.6,5.7
2025-09-18,11,17.9,13.3,21.6,5.3,59.0,17.2,9.0
2025-09-18,12,18.6,15.4,23.7,0,68.0,12.5,7.9
2025-09-18,13,19.7,16.6,23.3,0,70.0,31.5,8.7
2025-09-18,14,17.9,12.5,24.3,0,59.0,9.6,8.0
2025-09-18,15,15.3,10.9,19.8,0,70.0,16.4,8.4
2025-09-18,16,21.5,15.8,26.2,0,64.0,18.4,6.8
2025-09-18,17,18.3,12.8,21.6,0,60.0,13.8,5.8
2025-09-18,18,18.1,13.5,24.0,0,51.0,9.5,6.8
2025-09-18,19,21.7,16.2,25.7,0,51.0,12.5,5.5
2025-09-18,20,22.7,17.6,29.0,0,65.0,17.4,8.9
2025-09-18,21,17.9,13.5,21.5,0,63.0,5.8,7.9
2025-09-18,22,17.8,11.8,21.2,0,56.0,18.2,4.2
2025-09-18,23,23.4,18.8,30.3,0,27.0,19.2,9.5
2025-09-18,24,20.6,14.9,26.3,0,67.0,10.5,7.7
2025-09-18,25,17.5,13.4,23.4,0,55.0,10.8,7.8
2025-09-19,1,16.6,13.0,20.6,0,63.0,12.6,8.1
2025-09-19,2,19.0,13.4,24.7,0,75.0,9.4,6.6
2025-09-19,3,14.7,9.1,21.0,0.9,58.0,8.0,7.6
2025-09-19,4,19.3,14.1,23.4,4.3,71.0,11.8,7.5
2025-09-19,5,17.4,12.3,21.7,1.6,84.0,20.2,5.1
2025-09-19,6,19.1,13.8,23.7,0,66.0,12.9,4.7
2025-09-19,7,19.7,14.2,23.7,0,64.0,15.5,7.1
2025-09-19,8,18.4,13.2,23.9,0,59.0,17.6,7.4
2025-09-19,9,19.9,16.6,23.2,0,66.0,4.7,8.1
2025-09-19,10,19.3,13.8,22.9,0,66.0,21.0,5.1
2025-09-19,11,17.5,13.5,23.5,0,68.0,33.0,10.1
2025-09-19,12,15.6,10.7,21.2,11.4,78.0,22.2,5.8
2025-09-19,13,21.3,17.0,26.7,0,57.0,12.1,6.9
2025-09-19,14,21.2,17.6,26.8,0,70.0,15.3,6.9
2025-09-19,15,15.8,10.4,21.4,0,76.0,3.3,6.5
2025-09-19,16,18.4,15.3,23.4,0,70.0,23.0,4.7
2025-09-19,17,20.7,16.7,25.6,0,37.0,1.1,8.3
2025-09-19,18,15.6,12.6,20.0,0,39.0,18.6,6.4
2025-09-19,19,20.4,14.9,26.5,0,52.0,4.3,7.0
2025-09-19,20,19.4,15.5,22.5,0,66.0,29.2,8.3
2025-09-19,21,19.0,13.1,25.7,5.1,70.0,4.5,8.5
2025-09-19,22,17.4,13.0,23.8,0,60.0,19.2,7.6
2025-09-19,23,23.1,18.1,28.4,0,39.0,2.8,9.4
2025-09-19,24,18.9,15.4,24.2,0,73.0,3.4,8.3
2025-09-19,25,20.1,16.2,26.8,0,59.0,9.3,6.9
2025-09-20,1,19.1,14.6,25.4,0,69.0,26.6,4.6
2025-09-20,2,19.8,14.7,24.3,0,63.0,25.6,5.2
2025-09-20,3,19.1,15.8,23.7,0,63.0,17.6,9.0
2025-09-20,4,17.1,12.9,22.6,0,73.0,23.0,6.0
2025-09-20,5,20.8,15.2,24.1,4.2,61.0,23.6,8.4
2025-09-20,6,19.9,15.8,26.8,0,70.0,25.9,8.0
2025-09-20,7,20.9,16.0,26.0,0,67.0,3.4,6.2
2025-09-20,8,21.4,15.6,25.1,0,70.0,34.6,3.2
2025-09-20,9,18.5,14.4,23.1,0,70.0,15.4,6.7
2025-09-20,10,19.6,14.5,25.6,0,59.0,2.1,4.5
2025-09-20,11,20.4,14.9,23.9,0,65.0,14.1,7.5
2025-09-20,12,17.9,12.2,22.4,0.9,77.0,20.5,6.0
2025-09-20,13,19.5,15.4,25.6,0,50.0,3.2,8.8
2025-09-20,14,17.5,12.1,24.3,0,70.0,8.9,6.0
2025-09-20,15,18.1,14.4,23.2,0,53.0,23.0,7.4
2025-09-20,16,16.6,11.2,22.0,1.8,75.0,13.4,7.2
2025-09-20,17,19.1,13.7,25.0,0,39.0,15.3,8.2
2025-09-20,18,15.0,11.1,19.8,0,42.0,27.1,8.0
2025-09-20,19,22.5,16.7,28.3,0,63.0,5.1,7.1
2025-09-20,20,21.7,18.4,27.0,0,58.0,10.7,9.1
2025-09-20,21,15.6,10.1,22.6,0,67.0,34.0,9.2
2025-09-20,22,17.3,12.8,23.1,0,49.0,15.8,7.5
2025-09-20,23,21.6,16.8,25.2,0,37.0,15.2,4.5
2025-09-20,24,17.7,13.6,23.0,3.0,65.0,15.0,10.3
2025-09-20,25,20.0,16.6,24.9,0,53.0,9.1,4.8
2025-09-21,1,20.2,16.6,25.8,0,78.0,24.0,3.2
2025-09-21,2,17.3,12.1,23.3,0,76.0,14.7,9.7
2025-09-21,3,17.8,14.4,24.1,0,71.0,20.2,8.7
2025-09-21,4,17.2,13.2,22.2,6.2,65.0,14.3,6.2
2025-09-21,5,16.6,12.6,19.8,0,79.0,24.2,7.9
2025-09-21,6,21.7,18.0,25.2,0.4,65.0,4.6,7.6
2025-09-21,7,18.8,15.7,22.6,0,53.0,11.5,4.0
2025-09-21,8,14.1,9.0,20.4,0,64.0,23.7,6.6
2025-09-21,9,18.2,13.8,23.5,0,66.0,21.3,8.3
2025-09-21,10,19.2,14.6,23.7,1.0,62.0,21.6,6.0
2025-09-21,11,18.1,14.6,21.1,0,80.0,26.5,6.3
2025-09-21,12,20.5,15.0,26.6,0,74.0,13.6,7.5
2025-09-21,13,22.6,17.0,28.9,0,55.0,15.5,5.3
2025-09-21,14,21.6,16.4,26.7,0,54.0,19.0,6.6
2025-09-21,15,16.9,12.1,20.5,0,73.0,16.0,6.4
2025-09-21,16,20.2,14.6,26.2,0,56.0,18.2,5.3
2025-09-21,17,18.1,14.0,21.1,0,47.0,4.6,5.0
2025-09-21,18,14.4,9.6,19.9,0,43.0,14.2,8.9
2025-09-21,19,19.6,15.9,23.1,0,57.0,9.7,7.2
2025-09-21,20,19.5,14.2,25.1,0,60.0,15.2,5.7
2025-09-21,21,16.9,11.7,21.4,0,68.0,19.6,8.2
2025-09-21,22,17.5,12.0,23.0,0,60.0,15.2,6.7
2025-09-21,23,22.1,17.2,25.8,0,39.0,11.5,8.0
2025-09-21,24,15.1,10.0,18.2,0,69.0,22.6,9.7
2025-09-21,25,17.2,12.3,23.4,0,67.0,6.4,6.9
2025-09-22,1,20.3,16.2,25.3,0,70.0,9.9,7.9
2025-09-22,2,21.0,16.5,27.5,0,64.0,25.0,9.3
2025-09-22,3,20.3,15.4,25.6,0,67.0,16.9,7.3
2025-09-22,4,15.4,10.7,20.9,0,75.0,17.5,7.1
2025-09-22,5,18.3,13.0,22.2,0,78.0,22.4,6.7
2025-09-22,6,18.7,15.1,22.5,1.4,62.0,17.4,8.6
2025-09-22,7,19.7,14.5,24.3,0,71.0,21.7,7.4
2025-09-22,8,18.2,12.8,23.4,0,58.0,23.4,7.0
2025-09-22,9,18.5,14.8,25.3,0,54.0,15.4,4.5
2025-09-22,10,20.4,17.2,27.3,0,72.0,27.7,7.1
2025-09-22,11,17.3,12.5,21.0,0,73.0,20.4,7.9
2025-09-22,12,17.2,12.0,20.9,0,62.0,9.5,7.7
2025-09-22,13,19.4,16.4,22.7,0.7,65.0,31.6,5.4
2025-09-22,14,20.6,16.5,25.1,0,49.0,10.8,5.2
2025-09-22,15,17.7,12.6,24.1,12.3,82.0,14.8,7.8
2025-09-22,16,20.8,17.0,27.1,0,70.0,24.7,6.4
2025-09-22,17,19.6,15.6,24.5,0,46.0,20.5,8.3
2025-09-22,18,13.2,9.7,16.3,0,59.0,32.1,6.9
2025-09-22,19,24.1,18.6,29.7,0,58.0,13.1,3.9
2025-09-22,20,21.4,18.0,25.5,0,68.0,21.6,5.0
2025-09-22,21,19.1,13.3,22.8,5.1,67.0,15.0,6.8
2025-09-22,22,18.7,13.5,22.6,0,70.0,11.5,4.5
2025-09-22,23,19.8,14.6,23.7,0,33.0,6.4,4.7
2025-09-22,24,19.1,13.3,22.6,0,68.0,20.9,6.6
2025-09-22,25,18.9,15.1,25.4,0,58.0,25.4,6.0
2025-09-23,1,19.4,13.6,25.2,0,62.0,15.4,8.0
2025-09-23,2,19.2,14.6,25.7,0.4,76.0,2.6,6.0
2025-09-23,3,17.8,14.7,21.4,0,68.0,22.8,10.1
2025-09-23,4,15.3,10.9,18.4,0,62.0,19.3,8.2
2025-09-23,5,18.7,14.2,24.4,0,67.0,17.4,7.2
2025-09-23,6,18.3,13.1,24.6,0,65.0,6.0,4.7
2025-09-23,7,20.0,16.4,24.3,0,73.0,4.0,6.6
2025-09-23,8,18.3,12.6,22.5,1.1,79.0,11.9,6.7
2025-09-23,9,20.4,16.1,27.2,0,73.0,12.8,6.8
2025-09-23,10,16.7,11.8,22.6,0,55.0,20.4,6.7
2025-09-23,11,17.9,13.2,22.9,0,79.0,16.7,7.0
2025-09-23,12,17.4,11.8,21.7,0,56.0,9.9,5.0
2025-09-23,13,16.8,11.2,23.1,0,69.0,17.7,7.8
2025-09-23,14,20.2,14.5,23.6,0,58.0,16.0,5.8
2025-09-23,15,16.9,13.8,21.3,1.3,77.0,20.0,5.5
2025-09-23,16,19.0,15.9,25.4,0,70.0,8.9,8.1
2025-09-23,17,19.0,14.2,25.1,0,32.0,10.8,7.9
2025-09-23,18,16.7,11.4,23.0,0,54.0,13.9,8.3
2025-09-23,19,18.3,12.9,24.2,0,51.0,15.1,8.6
2025-09-23,20,19.7,15.3,23.6,0,69.0,15.6,7.5
2025-09-23,21,16.6,11.2,22.6,0,65.0,10.9,6.6
2025-09-23,22,13.6,9.4,17.1,0,67.0,12.0,5.3
2025-09-23,23,23.8,20.4,30.3,0,31.0,3.3,5.3
2025-09-23,24,18.3,15.1,25.1,0,79.0,13.8,5.9
2025-09-23,25,18.5,14.8,23.6,0,46.0,19.0,8.4
2025-09-24,1,17.1,12.7,21.1,0,79.0,10.8,6.7
2025-09-24,2,19.4,16.4,23.6,0,52.0,24.4,5.5
2025-09-24,3,16.4,12.1,21.9,6.7,61.0,20.9,6.6
2025-09-24,4,17.7,12.6,24.0,0,67.0,18.8,3.6
2025-09-24,5,15.7,12.3,19.0,0,72.0,15.3,6.0
2025-09-24,6,15.6,10.3,21.4,0.0,80.0,18.4,9.7
2025-09-24,7,19.2,13.4,23.9,0.1,75.0,6.8,7.0
2025-09-24,8,18.5,14.3,23.9,0,90.0,13.8,8.4
2025-09-24,9,18.6,15.4,22.9,1.3,63.0,13.1,6.6
2025-09-24,10,17.6,12.8,22.8,0,57.0,14.3,6.0
2025-09-24,11,18.2,14.2,21.6,0,59.0,12.6,7.9
2025-09-24,12,17.4,11.6,21.4,0,79.0,8.2,4.9
2025-09-24,13,15.6,11.0,22.6,0,61.0,2.3,9.1
2025-09-24,14,18.5,13.0,22.0,0,46.0,16.9,6.6
2025-09-24,15,16.1,10.5,22.2,0,73.0,21.5,4.9
2025-09-24,16,20.8,17.8,24.8,0,73.0,8.8,9.4
2025-09-24,17,18.4,13.8,24.0,0,53.0,11.6,6.9
2025-09-24,18,16.3,10.9,22.0,6.7,40.0,13.4,6.6
2025-09-24,19,18.6,13.8,25.5,0,45.0,16.9,4.7
2025-09-24,20,21.5,17.8,24.7,0,45.0,14.8,4.8
2025-09-24,21,16.6,10.8,21.1,0,54.0,14.1,8.4
2025-09-24,22,14.9,10.2,20.3,0.1,62.0,10.9,9.3
2025-09-24,23,21.3,17.5,26.2,0,51.0,19.2,6.3
2025-09-24,24,16.7,12.1,22.8,0.5,75.0,12.9,6.0
2025-09-24,25,18.2,15.2,24.5,4.6,36.0,22.1,6.0
2025-09-25,1,15.9,10.1,19.8,0,54.0,14.9,8.1
2025-09-25,2,15.8,12.2,19.2,1.7,72.0,11.9,4.0
2025-09-25,3,18.9,13.8,24.0,0.1,70.0,25.8,6.2
2025-09-25,4,18.6,14.4,23.7,0.1,77.0,13.2,4.8
2025-09-25,5,15.3,9.5,20.4,0,56.0,29.2,7.2
2025-09-25,6,16.3,11.9,21.6,0,65.0,9.7,6.9
2025-09-25,7,19.0,14.8,24.7,0,64.0,15.7,7.3
2025-09-25,8,17.3,13.4,22.2,0,73.0,0.6,6.7
2025-09-25,9,20.6,16.9,24.4,0,68.0,21.0,7.2
2025-09-25,10,18.4,15.0,22.7,0,57.0,15.3,4.6
2025-09-25,11,17.4,14.2,20.7,0,75.0,17.4,7.9
2025-09-25,12,17.9,14.7,22.7,0,69.0,14.2,6.6
2025-09-25,13,18.5,12.9,24.4,1.2,55.0,5.8,4.3
2025-09-25,14,19.0,14.1,25.9,0,56.0,6.5,5.0
2025-09-25,15,17.5,12.0,20.8,0,87.0,7.3,4.5
2025-09-25,16,20.3,16.4,27.3,2.1,74.0,0.7,10.0
2025-09-25,17,19.1,13.8,25.0,0,29.0,21.5,3.8
2025-09-25,18,14.6,11.2,18.4,0,43.0,15.7,5.7
2025-09-25,19,18.6,13.0,23.6,0,56.0,10.0,8.4
2025-09-25,20,18.4,13.9,23.1,0,47.0,11.0,9.0
2025-09-25,21,14.3,10.2,21.0,3.1,70.0,8.3,5.5
2025-09-25,22,15.9,12.3,19.0,2.6,42.0,10.0,3.8
2025-09-25,23,19.8,16.4,25.3,0,36.0,1.2,5.3
2025-09-25,24,18.0,14.9,23.8,2.6,60.0,5.5,9.0
2025-09-25,25,18.7,13.1,24.6,2.2,64.0,23.1,6.1
2025-09-26,1,18.0,14.1,24.7,0,61.0,23.7,5.8
2025-09-26,2,17.0,11.5,20.2,5.1,63.0,12.3,6.5
2025-09-26,3,20.4,17.4,25.7,0,72.0,10.3,6.6
2025-09-26,4,16.4,13.1,21.4,0,75.0,2.4,5.7
2025-09-26,5,18.8,15.6,23.1,0.2,62.0,21.0,7.3
2025-09-26,6,17.2,12.6,21.5,0,70.0,4.5,4.9
2025-09-26,7,21.0,15.2,24.5,0,77.0,3.4,6.8
2025-09-26,8,18.8,12.9,22.5,0,74.0,22.7,5.0
2025-09-26,9,17.3,13.0,23.6,0,58.0,7.2,5.8
2025-09-26,10,20.0,16.2,26.6,0,67.0,33.4,6.8
2025-09-26,11,18.3,14.9,21.5,0,72.0,10.5,5.5
2025-09-26,12,18.2,13.2,22.4,0,74.0,3.6,7.8
2025-09-26,13,18.0,13.0,24.3,0,41.0,19.2,7.0
2025-09-26,14,19.6,14.0,25.3,0,67.0,22.9,9.4
2025-09-26,15,18.1,12.6,21.6,3.7,80.0,22.4,7.3
2025-09-26,16,17.0,11.2,20.5,5.8,68.0,16.5,6.8
2025-09-26,17,16.8,11.5,22.1,0,38.0,14.0,6.5
2025-09-26,18,18.0,14.3,24.8,0,54.0,18.8,4.3
2025-09-26,19,20.7,15.7,26.9,0,53.0,22.4,6.3
2025-09-26,20,18.3,13.9,24.9,0,51.0,23.4,7.9
2025-09-26,21,15.2,10.1,21.5,11.6,58.0,14.0,5.6
2025-09-26,22,14.5,9.3,19.1,0,62.0,2.2,5.9
2025-09-26,23,22.1,18.3,26.1,0,59.0,8.9,2.2
2025-09-26,24,17.1,12.3,24.0,0,55.0,15.8,7.5
2025-09-26,25,18.6,15.6,22.7,0,40.0,7.8,5.8
2025-09-27,1,16.6,13.6,23.4,0,72.0,17.5,6.1
2025-09-27,2,16.6,11.2,21.3,0,49.0,14.5,5.2
2025-09-27,3,17.2,13.1,22.2,0,61.0,25.0,7.2
2025-09-27,4,18.8,13.9,24.0,0,66.0,11.0,4.3
2025-09-27,5,18.0,13.6,22.6,0,55.0,16.8,5.6
2025-09-27,6,19.0,13.4,22.9,0,80.0,10.4,6.5
2025-09-27,7,17.3,12.5,21.7,0,71.0,12.7,7.6
2025-09-27,8,17.6,14.2,21.7,0,69.0,22.8,9.1
2025-09-27,9,18.4,13.1,24.5,0,69.0,18.0,4.1
2025-09-27,10,17.4,11.5,20.9,0,59.0,11.0,5.3
2025-09-27,11,18.3,13.9,22.4,0,71.0,26.8,7.9
2025-09-27,12,19.7,14.3,23.0,0,82.0,12.3,4.9
2025-09-27,13,18.4,13.4,21.4,3.6,59.0,17.5,5.3
2025-09-27,14,19.1,15.2,23.3,1.2,55.0,12.8,5.1
2025-09-27,15,15.2,9.3,18.7,0,76.0,16.2,3.2
2025-09-27,16,16.7,12.7,19.9,0,68.0,20.8,5.0
2025-09-27,17,15.8,10.5,20.8,0.0,47.0,13.8,8.4
2025-09-27,18,18.2,14.1,25.0,0,47.0,13.6,6.8
2025-09-27,19,20.7,16.5,24.6,0,67.0,23.4,4.7
2025-09-27,20,22.5,17.2,26.6,0,53.0,13.5,3.1
2025-09-27,21,15.9,10.3,20.2,0,71.0,19.5,7.5
2025-09-27,22,15.0,11.0,20.7,0,63.0,11.8,4.1
2025-09-27,23,19.8,14.3,23.9,0,30.0,10.9,5.7
2025-09-27,24,16.4,11.1,23.2,0,67.0,6.9,7.7
2025-09-27,25,16.4,13.1,21.3,0,53.0,16.2,7.6
2025-09-28,1,18.2,14.1,24.7,0,67.0,15.4,6.8
2025-09-28,2,19.6,15.7,24.5,0,78.0,16.3,7.6
2025-09-28,3,15.7,11.3,18.7,0,74.0,2.9,4.6
2025-09-28,4,15.4,9.9,19.7,0,62.0,13.0,4.4
2025-09-28,5,17.7,13.9,21.0,0,68.0,20.2,7.0
2025-09-28,6,16.7,11.6,21.9,3.0,74.0,22.4,5.6
2025-09-28,7,17.2,13.7,22.7,3.2,69.0,8.6,6.9
2025-09-28,8,20.0,14.9,24.2,1.6,62.0,13.3,6.5
2025-09-28,9,20.8,17.7,27.4,0,66.0,27.6,9.6
2025-09-28,10,17.2,12.9,22.3,0,71.0,7.6,8.3
2025-09-28,11,14.5,11.4,20.3,0,84.0,11.4,8.0
2025-09-28,12,19.0,13.5,25.8,4.2,71.0,20.8,7.3
2025-09-28,13,15.8,12.0,19.7,0,47.0,18.8,3.9
2025-09-28,14,17.9,13.7,22.9,0,64.0,24.4,7.5
2025-09-28,15,17.9,14.4,24.1,14.4,81.0,14.2,7.7
2025-09-28,16,18.6,12.8,22.3,0,67.0,6.0,5.4
2025-09-28,17,14.6,11.6,21.2,0,43.0,0.3,7.1
2025-09-28,18,14.8,9.7,21.3,0,50.0,14.8,7.2
2025-09-28,19,20.2,15.2,25.7,0,54.0,19.4,4.5
2025-09-28,20,18.8,15.0,24.8,0,61.0,31.2,4.6
2025-09-28,21,16.8,11.2,22.1,0,59.0,16.1,4.4
2025-09-28,22,14.0,10.4,17.6,0,57.0,14.4,7.1
2025-09-28,23,22.7,17.3,28.7,0,48.0,30.6,5.1
2025-09-28,24,17.3,12.1,21.0,3.3,77.0,17.0,6.8
2025-09-28,25,16.7,11.2,22.3,0.7,48.0,18.2,5.0
2025-09-29,1,16.8,11.2,23.4,1.2,69.0,25.4,5.5
2025-09-29,2,19.5,14.0,24.7,0,53.0,13.0,5.8
2025-09-29,3,15.4,10.0,19.2,0,74.0,3.8,7.9
2025-09-29,4,18.9,14.4,25.7,0,67.0,12.0,6.8
2025-09-29,5,17.4,13.7,23.7,17.9,69.0,13.7,5.0
2025-09-29,6,19.0,13.7,23.1,5.6,69.0,35.9,8.2
2025-09-29,7,17.2,13.9,23.1,0,71.0,19.4,6.6
2025-09-29,8,16.1,12.9,22.6,0,86.0,7.6,5.0
2025-09-29,9,15.8,11.1,21.7,1.3,75.0,22.1,6.8
2025-09-29,10,15.8,10.1,21.2,0,63.0,18.7,4.3
2025-09-29,11,15.7,12.0,21.5,0,78.0,20.6,8.0
2025-09-29,12,16.2,13.0,22.9,0,71.0,6.2,4.9
2025-09-29,13,17.2,13.7,22.6,0,65.0,19.9,6.8
2025-09-29,14,18.2,14.3,22.4,0,65.0,26.2,4.9
2025-09-29,15,15.3,10.0,20.5,0,75.0,26.3,6.0
2025-09-29,16,16.3,12.5,19.8,0,61.0,22.2,5.7
2025-09-29,17,15.6,10.8,19.6,0,48.0,14.2,7.2
2025-09-29,18,13.5,8.6,19.6,3.2,55.0,10.7,8.6
2025-09-29,19,19.2,15.4,24.8,0,67.0,21.1,5.2
2025-09-29,20,18.7,13.7,24.8,0,36.0,19.9,6.7
2025-09-29,21,13.2,9.4,19.9,6.1,70.0,13.4,9.9
2025-09-29,22,16.8,13.5,22.0,0,61.0,2.9,5.8
2025-09-29,23,16.4,11.8,22.4,0,51.0,5.3,5.2
2025-09-29,24,15.5,10.7,21.7,0,78.0,3.9,6.7
2025-09-29,25,16.9,12.9,21.7,0,56.0,12.0,5.6
2025-09-30,1,16.6,12.1,21.1,0,75.0,12.5,5.2
2025-09-30,2,13.6,7.8,17.2,0,60.0,16.3,8.0
2025-09-30,3,16.4,12.7,20.5,2.8,66.0,22.4,4.5
2025-09-30,4,16.2,11.1,21.9,0,62.0,8.3,5.7
2025-09-30,5,17.9,14.1,21.6,0,49.0,15.6,7.2
2025-09-30,6,19.2,13.7,23.8,0,73.0,4.5,5.0
2025-09-30,7,18.4,13.2,24.2,0,92.0,22.4,6.2
2025-09-30,8,19.9,15.8,25.4,0,64.0,12.6,5.2
2025-09-30,9,17.2,11.3,21.0,0,60.0,23.1,4.8
2025-09-30,10,16.4,11.3,19.7,0,62.0,10.1,6.8
2025-09-30,11,20.3,16.9,26.8,3.4,77.0,12.5,5.2
2025-09-30,12,17.1,11.4,22.5,0,79.0,4.9,7.0
2025-09-30,13,14.8,10.3,21.2,0,48.0,19.3,5.9
2025-09-30,14,19.9,16.5,24.5,0,48.0,11.7,6.2
2025-09-30,15,14.5,10.6,21.3,0,61.0,24.1,8.4
2025-09-30,16,15.7,10.4,22.0,0,60.0,6.4,5.9
2025-09-30,17,16.5,12.4,20.1,0,61.0,24.5,5.5
2025-09-30,18,13.7,9.9,17.7,0,50.0,0.2,6.4
2025-09-30,19,21.6,17.2,26.5,0,53.0,26.7,6.9
2025-09-30,20,22.6,17.6,26.4,0,52.0,1.3,3.4
2025-09-30,21,13.7,9.9,17.7,0,63.0,3.6,7.7
2025-09-30,22,16.2,12.8,20.7,0,56.0,10.6,8.4
2025-09-30,23,23.2,19.3,29.7,0,33.0,13.7,7.6
2025-09-30,24,14.0,8.4,18.4,14.8,76.0,20.6,7.1
2025-09-30,25,14.1,10.8,18.0,0,41.0,11.7,4.7
2025-10-01,1,15.3,10.2,20.5,0,61.0,2.5,5.4
2025-10-01,2,14.5,9.4,18.9,5.6,81.0,4.1,3.7
2025-10-01,3,15.9,11.4,19.2,0,66.0,15.5,8.6
2025-10-01,4,17.1,11.6,21.7,0,76.0,27.9,5.2
2025-10-01,5,16.4,12.8,22.9,2.6,60.0,20.1,4.2
2025-10-01,6,18.4,13.2,24.0,0,52.0,21.0,6.7
2025-10-01,7,17.4,12.1,22.7,0,72.0,12.7,5.5
2025-10-01,8,18.7,14.4,24.8,0,73.0,20.0,6.2
2025-10-01,9,14.4,9.5,20.7,0,58.0,13.9,7.1
2025-10-01,10,20.1,17.0,23.3,0.7,55.0,23.3,4.1
2025-10-01,11,17.0,11.9,23.4,0,79.0,10.9,6.2
2025-10-01,12,19.0,16.0,22.4,0,89.0,21.4,6.7
2025-10-01,13,15.1,10.8,21.5,0,51.0,15.6,6.1
2025-10-01,14,17.1,13.0,22.6,0,69.0,5.8,8.0
2025-10-01,15,14.9,10.1,21.0,0,59.0,12.0,5.2
2025-10-01,16,15.4,9.5,19.0,0,81.0,7.5,7.4
2025-10-01,17,15.6,9.9,21.6,0,51.0,4.3,4.2
2025-10-01,18,11.7,6.9,17.7,2.5,53.0,9.1,7.1
2025-10-01,19,19.3,13.7,23.9,0,59.0,11.7,6.6
2025-10-01,20,18.0,13.4,24.3,0,55.0,18.8,6.5
2025-10-01,21,15.5,9.6,19.1,0,57.0,15.0,6.4
2025-10-01,22,16.6,11.8,20.9,5.2,75.0,19.9,8.3
2025-10-01,23,18.4,15.4,23.2,0,47.0,27.0,4.3
2025-10-01,24,15.1,11.7,19.1,0,66.0,4.6,8.3
2025-10-01,25,17.9,12.8,22.7,0,47.0,25.1,4.8
2025-10-02,1,18.8,15.7,22.7,2.8,69.0,3.4,6.4
2025-10-02,2,18.1,12.5,24.2,6.5,59.0,25.9,5.7
2025-10-02,3,17.4,11.9,22.8,0,71.0,7.9,5.8
2025-10-02,4,13.4,9.8,19.7,0,68.0,17.2,9.3
2025-10-02,5,12.8,7.7,18.8,10.3,65.0,5.5,7.1
2025-10-02,6,16.4,12.4,21.1,0,65.0,15.0,5.5
2025-10-02,7,16.4,11.3,21.4,0,76.0,31.0,4.0
2025-10-02,8,16.9,12.9,23.0,0,76.0,22.3,6.6
2025-10-02,9,19.4,16.1,26.1,0,53.0,21.3,3.4
2025-10-02,10,17.4,14.2,21.9,0,73.0,2.0,7.2
2025-10-02,11,17.8,12.7,24.2,0,84.0,19.0,6.6
2025-10-02,12,16.8,12.0,22.0,0,66.0,7.7,5.7
2025-10-02,13,14.3,11.1,18.4,0,64.0,21.6,7.9
2025-10-02,14,18.9,14.3,22.8,0,73.0,17.1,5.0
2025-10-02,15,16.5,11.9,23.4,2.4,82.0,6.9,6.1
2025-10-02,16,17.8,13.3,21.4,0,75.0,9.1,5.2
2025-10-02,17,19.6,16.0,23.2,0,42.0,21.1,7.0
2025-10-02,18,13.6,9.8,19.4,0,61.0,15.8,3.9
2025-10-02,19,19.8,13.9,26.8,0,60.0,26.8,5.2
2025-10-02,20,17.6,13.0,22.7,0,56.0,12.0,3.6
2025-10-02,21,14.1,9.5,18.1,0,69.0,14.3,5.3
2025-10-02,22,16.8,12.5,21.5,0,59.0,8.4,6.2
2025-10-02,23,19.2,14.6,25.6,0,33.0,18.1,3.8
2025-10-02,24,17.5,13.6,21.0,0,67.0,11.3,7.7
2025-10-02,25,16.9,13.1,21.3,1.9,66.0,19.9,9.5
2025-10-03,1,16.1,12.9,19.3,0,67.0,19.8,7.2
2025-10-03,2,17.9,14.0,21.9,4.3,64.0,18.2,5.1
2025-10-03,3,15.0,11.3,19.4,0,83.0,9.1,8.8
2025-10-03,4,14.5,8.9,18.3,0,60.0,9.8,7.8
2025-10-03,5,18.7,15.1,24.0,0,60.0,5.7,4.6
2025-10-03,6,13.1,8.3,17.5,0,78.0,12.0,6.5
2025-10-03,7,16.9,10.9,21.9,0,78.0,7.2,5.7
2025-10-03,8,16.9,11.6,20.5,0,77.0,13.9,3.5
2025-10-03,9,14.9,9.7,19.4,0,58.0,7.8,9.6
2025-10-03,10,17.2,12.6,22.7,0,53.0,17.2,3.3
2025-10-03,11,15.4,9.6,18.6,0,63.0,4.2,3.6
2025-10-03,12,18.2,14.9,24.6,0,51.0,4.2,7.3
2025-10-03,13,17.6,12.0,23.4,0,60.0,22.3,4.2
2025-10-03,14,18.8,14.3,25.6,0,69.0,7.3,7.8
2025-10-03,15,16.3,12.3,21.1,0,72.0,16.8,3.6
2025-10-03,16,14.0,10.9,18.4,0,67.0,4.6,6.7
2025-10-03,17,16.7,11.6,20.1,0,51.0,1.4,5.2
2025-10-03,18,13.2,9.9,16.6,1.3,50.0,16.8,7.3
2025-10-03,19,20.2,15.3,25.5,0,63.0,12.0,6.4
2025-10-03,20,19.2,14.1,22.6,0,54.0,7.2,4.9
2025-10-03,21,13.5,9.4,16.5,0,56.0,12.9,3.3
2025-10-03,22,11.6,6.5,17.1,1.3,47.0,29.4,6.7
2025-10-03,23,19.9,14.2,25.3,0,38.0,15.2,7.4
2025-10-03,24,16.5,11.1,20.4,0,67.0,33.2,7.6
2025-10-03,25,14.3,10.2,18.1,0,53.0,11.4,5.1
2025-10-04,1,16.9,11.6,23.0,0,67.0,21.5,5.3
2025-10-04,2,14.7,9.7,17.8,0.5,71.0,13.3,7.4
2025-10-04,3,15.5,10.9,18.6,0,63.0,17.7,3.2
2025-10-04,4,13.7,10.3,18.8,0,59.0,11.3,6.5
2025-10-04,5,14.1,8.7,20.9,0,78.0,10.2,5.2
2025-10-04,6,17.9,11.9,24.1,0,66.0,9.2,5.6
2025-10-04,7,18.8,14.3,24.2,0,64.0,20.5,6.1
2025-10-04,8,17.9,14.9,23.0,0,66.0,11.2,6.5
2025-10-04,9,19.5,14.8,22.5,0,55.0,13.8,5.7
2025-10-04,10,14.3,9.3,18.3,0,58.0,5.9,6.2
2025-10-04,11,15.1,10.7,18.7,0,79.0,24.2,7.1
2025-10-04,12,15.0,9.4,19.2,0,78.0,6.8,5.5
2025-10-04,13,18.2,12.5,24.1,7.1,65.0,27.8,5.3
2025-10-04,14,18.1,12.6,25.0,0,64.0,23.4,4.1
2025-10-04,15,17.1,11.2,23.1,0,80.0,2.9,3.8
2025-10-04,16,19.1,13.2,25.6,0,62.0,7.8,4.1
2025-10-04,17,15.6,12.1,19.5,0,41.0,13.0,6.6
2025-10-04,18,13.0,7.5,18.7,0,55.0,7.6,9.0
2025-10-04,19,18.0,13.2,22.5,0,63.0,12.0,7.5
2025-10-04,20,18.3,15.1,25.0,0,58.0,14.5,4.4
2025-10-04,21,13.5,9.2,19.1,0,62.0,24.0,3.0
2025-10-04,22,15.2,11.8,20.5,3.5,59.0,19.2,5.7
2025-10-04,23,18.6,15.2,24.5,0,22.0,26.7,7.8
2025-10-04,24,15.8,11.5,22.0,6.3,56.0,28.3,5.0
2025-10-04,25,14.8,10.8,19.2,0,36.0,24.3,6.1
2025-10-05,1,16.3,13.0,23.2,0,67.0,2.1,7.3
2025-10-05,2,15.3,12.3,22.0,0,68.0,13.4,6.0
2025-10-05,3,12.1,8.0,17.3,2.8,53.0,13.1,6.1
2025-10-05,4,16.1,11.4,21.7,0,71.0,22.0,4.5
2025-10-05,5,15.5,10.2,21.9,0.1,67.0,14.0,4.3
2025-10-05,6,14.1,10.6,17.6,0,64.0,10.1,4.4
2025-10-05,7,15.8,11.1,21.3,0,70.0,8.0,6.1
2025-10-05,8,15.0,10.4,18.4,0,78.0,24.2,3.8
2025-10-05,9,18.8,14.8,22.6,0,65.0,7.8,3.2
2025-10-05,10,18.8,13.7,23.9,0,72.0,14.4,2.8
2025-10-05,11,17.0,13.5,22.6,0,78.0,35.2,5.3
2025-10-05,12,15.4,11.3,18.8,0,78.0,8.1,4.9
2025-10-05,13,13.9,9.6,19.6,0,44.0,12.3,6.1
2025-10-05,14,17.7,12.6,21.6,0,62.0,24.2,3.6
2025-10-05,15,14.4,9.2,19.3,0.6,59.0,15.4,3.8
2025-10-05,16,16.9,13.7,22.1,0,65.0,15.5,3.7
2025-10-05,17,15.0,10.9,20.7,0,44.0,22.7,4.8
2025-10-05,18,11.1,7.4,15.9,0,67.0,32.0,5.9
2025-10-05,19,17.0,13.8,22.5,0,48.0,6.7,5.3
2025-10-05,20,18.9,14.9,23.1,0,55.0,9.6,2.6
2025-10-05,21,15.5,12.0,20.3,0,65.0,15.0,8.3
2025-10-05,22,12.9,9.6,16.6,2.7,53.0,18.2,7.2
2025-10-05,23,17.8,13.5,24.3,0,32.0,6.5,6.3
2025-10-05,24,14.9,10.9,19.6,0,70.0,13.4,5.6
2025-10-05,25,13.7,8.9,18.9,0,54.0,5.4,5.1
2025-10-06,1,15.4,11.4,20.2,0,71.0,30.9,5.8
2025-10-06,2,13.6,9.5,20.0,0,72.0,17.4,7.1
2025-10-06,3,14.1,9.1,19.5,0,55.0,21.3,7.1
2025-10-06,4,17.1,12.1,23.5,0,65.0,17.5,4.8
2025-10-06,5,15.3,12.0,22.0,0,66.0,12.1,5.1
2025-10-06,6,16.2,10.4,22.3,0,75.0,13.3,6.9
2025-10-06,7,14.7,9.3,19.4,0,80.0,16.2,6.6
2025-10-06,8,15.9,11.3,18.9,3.8,67.0,26.0,5.2
2025-10-06,9,16.4,10.7,20.0,0,62.0,18.3,2.3
2025-10-06,10,17.1,11.1,20.4,0,50.0,11.1,5.2
2025-10-06,11,15.0,10.2,19.3,0,74.0,14.3,4.4
2025-10-06,12,17.9,14.8,22.6,13.3,79.0,7.2,3.7
2025-10-06,13,16.3,12.6,22.8,0,53.0,8.4,5.5
2025-10-06,14,17.4,12.7,23.8,0,70.0,6.3,4.8
2025-10-06,15,18.0,12.3,22.8,0,73.0,5.6,3.4
2025-10-06,16,16.3,12.6,19.9,0,51.0,13.9,5.3
2025-10-06,17,18.3,14.7,22.6,0,35.0,38.6,5.5
2025-10-06,18,13.9,10.2,20.6,1.0,47.0,15.6,8.0
2025-10-06,19,19.5,13.7,26.1,0,57.0,16.5,4.6
2025-10-06,20,19.5,14.7,24.7,0,52.0,16.5,6.2
2025-10-06,21,14.1,8.9,18.0,0,68.0,17.3,4.5
2025-10-06,22,15.2,10.8,18.7,0,58.0,32.5,8.0
2025-10-06,23,17.6,13.1,21.8,0,24.0,12.9,5.4
2025-10-06,24,16.5,13.5,21.1,0,78.0,19.0,6.7
2025-10-06,25,16.1,12.7,21.5,0,39.0,21.9,6.6
2025-10-07,1,13.6,9.7,18.7,0,58.0,6.0,5.2
2025-10-07,2,14.3,10.8,17.8,0,65.0,28.5,7.1
2025-10-07,3,13.4,9.0,18.2,0,66.0,10.0,3.8
2025-10-07,4,15.3,9.9,19.5,3.1,71.0,24.4,5.0
2025-10-07,5,16.1,10.1,21.6,0.4,66.0,10.6,5.8
2025-10-07,6,17.2,12.6,23.6,0,67.0,26.0,7.3
2025-10-07,7,14.9,11.8,20.0,2.7,75.0,26.0,5.1
2025-10-07,8,18.7,13.6,25.2,0,73.0,5.9,4.6
2025-10-07,9,16.0,11.3,20.6,0,63.0,8.9,6.3
2025-10-07,10,15.8,11.3,20.8,0.8,67.0,15.2,4.9
2025-10-07,11,17.4,14.1,23.9,1.2,76.0,1.6,5.7
2025-10-07,12,16.3,10.4,22.1,0,67.0,11.3,4.5
2025-10-07,13,14.7,9.6,19.9,0,55.0,9.3,7.4
2025-10-07,14,16.1,10.4,20.0,0,70.0,0.7,5.6
2025-10-07,15,13.2,7.4,18.5,0.7,80.0,10.7,4.2
2025-10-07,16,18.7,13.6,23.2,0,67.0,2.4,5.0
2025-10-07,17,13.2,9.6,19.9,2.2,57.0,14.6,6.3
2025-10-07,18,12.8,6.9,19.8,0,58.0,6.1,5.9
2025-10-07,19,17.4,12.2,21.1,0,63.0,30.4,6.3
2025-10-07,20,17.9,12.2,21.6,0,58.0,16.7,3.7
2025-10-07,21,14.3,8.6,20.2,0,52.0,1.2,6.2
2025-10-07,22,11.9,8.1,16.6,1.3,71.0,13.4,6.3
2025-10-07,23,16.8,11.5,20.8,0,20.0,4.8,6.1
2025-10-07,24,15.4,10.4,22.1,0,68.0,11.6,7.7
2025-10-07,25,13.2,8.1,18.7,0,50.0,16.6,7.9
2025-10-08,1,16.7,11.8,20.2,1.2,67.0,14.3,5.0
2025-10-08,2,14.8,9.9,20.5,0,83.0,24.4,4.2
2025-10-08,3,15.5,10.7,20.5,0,73.0,0.2,1.1
2025-10-08,4,13.6,10.1,17.1,0,64.0,2.6,5.0
2025-10-08,5,15.6,11.6,20.4,5.6,77.0,5.9,5.9
2025-10-08,6,12.3,6.9,18.3,0,63.0,15.7,4.7
2025-10-08,7,17.2,13.7,20.7,0,77.0,12.1,6.1
2025-10-08,8,15.8,10.3,21.2,2.8,63.0,10.0,6.0
2025-10-08,9,17.7,11.9,21.8,0,70.0,1.0,2.7
2025-10-08,10,16.2,12.5,22.4,0.3,64.0,14.8,4.8
2025-10-08,11,14.9,11.2,21.5,0,72.0,8.8,7.1
2025-10-08,12,16.7,12.2,22.2,0,57.0,12.5,3.9
2025-10-08,13,12.6,7.1,17.1,5.3,57.0,2.6,7.0
2025-10-08,14,17.9,14.1,24.0,0,63.0,4.6,5.9
2025-10-08,15,12.5,8.4,18.3,2.2,69.0,29.1,4.2
2025-10-08,16,19.0,14.8,24.0,0.7,82.0,4.8,5.7
2025-10-08,17,14.8,11.6,21.6,0,47.0,25.9,4.6
2025-10-08,18,12.3,9.2,17.1,1.8,58.0,12.8,5.4
2025-10-08,19,19.1,14.6,23.7,0,64.0,12.4,3.8
2025-10-08,20,18.4,15.3,24.0,0,57.0,20.1,8.0
2025-10-08,21,11.2,5.8,14.4,0,57.0,25.2,5.9
2025-10-08,22,16.0,12.8,21.5,0,73.0,7.5,4.6
2025-10-08,23,17.2,12.2,22.2,0,30.0,7.3,6.3
2025-10-08,24,17.5,13.1,20.7,0,69.0,12.5,6.4
2025-10-08,25,13.4,9.5,18.2,0,50.0,15.6,6.0
2025-10-09,1,17.4,13.2,20.4,0,70.0,18.8,6.9
2025-10-09,2,16.4,10.8,22.8,0,75.0,27.3,6.1
2025-10-09,3,16.8,11.7,22.9,4.9,83.0,12.3,6.9
2025-10-09,4,15.1,10.5,18.9,0,71.0,24.5,4.4
2025-10-09,5,13.7,7.9,18.5,0,79.0,33.6,8.3
2025-10-09,6,16.1,10.1,21.9,0,77.0,3.3,3.8
2025-10-09,7,16.7,12.4,23.7,0,64.0,22.2,3.8
2025-10-09,8,15.0,10.8,18.9,0,74.0,23.3,5.1
2025-10-09,9,15.2,9.6,20.4,0,59.0,15.8,6.1
2025-10-09,10,15.1,12.1,19.0,0,66.0,15.8,7.4
2025-10-09,11,14.8,11.2,19.7,0,68.0,3.0,7.3
2025-10-09,12,14.2,10.7,19.7,0,68.0,7.3,2.3
2025-10-09,13,16.4,12.1,22.2,0,58.0,14.0,6.0
2025-10-09,14,20.2,17.0,24.6,0,70.0,14.3,7.1
2025-10-09,15,13.6,8.4,18.7,0,87.0,15.5,7.0
2025-10-09,16,14.8,11.3,21.1,2.2,70.0,20.8,6.4
2025-10-09,17,15.2,9.5,21.5,0,54.0,18.5,5.3
2025-10-09,18,12.1,7.0,15.5,3.2,62.0,22.4,7.1
2025-10-09,19,19.1,16.0,23.2,0,70.0,28.8,8.0
2025-10-09,20,17.4,12.3,20.9,0,54.0,1.2,4.6
2025-10-09,21,14.1,10.7,17.3,0,53.0,10.9,4.6
2025-10-09,22,14.4,9.3,21.2,3.1,60.0,34.5,5.1
2025-10-09,23,18.4,12.5,24.7,0,30.0,25.8,6.4
2025-10-09,24,14.3,9.6,21.3,2.1,84.0,15.2,5.4
2025-10-09,25,14.9,9.9,20.9,0,42.0,11.2,6.6
2025-10-10,1,15.8,12.0,22.2,0,66.0,2.7,6.2
2025-10-10,2,14.8,10.7,20.2,0,53.0,22.4,6.8
2025-10-10,3,15.7,12.6,18.7,0,59.0,13.9,6.1
2025-10-10,4,17.5,12.6,23.2,0,72.0,14.7,5.1
2025-10-10,5,16.2,12.8,19.6,0,66.0,9.1,6.1
2025-10-10,6,16.3,12.3,22.7,0,65.0,16.8,4.3
2025-10-10,7,13.1,7.2,19.8,0,74.0,6.4,7.9
2025-10-10,8,14.1,11.0,20.1,0,80.0,23.7,6.2
2025-10-10,9,15.7,11.4,21.1,0,68.0,12.7,4.3
2025-10-10,10,15.4,11.6,21.7,0,55.0,11.8,2.3
2025-10-10,11,14.9,11.8,20.6,0,83.0,12.8,4.4
2025-10-10,12,17.1,12.0,23.7,0,88.0,9.9,4.5
2025-10-10,13,14.5,11.0,18.0,0,74.0,8.5,7.2
2025-10-10,14,16.9,12.9,20.2,0,65.0,37.7,4.5
2025-10-10,15,15.6,11.4,18.8,11.3,74.0,13.2,3.9
2025-10-10,16,16.0,10.9,22.5,2.8,68.0,22.6,3.9
2025-10-10,17,13.9,8.4,16.9,0,51.0,20.3,4.3
2025-10-10,18,11.4,7.5,17.8,4.8,42.0,22.3,8.3
2025-10-10,19,16.6,12.2,22.3,0,54.0,11.8,5.8
2025-10-10,20,15.0,9.6,20.0,0,79.0,17.3,6.6
2025-10-10,21,12.5,8.7,16.2,0.4,51.0,16.9,4.7
2025-10-10,22,14.5,10.9,18.6,0,61.0,20.3,5.1
2025-10-10,23,15.8,12.0,19.8,0,53.0,14.0,5.5
2025-10-10,24,11.8,6.3,18.8,0,72.0,19.9,7.9
2025-10-10,25,14.5,10.4,19.9,0,66.0,15.4,5.1
2025-10-11,1,15.3,10.2,19.0,0,77.0,16.6,6.8
2025-10-11,2,16.2,10.7,19.3,0,60.0,13.4,5.6
2025-10-11,3,16.8,10.8,22.8,0,76.0,12.6,8.2
2025-10-11,4,14.6,8.7,18.0,0,67.0,23.8,4.6
2025-10-11,5,12.4,9.1,19.1,0,64.0,28.4,6.4
2025-10-11,6,12.4,9.4,17.2,1.5,77.0,10.5,4.6
2025-10-11,7,16.3,12.8,19.8,0,67.0,21.5,6.0
2025-10-11,8,17.7,13.6,21.8,0,81.0,12.1,5.3
2025-10-11,9,14.3,11.3,21.3,0,63.0,15.7,3.2
2025-10-11,10,17.2,12.8,20.6,0,68.0,14.8,2.1
2025-10-11,11,17.5,12.2,23.6,0,75.0,16.4,5.0
2025-10-11,12,15.1,10.8,18.7,0,78.0,6.2,2.4
2025-10-11,13,13.9,10.4,18.9,0,66.0,25.0,7.2
2025-10-11,14,15.2,9.5,21.9,0,59.0,26.0,5.1
2025-10-11,15,11.5,5.9,14.7,4.1,69.0,19.3,3.1
2025-10-11,16,15.6,12.1,21.6,0,72.0,14.0,3.9
2025-10-11,17,16.9,12.4,20.6,0,54.0,15.0,4.8
2025-10-11,18,11.1,8.0,15.9,2.1,42.0,4.1,4.7
2025-10-11,19,15.4,11.2,19.5,0,49.0,4.2,5.6
2025-10-11,20,16.3,11.7,19.4,0,47.0,15.7,4.6
2025-10-11,21,15.3,12.0,19.3,0.9,62.0,2.0,2.1
2025-10-11,22,12.4,7.9,16.8,0,62.0,24.4,5.4
2025-10-11,23,17.4,11.8,21.3,0,36.0,17.6,4.6
2025-10-11,24,15.4,11.0,18.9,0,75.0,24.7,6.7
2025-10-11,25,13.3,9.2,19.2,0,44.0,15.3,4.9
2025-10-12,1,14.1,8.4,21.0,0,80.0,4.8,6.7
2025-10-12,2,14.1,9.2,21.0,1.0,74.0,4.2,6.5
2025-10-12,3,15.0,9.3,19.3,0,76.0,15.8,4.9
2025-10-12,4,14.7,11.3,20.5,0,80.0,13.6,7.0
2025-10-12,5,15.0,9.4,18.4,0,56.0,33.0,4.0
2025-10-12,6,15.5,9.8,19.5,0.2,66.0,24.8,6.8
2025-10-12,7,15.2,11.6,18.4,5.4,72.0,16.9,5.5
2025-10-12,8,14.4,11.0,17.6,0,73.0,30.4,5.6
2025-10-12,9,15.2,11.8,21.6,0,54.0,16.5,5.3
2025-10-12,10,15.5,12.3,20.5,4.3,57.0,19.0,3.9
2025-10-12,11,15.2,11.9,21.9,0,71.0,17.0,5.8
2025-10-12,12,14.8,9.4,19.4,0,67.0,8.4,5.4
2025-10-12,13,12.4,7.2,15.7,0,67.0,14.8,7.7
2025-10-12,14,16.3,12.6,20.5,0,67.0,17.0,2.2
2025-10-12,15,14.4,9.8,17.4,1.6,76.0,11.1,4.3
2025-10-12,16,15.4,10.8,21.3,0,55.0,27.4,6.4
2025-10-12,17,14.3,10.0,19.7,0,46.0,17.4,3.3
2025-10-12,18,13.3,9.6,20.2,8.8,62.0,8.7,5.1
2025-10-12,19,15.6,12.2,19.1,0.5,64.0,20.0,2.1
2025-10-12,20,19.6,15.1,25.8,0,60.0,26.0,3.4
2025-10-12,21,13.3,7.7,17.9,0,68.0,20.0,6.1
2025-10-12,22,12.9,9.7,18.1,0.5,85.0,25.1,8.8
2025-10-12,23,15.3,10.5,18.5,0,37.0,4.0,5.1
2025-10-12,24,16.4,12.5,20.9,0,79.0,20.1,2.9
2025-10-12,25,15.9,11.2,19.6,0,48.0,32.2,3.3
2025-10-13,1,13.4,9.5,18.6,13.3,55.0,24.7,3.5
2025-10-13,2,17.7,14.2,24.1,0,76.0,7.8,4.4
2025-10-13,3,13.9,8.0,20.9,0,74.0,23.1,6.4
2025-10-13,4,16.0,11.3,22.1,0,75.0,13.4,5.2
2025-10-13,5,16.1,12.3,22.8,3.7,67.0,24.1,3.7
2025-10-13,6,13.9,10.7,20.7,0,65.0,21.3,3.7
2025-10-13,7,15.1,10.0,18.8,0,71.0,33.4,8.0
2025-10-13,8,16.4,11.6,22.7,0,61.0,16.7,6.0
2025-10-13,9,16.1,11.5,19.4,0,70.0,3.2,3.9
2025-10-13,10,16.2,11.7,21.1,5.0,71.0,10.2,3.5
2025-10-13,11,12.4,9.2,17.0,0,91.0,21.2,4.5
2025-10-13,12,17.8,13.4,21.2,0,65.0,17.4,5.5
2025-10-13,13,15.7,12.2,19.2,0,70.0,11.6,6.0
2025-10-13,14,16.8,12.9,21.0,0,68.0,24.1,5.5
2025-10-13,15,14.4,10.1,19.2,0.7,68.0,14.3,3.5
2025-10-13,16,16.9,13.0,23.3,5.2,73.0,27.0,6.6
2025-10-13,17,12.8,9.4,17.7,0,48.0,10.5,7.4
2025-10-13,18,13.6,9.9,20.5,0,48.0,12.5,4.0
2025-10-13,19,16.3,10.4,20.6,0,45.0,25.5,3.0
2025-10-13,20,19.0,14.9,25.8,0,67.0,21.7,2.2
2025-10-13,21,7.9,4.5,11.0,1.9,64.0,14.0,2.8
2025-10-13,22,11.7,7.3,15.1,0,66.0,8.7,3.4
2025-10-13,23,16.6,11.9,20.5,0,31.0,12.6,5.4
2025-10-13,24,14.3,8.3,19.7,0,67.0,13.0,6.2
2025-10-13,25,12.6,9.2,18.1,0,53.0,19.4,4.6
2025-10-14,1,17.4,12.7,23.9,0,62.0,6.5,3.7
2025-10-14,2,13.8,9.8,17.1,0,58.0,8.0,4.1
2025-10-14,3,13.3,9.9,18.4,0,71.0,15.8,6.2
2025-10-14,4,16.7,13.3,21.7,2.0,63.0,6.3,6.5
2025-10-14,5,14.0,8.2,20.3,0,63.0,19.9,4.6
2025-10-14,6,16.6,12.9,22.3,0,65.0,16.8,5.9
2025-10-14,7,15.7,10.8,21.2,2.7,59.0,11.0,5.8
2025-10-14,8,14.1,9.4,17.5,0,75.0,10.0,8.3
2025-10-14,9,16.6,13.2,22.5,0,72.0,20.8,6.0
2025-10-14,10,15.3,9.8,19.9,7.1,57.0,8.7,5.5
2025-10-14,11,15.6,11.3,22.3,5.7,89.0,21.7,2.4
2025-10-14,12,15.4,12.4,19.2,4.6,76.0,15.5,3.2
2025-10-14,13,12.6,7.9,17.7,0,64.0,17.1,5.9
2025-10-14,14,17.9,13.6,21.0,0,70.0,5.4,7.5
2025-10-14,15,15.1,11.7,19.0,0,76.0,27.2,3.5
2025-10-14,16,15.6,10.3,21.4,0,78.0,18.5,2.7
2025-10-14,17,13.6,9.7,19.3,1.2,46.0,14.8,7.5
2025-10-14,18,12.0,6.3,18.6,0,54.0,13.0,7.0
2025-10-14,19,16.2,13.0,20.4,0,57.0,12.9,6.5
2025-10-14,20,16.4,12.0,23.1,0,76.0,11.3,8.0
2025-10-14,21,14.0,10.8,20.4,0,73.0,23.5,3.7
2025-10-14,22,13.4,8.9,18.9,0,51.0,11.2,6.7
2025-10-14,23,18.8,15.2,22.8,0,39.0,10.3,1.9
2025-10-14,24,13.3,10.1,16.9,1.1,74.0,4.3,4.8
2025-10-14,25,10.7,6.1,17.2,0,57.0,20.8,4.3
2025-10-15,1,13.6,10.0,16.9,0,81.0,16.9,1.8
2025-10-15,2,12.1,8.2,16.3,0.5,79.0,23.6,4.8
2025-10-15,3,14.4,10.7,17.7,4.9,80.0,11.5,6.8
2025-10-15,4,11.3,7.2,15.6,0,60.0,13.3,4.7
2025-10-15,5,13.8,9.2,16.9,0,83.0,16.3,4.7
2025-10-15,6,14.6,10.4,19.5,0,75.0,14.2,7.3
2025-10-15,7,16.7,11.4,22.3,1.1,80.0,20.7,3.9
2025-10-15,8,13.4,8.7,19.8,0,71.0,28.2,5.4
2025-10-15,9,13.7,9.4,18.4,0,76.0,22.0,3.8
2025-10-15,10,12.0,7.0,17.2,0,70.0,26.2,4.7
2025-10-15,11,12.8,7.3,15.9,0,81.0,7.2,3.2
2025-10-15,12,14.5,10.7,18.9,0,88.0,8.7,3.4
2025-10-15,13,13.9,9.9,17.8,0,54.0,19.4,5.8
2025-10-15,14,17.3,12.3,21.9,1.8,58.0,9.3,6.3
2025-10-15,15,12.0,7.0,16.3,0,73.0,32.7,3.5
2025-10-15,16,13.5,9.7,17.9,0,69.0,6.4,4.6
2025-10-15,17,14.4,10.9,19.3,0.3,53.0,13.2,4.6
2025-10-15,18,12.3,8.8,15.8,0,58.0,17.4,6.1
2025-10-15,19,20.1,16.3,25.6,0,64.0,10.6,3.9
2025-10-15,20,16.6,11.0,20.1,0,64.0,1.4,4.8
2025-10-15,21,12.1,8.1,15.2,0,56.0,12.5,4.8
2025-10-15,22,12.1,8.8,17.3,0,67.0,22.8,5.0
2025-10-15,23,16.8,12.2,23.2,0,36.0,19.2,5.5
2025-10-15,24,15.5,10.0,20.6,0,66.0,10.2,1.4
2025-10-15,25,12.5,7.0,17.0,0,42.0,25.9,5.2
2025-10-16,1,15.8,10.9,18.8,0,71.0,19.1,4.9
2025-10-16,2,12.3,9.1,19.2,0,70.0,14.3,7.3
2025-10-16,3,14.1,10.1,18.3,2.1,67.0,15.4,4.5
2025-10-16,4,12.6,7.2,16.3,0,78.0,15.8,7.2
2025-10-16,5,14.3,9.9,19.2,17.9,71.0,12.0,4.0
2025-10-16,6,12.5,7.4,17.4,0,64.0,15.7,6.2
2025-10-16,7,16.5,12.1,20.6,2.3,79.0,13.5,5.6
2025-10-16,8,17.7,12.3,21.7,3.7,74.0,2.5,2.4
2025-10-16,9,15.2,11.3,20.8,0,80.0,28.2,4.8
2025-10-16,10,16.7,12.5,20.7,0.0,62.0,33.1,6.1
2025-10-16,11,14.3,10.1,19.0,0,71.0,21.3,4.9
2025-10-16,12,11.7,8.0,15.3,1.0,94.0,17.5,2.9
2025-10-16,13,12.1,6.1,17.0,0,57.0,8.8,6.2
2025-10-16,14,16.3,13.3,22.9,0,70.0,1.1,4.8
2025-10-16,15,10.6,7.2,14.0,0,79.0,14.6,5.3
2025-10-16,16,16.1,10.5,20.3,0,69.0,23.2,4.2
2025-10-16,17,13.3,7.4,18.1,0,50.0,5.6,6.8
2025-10-16,18,10.5,5.8,15.6,0,60.0,5.0,3.6
2025-10-16,19,17.1,12.9,20.5,0,60.0,21.0,5.3
2025-10-16,20,17.8,13.8,24.7,0.7,66.0,26.2,2.9
2025-10-16,21,11.9,7.4,18.8,0,52.0,17.9,5.0
2025-10-16,22,14.9,10.2,20.2,0.6,67.0,21.0,4.2
2025-10-16,23,15.9,12.8,21.7,0,41.0,21.6,5.1
2025-10-16,24,14.5,10.9,20.3,0,78.0,18.0,4.2
2025-10-16,25,15.2,12.2,19.3,0,66.0,6.8,3.7
2025-10-17,1,14.3,8.8,18.0,0,75.0,8.2,5.7
2025-10-17,2,11.8,7.6,16.7,19.6,71.0,9.2,5.2
2025-10-17,3,13.2,7.2,18.0,5.1,69.0,31.0,4.6
2025-10-17,4,13.9,8.0,18.1,0,74.0,17.7,4.4
2025-10-17,5,13.6,9.0,18.6,0,76.0,9.6,4.1
2025-10-17,6,12.1,6.9,16.0,2.4,59.0,19.9,4.0
2025-10-17,7,16.4,10.8,21.3,0,71.0,13.5,5.1
2025-10-17,8,17.1,13.8,22.3,0,63.0,21.2,2.9
2025-10-17,9,14.2,9.9,19.7,0,64.0,18.4,2.1
2025-10-17,10,16.0,11.8,21.9,2.2,63.0,14.3,3.3
2025-10-17,11,15.7,12.3,22.4,0,61.0,5.2,4.6
2025-10-17,12,14.7,10.7,19.4,4.3,56.0,18.9,2.9
2025-10-17,13,12.9,7.0,16.8,0,58.0,19.6,3.6
2025-10-17,14,14.9,10.2,20.7,0,59.0,15.0,5.5
2025-10-17,15,11.6,5.7,16.2,0.3,67.0,4.3,3.9
2025-10-17,16,11.8,7.7,17.3,0,69.0,10.4,3.8
2025-10-17,17,15.1,9.3,18.4,0,49.0,1.8,6.9
2025-10-17,18,9.9,5.4,15.2,0,60.0,17.4,4.0
2025-10-17,19,17.5,12.8,24.4,0,80.0,15.7,4.3
2025-10-17,20,16.1,11.8,19.3,1.0,70.0,3.8,6.4
2025-10-17,21,12.1,8.5,15.5,5.7,65.0,9.1,6.0
2025-10-17,22,13.1,8.7,16.1,1.2,57.0,26.4,4.7
2025-10-17,23,11.6,7.1,17.9,0,30.0,14.7,6.3
2025-10-17,24,15.0,11.9,18.1,6.6,77.0,8.1,3.4
2025-10-17,25,12.1,8.1,17.3,0,35.0,24.3,3.5
2025-10-18,1,14.5,11.1,20.9,0,72.0,15.5,6.1
2025-10-18,2,15.1,10.7,21.4,0,78.0,10.7,2.0
2025-10-18,3,14.2,9.4,21.0,0,66.0,15.1,3.7
2025-10-18,4,14.5,11.3,20.0,0,79.0,17.2,5.2
2025-10-18,5,15.7,12.2,21.3,0,77.0,20.0,5.4
2025-10-18,6,14.0,10.1,17.8,0.7,85.0,6.3,3.3
2025-10-18,7,15.0,11.2,21.6,0,80.0,9.3,4.1
2025-10-18,8,14.3,10.5,18.4,0,64.0,29.8,4.0
2025-10-18,9,15.3,10.3,20.0,0,53.0,17.0,5.4
2025-10-18,10,15.4,9.5,21.1,0,69.0,12.1,6.2
2025-10-18,11,15.6,10.8,20.4,0,79.0,16.5,4.1
2025-10-18,12,13.4,8.2,16.5,0,79.0,24.8,3.5
2025-10-18,13,11.9,7.1,15.3,0,60.0,12.4,4.0
2025-10-18,14,16.7,13.0,23.0,0,76.0,2.6,4.1
2025-10-18,15,14.0,9.7,17.8,0,64.0,14.1,6.2
2025-10-18,16,13.4,9.9,18.2,0,79.0,15.2,4.3
2025-10-18,17,12.7,7.5,18.2,0,59.0,26.5,4.2
2025-10-18,18,8.6,5.4,12.9,0,61.0,15.6,4.3
2025-10-18,19,15.3,12.1,21.5,0,46.0,24.7,4.0
2025-10-18,20,15.3,11.0,21.2,0.5,55.0,8.2,2.5
2025-10-18,21,9.7,4.3,15.6,1.7,63.0,15.1,4.2
2025-10-18,22,9.6,6.2,14.6,3.2,56.0,12.7,2.8
2025-10-18,23,16.7,11.4,21.6,0,48.0,23.8,3.7
2025-10-18,24,14.1,9.6,18.8,0,75.0,26.8,1.8
2025-10-18,25,14.8,9.8,19.6,3.3,35.0,24.7,4.9
2025-10-19,1,13.8,9.1,17.6,0,74.0,14.5,4.9
2025-10-19,2,13.9,10.9,20.0,2.3,70.0,14.3,4.5
2025-10-19,3,15.7,10.1,21.8,0,76.0,21.4,3.9
2025-10-19,4,17.0,12.5,22.5,0,76.0,17.1,5.3
2025-10-19,5,11.0,7.5,15.0,5.1,60.0,13.7,3.5
2025-10-19,6,13.4,8.2,18.2,2.6,81.0,34.0,6.1
2025-10-19,7,14.7,10.3,21.0,0,73.0,3.2,3.5
2025-10-19,8,12.5,7.6,16.3,4.3,76.0,16.3,4.2
2025-10-19,9,13.1,7.4,18.1,0.5,72.0,28.7,6.0
2025-10-19,10,11.6,7.8,16.8,0,69.0,20.1,6.0
2025-10-19,11,14.1,8.8,20.4,1.6,79.0,12.9,6.5
2025-10-19,12,12.9,7.2,17.2,0,72.0,12.3,4.5
2025-10-19,13,14.8,11.4,20.3,0,52.0,34.5,3.9
2025-10-19,14,16.2,12.5,19.5,0,69.0,33.6,6.5
2025-10-19,15,10.3,4.4,16.5,7.8,77.0,20.2,3.8
2025-10-19,16,14.4,10.7,20.2,3.5,83.0,0.0,3.0
2025-10-19,17,14.7,11.7,19.4,0,51.0,18.8,2.8
2025-10-19,18,9.6,4.6,14.6,3.0,57.0,12.7,6.6
2025-10-19,19,17.2,13.7,23.4,0,54.0,9.4,4.9
2025-10-19,20,17.2,12.2,21.2,0,61.0,14.5,4.9
2025-10-19,21,10.6,5.6,14.2,0,56.0,16.7,4.1
2025-10-19,22,9.7,6.1,14.3,0,66.0,8.1,4.6
2025-10-19,23,14.9,10.9,18.3,0,38.0,18.6,3.9
2025-10-19,24,12.5,8.9,17.1,1.9,78.0,31.4,2.2
2025-10-19,25,12.7,6.7,16.9,0,48.0,15.6,2.0
2025-10-20,1,14.5,11.5,18.9,0,79.0,19.9,4.8
2025-10-20,2,15.7,11.3,19.5,2.2,80.0,10.4,6.3
2025-10-20,3,12.8,9.4,19.8,0.2,76.0,13.9,4.6
2025-10-20,4,13.9,10.9,19.6,0,73.0,10.6,4.1
2025-10-20,5,13.9,8.8,20.5,0,66.0,21.1,7.6
2025-10-20,6,13.1,9.5,16.2,0,74.0,17.8,5.0
2025-10-20,7,14.7,8.8,18.6,0,74.0,0.3,3.9
2025-10-20,8,15.3,11.7,20.1,0,71.0,17.0,5.7
2025-10-20,9,16.4,13.2,19.9,0,73.0,10.9,5.1
2025-10-20,10,13.3,10.2,16.8,1.1,81.0,20.8,5.0
2025-10-20,11,17.0,13.2,23.6,0,83.0,18.2,4.9
2025-10-20,12,15.0,10.3,20.5,0,86.0,18.8,4.2
2025-10-20,13,12.3,8.2,17.6,0,69.0,27.6,2.6
2025-10-20,14,15.2,10.1,18.7,0,53.0,11.1,3.4
2025-10-20,15,11.8,6.8,16.8,1.9,70.0,19.2,4.8
2025-10-20,16,15.9,12.3,19.1,0,75.0,16.0,4.6
2025-10-20,17,13.4,9.5,18.5,2.5,62.0,13.4,5.4
2025-10-20,18,9.0,5.6,15.0,0,54.0,6.0,6.1
2025-10-20,19,19.7,15.8,24.5,0,50.0,8.4,4.4
2025-10-20,20,12.2,8.9,16.1,0.8,60.0,27.2,4.9
2025-10-20,21,10.4,7.0,13.8,6.2,61.0,12.8,3.3
2025-10-20,22,10.0,5.3,14.5,0,49.0,11.7,4.3
2025-10-20,23,16.8,13.6,23.7,0.9,44.0,23.6,3.5
2025-10-20,24,13.2,7.9,19.7,0,66.0,6.5,7.9
2025-10-20,25,13.1,8.7,19.9,0,49.0,29.0,3.8
2025-10-21,1,12.8,7.5,17.1,0,68.0,16.6,2.3
2025-10-21,2,11.5,7.1,17.4,0,72.0,22.8,4.0
2025-10-21,3,12.5,7.6,18.2,1.3,72.0,16.2,5.7
2025-10-21,4,11.4,6.3,16.2,9.5,73.0,5.4,6.4
2025-10-21,5,14.0,10.1,20.1,2.7,74.0,17.3,3.4
2025-10-21,6,14.7,11.5,18.3,4.4,64.0,19.8,2.4
2025-10-21,7,16.3,10.9,23.0,0,75.0,18.2,3.5
2025-10-21,8,14.9,9.1,19.5,0,60.0,18.4,5.7
2025-10-21,9,12.8,7.6,19.3,0.4,75.0,5.8,5.8
2025-10-21,10,14.4,10.2,19.4,0,74.0,9.4,4.8
2025-10-21,11,11.9,7.7,17.7,3.4,81.0,32.7,4.1
2025-10-21,12,12.2,9.1,18.4,0,68.0,12.7,2.3
2025-10-21,13,15.4,10.3,20.6,1.8,57.0,24.5,5.7
2025-10-21,14,16.4,12.9,20.4,0,72.0,12.7,4.2
2025-10-21,15,11.4,6.8,17.5,0.8,70.0,17.4,2.6
2025-10-21,16,14.4,8.4,18.2,0,76.0,21.2,3.9
2025-10-21,17,12.6,6.7,19.3,0,42.0,10.8,6.1
2025-10-21,18,10.2,7.1,14.2,0,49.0,17.3,2.1
2025-10-21,19,13.4,9.2,18.8,0,63.0,18.2,3.2
2025-10-21,20,13.6,8.2,18.6,0,57.0,19.5,1.6
2025-10-21,21,10.3,4.4,13.9,0,65.0,13.7,5.3
2025-10-21,22,10.6,6.6,17.0,0.7,71.0,26.7,5.4
2025-10-21,23,11.3,6.0,15.8,0,31.0,13.1,5.0
2025-10-21,24,13.3,10.2,16.5,2.6,78.0,5.3,3.3
2025-10-21,25,12.6,9.3,19.3,0,53.0,18.1,6.6
2025-10-22,1,14.2,10.2,18.4,0,63.0,22.1,3.9
2025-10-22,2,10.6,5.1,16.3,0.2,67.0,13.6,1.7
2025-10-22,3,13.5,10.5,17.7,0,57.0,13.5,5.2
2025-10-22,4,14.1,8.7,17.4,0,81.0,14.6,4.0
2025-10-22,5,14.0,9.1,19.9,5.7,74.0,10.2,4.2
2025-10-22,6,14.2,9.8,18.0,0,61.0,11.0,3.6
2025-10-22,7,17.6,14.3,20.8,0,73.0,30.9,0.7
2025-10-22,8,15.1,11.4,19.2,0,74.0,29.2,6.9
2025-10-22,9,15.2,11.6,19.6,2.7,73.0,16.1,7.1
2025-10-22,10,13.8,8.0,18.4,0,67.0,0.1,5.7
2025-10-22,11,15.9,12.3,21.9,0,86.0,19.7,4.3
2025-10-22,12,16.1,13.1,20.9,0,79.0,24.3,4.0
2025-10-22,13,12.9,8.2,17.8,13.8,58.0,10.3,4.8
2025-10-22,14,13.7,8.4,17.1,0,60.0,18.2,3.6
2025-10-22,15,14.2,8.4,17.3,0.8,80.0,9.6,4.0
2025-10-22,16,16.2,12.6,21.1,1.2,83.0,8.0,1.2
2025-10-22,17,10.8,4.8,15.7,0,57.0,14.3,3.2
2025-10-22,18,8.3,3.0,13.9,0,56.0,3.7,3.3
2025-10-22,19,15.2,11.0,22.0,0,74.0,14.3,3.3
2025-10-22,20,13.5,10.3,20.0,0,43.0,17.1,4.3
2025-10-22,21,9.2,3.9,15.0,0,58.0,30.4,3.5
2025-10-22,22,10.4,6.2,16.2,0,82.0,0.1,4.0
2025-10-22,23,13.7,9.0,19.2,0,49.0,25.0,3.9
2025-10-22,24,12.7,7.3,15.7,0,71.0,5.8,2.2
2025-10-22,25,9.8,5.7,16.2,0,39.0,14.2,1.9
2025-10-23,1,14.1,8.4,18.7,0,69.0,6.5,5.2
2025-10-23,2,11.0,5.3,14.5,0,82.0,5.6,3.0
2025-10-23,3,11.1,6.5,16.1,0,63.0,1.0,2.6
2025-10-23,4,15.7,11.9,20.5,0,71.0,10.6,7.0
2025-10-23,5,14.1,11.0,19.0,0.2,86.0,10.8,6.9
2025-10-23,6,12.6,7.9,15.8,0,71.0,15.5,6.5
2025-10-23,7,13.6,8.6,19.1,2.8,69.0,19.9,4.0
2025-10-23,8,14.4,10.3,18.7,3.8,57.0,28.8,8.2
2025-10-23,9,13.8,10.4,20.0,0,61.0,14.8,4.7
2025-10-23,10,15.3,11.9,21.1,0.6,60.0,17.0,6.0
2025-10-23,11,10.8,5.9,13.9,3.5,78.0,28.6,1.9
2025-10-23,12,11.6,6.6,16.3,0,59.0,21.1,5.7
2025-10-23,13,13.7,8.7,20.1,0,44.0,23.7,7.0
2025-10-23,14,12.8,8.1,15.9,0,86.0,17.1,4.4
2025-10-23,15,13.4,9.6,19.1,6.2,69.0,23.3,6.3
2025-10-23,16,15.0,9.3,20.4,2.7,78.0,10.7,5.6
2025-10-23,17,9.7,5.2,13.9,0,52.0,20.6,6.2
2025-10-23,18,10.2,6.5,15.5,4.6,71.0,12.8,5.4
2025-10-23,19,15.2,12.2,21.3,0,57.0,7.8,5.5
2025-10-23,20,13.4,8.6,16.7,0,59.0,13.0,1.4
2025-10-23,21,9.3,5.9,13.1,0,67.0,6.0,3.8
2025-10-23,22,12.0,6.4,16.1,0.2,70.0,22.0,2.3
2025-10-23,23,13.2,8.5,19.8,0,41.0,19.4,6.7
2025-10-23,24,14.8,9.7,19.9,1.1,74.0,18.0,3.8
2025-10-23,25,11.5,6.7,18.1,0,61.0,19.0,5.9
2025-10-24,1,11.8,7.1,17.1,0,71.0,20.2,4.0
2025-10-24,2,10.4,5.6,13.8,0,72.0,8.2,7.9
2025-10-24,3,13.5,8.8,20.1,7.3,64.0,26.0,5.0
2025-10-24,4,13.3,8.1,17.9,0,67.0,20.0,4.3
2025-10-24,5,13.4,10.0,20.3,6.4,91.0,13.1,5.1
2025-10-24,6,11.5,8.5,15.7,0,71.0,8.9,6.5
2025-10-24,7,13.1,9.4,19.8,1.4,66.0,3.4,3.2
2025-10-24,8,15.0,9.9,18.9,0,62.0,14.3,4.3
2025-10-24,9,13.9,9.1,19.1,0,62.0,19.1,4.9
2025-10-24,10,14.8,9.0,19.1,0,53.0,13.7,4.5
2025-10-24,11,12.7,8.9,18.2,9.0,73.0,10.4,4.9
2025-10-24,12,11.6,7.1,14.7,0,77.0,10.7,4.1
2025-10-24,13,12.9,7.8,17.4,3.0,62.0,10.9,5.4
2025-10-24,14,15.3,9.6,22.0,0,53.0,33.1,4.5
2025-10-24,15,14.2,10.0,19.8,0,62.0,6.0,4.8
2025-10-24,16,10.9,6.8,14.2,0,93.0,3.5,1.2
2025-10-24,17,12.8,7.5,16.5,0,49.0,13.0,3.9
2025-10-24,18,8.8,3.3,14.2,0,60.0,21.0,2.9
2025-10-24,19,13.7,9.3,20.5,0.1,64.0,0.3,5.6
2025-10-24,20,16.8,13.5,23.8,0,62.0,18.7,4.2
2025-10-24,21,7.2,1.6,13.7,4.3,70.0,36.1,5.4
2025-10-24,22,9.2,3.9,14.3,0,66.0,18.7,4.5
2025-10-24,23,16.4,12.4,21.5,0,41.0,19.5,3.4
2025-10-24,24,13.2,10.0,20.1,0.0,85.0,16.7,5.6
2025-10-24,25,11.8,7.6,16.2,0,56.0,12.3,2.7
2025-10-25,1,11.6,7.2,16.6,0,80.0,6.6,3.2
2025-10-25,2,15.5,11.8,18.5,0,62.0,11.2,4.6
2025-10-25,3,14.6,10.2,21.2,0.2,74.0,12.1,6.7
2025-10-25,4,12.4,9.4,18.2,0.0,75.0,26.5,3.4
2025-10-25,5,10.3,5.1,14.1,0,66.0,17.5,1.2
2025-10-25,6,13.0,7.5,18.2,0,76.0,15.7,3.5
2025-10-25,7,14.5,8.8,18.9,0,66.0,26.0,4.4
2025-10-25,8,13.5,7.8,18.0,3.2,69.0,14.3,5.9
2025-10-25,9,11.5,6.7,16.2,0,62.0,23.6,2.7
2025-10-25,10,14.2,9.7,18.0,0,72.0,23.0,5.1
2025-10-25,11,10.8,5.3,15.5,0,70.0,10.6,3.6
2025-10-25,12,13.9,8.8,17.0,0.8,71.0,22.6,3.0
2025-10-25,13,10.8,7.7,15.1,0,65.0,23.2,5.1
2025-10-25,14,15.2,10.6,19.9,0,69.0,9.2,4.0
2025-10-25,15,11.8,7.6,15.4,5.1,87.0,4.5,5.1
2025-10-25,16,15.3,9.6,18.5,0,79.0,12.7,5.3
2025-10-25,17,13.1,8.1,16.3,0,58.0,21.7,5.0
2025-10-25,18,10.0,5.4,15.1,4.1,64.0,4.1,5.1
2025-10-25,19,17.2,12.9,21.7,0.1,64.0,23.8,7.3
2025-10-25,20,12.6,9.4,18.9,0,67.0,18.1,4.2
2025-10-25,21,8.9,5.6,13.3,0,60.0,11.9,2.5
2025-10-25,22,11.5,6.2,18.2,2.8,77.0,16.2,2.9
2025-10-25,23,14.8,9.5,19.9,0,44.0,18.0,5.8
2025-10-25,24,13.7,9.7,17.2,0,66.0,1.1,2.8
2025-10-25,25,9.6,4.9,14.7,0,46.0,0.9,2.1
2025-10-26,1,12.6,9.2,15.9,0,71.0,22.4,4.2
2025-10-26,2,14.7,11.1,20.6,0,80.0,14.2,4.9
2025-10-26,3,15.5,11.1,19.9,0,85.0,16.1,5.4
2025-10-26,4,13.8,9.1,19.0,0,60.0,14.5,1.8
2025-10-26,5,11.5,6.2,18.5,0,71.0,13.4,0.9
2025-10-26,6,13.1,9.2,17.1,0,78.0,27.2,3.8
2025-10-26,7,12.8,8.3,16.3,5.0,83.0,8.1,4.1
2025-10-26,8,12.8,7.0,16.6,1.2,67.0,18.1,3.7
2025-10-26,9,13.3,9.2,20.2,0,76.0,3.8,6.3
2025-10-26,10,14.4,10.2,21.1,0,71.0,23.4,2.9
2025-10-26,11,13.5,9.4,18.2,0,84.0,4.8,3.7
2025-10-26,12,13.8,8.1,20.1,3.2,72.0,17.3,7.3
2025-10-26,13,8.6,4.7,14.7,1.0,62.0,12.8,6.1
2025-10-26,14,14.6,8.9,18.4,0,78.0,16.6,4.1
2025-10-26,15,11.3,5.5,14.3,8.9,76.0,25.9,4.8
2025-10-26,16,13.9,8.8,20.2,0,83.0,3.1,5.4
2025-10-26,17,11.4,7.1,18.1,0,42.0,8.5,3.7
2025-10-26,18,12.9,8.7,19.4,3.0,39.0,1.3,4.4
2025-10-26,19,16.1,12.0,21.3,0,80.0,25.9,4.2
2025-10-26,20,13.1,7.7,17.0,0,69.0,17.7,5.8
2025-10-26,21,12.2,7.8,15.3,5.3,58.0,10.6,1.8
2025-10-26,22,11.4,5.8,14.8,0,68.0,7.8,1.4
2025-10-26,23,14.9,9.9,19.2,0,45.0,11.9,3.1
2025-10-26,24,11.6,7.4,17.2,30.4,69.0,22.6,4.2
2025-10-26,25,11.5,8.0,16.1,0,45.0,25.2,3.4
2025-10-27,1,11.0,6.1,14.9,0,73.0,11.9,4.4
2025-10-27,2,14.0,8.5,18.1,0,66.0,6.4,6.1
2025-10-27,3,13.6,9.6,17.1,0,72.0,26.2,4.8
2025-10-27,4,14.6,10.3,21.2,3.5,69.0,7.8,3.5
2025-10-27,5,8.1,4.5,11.5,3.4,92.0,15.0,3.5
2025-10-27,6,8.2,4.5,13.3,0,84.0,9.0,5.5
2025-10-27,7,15.1,10.4,18.3,0,62.0,19.1,4.7
2025-10-27,8,15.5,10.0,21.9,3.7,76.0,15.2,5.1
2025-10-27,9,16.3,11.6,22.1,0.2,66.0,8.7,2.9
2025-10-27,10,11.5,6.7,15.7,0,66.0,13.4,6.4
2025-10-27,11,13.1,9.6,18.7,0,86.0,15.5,4.6
2025-10-27,12,11.2,5.6,17.7,0,72.0,36.0,5.4
2025-10-27,13,12.4,8.5,17.9,0,59.0,23.5,4.6
2025-10-27,14,14.5,10.4,20.6,0,53.0,5.9,3.1
2025-10-27,15,13.6,10.4,18.3,0,98.0,10.5,5.6
2025-10-27,16,13.7,10.4,17.6,0.0,60.0,12.2,4.9
2025-10-27,17,14.0,9.6,19.5,0,49.0,28.7,1.9
2025-10-27,18,7.4,2.9,12.5,0,59.0,12.5,1.2
2025-10-27,19,14.4,10.0,17.9,0,56.0,17.8,4.1
2025-10-27,20,16.6,13.2,21.7,0,56.0,20.9,4.6
2025-10-27,21,12.6,7.3,16.9,0.6,77.0,23.6,2.1
2025-10-27,22,10.3,4.5,15.6,2.2,62.0,10.6,6.0
2025-10-27,23,15.4,10.5,18.8,0,54.0,15.2,5.2
2025-10-27,24,11.3,7.2,18.2,0,68.0,18.2,3.5
2025-10-27,25,10.9,6.4,14.0,0,53.0,6.3,2.1
2025-10-28,1,11.9,7.4,16.4,6.6,80.0,20.2,2.9
2025-10-28,2,10.7,5.7,14.8,0,72.0,23.9,5.0
2025-10-28,3,13.9,9.8,19.5,0.6,67.0,11.2,3.8
2025-10-28,4,10.6,7.1,16.2,20.6,85.0,19.5,1.7
2025-10-28,5,13.0,9.6,17.0,0,70.0,13.3,5.8
2025-10-28,6,14.2,10.5,18.7,0,58.0,10.6,3.5
2025-10-28,7,14.9,10.5,20.4,0,76.0,24.1,4.0
2025-10-28,8,16.1,10.6,19.4,0,67.0,2.1,2.4
2025-10-28,9,15.8,11.9,21.0,0,57.0,8.5,3.7
2025-10-28,10,12.7,8.4,16.0,0,65.0,13.8,0.7
2025-10-28,11,10.7,5.6,17.4,1.9,67.0,25.2,2.6
2025-10-28,12,14.5,11.1,18.4,0,85.0,5.6,2.9
2025-10-28,13,10.8,5.3,17.7,0.9,54.0,14.7,3.7
2025-10-28,14,14.7,10.2,19.6,0,80.0,23.9,3.3
2025-10-28,15,11.4,8.4,15.8,0.4,75.0,20.9,5.4
2025-10-28,16,12.3,6.4,19.2,0,54.0,23.8,4.0
2025-10-28,17,9.4,6.2,14.2,0,36.0,12.8,5.0
2025-10-28,18,8.3,3.5,13.3,1.1,52.0,15.8,2.0
2025-10-28,19,15.0,9.8,20.9,0,65.0,35.6,2.1
2025-10-28,20,16.9,13.8,20.5,0,63.0,13.0,5.3
2025-10-28,21,5.5,-0.4,10.8,0,78.0,17.4,1.0
2025-10-28,22,11.8,8.1,15.4,1.6,81.0,7.9,4.0
2025-10-28,23,11.8,7.5,18.3,0,32.0,6.4,3.7
2025-10-28,24,13.6,8.8,17.5,0.5,66.0,10.4,5.6
2025-10-28,25,9.8,4.0,13.2,4.2,49.0,5.9,7.4
2025-10-29,1,11.6,6.1,18.0,2.1,69.0,10.7,2.0
2025-10-29,2,13.5,8.9,17.3,3.8,70.0,13.9,7.1
2025-10-29,3,11.4,7.7,16.6,0,64.0,28.8,1.0
2025-10-29,4,11.5,7.9,17.5,0,72.0,14.5,5.7
2025-10-29,5,11.2,7.9,14.4,0,72.0,8.9,4.7
2025-10-29,6,12.6,6.9,16.6,2.0,71.0,9.3,0.3
2025-10-29,7,15.4,12.1,20.2,0,87.0,3.5,6.1
2025-10-29,8,12.3,8.0,16.4,0.9,72.0,17.4,6.4
2025-10-29,9,13.3,9.7,18.0,0,70.0,0.6,3.8
2025-10-29,10,13.8,9.0,19.9,0,62.0,19.0,5.4
2025-10-29,11,11.4,7.1,17.5,0,70.0,25.1,3.4
2025-10-29,12,11.6,8.1,14.8,0,76.0,8.5,5.9
2025-10-29,13,10.7,5.3,15.2,0,60.0,15.2,4.5
2025-10-29,14,18.0,12.5,23.5,0,60.0,11.7,4.3
2025-10-29,15,9.7,4.6,15.6,0,61.0,7.4,2.1
2025-10-29,16,14.6,10.3,18.8,0,75.0,15.8,4.7
2025-10-29,17,13.0,9.9,16.0,0,37.0,16.3,2.2
2025-10-29,18,9.8,6.6,14.5,0,57.0,14.1,5.0
2025-10-29,19,16.3,12.3,20.9,0,59.0,13.1,1.9
2025-10-29,20,12.8,9.5,16.4,1.5,69.0,4.1,5.1
2025-10-29,21,6.1,2.0,9.4,0,73.0,14.1,3.1
2025-10-29,22,8.3,3.7,13.9,10.9,69.0,32.1,3.0
2025-10-29,23,14.8,11.0,21.7,0,51.0,24.2,4.3
2025-10-29,24,13.1,8.3,18.4,0,74.0,4.1,5.8
2025-10-29,25,11.8,8.2,16.7,0,63.0,18.9,2.5
2025-10-30,1,11.6,6.1,16.3,0,74.0,12.4,3.9
2025-10-30,2,12.3,8.3,19.2,0,78.0,0.5,1.1
2025-10-30,3,14.7,11.0,20.8,0,67.0,8.0,3.1
2025-10-30,4,12.8,7.9,19.1,0,78.0,37.4,2.3
2025-10-30,5,14.9,9.5,18.8,0,74.0,11.6,2.6
2025-10-30,6,10.7,5.5,15.6,0,73.0,21.6,4.5
2025-10-30,7,14.0,10.1,18.4,0,74.0,0.5,3.7
2025-10-30,8,14.6,9.9,20.6,4.9,75.0,22.1,4.5
2025-10-30,9,12.1,8.9,17.6,0,71.0,19.7,3.9
2025-10-30,10,12.5,8.0,16.0,0,81.0,11.3,4.2
2025-10-30,11,12.7,7.7,16.1,0,68.0,4.6,4.5
2025-10-30,12,15.6,10.0,18.6,0,77.0,17.1,4.9
2025-10-30,13,10.8,7.5,17.1,0,53.0,12.2,3.3
2025-10-30,14,13.8,10.6,18.1,0,69.0,17.6,2.3
2025-10-30,15,13.2,9.7,19.8,4.0,85.0,23.0,3.0
2025-10-30,16,15.5,9.8,19.4,0,76.0,7.7,4.8
2025-10-30,17,11.1,6.7,16.9,0,59.0,7.8,4.6
2025-10-30,18,8.3,4.5,14.1,0,48.0,19.4,4.1
2025-10-30,19,15.3,10.4,20.8,0,65.0,26.8,3.3
2025-10-30,20,16.4,12.0,20.5,0,45.0,20.2,5.5
2025-10-30,21,10.1,4.5,16.3,19.4,74.0,13.2,5.1
2025-10-30,22,9.4,3.7,13.2,0.1,45.0,34.6,2.7
2025-10-30,23,14.1,9.9,17.2,0,27.0,2.0,4.8
2025-10-30,24,13.9,8.5,17.6,0,71.0,15.6,2.4
2025-10-30,25,7.2,1.3,13.3,0,56.0,18.5,3.9
2025-10-31,1,11.5,6.1,16.8,0,76.0,25.1,4.4
2025-10-31,2,12.8,8.5,16.3,0,69.0,25.7,3.1
2025-10-31,3,11.6,8.5,18.2,0,76.0,26.8,5.2
2025-10-31,4,11.3,5.6,16.9,0,68.0,10.8,3.8
2025-10-31,5,8.5,4.4,13.8,0.5,74.0,20.6,4.3
2025-10-31,6,12.8,7.0,18.0,0,68.0,25.2,3.1
2025-10-31,7,12.8,9.1,18.1,5.8,73.0,3.0,2.1
2025-10-31,8,12.4,7.1,18.1,2.2,72.0,12.1,5.3
2025-10-31,9,11.3,8.2,16.5,0,75.0,2.7,1.1
2025-10-31,10,11.1,7.0,16.3,0,82.0,6.9,7.0
2025-10-31,11,12.1,7.9,17.0,0,85.0,19.6,3.0
2025-10-31,12,15.0,11.9,20.7,2.8,86.0,23.0,3.2
2025-10-31,13,9.8,5.4,13.8,0,61.0,23.8,3.8
2025-10-31,14,11.5,7.7,14.8,0.2,63.0,15.5,5.3
2025-10-31,15,11.3,8.0,17.7,0,82.0,19.1,5.7
2025-10-31,16,12.9,6.9,16.9,0,74.0,13.4,4.0
2025-10-31,17,12.0,8.1,18.3,0,46.0,6.2,2.5
2025-10-31,18,7.5,4.4,14.3,0,62.0,10.1,3.7
2025-10-31,19,15.9,10.1,20.6,0.1,70.0,4.4,4.6
2025-10-31,20,14.2,10.1,19.6,0,71.0,13.9,5.2
2025-10-31,21,7.6,3.6,14.0,3.9,76.0,11.8,7.1
2025-10-31,22,9.2,5.3,16.1,0,60.0,11.7,1.5
2025-10-31,23,12.3,9.1,17.8,0,34.0,21.2,2.4
2025-10-31,24,13.0,9.7,18.2,0,58.0,23.8,2.6
2025-10-31,25,9.6,5.5,13.1,0.2,42.0,17.8,5.5
2025-11-01,1,12.8,8.5,19.0,6.6,83.0,11.9,3.6
2025-11-01,2,11.9,6.8,17.6,0.2,75.0,11.0,1.1
2025-11-01,3,12.8,8.2,17.3,3.1,65.0,21.2,3.8
2025-11-01,4,13.4,8.8,17.9,3.7,69.0,13.2,0
2025-11-01,5,10.8,6.1,15.2,0.2,66.0,6.9,3.0
2025-11-01,6,13.9,9.7,20.2,0,79.0,20.4,4.3
2025-11-01,7,12.3,7.3,17.3,0,76.0,17.1,4.5
2025-11-01,8,15.2,10.2,19.8,0,73.0,23.9,3.9
2025-11-01,9,14.3,10.9,17.8,0,52.0,19.4,5.0
2025-11-01,10,12.9,9.9,16.2,0,62.0,8.1,2.3
2025-11-01,11,14.2,9.9,19.9,0,63.0,34.3,5.9
2025-11-01,12,12.4,8.1,18.9,6.7,74.0,15.9,0.7
2025-11-01,13,11.5,6.1,17.0,0,48.0,10.4,3.9
2025-11-01,14,10.6,6.6,15.6,0,58.0,23.2,3.4
2025-11-01,15,9.8,5.0,16.1,11.1,74.0,17.3,4.4
2025-11-01,16,13.6,10.0,17.5,0,72.0,29.7,2.7
2025-11-01,17,8.3,2.7,11.8,0,52.0,21.6,3.0
2025-11-01,18,8.4,5.1,14.4,0,59.0,2.8,5.1
2025-11-01,19,14.0,9.2,17.9,3.6,52.0,17.0,5.4
2025-11-01,20,17.2,13.8,21.8,0,59.0,14.7,5.5
2025-11-01,21,8.7,5.0,13.0,0,52.0,12.2,5.4
2025-11-01,22,7.5,2.2,13.1,0.6,74.0,15.3,4.8
2025-11-01,23,14.5,11.0,19.2,0,48.0,10.9,4.6
2025-11-01,24,14.0,8.1,17.3,0,65.0,19.7,2.4
2025-11-01,25,6.8,2.2,12.0,1.4,52.0,27.3,4.4
2025-11-02,1,11.6,7.0,18.0,0.8,61.0,1.8,2.5
2025-11-02,2,12.9,9.9,16.2,2.0,71.0,21.2,1.9
2025-11-02,3,12.4,7.3,16.5,2.7,66.0,23.0,2.7
2025-11-02,4,11.8,6.6,17.4,0,72.0,20.7,3.5
2025-11-02,5,15.4,11.4,20.9,0,75.0,23.6,3.8
2025-11-02,6,12.1,7.5,17.2,0,89.0,10.3,1.3
2025-11-02,7,12.2,6.8,18.1,4.7,72.0,17.1,5.6
2025-11-02,8,11.1,7.2,16.5,1.7,64.0,20.0,3.8
2025-11-02,9,14.5,11.0,17.7,0,76.0,24.8,4.2
2025-11-02,10,13.1,8.8,18.4,0,64.0,3.1,0
2025-11-02,11,13.2,8.0,18.8,0,70.0,20.0,3.5
2025-11-02,12,8.7,3.1,13.1,0,74.0,15.3,3.4
2025-11-02,13,10.1,4.9,16.8,0,65.0,20.2,3.2
2025-11-02,14,13.3,9.7,18.2,0.7,69.0,23.7,2.5
2025-11-02,15,10.2,5.4,15.9,0,68.0,28.0,4.3
2025-11-02,16,14.0,9.6,18.1,0,72.0,22.6,1.8
2025-11-02,17,10.6,5.1,13.7,0,57.0,24.6,1.8
2025-11-02,18,3.4,-1.4,8.6,0,45.0,21.0,3.5
2025-11-02,19,14.3,9.4,19.2,0,73.0,14.1,3.3
2025-11-02,20,12.1,6.5,15.5,0,62.0,1.6,3.2
2025-11-02,21,9.2,5.0,15.9,11.1,53.0,0.4,3.7
2025-11-02,22,10.1,5.1,14.7,0,71.0,12.1,1.2
2025-11-02,23,10.7,7.0,17.5,0,46.0,20.9,2.5
2025-11-02,24,10.2,5.9,13.5,0.5,69.0,31.1,0.8
2025-11-02,25,10.1,4.8,13.8,0,51.0,10.2,5.6
2025-11-03,1,14.6,9.6,19.2,0,59.0,7.8,2.3
2025-11-03,2,11.2,7.5,14.9,6.8,80.0,14.6,0.5
2025-11-03,3,11.4,6.0,15.1,0,82.0,6.1,4.9
2025-11-03,4,13.6,8.0,17.3,0,57.0,30.6,1.0
2025-11-03,5,10.6,6.5,15.9,1.2,66.0,1.3,3.3
2025-11-03,6,11.2,6.1,15.0,0,83.0,4.8,6.7
2025-11-03,7,13.0,9.7,16.9,0.8,74.0,22.2,4.1
2025-11-03,8,13.2,8.4,16.4,0,79.0,5.9,3.1
2025-11-03,9,14.2,8.2,21.0,0,64.0,24.2,3.3
2025-11-03,10,14.0,8.4,19.5,0,61.0,27.2,2.7
2025-11-03,11,14.1,10.3,17.4,0,89.0,7.9,4.1
2025-11-03,12,11.1,5.1,17.3,0,89.0,12.7,4.0
2025-11-03,13,10.0,6.7,16.5,0,60.0,24.6,0.8
2025-11-03,14,13.2,8.1,17.0,0,58.0,15.7,3.3
2025-11-03,15,12.7,9.4,16.1,0.8,76.0,19.0,4.3
2025-11-03,16,11.5,7.4,17.6,3.2,73.0,22.0,5.7
2025-11-03,17,11.0,6.6,15.4,0,44.0,17.0,4.2
2025-11-03,18,7.7,2.7,14.0,0,64.0,0.2,4.5
2025-11-03,19,14.8,9.5,20.4,0,62.0,20.0,4.9
2025-11-03,20,13.2,7.4,16.5,0,63.0,10.1,4.0
2025-11-03,21,7.0,1.8,10.7,0.9,58.0,0.5,5.2
2025-11-03,22,8.6,2.8,14.4,0,80.0,12.6,1.9
2025-11-03,23,12.4,7.6,17.2,0.6,47.0,16.0,2.6
2025-11-03,24,12.8,8.1,16.9,0,70.0,23.5,7.1
2025-11-03,25,12.8,7.9,19.0,0,41.0,24.6,2.0
2025-11-04,1,12.4,7.1,16.4,0,64.0,24.1,3.3
2025-11-04,2,12.2,8.1,16.3,0,78.0,22.7,3.6
2025-11-04,3,11.2,6.6,16.0,3.8,69.0,19.0,0
2025-11-04,4,11.4,6.6,15.7,1.6,76.0,18.7,4.4
2025-11-04,5,12.3,7.8,18.5,0,82.0,9.5,4.4
2025-11-04,6,10.7,5.1,17.7,0,72.0,13.2,2.9
2025-11-04,7,15.3,11.0,21.6,5.6,79.0,3.3,0.5
2025-11-04,8,15.7,11.5,22.2,0,81.0,11.4,5.7
2025-11-04,9,10.3,6.4,13.9,0,72.0,22.4,1.6
2025-11-04,10,13.0,9.5,19.5,0,73.0,5.4,3.4
2025-11-04,11,13.1,9.0,18.9,0,78.0,20.9,5.0
2025-11-04,12,12.4,7.3,18.0,1.7,70.0,17.1,2.5
2025-11-04,13,10.0,4.8,16.2,0,64.0,18.6,2.8
2025-11-04,14,11.9,8.7,15.6,0,65.0,21.4,3.7
2025-11-04,15,13.2,9.9,19.0,0.4,81.0,5.3,3.8
2025-11-04,16,12.7,8.9,18.4,0,94.0,18.9,4.4
2025-11-04,17,10.5,5.3,16.6,0,57.0,14.6,3.5
2025-11-04,18,8.0,4.9,13.8,0,53.0,19.6,4.8
2025-11-04,19,13.1,9.8,16.7,0,58.0,9.7,3.6
2025-11-04,20,15.2,9.7,21.5,0,55.0,27.3,3.0
2025-11-04,21,8.6,4.0,13.3,0,67.0,1.6,3.5
2025-11-04,22,9.2,4.1,14.2,0,70.0,11.0,2.7
2025-11-04,23,13.3,10.1,17.0,0,50.0,10.7,3.1
2025-11-04,24,9.7,5.1,15.9,0,84.0,15.7,2.9
2025-11-04,25,7.6,3.9,14.1,1.0,49.0,16.0,3.2
2025-11-05,1,11.5,7.3,15.6,0,73.0,9.9,3.0
2025-11-05,2,10.6,5.0,15.3,0,82.0,8.5,1.7
2025-11-05,3,7.2,4.1,11.1,0,57.0,16.1,5.6
2025-11-05,4,9.7,4.3,13.7,3.3,77.0,7.7,3.2
2025-11-05,5,12.9,9.0,17.0,0,72.0,2.5,2.3
2025-11-05,6,10.1,4.4,14.6,0,72.0,22.4,2.5
2025-11-05,7,13.3,7.7,18.7,0.6,73.0,12.7,0.9
2025-11-05,8,11.8,6.4,15.5,2.9,74.0,27.3,2.4
2025-11-05,9,13.3,7.9,20.3,2.4,62.0,14.9,2.7
2025-11-05,10,11.2,5.7,15.3,0,73.0,10.6,2.5
2025-11-05,11,9.9,4.2,14.9,0.7,87.0,9.9,1.5
2025-11-05,12,12.9,8.8,16.2,0,77.0,14.8,5.2
2025-11-05,13,9.9,4.0,15.7,0,60.0,6.5,4.5
2025-11-05,14,12.8,7.3,17.6,0,75.0,26.1,3.2
2025-11-05,15,9.7,4.5,15.2,14.7,74.0,2.0,1.9
2025-11-05,16,11.9,8.7,16.9,2.1,60.0,18.2,1.1
2025-11-05,17,9.6,5.3,14.5,0,50.0,36.6,1.9
2025-11-05,18,4.4,-1.1,9.5,0.7,66.0,21.9,2.3
2025-11-05,19,12.4,7.9,19.2,0,52.0,4.2,3.1
2025-11-05,20,11.6,5.7,17.1,0,48.0,22.0,2.3
2025-11-05,21,6.8,3.2,10.7,6.6,64.0,9.8,3.8
2025-11-05,22,9.2,5.4,13.7,2.2,54.0,24.2,1.6
2025-11-05,23,13.4,8.5,20.3,0,32.0,17.3,3.6
2025-11-05,24,14.1,8.9,19.5,1.0,88.0,0.6,3.6
2025-11-05,25,6.9,3.2,12.5,0,62.0,17.4,2.3
2025-11-06,1,10.3,5.9,14.8,0,69.0,17.0,1.4
2025-11-06,2,13.6,9.5,17.4,0,69.0,16.6,4.1
2025-11-06,3,11.8,6.4,16.5,0,72.0,14.2,4.7
2025-11-06,4,10.1,7.0,15.2,0,68.0,4.3,1.8
2025-11-06,5,7.8,3.0,11.2,0.6,82.0,27.1,5.0
2025-11-06,6,9.4,4.9,15.8,0,56.0,2.3,3.4
2025-11-06,7,15.1,10.3,20.1,0.3,72.0,6.2,4.6
2025-11-06,8,9.7,5.9,12.8,0,69.0,13.4,5.7
2025-11-06,9,10.2,4.4,15.4,0,69.0,9.4,3.1
2025-11-06,10,12.0,7.2,15.7,0,65.0,17.5,2.0
2025-11-06,11,11.8,7.7,15.8,8.2,74.0,4.5,4.5
2025-11-06,12,11.3,6.5,14.6,3.4,72.0,14.6,4.2
2025-11-06,13,9.8,4.7,13.4,0,75.0,25.1,2.1
2025-11-06,14,13.7,9.9,19.7,0,74.0,8.4,4.7
2025-11-06,15,9.6,4.9,15.7,3.6,87.0,12.9,6.2
2025-11-06,16,14.4,11.2,18.3,0,79.0,21.4,2.9
2025-11-06,17,8.9,4.4,15.2,0,46.0,0.7,2.6
2025-11-06,18,8.1,4.1,12.8,0,54.0,10.4,4.9
2025-11-06,19,12.4,7.1,15.9,0,63.0,27.5,2.5
2025-11-06,20,12.8,8.8,18.8,0,59.0,23.6,3.2
2025-11-06,21,8.1,4.4,14.1,15.5,69.0,16.3,2.6
2025-11-06,22,8.1,4.2,14.3,3.3,53.0,18.2,3.3
2025-11-06,23,11.5,6.3,16.5,0,48.0,18.8,3.9
2025-11-06,24,10.1,4.2,14.3,0.8,69.0,12.7,3.3
2025-11-06,25,7.4,1.6,13.7,0,54.0,19.6,1.1
2025-11-07,1,8.3,4.9,12.0,0,72.0,6.8,4.8
2025-11-07,2,10.2,5.6,13.7,9.4,72.0,13.0,5.6
2025-11-07,3,14.7,10.7,19.9,0,80.0,20.8,4.1
2025-11-07,4,8.7,4.8,13.3,0,65.0,15.2,5.4
2025-11-07,5,10.9,5.7,17.4,0,80.0,8.5,1.1
2025-11-07,6,14.1,10.9,21.1,0,82.0,22.8,2.2
2025-11-07,7,15.8,11.9,19.9,0,73.0,15.9,2.6
2025-11-07,8,13.9,8.7,20.7,0,69.0,4.6,5.1
2025-11-07,9,14.3,10.9,17.9,0.5,71.0,21.7,2.6
2025-11-07,10,12.5,7.6,17.0,0,70.0,23.3,4.0
2025-11-07,11,14.1,9.5,18.2,7.0,71.0,3.8,6.8
2025-11-07,12,10.1,5.6,16.7,0,74.0,10.6,2.7
2025-11-07,13,9.9,5.2,15.1,0.1,70.0,0.4,5.1
2025-11-07,14,12.5,8.6,18.2,0,79.0,4.7,1.3
2025-11-07,15,12.0,8.7,17.3,2.9,70.0,19.3,3.4
2025-11-07,16,11.5,8.5,18.2,1.6,75.0,4.7,4.8
2025-11-07,17,11.2,6.5,17.4,0,55.0,15.8,2.5
2025-11-07,18,4.6,-0.6,7.6,0.5,69.0,18.0,3.2
2025-11-07,19,13.5,7.7,17.4,0,64.0,13.1,1.4
2025-11-07,20,14.3,11.2,18.5,0,57.0,25.1,5.3
2025-11-07,21,6.8,3.7,12.2,8.0,74.0,20.5,4.4
2025-11-07,22,7.2,1.4,13.6,0,64.0,3.0,1.1
2025-11-07,23,11.5,6.3,15.4,0,49.0,18.4,1.3
2025-11-07,24,9.1,4.8,14.1,0,70.0,14.1,3.6
2025-11-07,25,9.4,5.8,16.1,0.4,46.0,23.8,1.9
2025-11-08,1,10.5,6.2,15.8,2.6,66.0,29.3,2.7
2025-11-08,2,11.5,8.5,17.5,0,77.0,5.7,4.8
2025-11-08,3,9.4,4.9,15.7,0,73.0,12.9,2.9
2025-11-08,4,9.8,6.7,14.3,0,73.0,20.7,2.9
2025-11-08,5,11.4,5.7,15.5,0,81.0,12.8,0.5
2025-11-08,6,13.0,8.6,16.3,0.8,65.0,10.2,4.0
2025-11-08,7,13.3,8.6,16.9,0,83.0,18.9,2.3
2025-11-08,8,14.8,10.6,18.8,1.8,77.0,18.8,4.1
2025-11-08,9,11.7,7.3,16.5,0,65.0,10.6,3.4
2025-11-08,10,12.0,8.0,18.1,0,74.0,21.1,3.1
2025-11-08,11,10.3,5.3,14.7,4.9,85.0,11.3,2.8
2025-11-08,12,11.2,8.0,14.5,0.3,69.0,21.0,1.5
2025-11-08,13,13.5,8.6,20.4,0,55.0,4.7,4.1
2025-11-08,14,12.1,9.1,15.9,0,64.0,12.6,1.2
2025-11-08,15,10.6,5.5,17.4,0,69.0,14.0,5.3
2025-11-08,16,15.8,12.7,19.9,5.8,80.0,9.6,2.8
2025-11-08,17,8.9,4.6,12.6,0,67.0,10.5,4.8
2025-11-08,18,7.0,1.2,13.3,0,59.0,17.1,3.8
2025-11-08,19,12.8,8.7,16.0,0,64.0,3.8,4.7
2025-11-08,20,13.0,7.3,17.4,0,74.0,0.1,4.7
2025-11-08,21,9.3,4.5,15.7,0,85.0,15.6,2.1
2025-11-08,22,9.5,4.8,15.3,0,59.0,18.4,1.7
2025-11-08,23,9.7,5.8,14.2,0,34.0,7.5,2.8
2025-11-08,24,9.8,6.5,13.8,1.5,71.0,15.7,1.9
2025-11-08,25,10.4,4.4,16.2,0,58.0,8.7,1.1
2025-11-09,1,13.5,8.4,19.5,0,82.0,18.4,3.4
2025-11-09,2,11.8,6.3,17.3,0,71.0,8.5,1.9
2025-11-09,3,12.2,7.1,18.8,0,84.0,8.4,2.2
2025-11-09,4,12.0,8.5,17.7,11.4,66.0,6.0,5.6
2025-11-09,5,10.3,6.1,17.3,3.0,76.0,14.2,3.5
2025-11-09,6,9.8,4.6,14.0,0,93.0,20.2,3.5
2025-11-09,7,12.6,7.8,18.9,0,71.0,14.2,4.2
2025-11-09,8,13.4,8.5,18.2,0,78.0,3.0,3.8
2025-11-09,9,15.8,10.6,21.1,0,81.0,27.4,4.2
2025-11-09,10,12.7,7.7,18.5,2.0,72.0,7.8,6.1
2025-11-09,11,12.7,8.0,16.9,0,76.0,17.6,3.4
2025-11-09,12,12.1,8.7,17.3,3.5,78.0,16.5,3.3
2025-11-09,13,10.6,4.7,15.2,0,54.0,21.4,2.8
2025-11-09,14,12.6,7.0,17.0,0.8,73.0,11.7,4.6
2025-11-09,15,8.6,4.6,14.9,2.9,98.0,0.4,5.3
2025-11-09,16,11.5,7.5,17.4,2.2,81.0,4.3,1.9
2025-11-09,17,10.4,7.3,14.6,0,55.0,13.4,3.9
2025-11-09,18,8.4,3.4,13.3,0.2,55.0,21.3,1.4
2025-11-09,19,12.2,6.5,18.5,0,49.0,3.2,3.6
2025-11-09,20,13.4,10.2,16.8,0,78.0,13.9,3.3
2025-11-09,21,9.2,4.7,13.0,5.8,70.0,25.7,1.9
2025-11-09,22,7.9,4.7,12.0,0,78.0,12.8,2.3
2025-11-09,23,12.1,8.0,15.3,0.4,45.0,14.2,3.0
2025-11-09,24,12.8,8.4,19.5,0.4,72.0,18.2,2.5
2025-11-09,25,9.5,4.0,14.9,0,68.0,9.1,4.9
2025-11-10,1,10.2,7.2,15.5,0,66.0,16.2,3.9
2025-11-10,2,10.8,7.4,14.5,0,78.0,5.8,3.7
2025-11-10,3,11.2,5.6,16.7,0,69.0,32.0,4.4
2025-11-10,4,9.1,4.2,13.0,0,66.0,13.1,3.6
2025-11-10,5,13.5,9.1,18.4,0.5,79.0,17.4,6.1
2025-11-10,6,9.3,5.0,12.9,1.9,70.0,15.5,2.3
2025-11-10,7,12.1,6.3,17.1,1.6,71.0,1.9,2.3
2025-11-10,8,12.8,9.3,17.5,0,83.0,21.9,3.9
2025-11-10,9,10.8,5.6,16.0,0,62.0,23.6,3.4
2025-11-10,10,12.0,7.7,15.1,0,79.0,2.3,3.8
2025-11-10,11,14.3,11.0,17.4,2.7,70.0,11.4,1.4
2025-11-10,12,10.1,4.2,15.4,0,75.0,21.1,3.9
2025-11-10,13,9.1,5.5,13.4,0.2,75.0,5.9,1.7
2025-11-10,14,14.1,8.7,17.3,0,68.0,17.4,1.8
2025-11-10,15,13.3,7.4,20.3,0,86.0,22.1,2.8
2025-11-10,16,13.3,8.9,17.0,6.7,61.0,9.1,4.4
2025-11-10,17,9.7,6.2,14.1,0,40.0,8.8,1.0
2025-11-10,18,6.9,0.9,13.0,0,61.0,18.3,1.9
2025-11-10,19,12.7,8.8,16.3,0,59.0,9.9,1.7
2025-11-10,20,13.5,10.5,20.0,0,72.0,15.8,2.3
2025-11-10,21,9.1,4.7,12.6,6.0,63.0,14.0,1.9
2025-11-10,22,7.3,1.4,10.6,0,67.0,8.4,5.2
2025-11-10,23,10.0,4.6,14.3,0,45.0,23.9,1.8
2025-11-10,24,11.8,5.9,16.4,0,91.0,20.0,2.9
2025-11-10,25,7.2,2.7,12.1,1.1,45.0,11.4,4.9
2025-11-11,1,10.0,5.7,15.2,0.1,72.0,28.7,2.7
2025-11-11,2,12.2,7.0,18.3,0,75.0,8.5,3.8
2025-11-11,3,10.9,5.4,16.8,1.9,69.0,24.4,1.9
2025-11-11,4,12.0,7.3,16.5,0,65.0,14.2,3.3
2025-11-11,5,9.3,3.4,12.5,0,75.0,15.7,4.6
2025-11-11,6,13.2,7.2,19.9,0.9,65.0,25.8,2.0
2025-11-11,7,10.6,5.7,16.5,0,92.0,33.4,2.1
2025-11-11,8,12.2,9.2,17.6,0,76.0,9.7,5.1
2025-11-11,9,13.6,8.6,16.7,0,69.0,23.7,2.5
2025-11-11,10,11.2,6.2,14.5,0,76.0,21.2,3.8
2025-11-11,11,13.5,7.8,18.5,0.5,86.0,15.5,4.3
2025-11-11,12,10.5,6.8,16.8,0,80.0,8.5,5.6
2025-11-11,13,11.3,6.6,15.6,0,64.0,17.5,1.5
2025-11-11,14,12.5,8.6,16.5,0,72.0,13.9,2.9
2025-11-11,15,9.7,6.0,14.2,3.1,89.0,24.5,1.9
2025-11-11,16,9.2,4.1,12.7,0,74.0,26.3,1.7
2025-11-11,17,8.8,5.4,13.8,0,40.0,2.9,0.2
2025-11-11,18,6.8,3.1,12.8,0.4,55.0,16.7,3.4
2025-11-11,19,13.5,9.3,20.4,0,67.0,14.4,0.9
2025-11-11,20,10.9,6.4,14.1,0,51.0,14.0,0.8
2025-11-11,21,5.6,2.0,11.6,0,81.0,15.9,3.0
2025-11-11,22,4.6,-0.8,9.8,0,71.0,19.4,3.6
2025-11-11,23,10.5,7.4,17.1,0,47.0,12.1,3.2
2025-11-11,24,10.2,6.3,15.2,3.0,74.0,14.2,2.2
2025-11-11,25,8.5,3.2,14.9,0,57.0,19.9,4.7
2025-11-12,1,10.0,5.1,16.2,0.3,72.0,6.4,3.1
2025-11-12,2,12.6,9.3,17.3,0,84.0,6.2,5.8
2025-11-12,3,11.2,5.4,16.2,0,72.0,23.3,2.1
2025-11-12,4,11.2,7.3,17.6,2.9,81.0,17.2,2.9
2025-11-12,5,12.4,7.9,17.6,0.7,70.0,7.3,1.6
2025-11-12,6,9.7,4.9,14.4,1.6,89.0,26.1,8.0
2025-11-12,7,12.3,8.8,17.0,0,79.0,34.9,5.4
2025-11-12,8,10.1,5.7,13.6,0,80.0,3.2,3.5
2025-11-12,9,13.2,7.6,17.9,0,63.0,1.0,4.2
2025-11-12,10,10.3,5.6,16.4,0,59.0,18.9,1.5
2025-11-12,11,11.4,7.2,14.8,0,84.0,5.5,3.2
2025-11-12,12,9.8,6.1,13.6,0,75.0,15.0,2.9
2025-11-12,13,12.6,9.2,17.9,0,55.0,21.3,2.8
2025-11-12,14,11.5,5.8,18.4,0,71.0,10.0,3.0
2025-11-12,15,10.4,7.1,15.1,0,79.0,5.6,2.1
2025-11-12,16,13.2,8.1,17.8,0.5,77.0,16.8,4.2
2025-11-12,17,9.8,6.8,16.4,0,45.0,8.6,2.3
2025-11-12,18,8.1,2.1,13.1,0,47.0,20.3,4.8
2025-11-12,19,15.1,12.1,19.7,0,53.0,26.4,4.8
2025-11-12,20,13.9,9.7,19.9,0,67.0,14.5,3.5
2025-11-12,21,8.1,4.2,12.3,0.4,56.0,12.4,1.2
2025-11-12,22,6.8,1.8,12.5,6.6,53.0,12.5,2.9
2025-11-12,23,10.2,4.4,15.8,0,50.0,16.2,2.0
2025-11-12,24,12.3,8.3,17.2,0,92.0,4.1,3.3
2025-11-12,25,8.8,5.4,15.1,2.1,61.0,4.2,3.5
2025-11-13,1,9.1,4.6,16.0,6.2,73.0,11.6,1.6
2025-11-13,2,10.6,6.7,14.2,6.4,58.0,13.9,4.4
2025-11-13,3,10.1,4.6,16.2,3.1,71.0,24.6,2.6
2025-11-13,4,10.2,5.4,14.2,8.7,69.0,15.0,5.2
2025-11-13,5,9.7,6.0,14.9,0.6,83.0,10.2,2.6
2025-11-13,6,12.1,7.4,18.2,0,81.0,24.1,2.0
2025-11-13,7,9.6,3.6,14.3,0,77.0,20.2,2.4
2025-11-13,8,12.4,7.8,18.5,0,80.0,11.1,3.1
2025-11-13,9,9.5,5.4,15.3,0,66.0,20.6,0.7
2025-11-13,10,11.8,6.8,17.2,0,71.0,11.1,2.3
2025-11-13,11,14.0,9.4,18.4,1.8,74.0,18.9,1.3
2025-11-13,12,10.6,5.9,15.9,1.5,85.0,15.5,3.6
2025-11-13,13,12.9,8.7,18.9,0,67.0,8.5,2.4
2025-11-13,14,13.3,9.2,19.8,0.2,58.0,19.1,0.4
2025-11-13,15,9.3,4.5,12.4,2.2,66.0,5.5,6.0
2025-11-13,16,11.4,6.5,16.1,0,72.0,2.7,3.0
2025-11-13,17,8.9,5.4,13.6,0,51.0,8.1,2.0
2025-11-13,18,9.3,5.1,15.2,0,62.0,18.7,5.2
2025-11-13,19,12.6,7.1,16.9,0,64.0,13.3,4.5
2025-11-13,20,13.8,9.6,20.6,0,59.0,14.2,4.4
2025-11-13,21,6.1,1.8,12.9,1.1,69.0,7.7,3.1
2025-11-13,22,10.2,6.9,13.5,0,60.0,24.5,1.7
2025-11-13,23,10.9,7.3,16.0,0,46.0,15.6,4.5
2025-11-13,24,10.7,6.1,16.3,2.6,79.0,10.8,5.6
2025-11-13,25,10.4,5.1,17.3,0,47.0,7.6,2.5
2025-11-14,1,8.6,3.2,15.3,0,71.0,24.7,2.9
2025-11-14,2,9.6,4.6,13.1,0,81.0,13.0,0.9
2025-11-14,3,10.6,7.0,17.6,0,82.0,2.6,1.3
2025-11-14,4,9.9,6.0,16.4,0,71.0,21.1,2.0
2025-11-14,5,8.8,3.9,11.8,0,68.0,9.1,0.5
2025-11-14,6,9.3,6.0,15.4,0,74.0,11.5,5.2
2025-11-14,7,13.0,7.9,16.7,0,82.0,10.8,1.1
2025-11-14,8,12.4,7.3,18.5,0.7,66.0,14.7,2.2
2025-11-14,9,12.3,8.7,17.3,0,60.0,16.3,1.7
2025-11-14,10,10.6,6.5,14.2,0,74.0,14.6,3.4
2025-11-14,11,11.8,8.0,15.8,1.2,86.0,21.3,0
2025-11-14,12,10.2,4.6,16.6,0,78.0,15.3,5.7
2025-11-14,13,10.7,7.1,17.4,0,78.0,12.2,3.0
2025-11-14,14,12.8,8.1,19.6,0,76.0,28.3,2.5
2025-11-14,15,7.0,3.8,10.6,0,72.0,14.9,6.1
2025-11-14,16,11.0,5.7,14.6,0,78.0,14.6,2.2
2025-11-14,17,9.6,4.1,15.4,0,64.0,5.3,0.6
2025-11-14,18,8.4,4.1,11.6,1.8,64.0,17.1,2.7
2025-11-14,19,14.4,11.4,19.5,0,61.0,17.6,4.9
2025-11-14,20,11.4,8.2,15.4,0.9,65.0,14.4,4.9
2025-11-14,21,7.8,4.5,11.2,1.0,70.0,21.8,4.5
2025-11-14,22,7.0,3.1,13.1,0,80.0,12.2,0.8
2025-11-14,23,10.6,4.6,13.9,0,57.0,9.6,3.5
2025-11-14,24,10.7,4.8,16.4,0,74.0,18.4,0.8
2025-11-14,25,8.3,4.2,11.5,0,64.0,13.8,2.1
2025-11-15,1,10.4,6.9,16.1,1.9,80.0,12.5,3.3
2025-11-15,2,10.5,7.5,16.8,0,69.0,20.9,3.7
2025-11-15,3,9.5,5.0,14.0,3.9,62.0,8.4,1.3
2025-11-15,4,11.5,7.6,15.1,1.6,72.0,7.5,0.8
2025-11-15,5,9.2,4.2,14.9,1.2,80.0,13.5,1.1
2025-11-15,6,9.9,6.0,16.4,7.4,77.0,21.6,2.1
2025-11-15,7,10.3,5.3,16.6,0,65.0,23.7,2.2
2025-11-15,8,12.8,7.6,19.7,0,69.0,6.8,3.7
2025-11-15,9,11.1,6.4,18.0,1.8,65.0,9.4,2.7
2025-11-15,10,10.2,4.2,14.4,0,59.0,12.2,0.5
2025-11-15,11,9.2,3.8,16.1,0,64.0,1.9,4.7
2025-11-15,12,12.8,9.1,16.8,0.3,97.0,0.4,0.9
2025-11-15,13,9.6,5.4,14.4,1.8,55.0,8.9,4.2
2025-11-15,14,10.9,6.9,17.5,0,66.0,23.0,4.1
2025-11-15,15,9.7,4.6,15.6,4.6,87.0,29.5,5.1
2025-11-15,16,12.1,7.7,17.8,0,78.0,30.4,1.1
2025-11-15,17,12.8,8.2,16.7,5.8,61.0,19.2,1.5
2025-11-15,18,5.3,-0.4,10.4,0,65.0,16.2,5.4
2025-11-15,19,12.9,7.4,19.3,0,70.0,13.5,4.6
2025-11-15,20,13.6,8.4,20.2,0,55.0,39.5,3.8
2025-11-15,21,8.0,3.5,12.3,0,55.0,20.8,3.8
2025-11-15,22,9.7,4.6,12.8,0,75.0,13.4,2.4
2025-11-15,23,9.4,4.5,13.7,0,40.0,10.8,1.9
2025-11-15,24,10.3,6.9,16.5,1.0,74.0,9.3,3.8
2025-11-15,25,8.2,2.5,13.6,0,49.0,14.6,5.5
2025-11-16,1,8.1,2.4,13.6,0,79.0,16.1,4.5
2025-11-16,2,11.8,8.7,18.2,6.3,65.0,16.2,1.2
2025-11-16,3,10.3,6.6,13.9,0,61.0,17.2,3.8
2025-11-16,4,11.3,5.6,16.1,0.7,74.0,0.3,3.4
2025-11-16,5,9.1,3.8,15.0,0,67.0,17.0,3.1
2025-11-16,6,11.0,6.5,14.9,0,75.0,28.7,3.3
2025-11-16,7,10.3,5.4,15.9,5.1,73.0,19.8,2.1
2025-11-16,8,7.9,3.7,14.8,1.8,79.0,34.6,3.4
2025-11-16,9,13.6,8.6,18.5,0,61.0,15.4,4.0
2025-11-16,10,14.6,8.9,21.4,0,79.0,14.7,2.6
2025-11-16,11,9.5,6.0,14.5,4.6,78.0,26.0,2.1
2025-11-16,12,12.1,8.5,17.0,1.4,74.0,4.4,2.3
2025-11-16,13,9.0,5.6,15.5,3.0,66.0,20.2,3.2
2025-11-16,14,10.9,6.5,16.8,0.2,83.0,40.0,2.5
2025-11-16,15,9.9,6.3,13.9,0.2,74.0,5.5,0
2025-11-16,16,11.8,7.1,17.9,0,73.0,18.1,4.6
2025-11-16,17,11.1,5.3,15.8,0,49.0,7.5,3.9
2025-11-16,18,6.0,0.6,10.5,0,61.0,20.0,3.9
2025-11-16,19,11.3,6.5,16.1,0,58.0,13.3,1.7
2025-11-16,20,15.5,11.8,20.9,0.6,52.0,16.5,2.0
2025-11-16,21,9.0,4.2,13.2,0.1,57.0,14.9,2.0
2025-11-16,22,10.1,4.8,16.2,0,58.0,30.6,0
2025-11-16,23,10.2,6.1,15.5,0,38.0,12.3,5.0
2025-11-16,24,6.8,2.6,10.1,0,72.0,9.8,4.1
2025-11-16,25,6.9,1.6,10.6,0,55.0,9.4,4.9
2025-11-17,1,11.0,7.4,16.1,1.0,70.0,12.9,2.4
2025-11-17,2,11.3,7.3,16.8,0,93.0,1.3,3.3
2025-11-17,3,12.8,8.0,16.6,0,70.0,15.3,3.8
2025-11-17,4,11.8,8.8,17.3,0,90.0,24.0,2.0
2025-11-17,5,13.2,7.4,16.2,2.6,78.0,16.9,3.1
2025-11-17,6,10.7,5.3,15.5,0,85.0,26.3,0.4
2025-11-17,7,12.1,9.0,15.2,0,63.0,23.4,5.9
2025-11-17,8,10.3,5.0,15.1,0,82.0,28.5,1.6
2025-11-17,9,12.0,7.0,17.5,0,71.0,13.2,1.9
2025-11-17,10,11.6,7.6,17.6,0.3,53.0,12.7,0.9
2025-11-17,11,11.2,5.3,16.1,0,94.0,3.0,4.1
2025-11-17,12,10.4,4.5,13.7,0,87.0,0.6,1.0
2025-11-17,13,9.8,4.3,15.8,0,51.0,17.0,4.5
2025-11-17,14,11.8,7.5,16.4,0,59.0,20.5,4.1
2025-11-17,15,11.3,6.2,15.1,15.5,76.0,23.9,2.7
2025-11-17,16,10.3,5.9,16.0,4.1,83.0,5.3,0.9
2025-11-17,17,8.6,4.6,12.4,0,50.0,5.6,1.5
2025-11-17,18,4.8,0.3,8.4,6.9,73.0,0.7,3.7
2025-11-17,19,11.0,6.3,14.0,0,64.0,15.7,4.1
2025-11-17,20,10.9,7.8,15.4,0,69.0,12.0,4.5
2025-11-17,21,5.2,-0.4,10.2,0,51.0,11.0,1.8
2025-11-17,22,8.1,4.1,13.0,0,43.0,19.6,3.9
2025-11-17,23,10.6,5.8,15.2,0,43.0,18.6,1.5
2025-11-17,24,10.6,5.9,14.3,4.1,66.0,16.2,3.4
2025-11-17,25,7.0,3.7,10.9,0.9,60.0,8.7,3.7
2025-11-18,1,9.8,5.3,13.2,0.5,74.0,18.7,2.2
2025-11-18,2,10.8,7.1,15.8,0,72.0,26.8,2.5
2025-11-18,3,10.9,7.3,14.4,4.7,62.0,16.7,1.3
2025-11-18,4,12.2,8.1,17.6,1.2,71.0,7.0,1.5
2025-11-18,5,7.3,2.3,11.2,4.1,78.0,10.3,2.5
2025-11-18,6,10.0,4.3,15.4,0.6,85.0,15.0,2.8
2025-11-18,7,10.7,7.1,15.3,0,91.0,22.0,0.5
2025-11-18,8,10.7,5.6,16.7,4.1,76.0,23.5,3.7
2025-11-18,9,8.3,4.7,11.5,0,65.0,11.0,3.6
2025-11-18,10,10.3,6.1,13.4,0,62.0,7.3,3.4
2025-11-18,11,10.9,5.0,16.4,0,78.0,20.6,2.8
2025-11-18,12,9.7,4.1,15.0,2.1,74.0,20.8,1.7
2025-11-18,13,6.2,1.5,9.8,0,71.0,15.7,3.0
2025-11-18,14,11.4,5.9,15.4,0.4,77.0,11.2,3.6
2025-11-18,15,8.0,3.2,14.1,1.5,89.0,9.9,1.3
2025-11-18,16,11.8,8.4,17.9,0,59.0,25.1,2.5
2025-11-18,17,7.1,2.5,10.9,0,51.0,13.5,5.4
2025-11-18,18,2.3,-2.7,8.3,0,66.0,14.8,3.2
2025-11-18,19,13.5,8.6,19.1,0,73.0,19.3,2.3
2025-11-18,20,13.0,9.0,17.0,0.9,67.0,23.2,1.5
2025-11-18,21,7.0,1.0,11.6,0,62.0,11.8,4.0
2025-11-18,22,9.1,3.3,13.7,2.7,49.0,20.2,3.4
2025-11-18,23,10.3,5.8,14.1,0,42.0,29.9,2.1
2025-11-18,24,11.7,8.2,17.8,0,72.0,18.3,2.5
2025-11-18,25,5.9,2.3,11.0,0,64.0,9.3,3.0
2025-11-19,1,10.3,4.4,14.7,1.9,81.0,27.8,1.3
2025-11-19,2,8.2,2.3,14.7,2.4,79.0,0.7,2.7
2025-11-19,3,9.7,5.8,13.8,2.1,60.0,4.7,1.1
2025-11-19,4,9.9,5.8,15.8,0,74.0,20.0,4.1
2025-11-19,5,10.6,6.3,16.9,0.9,81.0,13.9,6.5
2025-11-19,6,8.1,3.1,14.6,2.3,81.0,7.8,4.5
2025-11-19,7,11.4,8.4,15.3,0,86.0,1.6,4.1
2025-11-19,8,11.4,5.6,18.3,0.2,79.0,21.5,0.1
2025-11-19,9,9.7,4.2,13.3,0,61.0,14.4,2.2
2025-11-19,10,11.6,5.8,18.5,0,78.0,21.2,1.9
2025-11-19,11,8.4,3.0,14.6,0,80.0,20.4,3.1
2025-11-19,12,8.7,4.4,12.3,0,78.0,9.5,2.3
2025-11-19,13,8.7,5.2,14.6,0,51.0,14.4,2.1
2025-11-19,14,10.3,6.0,17.0,0,70.0,28.0,4.3
2025-11-19,15,9.7,5.1,13.4,14.5,85.0,10.7,3.0
2025-11-19,16,12.5,8.2,18.6,0,93.0,18.7,1.5
2025-11-19,17,6.3,2.4,12.5,0,65.0,22.8,1.4
2025-11-19,18,1.4,-2.4,8.0,0,61.0,10.1,1.4
2025-11-19,19,13.3,9.5,18.0,0,62.0,11.1,4.6
2025-11-19,20,12.1,6.3,15.6,0,66.0,39.1,1.1
2025-11-19,21,7.1,3.3,13.3,0,65.0,10.3,3.6
2025-11-19,22,7.6,2.4,12.5,0,66.0,35.3,4.1
2025-11-19,23,10.3,6.8,14.5,0,43.0,19.9,6.5
2025-11-19,24,10.7,7.7,14.4,0,83.0,22.3,1.3
2025-11-19,25,5.1,0.3,11.8,1.7,66.0,7.2,1.5
2025-11-20,1,9.0,5.6,14.3,2.9,67.0,20.4,1.7
2025-11-20,2,10.8,5.0,16.5,0,68.0,28.2,3.8
2025-11-20,3,8.5,4.5,13.0,2.9,84.0,5.9,4.8
2025-11-20,4,11.1,6.8,14.6,0,81.0,17.5,1.1
2025-11-20,5,12.9,9.2,17.8,0.2,74.0,4.5,2.8
2025-11-20,6,12.5,8.6,16.1,0.9,75.0,25.7,2.8
2025-11-20,7,13.5,9.2,20.0,0,72.0,26.2,2.4
2025-11-20,8,10.0,6.1,14.8,0.2,72.0,17.3,3.9
2025-11-20,9,9.9,6.7,15.7,0,66.0,5.5,3.5
2025-11-20,10,11.3,6.6,14.4,0.7,59.0,16.8,1.6
2025-11-20,11,12.5,8.1,16.8,0,85.0,7.9,2.5
2025-11-20,12,10.3,4.8,15.3,0,73.0,21.4,0.9
2025-11-20,13,10.6,6.7,15.8,0,67.0,26.0,2.9
2025-11-20,14,10.6,5.5,17.5,0.2,75.0,22.2,0.8
2025-11-20,15,9.2,4.9,15.6,0.8,86.0,20.5,2.0
2025-11-20,16,11.4,6.5,17.4,0,74.0,15.1,2.4
2025-11-20,17,8.2,4.8,11.9,0,60.0,13.6,1.2
2025-11-20,18,6.6,1.3,11.0,0,50.0,5.1,0.9
2025-11-20,19,12.3,8.5,16.6,0,51.0,23.1,2.7
2025-11-20,20,13.3,7.5,17.1,0,61.0,14.4,2.1
2025-11-20,21,5.9,1.6,10.9,0.8,76.0,23.9,3.9
2025-11-20,22,9.8,5.2,16.0,0,75.0,36.3,1.9
2025-11-20,23,9.5,3.9,15.4,0.2,46.0,9.2,3.9
2025-11-20,24,10.5,5.6,15.0,0,80.0,22.4,0.1
2025-11-20,25,8.0,2.6,14.6,2.2,54.0,7.0,4.5
2025-11-21,1,9.5,3.8,12.7,4.4,77.0,17.2,3.2
2025-11-21,2,9.8,4.0,15.9,1.5,72.0,7.7,4.7
2025-11-21,3,10.8,6.7,16.3,0,74.0,22.1,4.0
2025-11-21,4,10.2,5.4,16.1,0,69.0,29.3,3.4
2025-11-21,5,6.9,2.8,13.2,0,78.0,19.0,4.2
2025-11-21,6,10.1,5.1,17.0,0,76.0,10.6,1.9
2025-11-21,7,10.2,4.4,14.0,2.0,69.0,10.3,4.1
2025-11-21,8,10.0,6.2,16.8,0,83.0,18.3,4.5
2025-11-21,9,11.3,5.6,16.7,1.0,68.0,0.2,3.2
2025-11-21,10,12.0,6.9,17.7,0,63.0,24.9,5.8
2025-11-21,11,8.6,3.9,13.3,2.7,81.0,15.7,2.5
2025-11-21,12,10.7,4.9,16.1,5.3,88.0,11.3,2.5
2025-11-21,13,8.4,4.3,15.3,5.8,69.0,16.9,3.5
2025-11-21,14,12.8,8.6,18.2,0,70.0,0.0,7.7
2025-11-21,15,10.2,7.1,14.2,0.2,73.0,17.5,0.1
2025-11-21,16,11.3,6.9,14.9,0,87.0,17.8,2.2
2025-11-21,17,8.0,4.1,14.1,0,58.0,18.0,0.9
2025-11-21,18,4.3,-0.3,9.8,0,54.0,1.8,3.9
2025-11-21,19,11.8,8.3,17.2,0,56.0,20.0,4.1
2025-11-21,20,14.3,8.6,17.7,0,75.0,36.5,4.4
2025-11-21,21,9.2,4.1,14.9,0,78.0,28.3,4.2
2025-11-21,22,5.8,1.7,9.7,11.9,64.0,8.6,2.1
2025-11-21,23,12.4,8.0,19.1,0,45.0,16.9,4.7
2025-11-21,24,9.5,5.0,15.4,0,84.0,24.6,1.7
2025-11-21,25,7.0,1.7,14.0,0.7,51.0,27.3,2.2
2025-11-22,1,7.6,3.9,11.7,5.0,68.0,8.3,1.0
2025-11-22,2,10.4,7.1,15.0,3.0,73.0,17.6,4.5
2025-11-22,3,10.1,6.0,13.2,0,77.0,4.0,2.4
2025-11-22,4,10.9,5.4,17.4,0,65.0,12.8,2.7
2025-11-22,5,10.0,7.0,16.9,9.9,77.0,30.7,3.7
2025-11-22,6,12.3,6.9,18.3,0,75.0,15.4,3.4
2025-11-22,7,7.9,4.9,13.1,0,79.0,9.6,1.7
2025-11-22,8,10.3,6.6,15.2,0,61.0,6.4,2.8
2025-11-22,9,10.8,6.5,13.8,0.8,71.0,4.9,1.9
2025-11-22,10,12.5,8.4,17.2,0.8,78.0,16.6,2.3
2025-11-22,11,11.6,8.2,17.7,0,77.0,17.6,2.9
2025-11-22,12,11.5,7.1,18.5,0,92.0,11.0,2.0
2025-11-22,13,7.7,3.0,12.9,0,70.0,5.1,5.0
2025-11-22,14,11.3,6.3,16.8,0,70.0,15.6,2.0
2025-11-22,15,12.0,7.9,17.5,5.8,81.0,9.5,0.6
2025-11-22,16,10.9,7.0,14.6,0,81.0,4.8,4.9
2025-11-22,17,7.8,3.7,12.1,0,65.0,14.7,0.9
2025-11-22,18,4.5,-1.5,11.3,0,53.0,27.0,3.4
2025-11-22,19,13.8,10.6,19.2,0,58.0,4.8,0.3
2025-11-22,20,10.6,7.5,14.0,0,70.0,5.9,1.9
2025-11-22,21,5.3,0.1,9.0,0,57.0,16.7,3.5
2025-11-22,22,4.2,-0.8,9.0,5.0,50.0,24.4,4.2
2025-11-22,23,9.7,6.0,14.7,0,52.0,10.4,1.6
2025-11-22,24,7.8,3.7,12.3,0,57.0,3.3,4.4
2025-11-22,25,5.9,0.7,11.3,4.6,47.0,23.9,3.8
2025-11-23,1,10.8,7.5,14.7,4.2,77.0,17.4,1.6
2025-11-23,2,10.5,5.8,14.1,2.3,64.0,14.2,1.7
2025-11-23,3,9.9,4.2,15.0,0,71.0,7.6,1.4
2025-11-23,4,10.4,6.0,15.9,1.3,80.0,11.4,1.5
2025-11-23,5,10.3,5.1,14.4,0,80.0,12.5,4.8
2025-11-23,6,8.8,4.4,14.0,8.3,69.0,21.2,0
2025-11-23,7,9.2,3.4,16.1,0,62.0,18.8,5.7
2025-11-23,8,12.8,7.9,16.2,0,78.0,12.7,0
2025-11-23,9,9.5,4.9,13.4,0.7,61.0,16.4,2.0
2025-11-23,10,10.6,6.1,15.8,0,64.0,5.6,0
2025-11-23,11,12.1,7.3,17.2,0.4,94.0,17.4,2.1
2025-11-23,12,10.0,4.0,16.6,0,76.0,9.6,3.2
2025-11-23,13,3.9,0.6,8.6,6.4,74.0,0.4,1.5
2025-11-23,14,11.4,6.6,14.6,0,76.0,22.6,1.4
2025-11-23,15,7.5,3.7,11.7,9.4,72.0,17.5,1.6
2025-11-23,16,12.0,6.6,16.1,0,74.0,14.2,1.4
2025-11-23,17,7.5,2.5,12.9,0,57.0,28.3,1.7
2025-11-23,18,9.1,5.0,12.7,0,53.0,11.8,3.4
2025-11-23,19,11.7,8.5,17.2,0,63.0,10.7,0
2025-11-23,20,14.8,10.5,17.9,0.3,70.0,8.3,3.4
2025-11-23,21,6.0,2.0,11.5,0,57.0,9.6,1.6
2025-11-23,22,4.5,-0.1,7.5,2.1,65.0,19.4,2.4
2025-11-23,23,10.0,5.6,16.4,0,42.0,11.5,0
2025-11-23,24,9.7,6.1,13.3,0,73.0,8.4,4.9
2025-11-23,25,8.2,2.9,12.8,0.2,51.0,1.7,0
2025-11-24,1,9.2,3.4,14.5,0,75.0,8.5,1.4
2025-11-24,2,9.9,4.2,14.8,6.5,70.0,12.8,2.6
2025-11-24,3,11.9,8.6,16.5,0,76.0,20.9,2.2
2025-11-24,4,9.1,5.0,15.1,9.8,76.0,5.9,0.6
2025-11-24,5,10.5,5.1,14.7,0,77.0,27.2,1.8
2025-11-24,6,9.5,5.9,16.2,2.8,79.0,25.0,1.9
2025-11-24,7,9.6,4.9,13.5,3.1,72.0,13.5,0.2
2025-11-24,8,13.4,10.3,17.1,1.9,77.0,17.7,1.5
2025-11-24,9,10.7,5.8,15.3,0,78.0,20.3,3.6
2025-11-24,10,14.0,9.3,17.4,0,67.0,6.5,1.9
2025-11-24,11,11.6,7.2,17.9,1.3,73.0,23.8,2.2
2025-11-24,12,12.3,6.4,18.8,0,72.0,9.8,0
2025-11-24,13,7.4,1.4,11.9,6.2,74.0,18.2,3.3
2025-11-24,14,12.3,8.3,17.6,0,75.0,6.6,1.8
2025-11-24,15,12.9,8.0,16.8,6.8,79.0,11.4,0.3
2025-11-24,16,9.4,4.6,16.0,0,84.0,27.0,0
2025-11-24,17,6.7,1.5,10.9,0,40.0,15.5,2.4
2025-11-24,18,4.8,0.9,11.7,0,68.0,18.0,2.9
2025-11-24,19,7.4,3.3,13.7,0,56.0,6.0,3.8
2025-11-24,20,11.2,6.2,15.4,0,58.0,19.5,2.1
2025-11-24,21,8.0,2.7,11.4,7.4,79.0,16.9,3.3
2025-11-24,22,6.7,3.5,11.5,0,93.0,4.9,2.4
2025-11-24,23,8.0,3.8,14.0,0,24.0,12.2,3.6
2025-11-24,24,8.3,4.2,12.1,11.8,71.0,9.4,5.0
2025-11-24,25,7.2,2.2,11.5,0,43.0,7.6,1.3
2025-11-25,1,11.0,6.8,17.7,0,68.0,7.0,0
2025-11-25,2,9.3,4.3,12.8,4.6,86.0,12.7,0.7
2025-11-25,3,11.6,7.2,16.9,4.3,68.0,11.2,2.7
2025-11-25,4,10.2,6.0,15.3,4.2,79.0,8.3,4.6
2025-11-25,5,10.1,6.6,13.2,8.8,79.0,20.6,3.6
2025-11-25,6,10.9,6.7,14.7,0,78.0,15.1,1.1
2025-11-25,7,15.3,9.6,21.7,0,75.0,12.8,1.2
2025-11-25,8,12.7,7.7,16.7,0,99.0,23.4,0
2025-11-25,9,9.6,5.6,15.5,0,63.0,9.4,3.0
2025-11-25,10,10.6,5.5,16.1,0,67.0,19.8,2.1
2025-11-25,11,11.2,7.4,16.2,1.6,81.0,15.6,0.6
2025-11-25,12,9.4,4.7,15.5,0,75.0,26.5,1.1
2025-11-25,13,8.1,5.0,14.8,1.3,52.0,15.4,4.4
2025-11-25,14,10.3,7.0,16.0,0,58.0,10.4,0.8
2025-11-25,15,9.9,4.1,14.2,0,64.0,11.5,0
2025-11-25,16,11.8,5.9,15.2,0.1,83.0,21.5,1.5
2025-11-25,17,7.2,1.5,12.1,0,49.0,15.1,0.9
2025-11-25,18,5.9,1.0,11.6,1.6,57.0,20.8,5.6
2025-11-25,19,9.1,3.7,13.8,0,73.0,17.7,6.7
2025-11-25,20,11.8,8.6,17.3,0,74.0,17.4,0.6
2025-11-25,21,5.2,0.2,9.6,2.2,70.0,6.6,1.9
2025-11-25,22,7.2,1.8,12.8,1.5,68.0,30.2,3.1
2025-11-25,23,9.0,3.2,15.9,0,42.0,26.6,0.9
2025-11-25,24,10.4,6.7,15.9,6.5,76.0,11.1,3.7
2025-11-25,25,6.8,2.1,13.6,0,76.0,31.0,4.7
2025-11-26,1,7.9,4.1,12.6,0,77.0,22.2,4.2
2025-11-26,2,8.2,5.1,14.7,1.4,74.0,24.3,2.0
2025-11-26,3,13.2,8.7,17.9,1.1,66.0,17.6,1.7
2025-11-26,4,9.7,6.1,13.2,0,68.0,6.5,1.7
2025-11-26,5,9.1,4.0,14.4,2.3,83.0,18.2,0.7
2025-11-26,6,8.8,5.2,12.9,0,73.0,18.4,3.0
2025-11-26,7,12.2,6.3,17.1,0.8,85.0,15.0,2.8
2025-11-26,8,11.0,6.2,15.9,0,76.0,15.8,1.7
2025-11-26,9,9.0,5.4,15.4,0,68.0,3.6,3.1
2025-11-26,10,7.5,2.4,12.1,0,58.0,29.8,2.5
2025-11-26,11,12.3,6.9,15.9,4.0,88.0,16.0,4.2
2025-11-26,12,13.2,9.9,19.6,0,74.0,10.2,2.7
2025-11-26,13,8.4,3.0,14.6,1.0,52.0,18.3,1.3
2025-11-26,14,10.1,5.2,14.7,0,85.0,11.6,3.4
2025-11-26,15,9.7,3.9,13.4,0,69.0,17.8,1.8
2025-11-26,16,13.3,8.4,16.9,0.8,80.0,26.1,0.8
2025-11-26,17,5.9,0.2,9.1,0,60.0,29.4,2.5
2025-11-26,18,3.5,-0.7,8.8,0,48.0,14.8,1.9
2025-11-26,19,12.0,7.0,18.6,0,74.0,25.0,2.7
2025-11-26,20,10.5,5.9,15.5,0,64.0,28.5,2.1
2025-11-26,21,5.6,0.7,9.9,0,74.0,0.4,5.9
2025-11-26,22,6.5,1.7,11.9,0.1,76.0,24.1,0.5
2025-11-26,23,10.7,6.1,15.0,0,48.0,25.7,2.4
2025-11-26,24,8.8,3.6,14.9,0,57.0,9.5,2.7
2025-11-26,25,6.0,0.4,10.5,4.6,39.0,22.2,2.4
2025-11-27,1,11.6,8.4,18.0,2.1,78.0,17.1,4.3
2025-11-27,2,8.7,5.5,12.0,0,74.0,15.4,2.3
2025-11-27,3,8.9,3.9,13.3,0,71.0,16.4,2.3
2025-11-27,4,7.1,3.6,10.8,4.2,78.0,19.4,0.5
2025-11-27,5,8.5,4.6,14.1,0,78.0,8.2,3.8
2025-11-27,6,9.5,4.9,14.2,3.4,92.0,17.8,4.3
2025-11-27,7,10.0,4.1,14.8,4.7,81.0,16.7,4.8
2025-11-27,8,10.9,5.3,17.4,0,65.0,12.6,4.9
2025-11-27,9,8.3,4.3,12.7,0,70.0,11.6,3.6
2025-11-27,10,9.0,4.4,14.8,0.8,70.0,10.7,4.4
2025-11-27,11,8.6,3.4,13.3,0,76.0,34.6,0.6
2025-11-27,12,8.9,5.8,15.7,0.5,88.0,10.3,1.3
2025-11-27,13,9.4,4.6,13.0,0,74.0,20.4,0
2025-11-27,14,12.7,9.0,16.9,0,58.0,9.5,4.4
2025-11-27,15,10.0,4.4,14.3,0.0,94.0,2.4,3.8
2025-11-27,16,9.1,4.2,12.4,6.9,78.0,17.9,0
2025-11-27,17,6.4,1.6,11.9,0,57.0,13.2,0.5
2025-11-27,18,4.1,-0.8,8.7,4.5,66.0,22.0,2.4
2025-11-27,19,11.3,7.4,17.5,0.8,67.0,4.7,3.2
2025-11-27,20,11.4,6.6,15.8,0,57.0,12.2,1.7
2025-11-27,21,5.3,1.6,10.6,0,67.0,1.9,3.9
2025-11-27,22,5.6,2.2,12.6,0.5,76.0,21.2,3.5
2025-11-27,23,6.9,2.3,12.0,0,44.0,16.3,0.8
2025-11-27,24,9.3,5.8,15.0,0,62.0,17.2,4.1
2025-11-27,25,10.0,4.6,15.5,0.0,67.0,11.9,2.6
2025-11-28,1,9.2,6.0,16.0,0,78.0,8.6,0
2025-11-28,2,9.2,5.4,15.2,3.6,84.0,10.4,2.3
2025-11-28,3,8.2,4.5,12.9,0,86.0,14.0,2.4
2025-11-28,4,11.3,8.1,18.0,4.5,71.0,8.8,4.4
2025-11-28,5,7.8,2.7,12.8,0,67.0,1.7,3.4
2025-11-28,6,9.4,5.1,14.4,0,82.0,6.2,3.1
2025-11-28,7,10.8,5.8,17.8,0,74.0,16.5,1.8
2025-11-28,8,12.9,8.5,16.6,4.1,83.0,6.1,2.6
2025-11-28,9,6.9,3.0,10.8,0,79.0,9.6,3.2
2025-11-28,10,11.8,7.7,16.4,0,60.0,13.3,3.7
2025-11-28,11,10.2,6.2,15.9,7.1,100.0,19.5,2.9
2025-11-28,12,9.5,5.1,12.9,0,82.0,15.0,3.8
2025-11-28,13,7.8,2.9,14.5,0,49.0,6.6,3.2
2025-11-28,14,11.1,7.8,16.8,0,67.0,27.5,2.5
2025-11-28,15,7.1,3.4,10.2,0,81.0,19.9,1.7
2025-11-28,16,11.5,6.6,16.5,0,91.0,3.4,4.0
2025-11-28,17,5.7,2.3,9.2,0,57.0,19.0,2.3
2025-11-28,18,4.8,0.7,11.0,4.9,66.0,21.6,1.0
2025-11-28,19,14.2,9.4,20.9,1.2,65.0,11.7,1.8
2025-11-28,20,11.0,6.4,17.0,0,65.0,28.0,2.4
2025-11-28,21,5.5,-0.0,9.2,1.2,72.0,0.5,2.6
2025-11-28,22,4.2,0.3,10.5,1.0,57.0,12.4,0.6
2025-11-28,23,8.1,2.3,14.7,0,62.0,11.4,0.3
2025-11-28,24,9.0,3.9,15.4,0,65.0,11.8,5.9
2025-11-28,25,8.5,4.4,12.9,1.4,50.0,18.6,0.5
2025-11-29,1,8.4,3.7,14.6,0,71.0,14.3,1.6
2025-11-29,2,8.3,2.5,12.9,8.1,85.0,24.8,1.5
2025-11-29,3,7.4,2.7,12.6,0,89.0,3.7,1.6
2025-11-29,4,9.3,4.3,12.5,6.6,67.0,4.3,2.3
2025-11-29,5,10.2,6.5,14.8,0,81.0,16.5,3.5
2025-11-29,6,8.6,3.6,14.9,4.8,81.0,7.2,1.7
2025-11-29,7,10.9,5.5,17.4,0,80.0,29.0,1.9
2025-11-29,8,12.3,7.9,16.7,0,80.0,23.0,3.9
2025-11-29,9,8.6,5.0,13.3,1.0,74.0,15.9,1.5
2025-11-29,10,10.8,7.7,17.7,0,88.0,24.5,1.2
2025-11-29,11,9.9,6.2,14.3,0,89.0,10.4,4.1
2025-11-29,12,10.0,6.4,16.1,2.2,90.0,21.3,1.5
2025-11-29,13,6.6,3.5,13.0,0,78.0,15.4,2.6
2025-11-29,14,10.1,5.5,13.8,0,63.0,1.5,3.9
2025-11-29,15,7.1,3.9,11.9,0,88.0,19.6,2.6
2025-11-29,16,11.3,7.5,16.2,0,70.0,13.2,2.0
2025-11-29,17,7.7,2.2,11.2,0.3,62.0,17.3,3.5
2025-11-29,18,4.6,1.0,7.8,0,68.0,25.7,1.1
2025-11-29,19,9.4,5.3,12.5,0,52.0,26.0,4.4
2025-11-29,20,13.8,10.5,18.4,0,57.0,9.5,3.3
2025-11-29,21,5.2,0.7,11.3,0.1,64.0,30.9,1.8
2025-11-29,22,4.9,1.9,9.4,12.4,77.0,12.4,4.5
2025-11-29,23,10.0,6.5,15.3,0,53.0,6.8,4.3
2025-11-29,24,11.2,6.2,15.4,0.6,82.0,2.1,3.8
2025-11-29,25,6.7,3.6,12.9,0,55.0,6.5,0.4
2025-11-30,1,8.5,2.6,11.8,0,77.0,1.8,0
2025-11-30,2,7.5,2.1,11.2,0,71.0,12.5,0
2025-11-30,3,8.7,3.7,13.9,0,73.0,20.0,0.9
2025-11-30,4,7.4,2.4,13.7,0,77.0,27.3,4.3
2025-11-30,5,10.4,7.2,16.0,2.2,82.0,6.5,3.6
2025-11-30,6,7.3,2.4,12.6,0,63.0,20.1,2.5
2025-11-30,7,7.3,2.2,11.2,0.4,73.0,24.4,3.0
2025-11-30,8,9.3,5.1,14.5,0,91.0,13.6,3.2
2025-11-30,9,8.6,4.1,15.5,0,70.0,3.8,2.2
2025-11-30,10,9.5,5.3,13.9,0,81.0,26.0,1.5
2025-11-30,11,7.9,3.4,12.2,0,93.0,7.5,1.5
2025-11-30,12,10.6,5.7,16.6,5.8,93.0,13.2,0.9
2025-11-30,13,7.4,2.4,11.6,0,66.0,2.5,4.1
2025-11-30,14,11.0,7.6,15.1,0,64.0,26.7,2.9
2025-11-30,15,7.8,4.2,11.0,1.2,86.0,26.2,1.0
2025-11-30,16,9.3,4.6,12.6,0,83.0,19.5,1.3
2025-11-30,17,6.2,1.1,11.4,0,55.0,13.7,1.6
2025-11-30,18,3.8,-0.5,7.7,1.7,50.0,5.0,0.5
2025-11-30,19,10.7,6.2,13.9,0,73.0,16.4,3.9
2025-11-30,20,10.0,4.9,13.4,2.5,60.0,25.5,4.1
2025-11-30,21,4.1,-0.8,8.2,1.7,83.0,0.8,2.5
2025-11-30,22,7.0,1.7,11.6,3.6,65.0,10.3,3.7
2025-11-30,23,7.4,4.1,12.5,0,42.0,29.4,3.9
2025-11-30,24,9.3,5.6,12.9,0,57.0,21.3,4.5
2025-11-30,25,4.8,-1.1,11.1,3.4,70.0,7.7,3.4
2025-12-01,1,7.6,1.7,13.7,0,66.0,10.6,0.9
2025-12-01,2,10.0,4.6,15.3,0,71.0,10.6,3.0
2025-12-01,3,9.3,3.7,15.4,1.5,61.0,27.5,3.7
2025-12-01,4,7.7,3.8,11.8,2.7,88.0,23.1,3.0
2025-12-01,5,7.6,4.0,14.0,2.1,59.0,24.0,3.4
2025-12-01,6,10.9,6.9,15.6,0,53.0,21.8,2.9
2025-12-01,7,10.7,5.2,16.8,0,72.0,8.1,1.7
2025-12-01,8,10.6,6.7,13.7,0,78.0,14.6,3.2
2025-12-01,9,9.2,3.6,15.0,0,64.0,19.2,2.3
2025-12-01,10,12.2,6.3,17.8,0,52.0,15.5,0.3
2025-12-01,11,7.4,3.7,12.0,0,84.0,23.8,0.7
2025-12-01,12,9.5,5.2,15.6,0,73.0,7.7,1.0
2025-12-01,13,6.3,0.4,13.3,2.6,53.0,35.7,2.2
2025-12-01,14,12.0,8.9,18.9,0,63.0,7.5,2.6
2025-12-01,15,6.9,3.3,11.1,0,79.0,23.0,1.6
2025-12-01,16,11.8,8.0,16.6,0,94.0,16.6,2.6
2025-12-01,17,8.0,3.2,12.2,0,56.0,12.9,1.9
2025-12-01,18,5.0,1.4,11.3,4.4,68.0,20.0,3.1
2025-12-01,19,12.9,8.6,17.8,0,76.0,20.2,2.3
2025-12-01,20,12.1,8.4,16.6,0,50.0,38.4,3.8
2025-12-01,21,5.8,2.6,9.0,0.8,69.0,14.1,2.8
2025-12-01,22,5.9,1.7,11.3,0.4,69.0,15.0,2.4
2025-12-01,23,11.3,5.9,14.9,0,51.0,17.2,4.5
2025-12-01,24,10.3,4.5,15.2,0.7,80.0,19.6,0
2025-12-01,25,6.5,2.6,12.7,4.7,65.0,18.4,1.1
2025-12-02,1,8.1,4.3,11.9,0,70.0,21.9,1.2
2025-12-02,2,8.8,3.4,14.3,2.7,73.0,17.9,2.7
2025-12-02,3,8.7,4.7,11.8,3.6,69.0,11.3,1.5
2025-12-02,4,8.9,5.0,13.6,0,73.0,8.0,3.7
2025-12-02,5,8.5,4.5,13.9,7.7,66.0,16.7,4.7
2025-12-02,6,5.4,-0.2,9.4,0,78.0,13.5,2.7
2025-12-02,7,10.8,7.6,13.9,0,74.0,15.2,3.6
2025-12-02,8,10.1,5.1,17.1,0,68.0,7.2,2.2
2025-12-02,9,9.9,4.8,13.0,0,70.0,0.7,0
2025-12-02,10,11.0,5.1,14.6,0,69.0,11.0,4.8
2025-12-02,11,9.5,4.1,16.4,0,67.0,8.3,5.7
2025-12-02,12,9.6,4.9,16.1,0,81.0,16.2,1.1
2025-12-02,13,6.6,3.3,9.9,0,51.0,15.3,0
2025-12-02,14,9.2,5.9,16.2,0,70.0,25.6,4.8
2025-12-02,15,10.8,6.5,14.5,0,78.0,2.6,4.3
2025-12-02,16,9.7,6.1,16.0,0,75.0,16.5,3.9
2025-12-02,17,8.3,3.4,12.7,0,69.0,4.5,1.1
2025-12-02,18,2.7,-0.8,6.4,0,68.0,26.3,2.0
2025-12-02,19,11.4,7.3,15.0,0,52.0,9.1,1.6
2025-12-02,20,11.5,6.0,14.9,0,65.0,8.2,3.9
2025-12-02,21,7.4,3.9,11.3,0.9,70.0,3.1,1.7
2025-12-02,22,5.5,1.4,12.0,3.3,69.0,24.7,1.9
2025-12-02,23,10.1,4.6,14.0,0,39.0,15.1,2.5
2025-12-02,24,10.1,5.5,13.8,3.7,64.0,16.8,2.7
2025-12-02,25,8.6,5.2,13.6,0,66.0,21.7,2.1
2025-12-03,1,9.4,6.4,14.6,2.2,77.0,2.7,3.0
2025-12-03,2,7.0,3.6,10.5,0,78.0,18.5,2.0
2025-12-03,3,9.6,4.3,14.9,2.2,53.0,3.5,1.6
2025-12-03,4,8.7,4.9,15.3,0,66.0,19.0,2.5
2025-12-03,5,9.7,4.9,13.2,0,88.0,12.4,0
2025-12-03,6,9.9,6.0,15.2,8.2,59.0,4.8,0.2
2025-12-03,7,11.3,6.3,18.2,3.9,86.0,12.6,2.3
2025-12-03,8,9.2,4.5,12.9,2.3,78.0,11.9,2.1
2025-12-03,9,8.9,3.3,14.4,0,65.0,29.0,0.7
2025-12-03,10,10.1,4.5,16.1,1.4,66.0,16.3,0
2025-12-03,11,11.3,8.1,15.3,0.4,90.0,3.9,0.2
2025-12-03,12,8.3,2.8,14.5,0.1,100,20.6,0.6
2025-12-03,13,7.0,1.9,10.2,0,72.0,25.9,3.0
2025-12-03,14,13.2,7.3,18.8,0,73.0,4.9,0.1
2025-12-03,15,11.4,7.0,14.7,0,80.0,15.9,1.0
2025-12-03,16,10.8,6.0,15.4,2.1,69.0,15.5,0.4
2025-12-03,17,7.4,2.8,10.6,0,43.0,12.3,1.2
2025-12-03,18,3.1,-0.1,7.0,2.6,63.0,18.4,2.0
2025-12-03,19,9.6,5.0,13.9,0,44.0,28.2,2.1
2025-12-03,20,11.0,6.2,15.9,0,75.0,18.0,3.7
2025-12-03,21,3.2,-0.6,6.8,7.8,74.0,9.6,3.7
2025-12-03,22,4.6,0.1,9.8,1.1,58.0,22.9,3.4
2025-12-03,23,8.6,4.6,12.2,0,63.0,9.4,2.3
2025-12-03,24,7.7,2.7,13.3,5.5,76.0,28.0,2.2
2025-12-03,25,4.5,-1.1,10.6,0.9,56.0,21.0,0.8
2025-12-04,1,9.6,6.4,16.3,2.6,68.0,14.0,1.8
2025-12-04,2,8.9,3.3,14.0,0,81.0,1.1,0.8
2025-12-04,3,8.5,3.6,13.1,2.1,77.0,9.0,0
2025-12-04,4,8.2,4.8,11.7,4.1,81.0,19.0,1.4
2025-12-04,5,10.0,4.2,15.9,2.0,62.0,38.2,2.3
2025-12-04,6,8.2,3.8,13.9,0,84.0,26.8,1.7
2025-12-04,7,10.2,4.6,14.5,7.7,81.0,12.8,3.6
2025-12-04,8,9.6,4.2,15.6,0,88.0,10.6,5.5
2025-12-04,9,7.2,3.4,11.9,0,59.0,18.4,5.2
2025-12-04,10,9.4,4.2,15.6,0,68.0,7.9,2.5
2025-12-04,11,13.2,9.1,18.8,0.5,65.0,16.5,3.6
2025-12-04,12,7.5,2.4,12.2,2.1,73.0,12.3,2.5
2025-12-04,13,6.5,2.9,13.1,0.8,66.0,10.0,3.3
2025-12-04,14,12.5,7.0,19.2,0,61.0,8.0,2.7
2025-12-04,15,8.8,5.1,14.7,15.3,59.0,4.3,3.7
2025-12-04,16,11.4,6.3,14.7,0,69.0,25.0,3.2
2025-12-04,17,10.7,5.8,13.8,0,49.0,3.7,3.6
2025-12-04,18,4.2,-1.5,9.2,0,67.0,7.5,1.7
2025-12-04,19,11.3,5.9,16.5,0,78.0,8.3,0
2025-12-04,20,15.7,12.2,21.7,0,46.0,0.7,0
2025-12-04,21,6.0,1.4,12.1,3.8,51.0,16.1,0.4
2025-12-04,22,5.4,1.8,8.5,0,82.0,27.3,1.9
2025-12-04,23,11.0,5.8,16.4,0,48.0,7.9,3.9
2025-12-04,24,8.3,3.6,12.4,0,82.0,11.5,3.4
2025-12-04,25,4.5,-0.8,10.2,1.5,55.0,16.1,0.4
2025-12-05,1,7.3,2.1,12.9,1.8,76.0,23.5,2.0
2025-12-05,2,9.4,4.4,12.4,2.9,91.0,17.4,2.9
2025-12-05,3,9.9,4.6,15.2,4.0,70.0,12.0,3.4
2025-12-05,4,8.4,2.8,11.8,0,76.0,18.2,0
2025-12-05,5,9.8,4.9,13.9,0,63.0,24.8,4.1
2025-12-05,6,8.8,5.2,13.3,0,78.0,10.3,0.6
2025-12-05,7,11.5,7.0,17.4,0,68.0,1.5,3.8
2025-12-05,8,9.8,6.7,15.2,0,86.0,19.3,0.9
2025-12-05,9,10.2,6.3,15.5,2.8,75.0,11.8,4.2
2025-12-05,10,7.5,2.2,11.7,0,76.0,16.9,2.0
2025-12-05,11,12.0,6.5,15.0,3.9,64.0,14.1,1.6
2025-12-05,12,8.7,3.4,14.1,0,84.0,11.0,1.6
2025-12-05,13,3.9,-0.7,9.5,0.1,65.0,19.4,2.8
2025-12-05,14,9.7,4.0,16.2,0,70.0,1.0,4.4
2025-12-05,15,10.6,4.8,13.9,0,90.0,10.7,0.7
2025-12-05,16,8.6,3.7,12.7,0,80.0,26.2,2.3
2025-12-05,17,5.9,2.7,12.6,0,59.0,6.9,2.9
2025-12-05,18,2.5,-3.5,6.9,1.4,64.0,21.4,1.1
2025-12-05,19,6.6,3.2,10.5,0,78.0,13.2,2.9
2025-12-05,20,12.9,7.0,19.8,0,66.0,19.4,0
2025-12-05,21,6.2,2.6,11.4,0,82.0,10.8,1.0
2025-12-05,22,5.6,0.6,12.0,7.4,82.0,1.6,3.9
2025-12-05,23,6.8,1.8,13.4,0,47.0,25.2,4.6
2025-12-05,24,7.1,3.6,13.6,0,76.0,19.1,1.9
2025-12-05,25,6.5,1.5,10.5,7.1,51.0,16.8,3.0
2025-12-06,1,9.4,5.4,13.8,0,71.0,21.4,1.0
2025-12-06,2,9.8,5.0,16.0,0,81.0,24.6,4.2
2025-12-06,3,9.1,3.3,12.6,0,58.0,6.2,1.9
2025-12-06,4,6.4,1.7,9.7,1.5,74.0,6.6,0
2025-12-06,5,7.9,4.3,12.4,0,77.0,24.3,2.1
2025-12-06,6,9.3,5.9,12.6,0,73.0,24.0,3.3
2025-12-06,7,9.3,4.6,12.6,0,91.0,23.2,2.3
2025-12-06,8,9.7,6.3,15.0,1.8,68.0,27.0,4.8
2025-12-06,9,10.8,5.0,15.3,0,71.0,23.1,1.6
2025-12-06,10,10.0,5.7,16.6,3.6,70.0,10.4,3.5
2025-12-06,11,11.5,6.3,18.2,2.9,84.0,34.5,3.8
2025-12-06,12,8.1,5.0,12.7,0,76.0,15.0,0.1
2025-12-06,13,8.9,5.1,12.5,0.6,51.0,20.6,2.8
2025-12-06,14,12.3,6.6,15.4,0,75.0,1.6,1.3
2025-12-06,15,11.1,7.9,17.9,5.8,89.0,3.8,1.8
2025-12-06,16,10.0,6.8,13.9,0,81.0,17.4,0.9
2025-12-06,17,5.3,1.3,9.9,0,59.0,11.7,0.6
2025-12-06,18,3.0,-2.9,6.7,0,61.0,16.6,0.8
2025-12-06,19,12.3,8.4,19.0,0,54.0,7.9,2.3
2025-12-06,20,11.7,7.4,15.7,0.0,61.0,3.5,2.8
2025-12-06,21,2.1,-3.1,7.7,1.4,75.0,10.5,0
2025-12-06,22,5.0,1.7,10.5,2.0,70.0,8.6,1.6
2025-12-06,23,8.7,3.8,11.7,0,39.0,16.4,2.8
2025-12-06,24,9.6,6.5,15.7,1.3,88.0,12.4,0
2025-12-06,25,7.0,3.6,10.5,0,50.0,18.1,2.5
2025-12-07,1,7.3,2.6,11.6,0,72.0,24.5,1.4
2025-12-07,2,9.6,5.1,15.4,0,80.0,27.6,0.9
2025-12-07,3,8.2,2.2,12.2,0,70.0,20.8,0.3
2025-12-07,4,7.0,3.3,10.5,0,83.0,25.0,3.2
2025-12-07,5,11.4,5.7,17.4,0,72.0,8.1,1.7
2025-12-07,6,11.6,7.5,15.1,0,98.0,20.7,2.4
2025-12-07,7,9.2,3.6,16.0,0.2,71.0,27.9,5.9
2025-12-07,8,11.5,7.6,14.9,8.1,86.0,19.0,0.8
2025-12-07,9,9.9,6.1,14.3,2.4,61.0,24.6,0.5
2025-12-07,10,10.5,7.3,15.0,0,56.0,29.4,0.6
2025-12-07,11,9.1,5.0,15.5,2.1,79.0,0.6,2.7
2025-12-07,12,10.1,4.3,13.2,0.4,84.0,13.5,1.1
2025-12-07,13,6.6,1.7,9.9,0,64.0,23.5,1.3
2025-12-07,14,9.7,3.8,14.5,3.2,67.0,9.0,5.9
2025-12-07,15,7.7,2.4,10.9,0,79.0,17.8,4.9
2025-12-07,16,12.2,8.2,18.7,0.8,68.0,18.5,1.6
2025-12-07,17,6.3,3.1,12.5,0,54.0,14.8,4.4
2025-12-07,18,5.5,1.3,8.8,0,61.0,11.6,3.8
2025-12-07,19,8.6,2.7,15.5,0,53.0,20.5,1.5
2025-12-07,20,11.1,7.6,18.0,0,71.0,16.6,1.9
2025-12-07,21,4.9,1.6,10.3,0,68.0,10.9,1.2
2025-12-07,22,8.9,5.2,14.2,4.8,86.0,13.3,0
2025-12-07,23,8.4,4.3,13.0,0,37.0,18.9,1.4
2025-12-07,24,7.1,3.8,10.3,6.6,59.0,28.3,3.2
2025-12-07,25,4.3,0.5,10.2,0,53.0,14.4,1.3
2025-12-08,1,8.9,4.4,15.5,5.8,74.0,13.4,0.9
2025-12-08,2,9.2,3.3,12.5,5.4,88.0,18.3,4.8
2025-12-08,3,6.9,1.2,13.1,12.8,72.0,4.0,2.5
2025-12-08,4,7.6,3.5,10.9,2.7,82.0,12.8,0.8
2025-12-08,5,7.3,4.3,14.3,0.3,83.0,18.3,3.0
2025-12-08,6,8.3,2.4,12.5,0,62.0,17.0,1.0
2025-12-08,7,8.0,2.1,12.5,0,73.0,17.1,2.3
2025-12-08,8,13.9,10.4,17.3,2.7,75.0,8.2,3.1
2025-12-08,9,11.1,7.6,14.3,0,59.0,14.0,2.9
2025-12-08,10,11.9,6.9,18.2,1.1,69.0,4.9,0
2025-12-08,11,9.9,5.3,13.8,0,83.0,10.7,3.4
2025-12-08,12,11.6,6.8,17.7,10.5,82.0,3.5,3.2
2025-12-08,13,6.8,3.3,10.7,0,72.0,28.1,1.2
2025-12-08,14,11.4,5.6,15.2,1.5,73.0,9.8,4.7
2025-12-08,15,10.2,6.0,15.4,0,72.0,24.7,3.8
2025-12-08,16,11.0,6.0,18.0,0,58.0,32.9,4.0
2025-12-08,17,4.2,0.5,8.6,0,34.0,10.8,0.9
2025-12-08,18,4.2,-1.4,7.3,0,63.0,9.6,2.3
2025-12-08,19,11.9,7.0,17.1,0,65.0,6.5,2.8
2025-12-08,20,10.1,5.2,17.0,0,63.0,4.6,1.2
2025-12-08,21,1.4,-4.2,5.8,0,54.0,37.2,2.0
2025-12-08,22,5.7,0.2,12.4,0,65.0,23.3,2.3
2025-12-08,23,8.5,4.2,11.6,0,47.0,6.7,4.0
2025-12-08,24,8.9,4.5,15.7,0,83.0,12.3,1.8
2025-12-08,25,6.2,2.5,13.0,4.8,58.0,11.5,0.6
2025-12-09,1,9.2,3.4,15.0,0,81.0,22.6,0.3
2025-12-09,2,10.2,6.9,17.2,0,64.0,2.9,3.6
2025-12-09,3,6.8,3.6,11.4,0.7,77.0,7.7,2.6
2025-12-09,4,10.8,7.4,16.6,0,70.0,13.6,3.9
2025-12-09,5,9.1,3.4,12.7,2.8,62.0,16.9,3.3
2025-12-09,6,8.2,3.1,14.9,0,71.0,11.2,2.1
2025-12-09,7,8.3,3.3,14.4,1.8,82.0,15.9,1.7
2025-12-09,8,10.6,5.4,13.6,3.6,80.0,19.2,1.2
2025-12-09,9,9.2,3.8,15.7,1.5,83.0,23.3,4.3
2025-12-09,10,9.2,5.3,12.8,0,69.0,5.5,2.4
2025-12-09,11,10.7,7.0,16.5,0,67.0,8.5,2.6
2025-12-09,12,8.0,2.4,14.7,0,85.0,22.4,1.6
2025-12-09,13,6.0,1.1,11.5,0,54.0,16.8,0
2025-12-09,14,11.9,6.8,17.0,0,69.0,13.8,0
2025-12-09,15,11.2,7.5,15.6,1.1,86.0,20.3,1.3
2025-12-09,16,8.2,3.6,13.4,0,81.0,16.1,2.5
2025-12-09,17,6.9,3.2,11.4,0,57.0,28.8,2.0
2025-12-09,18,3.8,-0.1,6.9,0,75.0,25.2,2.8
2025-12-09,19,11.4,6.0,15.2,0,48.0,12.6,0.5
2025-12-09,20,12.4,7.4,16.2,0,55.0,3.5,2.9
2025-12-09,21,4.0,-1.9,10.9,0,73.0,17.8,0.6
2025-12-09,22,5.7,0.2,11.6,1.8,68.0,5.0,3.1
2025-12-09,23,6.8,3.4,10.9,0,53.0,8.8,0
2025-12-09,24,7.4,1.8,12.1,7.2,64.0,14.1,0
2025-12-09,25,5.9,1.5,11.2,4.2,62.0,6.3,2.0
2025-12-10,1,11.1,7.7,14.2,0,72.0,11.3,0
2025-12-10,2,9.6,6.2,15.8,0,68.0,22.3,0.4
2025-12-10,3,10.2,5.4,13.9,5.8,72.0,3.1,3.7
2025-12-10,4,8.6,4.3,14.8,0,74.0,19.8,4.2
2025-12-10,5,11.2,6.5,16.1,0,82.0,17.8,0
2025-12-10,6,9.1,4.5,15.8,9.4,70.0,11.8,4.1
2025-12-10,7,12.0,6.3,16.7,0,78.0,8.0,3.1
2025-12-10,8,8.6,2.9,12.4,0.4,90.0,29.8,2.1
2025-12-10,9,9.4,6.4,14.6,2.9,79.0,4.4,2.7
2025-12-10,10,10.4,5.3,16.4,0.7,61.0,20.6,1.4
2025-12-10,11,9.9,5.8,14.5,0,74.0,13.0,5.1
2025-12-10,12,9.3,3.4,15.6,4.1,80.0,20.2,0
2025-12-10,13,8.0,3.5,11.7,4.6,71.0,11.6,0.5
2025-12-10,14,10.2,5.9,13.9,0,58.0,14.3,1.7
2025-12-10,15,12.9,8.9,18.1,17.1,85.0,0.6,7.0
2025-12-10,16,8.0,4.8,12.3,2.8,68.0,11.0,1.7
2025-12-10,17,6.1,0.8,11.4,0,64.0,5.3,2.2
2025-12-10,18,4.1,-0.3,7.3,2.5,57.0,28.0,2.3
2025-12-10,19,11.9,8.0,17.3,0,61.0,21.5,2.9
2025-12-10,20,11.1,8.1,15.6,0,65.0,11.9,1.3
2025-12-10,21,2.8,-0.8,7.7,0.9,92.0,12.2,0
2025-12-10,22,4.4,0.4,7.4,4.0,64.0,14.0,1.6
2025-12-10,23,8.5,5.1,12.3,0,51.0,23.7,1.0
2025-12-10,24,7.8,2.9,14.6,2.5,78.0,4.3,2.0
2025-12-10,25,6.2,1.9,10.2,1.2,43.0,5.9,1.4
2025-12-11,1,8.7,4.1,14.6,0.1,57.0,18.1,0
2025-12-11,2,8.4,3.4,12.0,0.6,74.0,14.5,1.5
2025-12-11,3,6.3,2.4,10.6,1.0,66.0,26.3,0.3
2025-12-11,4,8.9,5.1,13.5,0,57.0,23.9,2.9
2025-12-11,5,9.8,5.2,14.9,0,78.0,4.6,0
2025-12-11,6,8.3,3.1,14.4,0,62.0,20.3,3.9
2025-12-11,7,11.9,6.1,17.2,0,71.0,15.4,0.9
2025-12-11,8,10.9,7.9,15.1,0,82.0,28.2,0.9
2025-12-11,9,10.3,7.3,14.1,0,73.0,3.9,2.2
2025-12-11,10,8.3,3.9,14.0,6.2,54.0,11.1,0.8
2025-12-11,11,8.8,4.6,15.5,3.9,79.0,8.9,3.5
2025-12-11,12,11.3,7.5,17.7,1.9,76.0,23.3,2.6
2025-12-11,13,7.7,4.6,14.7,0,66.0,19.7,4.3
2025-12-11,14,11.1,5.6,16.5,0,63.0,14.3,1.6
2025-12-11,15,8.9,5.5,12.6,1.5,86.0,16.6,1.8
2025-12-11,16,10.1,4.5,16.3,0,76.0,11.8,5.3
2025-12-11,17,8.3,4.6,11.5,0,51.0,4.2,4.6
2025-12-11,18,2.8,-2.9,6.7,0,64.0,12.0,0
2025-12-11,19,12.1,6.5,15.9,0,73.0,8.7,4.8
2025-12-11,20,10.4,6.0,16.8,0,62.0,6.6,2.2
2025-12-11,21,5.9,1.4,10.8,0,67.0,15.6,0.9
2025-12-11,22,4.5,-0.3,10.9,0.3,74.0,8.0,2.3
2025-12-11,23,9.2,3.6,13.8,0,45.0,15.9,2.5
2025-12-11,24,9.7,4.2,12.9,0,69.0,2.1,2.2
2025-12-11,25,6.9,1.3,11.6,0,47.0,29.6,2.9
2025-12-12,1,9.0,3.3,14.2,1.5,89.0,23.5,3.7
2025-12-12,2,10.4,5.0,16.0,0,73.0,4.8,0.9
2025-12-12,3,7.9,4.8,11.0,2.4,81.0,21.0,3.0
2025-12-12,4,7.2,1.7,11.4,0,76.0,25.2,3.3
2025-12-12,5,9.9,4.9,13.8,5.5,74.0,23.3,1.2
2025-12-12,6,9.7,5.2,14.0,0,85.0,9.8,2.4
2025-12-12,7,10.1,6.6,17.1,0,79.0,31.1,1.3
2025-12-12,8,9.5,6.1,12.7,1.5,90.0,17.4,1.7
2025-12-12,9,8.4,2.6,12.9,1.9,67.0,4.7,3.7
2025-12-12,10,8.7,4.5,12.3,2.2,66.0,19.5,1.7
2025-12-12,11,10.0,5.7,14.8,0,69.0,8.7,0.7
2025-12-12,12,9.5,4.1,13.9,0.1,69.0,18.8,0
2025-12-12,13,9.5,3.6,16.2,0,72.0,25.4,1.6
2025-12-12,14,9.1,4.7,13.0,0,76.0,21.2,4.4
2025-12-12,15,6.7,0.8,13.6,0,72.0,3.5,0
2025-12-12,16,11.2,6.2,16.3,6.1,73.0,23.2,2.2
2025-12-12,17,7.3,3.7,11.0,0,50.0,34.3,5.6
2025-12-12,18,4.3,1.0,8.4,0,65.0,9.4,2.2
2025-12-12,19,11.8,6.7,15.4,0,86.0,24.5,3.4
2025-12-12,20,12.1,7.6,17.9,0,69.0,34.2,0
2025-12-12,21,3.5,0.2,7.2,9.8,83.0,23.2,5.1
2025-12-12,22,6.4,2.3,9.9,0,81.0,5.7,0.4
2025-12-12,23,10.2,5.1,15.8,0,47.0,17.0,2.5
2025-12-12,24,8.5,4.9,11.7,0.4,87.0,11.8,2.1
2025-12-12,25,6.6,1.1,13.6,6.2,45.0,11.9,3.1
2025-12-13,1,9.2,3.3,12.8,0,75.0,10.1,1.5
2025-12-13,2,6.1,1.2,12.9,0.9,68.0,18.6,1.3
2025-12-13,3,9.4,3.9,15.7,7.6,64.0,6.5,2.1
2025-12-13,4,8.8,4.2,13.9,0,58.0,12.0,2.0
2025-12-13,5,8.5,3.4,14.9,0,88.0,6.9,5.2
2025-12-13,6,9.0,5.8,14.1,3.3,75.0,14.4,1.2
2025-12-13,7,10.9,5.1,17.2,5.7,77.0,17.2,2.7
2025-12-13,8,7.9,3.2,14.3,2.8,72.0,16.3,0.3
2025-12-13,9,10.1,4.6,14.1,3.4,72.0,9.7,1.3
2025-12-13,10,10.6,7.6,14.3,0,72.0,7.0,1.9
2025-12-13,11,10.8,6.7,17.4,9.4,97.0,12.6,1.7
2025-12-13,12,8.4,4.3,12.9,0,84.0,20.6,0
2025-12-13,13,8.2,4.7,12.3,0,62.0,14.6,0.3
2025-12-13,14,8.7,4.7,11.8,0,62.0,4.9,2.8
2025-12-13,15,8.8,4.0,13.5,0.3,83.0,20.9,2.7
2025-12-13,16,11.1,7.2,14.1,1.5,79.0,14.2,1.5
2025-12-13,17,5.8,0.9,10.5,0.1,53.0,19.3,1.6
2025-12-13,18,4.3,-0.5,9.1,0,62.0,8.8,4.1
2025-12-13,19,9.3,5.0,13.8,0,63.0,18.8,0
2025-12-13,20,11.5,6.2,17.7,3.8,62.0,24.7,4.4
2025-12-13,21,4.3,-0.3,9.2,0,59.0,20.8,4.5
2025-12-13,22,4.3,-1.1,8.9,7.0,72.0,26.3,3.1
2025-12-13,23,6.9,2.6,12.1,0,50.0,17.9,0.9
2025-12-13,24,8.0,4.7,14.5,0,69.0,8.9,3.3
2025-12-13,25,4.5,-0.0,9.8,0,66.0,12.3,4.6
2025-12-14,1,7.4,4.2,11.8,1.4,77.0,6.2,3.2
2025-12-14,2,10.7,5.3,14.7,0.5,93.0,17.7,0
2025-12-14,3,7.8,3.5,14.2,0,66.0,11.7,4.3
2025-12-14,4,10.1,6.6,13.8,3.8,69.0,7.9,0.8
2025-12-14,5,6.3,2.3,12.3,1.4,79.0,16.2,4.3
2025-12-14,6,8.4,3.3,13.8,0.5,56.0,21.0,1.0
2025-12-14,7,9.3,3.3,13.3,0,64.0,25.4,2.1
2025-12-14,8,8.5,3.2,14.6,4.0,86.0,20.6,3.5
2025-12-14,9,9.4,6.2,14.7,0,68.0,16.8,1.6
2025-12-14,10,7.0,3.1,11.6,0,82.0,22.1,2.8
2025-12-14,11,8.0,4.2,14.0,2.1,71.0,17.4,1.9
2025-12-14,12,10.9,7.4,17.4,10.6,86.0,21.2,2.3
2025-12-14,13,5.0,0.7,9.1,0,61.0,17.7,0.7
2025-12-14,14,11.8,8.4,16.9,0,72.0,22.8,1.7
2025-12-14,15,10.2,6.7,14.9,6.6,78.0,6.0,2.1
2025-12-14,16,12.3,8.1,16.5,0,82.0,8.0,2.9
2025-12-14,17,6.2,1.9,10.2,0,57.0,19.8,1.2
2025-12-14,18,4.7,0.3,7.9,6.2,56.0,18.6,0
2025-12-14,19,9.2,4.9,13.6,0,62.0,13.3,0
2025-12-14,20,12.4,7.7,18.1,0,64.0,18.4,0.2
2025-12-14,21,3.1,-2.0,6.8,3.4,71.0,17.3,3.7
2025-12-14,22,4.0,-0.9,8.5,1.7,75.0,7.5,1.4
2025-12-14,23,6.3,1.5,12.8,0,31.0,17.3,1.6
2025-12-14,24,7.9,3.8,14.0,3.5,73.0,9.7,2.7
2025-12-14,25,7.1,2.2,11.4,0,64.0,4.6,0
2025-12-15,1,9.4,5.6,13.4,0,75.0,11.4,1.8
2025-12-15,2,8.9,5.5,15.4,2.6,74.0,13.0,1.2
2025-12-15,3,9.0,3.6,14.6,0,75.0,8.6,0.2
2025-12-15,4,9.6,5.4,15.0,3.6,76.0,6.8,4.0
2025-12-15,5,9.3,5.7,12.6,0,71.0,23.2,1.0
2025-12-15,6,8.8,5.0,13.9,4.6,75.0,17.7,1.3
2025-12-15,7,11.7,7.3,16.7,0,95.0,15.7,0.1
2025-12-15,8,11.0,5.4,17.4,14.0,83.0,16.2,0.6
2025-12-15,9,10.0,5.5,16.0,0,85.0,9.8,1.5
2025-12-15,10,9.9,6.3,14.4,0,63.0,7.5,2.4
2025-12-15,11,6.9,3.9,10.3,0,83.0,14.0,0.1
2025-12-15,12,6.8,1.9,10.8,6.2,90.0,6.9,1.8
2025-12-15,13,9.7,4.0,16.0,0,62.0,30.2,2.5
2025-12-15,14,7.2,1.4,10.3,0,71.0,7.4,1.2
2025-12-15,15,11.5,8.1,16.1,0.2,79.0,22.8,5.5
2025-12-15,16,8.7,5.7,14.2,0,73.0,13.2,4.1
2025-12-15,17,6.9,1.8,10.7,0,70.0,10.3,1.0
2025-12-15,18,4.1,-0.9,9.0,0,42.0,18.7,1.8
2025-12-15,19,10.2,6.4,15.3,0,65.0,17.3,0.2
2025-12-15,20,11.1,7.6,16.6,0,58.0,20.4,0
2025-12-15,21,5.4,1.1,9.6,0,65.0,14.1,2.7
2025-12-15,22,10.0,5.9,14.4,0,71.0,12.7,0
2025-12-15,23,9.5,4.6,14.9,0,48.0,12.0,3.7
2025-12-15,24,7.3,4.2,12.2,3.3,96.0,12.5,0.7
2025-12-15,25,6.2,2.8,9.7,3.1,54.0,10.6,3.2
2025-12-16,1,6.5,3.5,9.7,1.9,65.0,20.8,0.7
2025-12-16,2,7.9,2.4,13.9,4.1,87.0,22.0,1.4
2025-12-16,3,7.3,1.4,14.1,0,87.0,19.1,3.0
2025-12-16,4,8.5,5.2,13.9,0,85.0,15.1,2.5
2025-12-16,5,10.6,6.6,17.5,0,76.0,11.1,1.3
2025-12-16,6,5.8,2.2,9.5,2.3,67.0,10.7,2.6
2025-12-16,7,10.8,6.8,17.5,0,86.0,8.8,1.3
2025-12-16,8,7.6,2.8,13.3,0.6,70.0,26.1,2.6
2025-12-16,9,13.2,8.8,19.0,0,77.0,12.7,0
2025-12-16,10,7.9,3.9,13.5,0,69.0,5.1,2.1
2025-12-16,11,9.1,3.2,14.4,2.4,75.0,14.6,1.6
2025-12-16,12,9.7,6.7,14.4,0,77.0,23.6,3.9
2025-12-16,13,4.1,0.5,7.2,0,67.0,20.8,3.6
2025-12-16,14,12.8,7.7,16.3,0,84.0,11.0,0.8
2025-12-16,15,9.0,5.3,14.0,2.5,87.0,14.0,0.5
2025-12-16,16,9.8,6.5,16.4,0,96.0,23.3,2.4
2025-12-16,17,9.1,3.9,12.8,3.1,63.0,7.3,0.7
2025-12-16,18,1.3,-1.9,4.3,1.3,73.0,14.2,1.9
2025-12-16,19,11.6,6.8,17.1,0,63.0,17.3,0.9
2025-12-16,20,12.5,8.8,16.9,1.3,82.0,20.6,0.6
2025-12-16,21,4.2,0.0,8.9,0,77.0,13.5,0.1
2025-12-16,22,5.8,1.9,12.6,0,70.0,15.4,1.3
2025-12-16,23,8.1,2.5,14.5,0,36.0,6.8,2.2
2025-12-16,24,9.6,6.2,15.0,5.3,81.0,31.7,4.7
2025-12-16,25,6.2,2.3,10.5,0,66.0,11.4,1.2
2025-12-17,1,9.6,3.8,16.5,0,90.0,19.8,0.0
2025-12-17,2,7.2,3.8,14.0,4.8,80.0,20.3,1.3
2025-12-17,3,10.2,6.9,14.6,0,75.0,5.8,4.0
2025-12-17,4,11.1,6.2,17.2,12.2,68.0,15.4,2.6
2025-12-17,5,8.4,3.0,14.4,0,75.0,13.1,1.4
2025-12-17,6,9.2,5.7,16.2,0.8,67.0,14.0,0.8
2025-12-17,7,10.3,5.8,16.0,2.0,70.0,8.7,0
2025-12-17,8,8.7,4.1,14.4,0,83.0,9.0,0.1
2025-12-17,9,10.3,6.7,14.4,0,73.0,1.8,2.4
2025-12-17,10,9.7,4.6,16.4,0,74.0,14.6,0.0
2025-12-17,11,9.6,4.8,14.0,12.6,81.0,32.8,2.0
2025-12-17,12,11.3,6.6,15.0,15.3,64.0,16.8,2.1
2025-12-17,13,6.7,1.1,10.9,0.8,66.0,21.4,0
2025-12-17,14,10.8,6.4,16.6,0.3,70.0,22.8,2.1
2025-12-17,15,8.5,3.7,14.9,0,87.0,9.9,0.1
2025-12-17,16,11.5,8.2,15.8,0.2,75.0,16.6,1.7
2025-12-17,17,8.7,4.2,14.5,0,53.0,18.0,4.5
2025-12-17,18,5.4,-0.3,11.1,0,62.0,31.7,1.4
2025-12-17,19,8.2,2.3,13.8,0,61.0,7.6,3.1
2025-12-17,20,11.6,6.0,18.2,0,62.0,16.5,0.8
2025-12-17,21,6.3,0.5,10.0,0,61.0,16.0,0.6
2025-12-17,22,5.7,0.7,12.1,3.7,72.0,17.4,1.9
2025-12-17,23,8.8,5.6,12.3,1.5,46.0,14.6,0.1
2025-12-17,24,9.0,4.0,12.2,2.4,78.0,4.3,2.5
2025-12-17,25,3.9,-0.1,10.8,1.4,54.0,17.3,2.2
2025-12-18,1,10.2,6.3,13.7,0,80.0,7.2,0
2025-12-18,2,9.8,4.4,15.8,0,72.0,20.1,2.0
2025-12-18,3,10.2,4.2,14.1,4.9,71.0,15.8,0
2025-12-18,4,5.5,1.9,8.7,2.9,75.0,20.7,2.4
2025-12-18,5,9.6,4.8,13.3,0,85.0,1.6,1.7
2025-12-18,6,9.2,4.1,15.0,0,89.0,12.3,1.4
2025-12-18,7,8.9,4.9,14.6,0,80.0,10.3,0.8
2025-12-18,8,9.8,3.9,12.9,0,60.0,10.7,1.9
2025-12-18,9,9.6,6.0,16.5,0,71.0,29.1,0
2025-12-18,10,10.4,5.5,15.7,0,72.0,9.9,1.5
2025-12-18,11,11.2,6.0,14.7,0,95.0,10.8,3.0
2025-12-18,12,9.2,4.9,16.1,0,79.0,10.8,2.7
2025-12-18,13,7.4,3.8,12.4,0,68.0,10.1,1.4
2025-12-18,14,9.4,3.9,14.6,3.9,65.0,0.5,1.6
2025-12-18,15,10.4,5.0,15.7,0,89.0,3.4,4.7
2025-12-18,16,10.2,5.4,16.5,2.9,84.0,12.5,3.5
2025-12-18,17,6.6,2.2,11.6,0.3,54.0,12.4,4.0
2025-12-18,18,3.8,-0.8,10.5,0.6,73.0,3.2,2.0
2025-12-18,19,11.3,6.3,17.8,0,52.0,0.4,1.2
2025-12-18,20,11.3,6.5,15.2,0,77.0,14.1,3.2
2025-12-18,21,6.7,2.4,13.1,0,52.0,13.6,3.8
2025-12-18,22,6.8,2.0,13.6,0.1,70.0,12.8,2.5
2025-12-18,23,8.1,2.9,13.7,0,41.0,6.0,2.8
2025-12-18,24,9.9,4.3,14.1,2.9,59.0,6.7,4.1
2025-12-18,25,4.5,0.3,7.6,0.5,65.0,20.5,0
2025-12-19,1,9.1,3.2,15.3,0,74.0,10.2,0
2025-12-19,2,5.9,2.5,9.7,3.5,66.0,5.2,3.3
2025-12-19,3,5.2,1.0,9.3,3.6,78.0,6.4,2.7
2025-12-19,4,9.8,3.9,14.8,0,83.0,12.3,1.7
2025-12-19,5,10.1,4.4,14.0,1.2,80.0,5.2,1.8
2025-12-19,6,8.9,3.6,14.3,0,71.0,5.7,2.1
2025-12-19,7,10.9,5.2,17.4,1.7,71.0,29.4,0.6
2025-12-19,8,9.0,3.7,13.6,0,71.0,11.7,1.9
2025-12-19,9,7.5,2.9,10.8,4.4,80.0,17.1,3.4
2025-12-19,10,9.0,5.3,15.1,2.8,74.0,26.8,4.3
2025-12-19,11,9.8,6.4,12.8,0,86.0,21.7,1.2
2025-12-19,12,10.1,6.8,13.9,0,97.0,16.3,0.1
2025-12-19,13,5.7,2.2,9.1,0,73.0,6.9,3.1
2025-12-19,14,9.1,4.4,15.3,0,69.0,31.6,3.3
2025-12-19,15,9.5,4.4,13.1,3.8,82.0,14.0,1.2
2025-12-19,16,9.9,6.1,16.1,1.1,72.0,11.5,6.3
2025-12-19,17,5.6,0.4,11.3,0.5,56.0,23.1,0.8
2025-12-19,18,4.9,0.4,11.2,6.9,59.0,7.8,2.1
2025-12-19,19,10.4,5.9,13.5,0,52.0,14.3,0.1
2025-12-19,20,11.1,7.9,16.1,0,67.0,2.1,2.5
2025-12-19,21,6.8,3.1,10.8,0,83.0,24.3,2.7
2025-12-19,22,5.3,1.9,11.9,2.0,72.0,2.8,2.3
2025-12-19,23,6.8,2.9,11.2,0,39.0,17.1,1.6
2025-12-19,24,7.6,2.2,13.1,0,82.0,14.9,2.1
2025-12-19,25,6.0,0.7,12.3,0,50.0,19.0,1.7
2025-12-20,1,10.2,5.6,14.7,4.7,75.0,19.1,0.6
2025-12-20,2,7.9,4.7,14.8,0,63.0,23.7,2.5
2025-12-20,3,7.0,1.8,12.0,0,70.0,17.0,2.2
2025-12-20,4,7.1,2.0,12.0,0,81.0,5.9,4.5
2025-12-20,5,5.7,0.3,8.9,0,73.0,8.6,2.9
2025-12-20,6,8.3,5.2,14.2,1.8,81.0,12.1,0
2025-12-20,7,7.3,3.5,10.4,7.7,82.0,21.0,3.2
2025-12-20,8,11.5,7.6,16.4,0.1,62.0,4.0,1.7
2025-12-20,9,10.1,4.8,16.9,0,54.0,2.6,2.9
2025-12-20,10,8.6,3.2,14.7,0,59.0,14.4,1.3
2025-12-20,11,8.3,4.0,15.3,2.9,76.0,16.7,1.3
2025-12-20,12,7.5,1.9,11.7,0,82.0,22.5,1.7
2025-12-20,13,8.4,4.8,12.4,0,56.0,22.6,1.4
2025-12-20,14,9.0,4.1,14.0,0,75.0,12.2,4.2
2025-12-20,15,8.7,3.7,15.1,0,93.0,1.5,7.0
2025-12-20,16,11.9,8.7,16.5,0,84.0,26.5,2.0
2025-12-20,17,5.9,1.2,9.7,0,51.0,21.7,2.4
2025-12-20,18,3.3,-0.4,9.1,0,64.0,16.9,1.6
2025-12-20,19,8.6,3.8,13.2,0,58.0,9.6,2.6
2025-12-20,20,12.7,8.7,16.6,0,54.0,15.6,2.6
2025-12-20,21,7.8,3.7,11.9,0,65.0,14.4,4.9
2025-12-20,22,6.8,0.8,12.1,6.5,64.0,14.7,1.0
2025-12-20,23,8.2,4.7,14.2,0,58.0,24.8,0.4
2025-12-20,24,7.8,2.8,13.5,3.4,92.0,13.3,1.6
2025-12-20,25,5.8,1.1,11.4,0,53.0,6.7,0.6
2025-12-21,1,10.1,6.8,14.3,0,79.0,10.6,2.4
2025-12-21,2,8.0,3.5,12.6,3.9,75.0,19.6,4.1
2025-12-21,3,9.3,4.0,14.6,1.1,69.0,19.9,0
2025-12-21,4,8.7,4.1,14.2,5.3,72.0,18.7,3.6
2025-12-21,5,8.3,2.9,13.5,4.4,73.0,14.3,0.4
2025-12-21,6,10.3,7.2,14.7,0.6,82.0,0.8,5.4
2025-12-21,7,9.7,5.3,15.4,0.9,71.0,4.4,1.1
2025-12-21,8,9.8,4.3,16.6,0.1,73.0,25.2,1.3
2025-12-21,9,12.2,9.2,15.9,0,74.0,23.2,3.2
2025-12-21,10,6.7,3.1,11.8,7.0,83.0,12.5,1.0
2025-12-21,11,11.4,5.8,18.0,5.2,78.0,2.1,2.3
2025-12-21,12,9.5,5.2,15.8,0,80.0,21.1,3.3
2025-12-21,13,7.8,2.0,12.6,0,62.0,1.2,2.9
2025-12-21,14,11.6,5.8,16.6,0,79.0,18.6,2.3
2025-12-21,15,9.7,3.9,13.3,9.0,81.0,16.4,1.4
2025-12-21,16,9.9,4.4,15.1,0,86.0,5.8,0.9
2025-12-21,17,7.8,4.6,12.8,0,52.0,23.3,2.6
2025-12-21,18,2.4,-1.9,7.4,6.1,52.0,12.7,0.9
2025-12-21,19,10.9,5.0,17.3,0,58.0,10.5,6.3
2025-12-21,20,10.7,5.4,13.8,0,54.0,12.4,1.3
2025-12-21,21,1.6,-3.7,6.0,11.9,63.0,30.7,1.7
2025-12-21,22,4.3,-1.2,7.8,3.3,72.0,22.1,4.1
2025-12-21,23,9.4,4.0,13.5,0,52.0,6.8,4.2
2025-12-21,24,10.6,6.6,15.8,0.1,67.0,13.5,1.4
2025-12-21,25,5.7,-0.3,11.0,1.3,49.0,18.7,1.1
2025-12-22,1,7.8,2.9,12.9,0,90.0,12.0,2.9
2025-12-22,2,9.4,4.5,12.5,2.8,60.0,7.7,1.6
2025-12-22,3,9.8,6.0,16.3,0,73.0,13.9,0
2025-12-22,4,9.9,5.3,16.3,0,76.0,18.1,1.9
2025-12-22,5,8.7,3.9,14.6,1.5,59.0,30.8,1.4
2025-12-22,6,8.1,2.4,14.3,2.5,72.0,3.0,1.3
2025-12-22,7,14.0,10.7,18.1,0,77.0,28.2,3.8
2025-12-22,8,9.9,6.4,15.0,0,77.0,15.0,1.6
2025-12-22,9,9.0,5.7,13.6,0,56.0,17.2,1.8
2025-12-22,10,10.2,6.6,16.7,0,86.0,9.4,2.4
2025-12-22,11,11.4,6.9,18.0,0,70.0,0.5,3.1
2025-12-22,12,6.8,1.7,11.2,1.4,82.0,22.5,2.4
2025-12-22,13,8.0,3.7,13.4,0.7,58.0,21.6,3.2
2025-12-22,14,7.5,4.5,12.4,0,73.0,14.4,3.7
2025-12-22,15,7.3,2.0,10.5,1.6,84.0,35.2,0.6
2025-12-22,16,9.8,6.4,13.0,0,78.0,15.1,0.2
2025-12-22,17,4.7,-0.0,8.1,0,57.0,28.4,0.9
2025-12-22,18,4.5,-1.0,7.7,2.0,76.0,16.9,2.2
2025-12-22,19,11.5,7.6,18.1,0,70.0,10.5,1.8
2025-12-22,20,11.3,6.0,15.8,0,54.0,14.7,0
2025-12-22,21,3.2,-0.4,7.9,1.0,68.0,19.2,2.2
2025-12-22,22,5.6,1.6,10.4,0,81.0,10.4,2.3
2025-12-22,23,7.5,1.5,12.8,1.6,38.0,12.0,1.6
2025-12-22,24,8.6,4.9,13.7,7.4,92.0,16.3,1.9
2025-12-22,25,5.1,0.5,8.4,0,51.0,23.6,4.2
2025-12-23,1,9.9,6.7,14.4,4.9,68.0,24.5,0
2025-12-23,2,6.7,3.0,13.6,12.7,84.0,21.0,0.3
2025-12-23,3,7.3,3.5,13.6,1.5,72.0,31.0,1.3
2025-12-23,4,8.6,4.3,13.3,0,69.0,27.7,0.3
2025-12-23,5,10.7,6.9,16.2,0,68.0,6.4,1.8
2025-12-23,6,8.6,3.5,14.9,0,70.0,15.6,5.6
2025-12-23,7,11.1,5.5,15.1,10.8,67.0,15.9,2.4
2025-12-23,8,8.6,4.4,12.1,0,94.0,14.8,0.8
2025-12-23,9,9.0,4.5,12.4,0,65.0,19.0,3.2
2025-12-23,10,9.7,3.9,12.7,2.0,63.0,20.4,2.2
2025-12-23,11,10.8,7.5,15.3,0,80.0,8.6,2.3
2025-12-23,12,8.5,3.5,14.2,0,79.0,14.2,3.1
2025-12-23,13,7.1,3.1,12.8,0.6,69.0,9.2,0
2025-12-23,14,11.9,8.4,15.1,0.5,69.0,4.9,4.0
2025-12-23,15,11.5,8.3,14.6,0,91.0,17.0,0.8
2025-12-23,16,9.9,6.1,14.0,0,78.0,0.3,2.8
2025-12-23,17,5.6,2.1,10.9,0,63.0,20.6,0
2025-12-23,18,6.0,0.9,11.2,0,69.0,9.8,3.5
2025-12-23,19,12.0,8.6,18.0,0,54.0,17.0,3.0
2025-12-23,20,12.6,8.5,18.9,0,70.0,15.6,4.1
2025-12-23,21,6.2,0.9,11.6,0,62.0,4.4,0.6
2025-12-23,22,8.1,2.5,13.3,0,66.0,12.2,5.3
2025-12-23,23,10.3,5.0,17.2,0,52.0,30.2,3.1
2025-12-23,24,8.6,4.7,12.9,1.7,81.0,32.1,1.7
2025-12-23,25,4.8,-0.4,11.1,0,51.0,6.2,0.4
2025-12-24,1,10.4,5.9,13.9,0,64.0,11.4,0.9
2025-12-24,2,8.1,4.9,12.6,5.4,70.0,8.0,0.2
2025-12-24,3,6.3,1.4,9.5,0,84.0,7.9,2.5
2025-12-24,4,9.0,5.9,15.5,3.6,76.0,14.0,4.0
2025-12-24,5,6.7,2.1,13.5,0.9,71.0,16.9,2.5
2025-12-24,6,6.1,1.1,10.1,0,87.0,14.7,4.2
2025-12-24,7,11.6,7.5,16.2,3.9,63.0,25.1,1.4
2025-12-24,8,10.5,4.6,16.3,3.1,65.0,10.6,0
2025-12-24,9,9.5,3.9,16.2,0,61.0,15.0,3.3
2025-12-24,10,11.4,8.2,17.3,0.0,79.0,10.8,1.1
2025-12-24,11,8.3,3.9,14.3,7.5,86.0,12.1,1.7
2025-12-24,12,9.3,5.0,13.0,0,79.0,24.4,2.4
2025-12-24,13,9.9,6.7,14.1,0,65.0,14.0,2.8
2025-12-24,14,8.4,3.6,13.8,0,84.0,10.3,1.0
2025-12-24,15,6.6,0.7,12.1,0,73.0,22.9,0
2025-12-24,16,10.5,6.7,13.8,3.3,79.0,3.2,3.5
2025-12-24,17,5.8,1.6,9.0,0,56.0,4.3,3.0
2025-12-24,18,4.2,-0.8,9.8,0,64.0,12.9,1.7
2025-12-24,19,13.3,9.8,19.0,0,67.0,10.9,0
2025-12-24,20,9.9,5.7,13.4,0,67.0,11.2,0.9
2025-12-24,21,5.6,1.8,12.3,5.0,81.0,2.4,2.5
2025-12-24,22,4.8,1.5,10.0,1.2,76.0,7.2,2.8
2025-12-24,23,7.6,2.6,13.8,0,31.0,15.4,3.0
2025-12-24,24,9.9,5.6,13.5,0,79.0,14.7,0.1
2025-12-24,25,7.1,3.0,12.6,4.9,51.0,4.1,1.6
2025-12-25,1,9.3,5.2,13.1,1.6,74.0,9.8,0
2025-12-25,2,11.2,6.2,18.1,4.0,54.0,19.7,1.7
2025-12-25,3,9.4,6.1,16.0,0,66.0,12.6,4.0
2025-12-25,4,4.9,-0.6,10.1,1.7,78.0,1.9,0
2025-12-25,5,9.5,4.6,16.3,6.0,73.0,1.8,3.8
2025-12-25,6,9.8,5.7,13.3,0,72.0,16.8,1.1
2025-12-25,7,10.7,7.4,17.3,0,91.0,31.7,2.9
2025-12-25,8,9.0,5.5,14.6,0.0,64.0,16.1,1.6
2025-12-25,9,9.3,4.8,13.9,0,79.0,14.3,1.5
2025-12-25,10,8.5,3.8,14.9,0,85.0,27.8,1.3
2025-12-25,11,12.9,9.7,18.1,5.7,77.0,11.8,0
2025-12-25,12,13.0,7.9,16.7,7.2,81.0,22.5,1.5
2025-12-25,13,5.7,0.2,9.0,3.0,54.0,16.7,2.2
2025-12-25,14,8.9,3.5,14.9,0,83.0,27.5,0.9
2025-12-25,15,9.2,4.4,12.4,0,100,9.7,2.9
2025-12-25,16,9.0,5.6,14.1,0,64.0,30.5,0.0
2025-12-25,17,6.5,2.6,11.5,0,67.0,20.6,0.6
2025-12-25,18,1.7,-4.1,5.3,0,52.0,9.0,0.0
2025-12-25,19,9.3,5.8,13.7,0,68.0,7.7,1.9
2025-12-25,20,10.9,5.0,17.5,0.0,69.0,9.3,4.7
2025-12-25,21,5.9,1.6,9.4,6.3,70.0,4.7,1.6
2025-12-25,22,3.4,-0.4,9.4,0,83.0,27.8,0.1
2025-12-25,23,5.3,0.9,11.6,0,46.0,13.3,3.7
2025-12-25,24,7.3,2.6,12.0,0,82.0,11.5,3.4
2025-12-25,25,4.4,0.0,7.4,0,65.0,23.7,1.0
2025-12-26,1,7.0,3.4,13.6,1.3,67.0,21.2,2.4
2025-12-26,2,10.5,6.3,14.5,0,89.0,13.7,1.7
2025-12-26,3,9.6,4.5,14.0,11.3,79.0,17.6,2.8
2025-12-26,4,6.6,0.9,11.5,3.2,80.0,20.3,2.9
2025-12-26,5,7.0,3.7,12.1,5.7,91.0,4.2,1.9
2025-12-26,6,9.4,5.2,14.5,0,77.0,2.4,0.6
2025-12-26,7,10.4,6.0,16.4,0,70.0,6.5,3.8
2025-12-26,8,9.4,4.5,14.9,0,71.0,4.9,2.0
2025-12-26,9,7.7,4.3,11.6,2.6,72.0,27.0,0.7
2025-12-26,10,8.7,3.2,14.1,0,81.0,4.0,2.1
2025-12-26,11,9.1,3.9,14.0,8.8,78.0,17.9,0
2025-12-26,12,9.5,5.7,16.3,0,87.0,10.7,1.4
2025-12-26,13,6.7,2.2,9.7,1.8,56.0,12.5,3.1
2025-12-26,14,10.5,5.4,17.2,2.3,83.0,18.6,2.4
2025-12-26,15,7.2,2.3,13.0,5.7,67.0,18.5,2.9
2025-12-26,16,7.6,1.9,11.2,0,63.0,20.0,0.4
2025-12-26,17,4.3,0.6,9.5,0,65.0,8.2,4.6
2025-12-26,18,2.6,-2.6,8.4,0,49.0,20.8,1.8
2025-12-26,19,10.9,5.3,14.6,0,62.0,8.8,2.2
2025-12-26,20,10.7,6.4,16.3,0,72.0,9.6,4.7
2025-12-26,21,3.7,0.1,6.7,8.4,71.0,22.0,4.1
2025-12-26,22,7.5,2.9,13.5,0,80.0,12.0,0.0
2025-12-26,23,7.1,2.8,12.1,0,38.0,22.2,3.1
2025-12-26,24,8.6,2.9,13.3,0.4,82.0,21.3,4.6
2025-12-26,25,5.1,1.3,11.3,0,55.0,14.1,2.3
2025-12-27,1,4.5,-1.0,9.2,0.8,58.0,20.4,2.0
2025-12-27,2,7.0,1.6,12.5,0,76.0,26.1,2.7
2025-12-27,3,10.5,6.6,15.3,1.7,82.0,12.3,1.0
2025-12-27,4,10.6,5.1,17.3,1.4,67.0,11.7,0
2025-12-27,5,10.6,5.9,13.8,0,88.0,11.6,0.6
2025-12-27,6,7.7,2.1,13.0,0,76.0,24.4,3.5
2025-12-27,7,10.0,4.9,14.9,0,71.0,28.4,0.2
2025-12-27,8,11.0,7.7,16.6,0,78.0,20.5,0.3
2025-12-27,9,8.9,5.3,15.8,0,65.0,30.3,4.1
2025-12-27,10,8.7,4.6,13.7,0,69.0,9.8,1.2
2025-12-27,11,10.2,5.8,15.0,0,79.0,8.8,3.3
2025-12-27,12,9.4,6.4,13.5,0,82.0,25.9,2.6
2025-12-27,13,6.6,3.5,11.5,0,56.0,14.6,2.2
2025-12-27,14,11.7,6.1,15.2,0,78.0,17.0,4.2
2025-12-27,15,7.0,2.8,13.7,13.5,76.0,13.7,1.9
2025-12-27,16,7.8,3.5,10.8,0,72.0,9.6,4.0
2025-12-27,17,5.2,0.9,9.9,0,57.0,18.7,1.4
2025-12-27,18,2.2,-3.5,5.9,0,58.0,16.3,0
2025-12-27,19,7.6,4.4,11.8,0.4,71.0,28.3,1.1
2025-12-27,20,12.4,8.7,15.8,0,64.0,5.4,3.0
2025-12-27,21,2.2,-3.6,8.4,0,90.0,18.0,4.3
2025-12-27,22,4.2,0.3,9.9,0.7,64.0,24.2,2.6
2025-12-27,23,9.9,5.4,15.9,0,40.0,21.5,0
2025-12-27,24,7.8,3.1,12.5,0,75.0,18.9,1.4
2025-12-27,25,5.5,0.7,8.5,1.1,41.0,26.1,4.5
2025-12-28,1,8.9,4.7,12.3,2.7,88.0,14.8,0
2025-12-28,2,9.7,5.3,16.7,0.4,72.0,11.0,3.8
2025-12-28,3,5.4,-0.5,11.6,3.1,79.0,6.2,1.4
2025-12-28,4,8.8,2.8,12.6,0,74.0,11.1,1.2
2025-12-28,5,8.8,5.6,14.2,0,93.0,7.5,2.3
2025-12-28,6,5.1,0.5,8.6,0,81.0,17.9,2.1
2025-12-28,7,12.1,6.2,17.8,0.3,76.0,19.2,3.8
2025-12-28,8,11.4,7.9,15.2,0,70.0,7.8,2.7
2025-12-28,9,10.9,6.7,17.8,0,70.0,12.7,1.3
2025-12-28,10,10.5,7.2,14.8,0,63.0,11.6,2.4
2025-12-28,11,6.4,1.1,11.8,0,68.0,14.1,2.9
2025-12-28,12,11.7,5.8,18.5,5.0,89.0,17.2,1.5
2025-12-28,13,7.3,3.9,11.0,1.0,75.0,8.5,0
2025-12-28,14,9.1,5.0,12.6,0,67.0,15.6,3.0
2025-12-28,15,8.8,3.8,15.2,0.0,81.0,12.0,2.4
2025-12-28,16,9.3,4.7,12.5,1.3,69.0,5.8,1.5
2025-12-28,17,5.9,0.5,10.8,0,48.0,30.2,0.7
2025-12-28,18,1.0,-2.6,5.1,0,67.0,14.6,4.8
2025-12-28,19,13.2,8.9,18.6,0,37.0,4.3,1.2
2025-12-28,20,7.0,2.3,12.1,0,91.0,1.4,0.5
2025-12-28,21,7.4,4.0,11.8,0,56.0,15.3,0
2025-12-28,22,6.4,0.4,9.9,0.8,75.0,21.2,0
2025-12-28,23,7.1,1.5,11.8,0.6,58.0,12.5,3.5
2025-12-28,24,9.1,5.8,15.0,0,71.0,10.0,2.6
2025-12-28,25,0.6,-3.5,7.4,0,54.0,24.8,4.6
2025-12-29,1,12.1,6.2,18.4,0,81.0,17.0,2.0
2025-12-29,2,7.0,3.7,13.7,6.3,73.0,4.5,4.1
2025-12-29,3,8.8,5.8,12.9,0,80.0,19.5,3.3
2025-12-29,4,7.2,1.5,12.3,7.0,82.0,29.3,1.4
2025-12-29,5,8.7,3.2,12.3,1.6,64.0,18.1,3.0
2025-12-29,6,7.4,3.5,14.4,0,71.0,10.6,3.1
2025-12-29,7,11.1,5.3,14.4,0,93.0,18.7,3.1
2025-12-29,8,13.1,8.5,18.7,0,67.0,14.4,4.2
2025-12-29,9,7.7,4.1,14.0,0,69.0,18.7,3.7
2025-12-29,10,9.4,6.4,14.4,2.8,81.0,16.7,2.9
2025-12-29,11,8.6,3.3,14.7,0,78.0,19.5,1.3
2025-12-29,12,11.1,5.9,14.1,11.6,84.0,17.6,2.4
2025-12-29,13,6.9,2.7,10.0,0,65.0,17.5,2.6
2025-12-29,14,10.7,6.3,17.0,0,74.0,20.8,2.3
2025-12-29,15,7.1,3.8,13.3,0,80.0,5.8,0
2025-12-29,16,9.4,4.3,16.4,1.4,70.0,14.3,0
2025-12-29,17,7.0,3.2,12.1,0,53.0,15.0,3.0
2025-12-29,18,1.6,-1.6,7.0,0,59.0,18.8,1.8
2025-12-29,19,10.7,5.5,15.2,0,50.0,20.8,6.3
2025-12-29,20,10.5,4.8,16.7,0,59.0,25.6,1.6
2025-12-29,21,5.0,0.5,9.8,7.4,71.0,5.5,2.9
2025-12-29,22,7.0,3.5,11.4,0,57.0,16.0,3.1
2025-12-29,23,8.7,4.2,13.8,0,48.0,14.0,2.5
2025-12-29,24,7.3,1.7,10.7,0,78.0,8.5,1.3
2025-12-29,25,6.0,0.6,9.5,0,60.0,4.3,1.5
2025-12-30,1,10.8,6.5,17.8,0,84.0,0.3,3.6
2025-12-30,2,9.9,6.2,16.1,0,85.0,10.9,2.7
2025-12-30,3,7.8,2.7,11.3,0.8,69.0,16.6,1.6
2025-12-30,4,9.3,5.4,15.9,6.7,78.0,21.0,3.8
2025-12-30,5,8.4,4.4,12.5,0.2,83.0,10.6,1.3
2025-12-30,6,11.0,5.5,15.9,0,73.0,24.2,1.2
2025-12-30,7,9.5,6.3,14.6,0,71.0,10.3,1.9
2025-12-30,8,9.5,3.6,15.2,1.0,83.0,13.2,2.1
2025-12-30,9,10.5,5.8,14.2,0,76.0,18.9,3.8
2025-12-30,10,9.1,4.4,14.0,0,63.0,19.3,2.3
2025-12-30,11,8.9,3.2,12.3,0,87.0,18.2,0.4
2025-12-30,12,11.8,6.3,14.8,0,89.0,17.2,2.1
2025-12-30,13,12.0,7.2,16.0,2.0,90.0,1.6,0.8
2025-12-30,14,11.9,6.2,18.5,0,56.0,17.3,1.8
2025-12-30,15,10.0,5.1,16.8,0,72.0,13.0,3.5
2025-12-30,16,11.0,5.4,16.1,0,68.0,20.9,1.4
2025-12-30,17,6.5,2.0,9.7,0,48.0,18.2,0
2025-12-30,18,1.6,-2.9,6.0,0,60.0,36.4,1.4
2025-12-30,19,11.2,7.7,14.6,0,58.0,12.6,1.6
2025-12-30,20,9.8,4.5,15.2,0,53.0,13.3,1.6
2025-12-30,21,4.3,-0.6,11.1,0,70.0,2.5,0.5
2025-12-30,22,3.0,-0.1,6.0,14.3,70.0,3.7,3.3
2025-12-30,23,10.6,5.2,15.4,0,50.0,12.8,0
2025-12-30,24,8.3,3.2,13.2,4.5,70.0,14.9,2.6
2025-12-30,25,4.6,0.4,9.5,0,64.0,10.9,0
2025-12-31,1,8.2,3.8,13.1,0,85.0,18.1,1.1
2025-12-31,2,9.7,5.9,15.2,0,71.0,19.8,1.0
2025-12-31,3,9.9,6.4,16.0,0.2,81.0,25.5,3.9
2025-12-31,4,8.6,3.2,13.9,6.0,79.0,21.7,5.5
2025-12-31,5,8.7,5.6,12.7,0,84.0,12.6,0.6
2025-12-31,6,9.8,4.6,15.0,0,75.0,13.6,2.4
2025-12-31,7,10.1,4.5,13.8,5.3,84.0,13.3,2.6
2025-12-31,8,8.3,5.2,14.0,0,68.0,10.2,1.8
2025-12-31,9,10.2,4.7,16.1,0,70.0,20.1,3.9
2025-12-31,10,10.7,5.6,14.7,0,84.0,29.5,2.4
2025-12-31,11,10.7,4.7,14.5,1.8,80.0,13.9,2.7
2025-12-31,12,8.5,5.5,14.7,4.2,79.0,8.9,3.3
2025-12-31,13,7.2,3.2,10.6,0,67.0,19.8,3.9
2025-12-31,14,11.0,6.2,14.1,0,68.0,17.6,0.5
2025-12-31,15,7.4,3.5,13.3,2.8,95.0,10.5,3.3
2025-12-31,16,9.1,5.1,14.9,0,94.0,10.7,1.3
2025-12-31,17,7.9,3.7,13.4,0,55.0,24.8,3.4
2025-12-31,18,-0.0,-3.1,4.3,0,69.0,12.4,0.5
2025-12-31,19,12.5,7.7,16.3,0,64.0,26.5,0.8
2025-12-31,20,11.7,5.7,16.8,1.1,63.0,20.2,0.7
2025-12-31,21,6.4,2.9,13.1,1.1,78.0,2.0,4.2
2025-12-31,22,5.9,0.4,12.2,6.4,72.0,14.7,1.9
2025-12-31,23,7.3,4.2,11.2,0,33.0,36.2,1.7
2025-12-31,24,8.8,3.6,12.5,5.4,67.0,15.9,0.6
2025-12-31,25,6.8,1.7,9.9,0,73.0,5.8,2.7
2026-01-01,1,9.9,4.1,13.4,4.9,87.0,20.0,6.9
2026-01-01,2,8.5,4.1,12.4,0.9,67.0,7.3,3.4
2026-01-01,3,9.5,3.7,16.5,0,72.0,7.1,0
2026-01-01,4,8.8,5.7,14.9,0,88.0,19.5,1.3
2026-01-01,5,7.9,4.2,12.9,3.0,65.0,17.4,0
2026-01-01,6,7.0,2.9,13.2,0,75.0,15.7,2.2
2026-01-01,7,8.1,2.9,14.6,1.8,79.0,3.6,2.4
2026-01-01,8,8.6,4.6,15.2,0,80.0,0.5,3.8
2026-01-01,9,9.9,4.3,14.0,1.3,58.0,13.9,2.9
2026-01-01,10,11.8,6.7,15.2,0,71.0,17.3,1.6
2026-01-01,11,11.4,8.0,15.7,0,76.0,10.9,0.9
2026-01-01,12,5.3,1.7,9.5,0,67.0,6.8,2.3
2026-01-01,13,6.1,0.8,9.4,0,65.0,25.4,2.7
2026-01-01,14,10.8,4.8,16.4,1.1,79.0,8.0,3.3
2026-01-01,15,9.3,5.3,15.5,0,81.0,9.7,1.5
2026-01-01,16,11.1,7.7,15.5,0,79.0,13.7,0
2026-01-01,17,7.4,3.6,13.3,0,65.0,22.2,1.9
2026-01-01,18,1.9,-2.7,5.0,0.8,53.0,0.3,3.7
2026-01-01,19,11.4,5.9,16.3,0.6,72.0,13.9,1.8
2026-01-01,20,10.3,6.9,14.2,0,51.0,3.3,2.3
2026-01-01,21,4.6,1.5,11.0,17.2,73.0,15.1,0
2026-01-01,22,5.3,2.2,8.5,1.5,71.0,12.1,5.1
2026-01-01,23,8.9,5.0,14.6,0,45.0,12.0,5.0
2026-01-01,24,10.1,4.5,17.0,2.6,62.0,5.4,0.3
2026-01-01,25,6.4,1.2,9.7,0,54.0,15.5,3.2
2026-01-02,1,6.8,1.0,12.4,0.5,63.0,22.0,2.4
2026-01-02,2,9.6,4.9,14.9,0,67.0,11.4,0.8
2026-01-02,3,9.8,5.6,14.2,0,77.0,16.5,1.3
2026-01-02,4,6.9,2.8,12.0,4.4,65.0,3.3,2.6
2026-01-02,5,8.5,3.1,11.5,0.7,71.0,9.3,0
2026-01-02,6,11.7,8.4,17.4,0,74.0,18.6,1.5
2026-01-02,7,10.1,6.5,13.5,1.8,79.0,24.6,1.8
2026-01-02,8,10.2,4.6,15.4,4.7,68.0,2.7,3.6
2026-01-02,9,9.6,6.0,14.4,0,79.0,21.2,1.5
2026-01-02,10,10.3,6.6,16.8,0,72.0,13.3,0
2026-01-02,11,8.9,3.5,12.3,3.3,91.0,1.8,1.9
2026-01-02,12,10.1,5.0,14.9,0.5,66.0,4.8,2.6
2026-01-02,13,10.4,5.1,14.1,0,47.0,16.1,2.2
2026-01-02,14,9.9,4.2,15.0,0,54.0,10.1,1.3
2026-01-02,15,8.1,5.0,12.5,0,72.0,12.4,0.1
2026-01-02,16,11.2,5.7,16.8,0.3,77.0,22.9,4.0
2026-01-02,17,4.6,-0.9,7.7,0,48.0,18.8,1.6
2026-01-02,18,7.4,2.1,11.9,0,67.0,8.8,4.1
2026-01-02,19,10.1,4.9,15.1,0,78.0,17.5,0
2026-01-02,20,9.3,4.5,15.5,0,56.0,19.7,0.8
2026-01-02,21,6.6,1.2,10.4,0,63.0,23.5,0.7
2026-01-02,22,6.3,0.6,12.9,2.3,61.0,20.1,1.6
2026-01-02,23,9.9,4.9,16.5,0,46.0,17.2,0.6
2026-01-02,24,10.1,5.4,16.2,0,79.0,10.1,3.0
2026-01-02,25,6.0,2.9,9.7,0,59.0,18.3,0.4
2026-01-03,1,10.1,5.6,15.0,0,77.0,15.6,4.7
2026-01-03,2,9.1,3.9,13.7,0,78.0,1.9,1.3
2026-01-03,3,10.2,4.8,15.7,0.9,80.0,14.6,3.4
2026-01-03,4,8.8,5.1,13.0,0,82.0,26.7,2.5
2026-01-03,5,6.7,1.5,13.5,5.8,88.0,15.6,0
2026-01-03,6,8.7,5.7,13.5,3.5,66.0,4.3,1.1
2026-01-03,7,8.2,4.8,13.9,0,83.0,24.7,2.0
2026-01-03,8,11.0,7.7,14.8,1.7,70.0,8.7,1.9
2026-01-03,9,11.2,7.4,17.3,0,61.0,22.4,5.1
2026-01-03,10,7.6,4.0,13.3,1.8,62.0,16.7,0
2026-01-03,11,10.3,5.5,14.0,0,69.0,4.0,4.7
2026-01-03,12,7.3,2.7,11.9,0,89.0,14.6,1.2
2026-01-03,13,6.6,2.5,12.6,3.1,76.0,6.0,2.9
2026-01-03,14,10.0,5.3,13.9,3.7,68.0,8.3,0.8
2026-01-03,15,10.4,6.6,14.2,0,100.0,6.7,1.3
2026-01-03,16,8.5,5.0,12.4,0,75.0,10.0,2.2
2026-01-03,17,4.3,-1.5,9.0,0,55.0,2.2,3.8
2026-01-03,18,3.9,-0.6,10.1,0,60.0,22.4,4.0
2026-01-03,19,10.6,6.8,17.2,0,58.0,5.4,0
2026-01-03,20,9.1,4.1,14.2,0,68.0,14.4,2.2
2026-01-03,21,3.8,-0.4,9.7,5.9,79.0,8.8,2.8
2026-01-03,22,6.0,2.5,10.3,0,78.0,11.0,0
2026-01-03,23,7.2,3.1,11.5,0,32.0,20.4,1.0
2026-01-03,24,7.7,2.4,12.4,0,79.0,17.5,2.8
2026-01-03,25,5.9,2.3,11.7,0,60.0,14.9,3.1
2026-01-04,1,10.0,6.2,14.2,0,76.0,6.0,3.4
2026-01-04,2,8.6,5.4,14.1,4.7,88.0,31.0,4.9
2026-01-04,3,9.1,3.5,13.7,6.7,69.0,38.9,3.5
2026-01-04,4,8.5,3.5,15.0,0,70.0,26.4,3.6
2026-01-04,5,7.8,2.9,13.6,0,72.0,9.1,1.2
2026-01-04,6,8.8,4.1,15.7,0,70.0,27.0,3.0
2026-01-04,7,7.7,3.0,13.0,0,69.0,11.4,2.5
2026-01-04,8,11.9,8.2,15.6,0,86.0,1.5,3.8
2026-01-04,9,11.5,6.2,17.6,0,79.0,16.1,1.8
2026-01-04,10,9.9,3.9,15.1,0,74.0,17.2,4.0
2026-01-04,11,8.4,4.6,12.6,0,80.0,24.4,2.7
2026-01-04,12,7.0,2.8,10.5,0,77.0,10.3,3.8
2026-01-04,13,9.0,4.3,13.1,1.4,73.0,6.1,3.8
2026-01-04,14,10.5,5.5,16.4,0,54.0,18.7,1.3
2026-01-04,15,9.1,4.9,14.8,1.8,79.0,3.9,2.9
2026-01-04,16,11.9,8.0,15.0,0,94.0,12.9,5.4
2026-01-04,17,6.8,2.4,11.7,0,56.0,10.9,2.4
2026-01-04,18,0.9,-2.8,4.5,0,57.0,0.2,2.5
2026-01-04,19,11.4,7.3,15.2,0,66.0,19.8,1.1
2026-01-04,20,10.2,4.7,16.7,0,73.0,10.8,3.9
2026-01-04,21,4.8,-1.0,9.7,0.4,80.0,11.8,2.4
2026-01-04,22,4.5,1.5,10.9,0.2,74.0,2.6,0
2026-01-04,23,11.0,5.9,15.0,0,41.0,7.9,2.5
2026-01-04,24,9.1,5.4,13.9,4.2,78.0,19.0,0
2026-01-04,25,5.8,1.2,10.8,0,62.0,11.2,1.1
2026-01-05,1,9.2,4.0,13.0,0.7,79.0,17.2,0.5
2026-01-05,2,6.2,2.2,10.5,0,62.0,27.6,3.1
2026-01-05,3,7.2,3.9,13.7,0.1,82.0,17.7,1.7
2026-01-05,4,12.7,7.9,17.1,0,77.0,7.6,0.9
2026-01-05,5,8.9,5.7,12.5,7.3,80.0,3.7,3.6
2026-01-05,6,8.0,4.9,11.9,0,80.0,5.0,2.9
2026-01-05,7,11.7,8.3,16.5,0.5,83.0,5.6,1.7
2026-01-05,8,11.9,7.4,16.8,1.8,68.0,15.4,0.6
2026-01-05,9,9.4,4.1,15.5,0,90.0,13.8,2.6
2026-01-05,10,8.2,3.3,14.2,0.8,82.0,14.7,2.7
2026-01-05,11,9.9,5.0,15.9,2.0,72.0,17.6,1.8
2026-01-05,12,10.9,6.9,17.0,9.3,78.0,11.0,1.2
2026-01-05,13,6.3,2.4,11.7,0,58.0,7.5,2.0
2026-01-05,14,11.1,5.3,15.5,0,68.0,12.7,0.8
2026-01-05,15,8.0,2.6,13.0,0.3,87.0,19.4,0.0
2026-01-05,16,10.4,5.0,13.8,3.4,69.0,8.7,0.4
2026-01-05,17,9.3,4.9,13.4,0,55.0,12.8,1.9
2026-01-05,18,6.4,0.8,13.1,0,53.0,19.4,0
2026-01-05,19,11.6,6.6,17.1,0,62.0,18.8,1.5
2026-01-05,20,10.3,4.4,14.7,0,54.0,13.3,4.4
2026-01-05,21,7.4,3.0,11.1,9.6,73.0,13.3,2.3
2026-01-05,22,4.8,-1.0,7.9,0,65.0,0.9,1.3
2026-01-05,23,9.3,6.1,12.8,0,46.0,21.7,4.9
2026-01-05,24,7.8,4.7,12.1,0.2,78.0,6.2,2.6
2026-01-05,25,3.4,-1.4,7.0,1.6,43.0,2.4,2.1
2026-01-06,1,9.2,5.3,15.7,1.5,77.0,5.7,5.9
2026-01-06,2,8.4,4.2,12.3,2.4,80.0,20.8,2.2
2026-01-06,3,10.4,5.0,15.4,0,80.0,1.3,0.1
2026-01-06,4,8.1,5.0,14.9,0.9,63.0,19.6,2.2
2026-01-06,5,11.1,7.5,15.4,0,68.0,27.5,1.4
2026-01-06,6,7.8,3.1,11.6,0.2,75.0,1.8,2.1
2026-01-06,7,9.5,4.3,16.3,0,94.0,26.6,1.5
2026-01-06,8,9.2,4.0,15.2,0,73.0,12.1,3.6
2026-01-06,9,9.6,5.2,14.2,0,72.0,17.1,1.5
2026-01-06,10,9.4,4.8,15.6,0,72.0,21.6,3.5
2026-01-06,11,9.9,6.6,15.6,0,73.0,15.1,3.3
2026-01-06,12,9.1,5.9,13.8,0.7,86.0,22.0,0.4
2026-01-06,13,6.8,0.8,11.1,2.0,58.0,16.1,2.6
2026-01-06,14,8.9,5.4,14.2,0,77.0,12.3,0.7
2026-01-06,15,9.3,3.8,14.1,0,84.0,3.4,3.7
2026-01-06,16,10.6,6.0,16.7,0,83.0,13.4,3.2
2026-01-06,17,8.2,2.9,13.6,0,51.0,3.1,2.6
2026-01-06,18,5.0,-1.0,11.4,1.4,44.0,18.7,2.3
2026-01-06,19,9.5,4.0,13.7,0,82.0,29.4,1.9
2026-01-06,20,11.1,5.4,15.5,0,70.0,19.8,2.9
2026-01-06,21,3.9,-1.9,9.5,15.4,45.0,18.6,1.6
2026-01-06,22,6.5,0.9,9.7,0,69.0,21.4,3.1
2026-01-06,23,7.1,1.7,11.1,0,51.0,26.2,1.2
2026-01-06,24,7.7,4.1,12.9,0.9,82.0,16.5,0.1
2026-01-06,25,6.8,0.9,10.9,0,49.0,27.4,1.6
2026-01-07,1,9.7,5.2,13.7,0,67.0,7.3,3.0
2026-01-07,2,9.5,4.3,12.7,0,82.0,11.5,2.0
2026-01-07,3,8.1,2.6,14.1,0,72.0,12.1,0.9
2026-01-07,4,10.2,5.4,16.2,4.0,79.0,15.7,5.0
2026-01-07,5,9.9,5.0,16.2,16.5,69.0,17.2,0.4
2026-01-07,6,11.1,7.2,16.4,1.5,86.0,10.3,0
2026-01-07,7,8.0,4.1,12.1,0,45.0,11.4,4.0
2026-01-07,8,9.9,4.7,12.9,0,82.0,18.2,0
2026-01-07,9,9.5,4.2,12.9,0,74.0,12.7,0.9
2026-01-07,10,11.4,6.1,17.6,0,72.0,3.9,3.5
2026-01-07,11,12.3,6.4,18.4,0,86.0,17.9,4.3
2026-01-07,12,9.5,4.6,13.5,0,81.0,19.9,3.0
2026-01-07,13,7.1,1.7,10.1,0,58.0,7.3,0.9
2026-01-07,14,10.0,4.6,14.7,0,84.0,12.4,3.0
2026-01-07,15,8.2,2.4,12.2,1.2,100,17.6,3.8
2026-01-07,16,7.7,4.3,14.4,4.3,85.0,12.4,0
2026-01-07,17,7.2,1.6,11.1,0,42.0,18.9,2.9
2026-01-07,18,5.0,0.1,10.4,0,58.0,1.4,5.3
2026-01-07,19,8.9,5.1,14.1,0,68.0,16.4,1.2
2026-01-07,20,10.4,7.3,15.9,0,50.0,17.2,3.2
2026-01-07,21,3.5,-0.4,8.9,0,59.0,17.4,0.7
2026-01-07,22,5.8,0.0,11.8,0.2,65.0,22.4,4.0
2026-01-07,23,12.4,9.3,18.8,0,47.0,8.2,2.5
2026-01-07,24,6.8,3.5,12.8,8.3,78.0,11.0,3.5
2026-01-07,25,4.4,0.4,10.2,0,58.0,18.2,0.1
2026-01-08,1,8.7,4.9,12.1,0.7,72.0,25.9,1.0
2026-01-08,2,8.8,3.0,12.6,0,71.0,10.4,4.2
2026-01-08,3,9.9,6.7,13.4,0,76.0,17.9,3.7
2026-01-08,4,9.4,4.1,15.7,7.6,77.0,4.7,1.2
2026-01-08,5,6.4,1.2,10.5,0,66.0,19.9,0.9
2026-01-08,6,10.2,5.4,13.9,0,67.0,17.2,3.8
2026-01-08,7,10.2,4.7,14.2,0,76.0,16.4,0.0
2026-01-08,8,11.0,5.3,17.9,0,66.0,15.7,1.3
2026-01-08,9,10.7,7.6,13.8,0,65.0,18.8,1.4
2026-01-08,10,9.6,5.5,12.8,0,65.0,20.9,3.6
2026-01-08,11,8.5,4.2,15.3,0,85.0,9.6,3.4
2026-01-08,12,14.6,8.8,20.1,0,68.0,9.4,3.0
2026-01-08,13,6.5,3.5,11.1,1.8,67.0,13.7,1.5
2026-01-08,14,9.0,3.3,15.1,0.6,69.0,6.0,0.3
2026-01-08,15,6.1,2.7,10.3,0,86.0,1.1,0.4
2026-01-08,16,11.1,7.2,17.9,0,71.0,11.9,3.3
2026-01-08,17,7.1,1.6,10.7,0,56.0,18.1,1.0
2026-01-08,18,7.6,3.5,13.3,1.9,54.0,25.1,0.7
2026-01-08,19,10.7,6.2,17.1,0.6,65.0,28.6,3.3
2026-01-08,20,11.3,6.5,15.8,0,51.0,23.5,1.9
2026-01-08,21,5.7,0.8,9.9,4.6,49.0,23.3,2.9
2026-01-08,22,6.1,1.0,11.3,0.6,65.0,0.0,3.0
2026-01-08,23,9.2,6.0,14.1,0,44.0,24.6,3.0
2026-01-08,24,7.7,3.0,13.5,1.9,69.0,22.3,1.6
2026-01-08,25,6.1,2.9,10.1,0,58.0,15.7,3.6
2026-01-09,1,8.8,3.7,15.5,0,83.0,16.4,2.3
2026-01-09,2,9.3,5.1,13.9,0,77.0,18.7,3.0
2026-01-09,3,8.8,3.0,14.4,6.1,72.0,17.0,5.4
2026-01-09,4,8.1,4.4,12.5,10.5,70.0,4.6,1.0
2026-01-09,5,9.2,4.1,14.6,1.0,78.0,18.9,3.1
2026-01-09,6,8.9,3.7,14.3,0,89.0,25.0,1.7
2026-01-09,7,8.2,3.8,11.6,0.9,76.0,1.2,1.4
2026-01-09,8,12.8,8.1,16.0,0,90.0,10.1,1.2
2026-01-09,9,9.7,6.2,15.9,0,65.0,31.7,4.3
2026-01-09,10,10.7,6.3,15.3,0,62.0,9.7,2.3
2026-01-09,11,6.9,3.0,13.9,0,84.0,16.1,3.7
2026-01-09,12,6.6,2.3,11.4,1.0,96.0,8.3,5.6
2026-01-09,13,5.8,0.9,9.9,0,83.0,7.6,2.4
2026-01-09,14,12.6,8.3,16.0,0,70.0,12.1,4.1
2026-01-09,15,9.0,3.5,12.3,0,82.0,12.1,3.2
2026-01-09,16,12.5,6.9,18.4,0,80.0,26.9,0.2
2026-01-09,17,6.7,3.6,11.2,5.3,46.0,14.9,2.1
2026-01-09,18,2.2,-0.8,6.1,0,57.0,5.7,2.6
2026-01-09,19,11.3,5.5,14.4,0.0,60.0,12.3,3.3
2026-01-09,20,10.2,6.9,17.0,0,55.0,17.4,1.6
2026-01-09,21,5.3,0.4,10.5,0.4,58.0,6.4,0.9
2026-01-09,22,7.0,3.2,12.8,0,75.0,11.9,2.1
2026-01-09,23,6.7,2.3,9.9,0,51.0,10.9,4.5
2026-01-09,24,9.0,5.7,14.6,7.9,74.0,4.3,3.1
2026-01-09,25,4.7,-0.5,10.1,0,61.0,11.9,2.5
2026-01-10,1,11.1,6.4,16.5,6.9,74.0,21.7,6.0
2026-01-10,2,10.6,4.8,17.4,0.1,65.0,6.4,2.8
2026-01-10,3,9.6,4.3,12.9,0,66.0,0.5,2.1
2026-01-10,4,10.4,6.1,14.2,3.3,70.0,22.1,3.1
2026-01-10,5,7.5,1.6,13.1,0,80.0,8.1,3.8
2026-01-10,6,8.3,3.6,12.3,0.6,73.0,12.5,5.3
2026-01-10,7,9.1,3.9,16.0,0,75.0,8.8,2.6
2026-01-10,8,11.0,7.7,15.4,7.8,77.0,27.4,0.4
2026-01-10,9,6.8,1.3,11.8,0,67.0,4.4,1.6
2026-01-10,10,9.7,4.1,12.8,0,68.0,15.0,2.8
2026-01-10,11,6.9,1.5,12.8,0,95.0,26.0,0.6
2026-01-10,12,9.6,6.2,14.1,0,87.0,18.9,2.8
2026-01-10,13,8.8,3.6,15.3,0.0,74.0,23.0,3.5
2026-01-10,14,10.6,5.7,15.3,0,64.0,9.5,2.5
2026-01-10,15,10.7,5.7,13.7,16.2,75.0,19.6,3.9
2026-01-10,16,11.3,6.4,16.4,0,80.0,15.7,3.7
2026-01-10,17,8.6,3.1,12.5,0,58.0,20.6,2.2
2026-01-10,18,4.4,-0.2,9.6,0,63.0,4.8,1.5
2026-01-10,19,11.6,7.1,15.7,0,68.0,19.7,2.1
2026-01-10,20,14.1,8.7,18.5,0,71.0,19.8,3.2
2026-01-10,21,7.9,3.7,13.3,3.4,72.0,15.0,1.5
2026-01-10,22,5.8,0.3,8.9,0,78.0,13.6,1.8
2026-01-10,23,8.4,4.2,11.6,0,41.0,5.4,1.9
2026-01-10,24,7.0,2.1,12.8,6.1,76.0,11.4,0
2026-01-10,25,5.9,0.2,10.9,3.4,65.0,5.1,1.8
2026-01-11,1,7.7,2.0,13.4,0,64.0,15.1,0
2026-01-11,2,8.1,2.9,12.4,4.7,84.0,7.6,4.5
2026-01-11,3,7.4,3.4,12.2,5.4,58.0,8.4,2.5
2026-01-11,4,10.8,6.1,14.3,0.0,60.0,5.5,0
2026-01-11,5,9.9,4.9,13.2,5.5,88.0,7.7,2.3
2026-01-11,6,9.1,5.2,15.5,11.2,88.0,29.8,1.3
2026-01-11,7,11.5,7.0,16.1,2.4,88.0,17.0,0.1
2026-01-11,8,11.2,8.1,15.7,0.3,85.0,11.4,0.4
2026-01-11,9,11.7,8.4,17.4,0,79.0,24.3,1.6
2026-01-11,10,11.8,7.1,15.1,0,48.0,20.9,0.6
2026-01-11,11,11.2,7.8,17.4,2.3,64.0,16.4,0.1
2026-01-11,12,10.5,4.8,15.3,10.0,83.0,6.6,2.7
2026-01-11,13,7.7,2.6,13.4,0,47.0,5.2,2.7
2026-01-11,14,13.9,9.1,17.7,0.3,63.0,19.3,2.4
2026-01-11,15,8.9,4.1,12.9,0,77.0,2.4,4.1
2026-01-11,16,9.5,4.0,15.4,5.4,89.0,26.5,1.9
2026-01-11,17,10.3,4.9,14.9,0,51.0,25.1,1.1
2026-01-11,18,6.0,2.5,9.3,0.3,49.0,24.4,1.8
2026-01-11,19,12.6,7.2,18.6,0,64.0,28.2,2.4
2026-01-11,20,12.3,6.7,19.2,0,60.0,10.7,0.3
2026-01-11,21,5.4,-0.2,9.6,0,72.0,1.3,0
2026-01-11,22,7.8,2.1,14.7,0.6,86.0,12.7,1.2
2026-01-11,23,9.1,4.1,13.6,0,36.0,8.7,2.2
2026-01-11,24,8.5,2.7,11.6,1.7,68.0,3.1,2.0
2026-01-11,25,5.2,-0.2,9.7,0,51.0,5.6,3.2
2026-01-12,1,8.5,3.3,13.9,0,77.0,28.8,1.5
2026-01-12,2,9.4,4.6,16.2,0.4,74.0,9.2,2.5
2026-01-12,3,9.0,5.3,15.2,0.3,73.0,17.2,2.7
2026-01-12,4,10.4,7.1,14.4,0,77.0,0.7,2.4
2026-01-12,5,10.6,6.4,13.8,0,73.0,14.4,3.1
2026-01-12,6,8.8,3.6,14.1,0.6,81.0,21.8,1.9
2026-01-12,7,9.1,6.0,12.3,0,61.0,7.0,0.5
2026-01-12,8,11.4,7.9,15.0,0,78.0,17.3,4.6
2026-01-12,9,11.3,5.9,16.1,4.7,74.0,15.1,1.9
2026-01-12,10,12.8,9.2,15.8,1.9,75.0,9.7,3.5
2026-01-12,11,10.6,7.0,16.6,0,71.0,7.2,3.0
2026-01-12,12,9.2,4.8,12.3,0,74.0,11.3,1.7
2026-01-12,13,6.9,3.3,13.0,0,67.0,19.8,2.4
2026-01-12,14,10.6,6.6,13.8,0,60.0,11.2,4.3
2026-01-12,15,8.6,3.0,15.5,3.4,85.0,18.7,1.4
2026-01-12,16,11.1,7.0,15.6,3.7,86.0,11.1,1.7
2026-01-12,17,7.3,4.0,12.8,0,44.0,11.5,5.1
2026-01-12,18,4.3,0.4,7.4,0,53.0,10.2,3.4
2026-01-12,19,15.6,11.7,19.7,0,66.0,10.9,0.9
2026-01-12,20,10.7,4.7,14.9,0,69.0,17.0,1.3
2026-01-12,21,5.0,-0.2,11.5,0,66.0,14.6,0
2026-01-12,22,7.3,2.1,14.0,4.9,83.0,8.2,2.4
2026-01-12,23,8.8,4.4,14.9,0,45.0,8.9,2.0
2026-01-12,24,10.4,5.5,14.9,7.2,71.0,23.5,1.3
2026-01-12,25,8.7,3.5,11.8,1.0,55.0,11.8,2.1
2026-01-13,1,10.3,5.3,15.2,2.3,77.0,13.5,3.3
2026-01-13,2,9.5,3.6,13.4,0,68.0,9.0,2.7
2026-01-13,3,10.0,4.9,16.8,0,69.0,0.8,4.5
2026-01-13,4,7.4,2.2,10.7,4.2,73.0,14.6,3.6
2026-01-13,5,10.8,7.2,17.4,0,69.0,6.2,1.1
2026-01-13,6,11.7,6.6,16.3,9.6,78.0,9.4,1.6
2026-01-13,7,10.2,4.7,15.1,2.0,75.0,22.2,0.9
2026-01-13,8,11.0,5.3,16.2,2.0,84.0,4.2,4.3
2026-01-13,9,10.2,5.8,16.5,3.4,62.0,7.9,2.7
2026-01-13,10,8.0,3.4,11.5,0,65.0,4.1,1.6
2026-01-13,11,8.6,4.1,15.0,7.1,77.0,12.4,3.1
2026-01-13,12,11.9,7.0,15.9,1.1,70.0,18.5,0.5
2026-01-13,13,8.8,4.9,15.5,1.2,66.0,25.0,2.6
2026-01-13,14,6.5,1.4,11.6,0,70.0,19.7,1.1
2026-01-13,15,9.0,3.1,14.2,2.1,83.0,12.2,2.9
2026-01-13,16,11.7,6.4,15.2,2.7,78.0,18.6,3.1
2026-01-13,17,6.8,3.5,11.7,1.5,52.0,19.8,1.2
2026-01-13,18,3.1,-1.2,8.3,0,70.0,13.6,3.5
2026-01-13,19,10.5,4.7,13.6,0,70.0,29.2,4.0
2026-01-13,20,9.0,3.2,13.8,0.9,60.0,13.7,2.3
2026-01-13,21,7.2,3.0,11.8,1.3,71.0,1.3,4.3
2026-01-13,22,8.2,3.4,14.8,3.0,69.0,5.3,3.6
2026-01-13,23,11.0,7.5,15.1,0,33.0,14.8,2.0
2026-01-13,24,10.3,4.8,15.1,4.3,72.0,17.5,4.4
2026-01-13,25,6.8,2.2,11.5,0,43.0,19.8,3.1
2026-01-14,1,11.8,7.9,18.1,0.6,69.0,14.4,4.5
2026-01-14,2,11.7,7.5,18.6,1.5,69.0,7.6,1.8
2026-01-14,3,7.5,3.1,11.2,0,67.0,12.2,1.2
2026-01-14,4,6.7,2.7,9.9,0,78.0,18.9,1.3
2026-01-14,5,11.9,6.0,15.0,0.1,70.0,23.2,4.0
2026-01-14,6,10.7,6.6,14.0,0,73.0,18.6,0.7
2026-01-14,7,10.6,5.0,14.4,0,72.0,18.2,5.0
2026-01-14,8,8.3,5.2,12.7,0.7,94.0,3.4,2.4
2026-01-14,9,10.0,4.1,16.7,0,73.0,18.0,3.3
2026-01-14,10,8.5,4.6,15.3,0,77.0,9.5,2.4
2026-01-14,11,10.1,7.0,13.8,2.1,79.0,13.1,4.6
2026-01-14,12,11.8,7.8,15.0,0,67.0,11.3,1.6
2026-01-14,13,10.2,4.8,14.5,0,66.0,16.8,0
2026-01-14,14,10.5,4.9,15.5,0,68.0,22.6,2.3
2026-01-14,15,12.7,8.2,18.0,0,81.0,15.5,5.1
2026-01-14,16,11.2,6.6,17.2,5.2,78.0,11.1,1.5
2026-01-14,17,8.5,3.6,12.4,0,72.0,3.4,1.1
2026-01-14,18,3.5,-1.6,7.5,2.5,53.0,2.5,3.8
2026-01-14,19,11.1,5.6,14.2,1.9,56.0,14.9,4.6
2026-01-14,20,14.7,9.2,19.7,0,69.0,13.6,0.6
2026-01-14,21,8.0,4.3,11.1,8.6,53.0,12.8,4.0
2026-01-14,22,7.8,2.6,12.6,1.1,62.0,0.9,4.1
2026-01-14,23,9.1,4.3,13.4,0,51.0,19.5,3.0
2026-01-14,24,11.4,8.1,16.2,0,89.0,9.4,3.2
2026-01-14,25,3.4,-0.6,7.5,0,66.0,14.9,2.9
2026-01-15,1,8.5,3.9,14.7,0,73.0,20.2,4.5
2026-01-15,2,7.5,2.1,10.8,0.6,62.0,5.6,3.2
2026-01-15,3,10.5,5.7,13.7,0,72.0,12.9,1.9
2026-01-15,4,9.2,3.9,13.7,1.5,76.0,12.2,3.7
2026-01-15,5,9.6,6.1,12.9,2.9,67.0,6.6,0
2026-01-15,6,10.3,6.5,14.9,0,73.0,13.1,2.2
2026-01-15,7,10.7,6.0,14.1,0,66.0,10.8,4.5
2026-01-15,8,11.1,8.0,15.7,0,63.0,14.4,2.3
2026-01-15,9,11.3,6.8,16.4,0,64.0,12.0,1.6
2026-01-15,10,7.8,4.4,13.2,0,77.0,6.2,0.1
2026-01-15,11,9.9,5.2,15.8,4.4,77.0,25.6,3.5
2026-01-15,12,11.2,6.7,15.9,0,84.0,15.3,5.1
2026-01-15,13,9.4,5.2,14.0,0,66.0,13.8,0
2026-01-15,14,12.2,6.2,18.0,1.4,65.0,14.0,1.1
2026-01-15,15,9.0,3.3,15.5,0,69.0,7.0,2.2
2026-01-15,16,10.6,6.4,15.7,0,60.0,9.1,0.9
2026-01-15,17,5.1,0.2,11.6,0,51.0,26.1,4.5
2026-01-15,18,5.3,-0.6,11.2,0,54.0,9.4,3.4
2026-01-15,19,12.0,7.6,17.0,0,57.0,20.5,3.7
2026-01-15,20,10.7,6.3,15.9,0,46.0,1.6,1.2
2026-01-15,21,7.2,3.3,13.4,1.7,66.0,23.0,0.2
2026-01-15,22,4.4,-0.1,8.1,17.0,65.0,18.9,3.0
2026-01-15,23,11.0,5.5,14.9,0,56.0,3.5,2.0
2026-01-15,24,6.8,1.5,10.1,0,81.0,8.7,4.1
2026-01-15,25,7.3,2.8,13.1,0,53.0,26.7,4.6
2026-01-16,1,10.3,5.9,16.2,0,69.0,15.0,3.1
2026-01-16,2,8.5,4.0,11.6,7.4,73.0,24.9,4.4
2026-01-16,3,10.2,6.9,15.9,0,84.0,11.0,2.6
2026-01-16,4,9.0,4.4,13.6,0,79.0,25.5,0.2
2026-01-16,5,7.6,2.8,13.9,0.4,76.0,14.0,2.2
2026-01-16,6,8.5,4.0,14.4,7.0,85.0,11.1,3.0
2026-01-16,7,12.6,7.1,18.9,0,89.0,17.9,4.2
2026-01-16,8,10.6,7.2,15.2,3.4,79.0,21.9,4.1
2026-01-16,9,9.7,5.9,15.1,0,68.0,12.7,5.2
2026-01-16,10,10.2,7.1,15.7,1.2,72.0,7.7,2.5
2026-01-16,11,11.0,6.3,14.1,2.2,88.0,16.3,3.6
2026-01-16,12,10.6,7.0,14.2,0,96.0,7.5,1.4
2026-01-16,13,8.5,4.2,12.7,0.0,54.0,13.1,3.1
2026-01-16,14,13.0,9.4,18.1,0,65.0,9.4,4.3
2026-01-16,15,10.9,7.2,16.3,3.3,93.0,22.5,5.4
2026-01-16,16,10.0,5.0,14.9,1.1,75.0,15.6,1.0
2026-01-16,17,8.5,3.7,13.4,0,53.0,11.5,2.5
2026-01-16,18,5.1,0.8,11.1,0,60.0,6.3,3.3
2026-01-16,19,12.3,6.8,15.7,0,72.0,19.1,0
2026-01-16,20,12.3,9.1,15.9,0,67.0,31.5,2.5
2026-01-16,21,6.6,1.4,10.9,1.5,55.0,13.8,1.3
2026-01-16,22,7.8,3.6,12.0,0,71.0,24.5,1.3
2026-01-16,23,9.7,6.3,13.6,0,41.0,21.5,0
2026-01-16,24,8.0,4.2,13.7,0,79.0,23.8,1.0
2026-01-16,25,9.8,4.8,15.8,0,64.0,14.8,1.7
2026-01-17,1,7.4,3.0,11.6,1.7,71.0,22.3,3.5
2026-01-17,2,8.5,3.9,13.3,3.8,67.0,22.0,3.7
2026-01-17,3,11.0,6.8,17.7,0,70.0,20.4,0.9
2026-01-17,4,8.4,4.5,15.2,0,74.0,11.6,5.6
2026-01-17,5,7.9,2.7,12.4,0,70.0,11.5,3.0
2026-01-17,6,8.0,4.7,12.7,0,69.0,6.4,4.2
2026-01-17,7,13.3,9.5,19.0,0,63.0,22.7,2.0
2026-01-17,8,12.7,7.3,17.9,2.8,81.0,4.8,4.5
2026-01-17,9,9.8,4.4,16.2,0.1,70.0,9.6,1.5
2026-01-17,10,11.2,7.1,16.5,0,68.0,25.1,1.7
2026-01-17,11,10.8,6.7,14.1,11.1,70.0,3.1,2.3
2026-01-17,12,10.6,6.0,16.9,0,67.0,13.5,3.2
2026-01-17,13,6.5,1.3,9.5,6.0,58.0,3.8,1.5
2026-01-17,14,12.8,8.4,16.3,0,73.0,7.6,1.4
2026-01-17,15,10.2,4.5,14.0,1.0,71.0,23.1,3.4
2026-01-17,16,10.9,7.1,15.7,0.2,85.0,15.7,2.3
2026-01-17,17,7.3,3.7,13.1,0,54.0,16.5,4.2
2026-01-17,18,2.1,-3.9,5.6,0.7,52.0,11.7,4.4
2026-01-17,19,11.0,7.4,15.1,0,75.0,29.2,5.0
2026-01-17,20,12.8,9.1,17.5,0,67.0,6.2,2.4
2026-01-17,21,6.1,0.2,12.7,0,78.0,14.1,2.5
2026-01-17,22,8.4,2.7,13.5,0,70.0,18.1,0.8
2026-01-17,23,8.6,3.5,15.3,0.0,32.0,6.9,6.0
2026-01-17,24,11.0,7.6,17.4,0,79.0,19.4,2.1
2026-01-17,25,9.3,3.6,12.9,0.7,56.0,13.4,0.2
2026-01-18,1,9.7,6.0,15.3,6.7,72.0,16.8,2.4
2026-01-18,2,10.2,6.1,14.4,13.3,89.0,17.7,3.3
2026-01-18,3,11.1,6.9,17.2,0,87.0,5.4,2.4
2026-01-18,4,8.8,2.9,12.3,0,67.0,7.8,1.9
2026-01-18,5,10.4,6.3,14.1,0,93.0,7.8,4.7
2026-01-18,6,9.0,5.8,15.7,0,86.0,6.8,4.7
2026-01-18,7,15.8,10.0,20.7,1.6,97.0,23.6,3.6
2026-01-18,8,9.5,5.4,13.3,0,75.0,8.5,0.3
2026-01-18,9,11.4,7.4,15.3,2.3,84.0,23.4,2.8
2026-01-18,10,10.9,6.0,17.4,0.7,78.0,14.7,1.3
2026-01-18,11,13.3,8.6,19.1,0,81.0,12.7,2.1
2026-01-18,12,12.9,7.8,16.4,0,71.0,17.3,2.0
2026-01-18,13,7.4,3.5,13.5,5.8,55.0,16.2,0.9
2026-01-18,14,11.8,7.3,16.2,0.2,59.0,10.3,1.7
2026-01-18,15,8.3,3.8,11.4,0.5,90.0,14.1,4.6
2026-01-18,16,10.0,6.4,13.7,0,67.0,20.7,0.1
2026-01-18,17,10.2,6.4,13.9,0,60.0,10.6,1.1
2026-01-18,18,6.0,2.7,11.3,7.3,49.0,19.5,4.6
2026-01-18,19,9.5,5.0,15.8,0,81.0,9.6,0
2026-01-18,20,8.5,3.3,13.0,0.1,68.0,15.3,0
2026-01-18,21,7.5,2.0,11.5,0,61.0,18.7,2.6
2026-01-18,22,8.0,3.1,13.6,4.0,69.0,8.9,0.9
2026-01-18,23,10.7,6.0,15.7,0,33.0,25.8,2.7
2026-01-18,24,7.7,4.3,10.8,0,83.0,20.0,3.4
2026-01-18,25,7.3,1.4,13.6,0.0,56.0,8.2,1.1
2026-01-19,1,10.4,5.5,15.8,0,86.0,11.1,3.7
2026-01-19,2,11.9,6.0,15.6,2.9,81.0,16.3,4.3
2026-01-19,3,8.4,3.5,14.7,0,68.0,19.0,1.3
2026-01-19,4,10.8,5.2,16.5,0,70.0,9.2,4.6
2026-01-19,5,11.6,8.5,18.5,1.3,82.0,23.4,6.9
2026-01-19,6,10.4,6.0,16.5,1.8,85.0,17.2,2.3
2026-01-19,7,9.9,6.4,16.0,3.8,84.0,15.7,0.8
2026-01-19,8,13.0,7.8,16.6,0,77.0,14.6,1.7
2026-01-19,9,9.3,5.9,15.0,0,60.0,11.1,0.2
2026-01-19,10,11.6,8.2,18.2,0,64.0,3.1,3.5
2026-01-19,11,7.8,1.9,14.0,0,87.0,14.0,1.5
2026-01-19,12,12.2,7.0,16.0,0,76.0,12.0,3.6
2026-01-19,13,7.6,2.8,12.9,0,66.0,24.5,1.3
2026-01-19,14,11.2,5.2,17.3,0,68.0,2.1,2.8
2026-01-19,15,11.5,8.5,17.5,0,83.0,4.9,3.0
2026-01-19,16,9.0,3.4,14.1,0,79.0,17.0,0.8
2026-01-19,17,10.5,4.5,14.6,0,61.0,2.1,2.5
2026-01-19,18,4.4,0.5,9.3,3.4,54.0,22.7,1.2
2026-01-19,19,12.1,7.6,15.9,0,53.0,17.8,2.4
2026-01-19,20,12.6,7.3,19.6,0.1,69.0,7.9,4.1
2026-01-19,21,7.8,2.6,11.1,0.1,88.0,27.9,3.7
2026-01-19,22,9.3,4.3,15.0,1.4,69.0,11.4,3.7
2026-01-19,23,8.1,4.9,11.1,0,32.0,14.2,0.8
2026-01-19,24,10.5,7.0,15.3,2.5,67.0,8.9,2.7
2026-01-19,25,6.0,1.7,10.5,0,65.0,20.1,2.5
2026-01-20,1,10.6,6.2,15.6,12.7,78.0,29.0,2.3
2026-01-20,2,10.6,4.9,16.1,0,96.0,17.1,3.7
2026-01-20,3,9.6,4.1,14.3,4.2,69.0,15.1,3.5
2026-01-20,4,12.5,7.4,16.2,0,88.0,19.2,1.6
2026-01-20,5,9.2,3.9,15.6,0.1,82.0,28.8,5.1
2026-01-20,6,10.5,6.7,15.3,0,69.0,8.3,4.4
2026-01-20,7,10.2,5.3,14.7,0,78.0,17.9,1.6
2026-01-20,8,13.5,8.9,20.0,1.7,71.0,12.7,2.0
2026-01-20,9,9.2,6.2,13.1,2.0,68.0,14.4,1.9
2026-01-20,10,11.0,6.2,17.1,0,69.0,13.9,4.0
2026-01-20,11,13.8,9.8,20.3,0,88.0,21.0,3.9
2026-01-20,12,9.2,4.6,12.3,0,74.0,8.8,4.4
2026-01-20,13,3.8,0.1,10.4,1.7,50.0,13.4,2.3
2026-01-20,14,11.0,7.0,17.5,0,56.0,17.5,3.0
2026-01-20,15,9.5,4.2,14.1,0.0,90.0,25.8,4.4
2026-01-20,16,12.7,8.4,19.1,0,88.0,3.9,4.0
2026-01-20,17,9.6,5.8,15.6,0,46.0,19.1,3.5
2026-01-20,18,3.7,-0.8,10.3,0,56.0,10.6,2.2
2026-01-20,19,11.9,8.3,18.3,0,66.0,7.8,0
2026-01-20,20,11.0,5.8,17.6,0.3,71.0,11.0,2.1
2026-01-20,21,6.4,1.6,11.0,6.3,59.0,18.5,1.7
2026-01-20,22,7.0,2.2,12.4,1.1,57.0,32.5,4.4
2026-01-20,23,5.6,2.6,10.6,0,36.0,15.5,1.4
2026-01-20,24,9.9,4.1,14.0,0,75.0,16.5,0.3
2026-01-20,25,6.1,2.9,10.0,0,46.0,10.2,2.7
2026-01-21,1,9.2,5.4,12.3,8.9,72.0,6.8,7.9
2026-01-21,2,10.4,5.8,13.5,0,64.0,17.5,3.8
2026-01-21,3,10.2,5.7,13.8,0,66.0,23.0,4.8
2026-01-21,4,9.9,5.0,13.9,0,73.0,20.9,2.9
2026-01-21,5,9.2,3.3,16.1,3.9,80.0,15.7,2.3
2026-01-21,6,11.6,7.5,14.7,0.7,86.0,11.6,4.3
2026-01-21,7,9.9,5.7,13.6,0,76.0,20.0,2.2
2026-01-21,8,10.7,5.3,16.4,1.8,75.0,11.8,5.0
2026-01-21,9,10.9,7.3,17.7,0.3,76.0,19.2,2.1
2026-01-21,10,11.9,6.2,15.7,0.6,75.0,14.9,2.5
2026-01-21,11,11.1,7.4,16.8,1.0,58.0,16.9,2.7
2026-01-21,12,9.3,5.3,13.8,0,69.0,16.1,2.2
2026-01-21,13,8.3,5.0,14.1,0.4,54.0,24.4,3.3
2026-01-21,14,10.4,5.3,13.9,0,65.0,18.4,2.2
2026-01-21,15,10.6,4.7,13.8,7.4,75.0,14.6,0
2026-01-21,16,8.5,3.0,14.3,5.5,65.0,18.0,5.6
2026-01-21,17,8.5,4.9,13.4,0,56.0,13.3,4.6
2026-01-21,18,5.0,0.4,10.9,0,53.0,9.1,2.8
2026-01-21,19,12.2,7.6,17.3,0,54.0,18.7,3.7
2026-01-21,20,10.9,6.6,17.6,0,67.0,23.4,1.8
2026-01-21,21,7.8,2.0,13.1,0.3,77.0,11.2,1.2
2026-01-21,22,6.4,2.1,11.4,0,61.0,22.8,3.0
2026-01-21,23,9.8,5.1,12.8,0,44.0,20.1,2.9
2026-01-21,24,11.8,6.6,16.1,0,77.0,22.8,1.6
2026-01-21,25,7.5,2.0,11.5,0,67.0,18.5,1.9
2026-01-22,1,9.3,5.7,14.9,4.1,62.0,34.3,0.8
2026-01-22,2,10.4,6.1,13.5,0.8,61.0,18.2,2.9
2026-01-22,3,11.0,5.4,16.1,3.3,75.0,10.1,2.2
2026-01-22,4,10.8,6.8,14.0,1.4,79.0,14.5,1.5
2026-01-22,5,9.0,4.6,15.3,2.4,73.0,16.3,2.9
2026-01-22,6,10.1,4.7,16.8,14.9,77.0,20.3,4.5
2026-01-22,7,12.2,6.7,18.8,0,81.0,3.9,5.1
2026-01-22,8,8.1,4.3,12.8,0,76.0,16.0,5.7
2026-01-22,9,12.6,6.8,15.7,0.4,83.0,4.5,2.4
2026-01-22,10,11.4,8.2,15.5,1.1,64.0,19.6,2.2
2026-01-22,11,9.9,4.5,13.0,0,73.0,17.6,2.2
2026-01-22,12,11.4,7.9,17.0,0,76.0,8.1,1.2
2026-01-22,13,7.2,1.4,13.1,0,59.0,5.8,3.1
2026-01-22,14,11.4,7.4,17.5,0,74.0,20.4,1.9
2026-01-22,15,10.9,5.2,17.5,0,87.0,10.6,1.4
2026-01-22,16,13.6,9.2,19.9,0,79.0,16.7,5.0
2026-01-22,17,8.7,5.7,11.9,0.9,60.0,14.1,4.0
2026-01-22,18,8.0,2.8,11.8,3.3,40.0,2.2,1.5
2026-01-22,19,10.7,6.0,15.6,0,59.0,20.2,2.1
2026-01-22,20,14.1,10.4,21.0,0,76.0,27.4,1.9
2026-01-22,21,7.1,3.4,13.0,3.4,75.0,5.6,4.1
2026-01-22,22,10.3,7.0,14.3,0,80.0,28.3,4.5
2026-01-22,23,9.8,5.0,14.0,0,50.0,23.2,4.4
2026-01-22,24,8.7,4.8,11.8,0,84.0,21.2,0.2
2026-01-22,25,7.1,3.0,12.8,3.6,56.0,36.1,2.0
2026-01-23,1,12.4,8.9,19.1,3.9,80.0,7.0,0.3
2026-01-23,2,12.0,8.4,15.3,2.1,64.0,9.3,6.4
2026-01-23,3,7.1,3.9,13.3,12.6,59.0,22.9,5.1
2026-01-23,4,8.5,3.3,13.3,0.8,73.0,9.6,4.0
2026-01-23,5,9.3,4.6,13.8,4.9,86.0,13.3,3.4
2026-01-23,6,12.4,8.8,19.3,0.1,82.0,21.5,1.4
2026-01-23,7,13.0,9.1,17.2,0,77.0,21.9,3.0
2026-01-23,8,9.3,5.1,13.8,0,73.0,15.2,4.6
2026-01-23,9,13.2,7.5,19.6,2.5,61.0,33.5,3.4
2026-01-23,10,11.2,6.7,14.9,0,71.0,13.7,5.4
2026-01-23,11,8.0,4.9,13.5,7.7,66.0,16.9,1.3
2026-01-23,12,11.4,7.1,16.9,0.4,77.0,13.1,2.8
2026-01-23,13,8.3,4.6,14.3,0.7,67.0,21.0,4.8
2026-01-23,14,12.5,8.3,17.7,1.5,82.0,19.1,2.2
2026-01-23,15,10.7,5.2,15.1,10.7,78.0,15.0,4.8
2026-01-23,16,10.1,4.9,15.5,0,92.0,9.8,2.3
2026-01-23,17,9.2,4.2,12.9,0,53.0,12.6,2.3
2026-01-23,18,7.2,4.2,12.4,0,53.0,3.7,0
2026-01-23,19,14.2,8.6,17.6,0,60.0,14.1,3.0
2026-01-23,20,13.9,10.6,17.6,0,62.0,14.0,3.2
2026-01-23,21,4.9,1.5,8.2,0,58.0,21.6,0.7
2026-01-23,22,8.8,4.5,11.9,0,71.0,20.1,3.0
2026-01-23,23,8.5,4.5,15.1,0.3,45.0,11.9,3.5
2026-01-23,24,11.1,6.4,17.5,0,59.0,18.5,3.4
2026-01-23,25,7.4,2.8,12.4,0,65.0,17.7,2.9
2026-01-24,1,10.7,7.5,13.9,0,77.0,2.2,3.2
2026-01-24,2,11.9,8.6,15.6,5.2,66.0,10.1,1.4
2026-01-24,3,9.3,5.5,14.6,1.3,76.0,17.5,2.7
2026-01-24,4,11.4,7.1,17.7,0,56.0,13.1,0.4
2026-01-24,5,9.9,5.6,16.4,0,84.0,9.8,2.3
2026-01-24,6,11.5,8.3,14.8,0,73.0,13.4,4.3
2026-01-24,7,9.7,6.1,15.6,0,91.0,4.6,0.8
2026-01-24,8,13.0,7.2,17.7,0,70.0,14.3,0.6
2026-01-24,9,10.6,6.3,17.3,0,73.0,22.0,2.7
2026-01-24,10,8.3,2.6,13.2,0,72.0,23.8,1.8
2026-01-24,11,11.2,5.3,16.6,0,78.0,20.2,0.5
2026-01-24,12,10.6,4.8,14.4,4.8,71.0,23.4,1.5
2026-01-24,13,8.6,4.6,13.9,0,59.0,15.9,3.0
2026-01-24,14,12.6,7.6,18.8,0,69.0,3.0,4.5
2026-01-24,15,8.9,3.9,13.5,0,86.0,12.6,1.9
2026-01-24,16,8.7,5.0,11.9,0,63.0,14.1,4.3
2026-01-24,17,8.7,5.2,15.3,0,64.0,12.3,0.1
2026-01-24,18,7.2,4.2,11.7,0,53.0,4.1,4.6
2026-01-24,19,10.9,5.8,17.4,0,54.0,19.9,3.2
2026-01-24,20,11.2,7.5,18.0,0,77.0,3.9,5.2
2026-01-24,21,7.3,3.3,10.4,5.8,63.0,6.6,4.1
2026-01-24,22,10.9,6.7,17.4,0,54.0,2.6,2.8
2026-01-24,23,10.0,6.0,16.9,0,54.0,10.7,3.0
2026-01-24,24,8.4,4.7,12.9,0,75.0,9.2,2.9
2026-01-24,25,7.7,1.8,13.4,0,60.0,13.7,2.5
2026-01-25,1,11.9,7.6,18.8,2.2,69.0,12.2,1.4
2026-01-25,2,10.5,7.2,17.0,0.1,65.0,19.5,3.3
2026-01-25,3,11.6,6.8,16.4,1.9,82.0,29.4,4.9
2026-01-25,4,10.3,4.6,13.6,0.4,70.0,1.2,3.2
2026-01-25,5,9.6,6.2,16.3,0,87.0,4.6,3.0
2026-01-25,6,10.4,6.4,16.3,0,67.0,26.5,3.0
2026-01-25,7,9.2,3.5,13.0,3.9,86.0,8.8,1.4
2026-01-25,8,11.7,7.6,16.9,0.6,91.0,8.6,1.6
2026-01-25,9,15.9,11.4,21.5,1.2,80.0,13.2,2.3
2026-01-25,10,11.1,5.8,16.8,0,77.0,31.7,2.6
2026-01-25,11,11.5,6.1,15.4,0.3,77.0,19.4,2.9
2026-01-25,12,10.7,7.3,15.0,0,76.0,6.0,7.1
2026-01-25,13,10.6,7.4,14.3,0,49.0,20.8,1.8
2026-01-25,14,14.2,9.5,17.6,0,63.0,13.9,1.6
2026-01-25,15,10.6,5.6,14.1,4.8,80.0,27.9,2.8
2026-01-25,16,10.1,5.5,13.5,2.8,77.0,6.6,3.0
2026-01-25,17,7.1,4.0,11.4,0,61.0,26.9,4.7
2026-01-25,18,3.7,0.7,10.1,0,44.0,2.9,1.7
2026-01-25,19,16.7,11.5,20.7,1.6,63.0,8.0,0.9
2026-01-25,20,16.9,12.8,20.8,0,64.0,25.4,2.4
2026-01-25,21,8.0,4.7,13.8,3.3,60.0,13.1,0.1
2026-01-25,22,10.1,6.4,16.7,0.9,62.0,7.6,2.4
2026-01-25,23,10.6,4.9,14.9,0.1,41.0,3.1,3.7
2026-01-25,24,9.5,4.8,16.1,0,61.0,14.1,3.8
2026-01-25,25,7.6,4.1,12.4,0,49.0,11.6,1.3
2026-01-26,1,11.7,6.2,17.0,0.5,68.0,14.2,4.1
2026-01-26,2,10.0,6.3,13.1,0,70.0,14.6,4.6
2026-01-26,3,8.1,2.4,12.6,2.0,75.0,3.1,2.0
2026-01-26,4,12.4,7.6,17.3,6.4,75.0,8.9,2.5
2026-01-26,5,11.1,7.1,16.3,0,85.0,24.5,3.1
2026-01-26,6,8.8,4.7,12.3,4.1,86.0,13.3,3.0
2026-01-26,7,11.5,8.0,15.1,7.2,59.0,16.2,5.1
2026-01-26,8,13.2,9.2,18.3,0,66.0,21.6,0.4
2026-01-26,9,9.6,5.5,16.3,0.5,89.0,23.7,5.5
2026-01-26,10,10.1,4.7,16.4,0,75.0,17.2,4.9
2026-01-26,11,10.5,7.5,16.3,0,78.0,3.5,0.9
2026-01-26,12,11.2,7.1,15.5,0,72.0,13.6,3.7
2026-01-26,13,7.7,4.7,11.3,0,66.0,17.0,6.2
2026-01-26,14,12.2,9.1,15.9,0,63.0,6.0,2.7
2026-01-26,15,8.3,3.1,12.8,3.7,83.0,14.0,1.4
2026-01-26,16,14.5,11.1,17.7,4.8,73.0,29.7,1.4
2026-01-26,17,11.4,5.5,17.5,0,60.0,24.2,2.7
2026-01-26,18,4.7,-0.7,11.4,0.5,66.0,14.0,5.6
2026-01-26,19,13.9,10.6,18.8,0,57.0,14.0,2.5
2026-01-26,20,11.2,8.0,15.6,0,57.0,6.1,0.3
2026-01-26,21,5.8,1.0,11.5,0,58.0,19.0,2.7
2026-01-26,22,6.1,1.1,11.1,14.4,76.0,3.8,4.0
2026-01-26,23,11.9,6.5,16.3,0,50.0,8.5,3.2
2026-01-26,24,11.0,6.4,17.6,0.2,70.0,23.2,3.0
2026-01-26,25,7.3,2.9,13.6,0.1,47.0,17.5,1.6
2026-01-27,1,8.8,2.9,11.9,12.4,80.0,6.6,5.4
2026-01-27,2,11.3,6.0,14.7,2.1,79.0,3.8,1.4
2026-01-27,3,7.7,3.1,14.5,1.6,65.0,13.0,1.9
2026-01-27,4,11.6,5.8,14.9,3.1,69.0,33.3,0.8
2026-01-27,5,8.0,2.4,11.6,0.8,81.0,14.8,4.9
2026-01-27,6,8.6,5.0,13.3,2.2,75.0,28.2,3.3
2026-01-27,7,11.5,5.8,17.0,0,77.0,3.7,2.9
2026-01-27,8,12.2,9.0,16.3,0,69.0,11.6,2.2
2026-01-27,9,10.7,7.2,17.4,1.7,66.0,16.9,5.3
2026-01-27,10,12.0,8.7,15.8,0,61.0,7.4,1.9
2026-01-27,11,7.7,1.9,12.2,0,87.0,14.3,4.4
2026-01-27,12,12.1,8.4,17.8,3.3,82.0,9.4,3.9
2026-01-27,13,8.1,4.1,14.0,3.1,64.0,5.6,4.5
2026-01-27,14,12.6,7.1,18.3,0,72.0,15.8,3.2
2026-01-27,15,12.2,8.5,18.5,0,80.0,12.7,5.3
2026-01-27,16,9.8,4.8,15.9,0,72.0,23.8,6.0
2026-01-27,17,6.3,1.9,11.2,0,45.0,5.6,4.1
2026-01-27,18,5.5,-0.5,9.6,0,61.0,14.6,2.9
2026-01-27,19,11.8,6.4,16.9,0,64.0,11.6,3.2
2026-01-27,20,10.5,6.0,17.4,0,49.0,11.8,4.0
2026-01-27,21,9.1,5.8,14.9,0,71.0,21.3,4.8
2026-01-27,22,8.2,4.5,11.4,0,79.0,14.4,4.2
2026-01-27,23,12.6,8.3,18.3,0,33.0,19.6,0.7
2026-01-27,24,12.9,9.5,18.1,0,95.0,20.4,1.9
2026-01-27,25,9.1,3.9,15.9,0,59.0,10.8,3.3
2026-01-28,1,9.9,6.2,15.5,0,84.0,20.2,3.2
2026-01-28,2,8.2,4.1,14.6,1.9,59.0,14.0,1.1
2026-01-28,3,11.8,6.0,14.8,0,85.0,19.4,4.1
2026-01-28,4,12.4,8.3,18.7,1.7,80.0,20.1,1.8
2026-01-28,5,10.1,6.3,13.6,0,80.0,16.1,5.8
2026-01-28,6,12.0,8.0,16.6,4.0,67.0,9.6,1.1
2026-01-28,7,11.4,5.5,18.0,0,93.0,20.7,3.1
2026-01-28,8,12.1,8.8,18.4,0,69.0,6.5,3.8
2026-01-28,9,12.5,8.0,17.8,0,83.0,1.6,2.0
2026-01-28,10,11.0,5.9,15.3,0,76.0,19.2,1.8
2026-01-28,11,11.8,6.1,16.0,0.8,82.0,19.9,3.4
2026-01-28,12,14.8,10.5,18.4,0,56.0,28.9,1.5
2026-01-28,13,10.6,6.6,15.8,0.2,63.0,13.0,3.9
2026-01-28,14,13.0,9.7,17.4,0,68.0,16.5,1.6
2026-01-28,15,9.7,5.7,13.8,13.7,93.0,13.5,1.6
2026-01-28,16,13.1,7.2,16.8,3.1,77.0,15.6,3.2
2026-01-28,17,5.7,2.0,11.4,0,48.0,7.2,4.3
2026-01-28,18,5.9,1.3,9.6,1.5,63.0,25.0,2.7
2026-01-28,19,11.2,7.0,16.9,0,57.0,14.4,4.6
2026-01-28,20,13.4,10.2,18.3,0,59.0,5.8,4.2
2026-01-28,21,9.2,3.4,12.4,6.6,63.0,13.0,2.9
2026-01-28,22,9.6,4.1,14.2,10.0,79.0,8.7,1.7
2026-01-28,23,11.9,7.5,18.4,0,35.0,1.2,3.4
2026-01-28,24,11.0,7.0,17.9,1.0,59.0,14.6,3.3
2026-01-28,25,11.6,6.2,15.6,2.7,55.0,4.2,2.7
2026-01-29,1,12.8,9.4,17.4,0,73.0,22.3,6.3
2026-01-29,2,9.5,6.2,13.6,4.7,85.0,14.9,0
2026-01-29,3,12.6,7.8,17.6,0,71.0,12.4,1.8
2026-01-29,4,13.3,9.6,20.3,0,71.0,10.9,5.5
2026-01-29,5,10.4,5.3,13.5,0.1,78.0,17.8,2.9
2026-01-29,6,7.9,4.8,11.0,0,67.0,15.9,2.6
2026-01-29,7,12.1,8.7,17.2,0,58.0,18.4,4.6
2026-01-29,8,13.3,9.5,16.4,0,81.0,7.2,1.0
2026-01-29,9,10.7,6.4,13.9,1.6,66.0,9.6,3.4
2026-01-29,10,11.2,5.3,16.1,0,72.0,4.6,2.6
2026-01-29,11,12.2,7.6,15.6,0.6,57.0,2.2,2.2
2026-01-29,12,11.5,6.0,17.0,0,72.0,22.4,3.0
2026-01-29,13,8.4,4.3,13.6,2.9,61.0,9.1,4.6
2026-01-29,14,12.7,9.6,16.0,0,72.0,28.4,6.9
2026-01-29,15,11.0,5.3,17.3,0,98.0,17.9,3.5
2026-01-29,16,12.5,7.9,17.1,0,67.0,12.0,2.2
2026-01-29,17,9.0,5.7,13.3,0.9,38.0,10.8,4.3
2026-01-29,18,5.0,-0.2,10.7,0,60.0,21.4,2.6
2026-01-29,19,12.0,7.8,18.2,0,62.0,24.1,2.8
2026-01-29,20,9.7,4.5,13.3,0.4,64.0,3.0,5.1
2026-01-29,21,10.0,4.3,13.9,3.7,69.0,24.9,3.3
2026-01-29,22,8.0,4.6,12.7,5.0,67.0,24.2,4.1
2026-01-29,23,10.0,4.9,13.7,0,31.0,13.1,6.0
2026-01-29,24,12.5,7.1,19.3,7.4,69.0,17.8,3.8
2026-01-29,25,4.9,0.9,11.8,0,50.0,12.0,2.9
2026-01-30,1,12.5,7.6,17.1,0,81.0,9.6,2.2
2026-01-30,2,9.7,4.2,16.0,0,62.0,16.4,3.9
2026-01-30,3,12.7,7.9,15.9,0,69.0,9.8,4.8
2026-01-30,4,9.8,5.9,16.3,0,64.0,14.9,2.3
2026-01-30,5,12.6,7.3,15.9,0.0,72.0,12.2,3.3
2026-01-30,6,11.5,6.5,17.1,0,93.0,30.9,5.5
2026-01-30,7,11.7,7.9,16.3,0,83.0,18.6,1.3
2026-01-30,8,15.5,9.7,20.0,0.5,67.0,22.7,3.8
2026-01-30,9,9.2,4.6,13.7,3.0,72.0,12.1,2.2
2026-01-30,10,13.5,9.1,16.9,0,79.0,7.7,1.3
2026-01-30,11,11.4,6.6,16.5,0,78.0,16.2,1.8
2026-01-30,12,14.4,9.4,19.8,1.4,70.0,5.8,4.0
2026-01-30,13,11.1,5.9,16.0,0,55.0,10.5,1.1
2026-01-30,14,13.8,8.9,18.6,0,61.0,16.5,5.4
2026-01-30,15,8.9,3.4,15.7,0,90.0,11.5,2.9
2026-01-30,16,9.9,4.3,16.6,0,71.0,13.6,4.0
2026-01-30,17,9.1,3.9,14.0,0,45.0,22.6,1.2
2026-01-30,18,5.1,0.5,11.7,0,60.0,12.3,1.7
2026-01-30,19,10.6,5.4,15.4,0.2,65.0,2.9,3.4
2026-01-30,20,12.4,7.3,16.7,1.3,65.0,14.4,3.5
2026-01-30,21,8.3,4.9,14.6,4.2,58.0,19.2,3.9
2026-01-30,22,6.6,2.4,13.2,2.3,51.0,13.1,2.8
2026-01-30,23,8.3,4.7,14.9,0,41.0,23.9,3.8
2026-01-30,24,12.2,7.7,18.3,0,62.0,18.2,3.0
2026-01-30,25,9.2,6.0,15.7,0.2,59.0,15.6,5.0
2026-01-31,1,12.5,7.0,17.7,0,66.0,8.8,3.0
2026-01-31,2,14.4,11.1,21.0,1.9,70.0,18.2,1.3
2026-01-31,3,11.0,6.8,16.0,0,85.0,38.3,2.0
2026-01-31,4,9.4,4.3,15.0,0,85.0,26.8,1.7
2026-01-31,5,10.2,7.1,15.5,0,85.0,7.6,3.5
2026-01-31,6,13.7,8.8,19.1,0,87.0,9.9,1.7
2026-01-31,7,13.5,9.1,18.1,0,72.0,15.3,4.2
2026-01-31,8,13.2,9.0,17.6,5.6,68.0,13.5,0.6
2026-01-31,9,8.5,4.7,14.5,0,67.0,12.0,3.9
2026-01-31,10,12.0,8.7,17.0,0,92.0,21.3,4.8
2026-01-31,11,12.8,8.4,18.8,0,79.0,8.3,2.2
2026-01-31,12,13.4,9.9,17.8,0,81.0,15.7,1.3
2026-01-31,13,9.1,5.7,12.9,0,61.0,18.5,2.0
2026-01-31,14,13.1,9.4,17.6,0,65.0,32.5,4.6
2026-01-31,15,10.3,6.6,16.5,0,90.0,31.0,4.4
2026-01-31,16,13.8,8.2,17.7,0,80.0,13.5,2.7
2026-01-31,17,9.7,4.8,14.9,0,57.0,10.9,2.2
2026-01-31,18,5.3,1.9,10.1,0,58.0,10.0,6.0
2026-01-31,19,14.0,9.8,18.5,0,71.0,15.8,2.4
2026-01-31,20,12.1,9.0,17.5,0,71.0,8.2,2.5
2026-01-31,21,8.4,3.2,15.3,6.9,63.0,15.7,0.1
2026-01-31,22,7.0,1.2,11.6,0,74.0,27.8,4.0
2026-01-31,23,15.6,12.1,20.3,0,52.0,7.6,1.1
2026-01-31,24,9.9,6.0,13.0,4.5,76.0,17.2,1.8
2026-01-31,25,7.7,3.1,11.7,0,50.0,11.5,2.9
2026-02-01,1,10.9,5.9,17.3,6.2,82.0,21.7,2.6
2026-02-01,2,11.9,8.5,15.5,0,68.0,17.7,1.4
2026-02-01,3,10.6,7.4,14.7,1.5,70.0,8.6,1.0
2026-02-01,4,9.4,5.9,12.5,0,68.0,12.8,2.6
2026-02-01,5,8.6,5.3,14.1,0,60.0,10.8,2.8
2026-02-01,6,12.1,8.5,17.6,0,75.0,9.7,5.5
2026-02-01,7,13.2,8.5,17.9,0,73.0,12.6,1.3
2026-02-01,8,12.6,8.7,16.0,0,79.0,13.2,5.1
2026-02-01,9,13.9,9.2,19.0,0,67.0,19.3,6.9
2026-02-01,10,14.2,9.9,18.1,0,79.0,20.9,1.9
2026-02-01,11,9.3,4.2,15.8,0,59.0,16.4,1.1
2026-02-01,12,12.3,6.9,16.6,4.6,71.0,9.7,3.7
2026-02-01,13,12.0,6.1,17.1,0,65.0,5.8,4.4
2026-02-01,14,13.6,9.2,16.6,0,72.0,18.0,5.6
2026-02-01,15,12.4,9.0,18.4,0,83.0,8.2,2.4
2026-02-01,16,13.9,9.0,18.5,0,61.0,7.3,0.3
2026-02-01,17,12.2,8.2,17.8,0.7,50.0,27.0,2.4
2026-02-01,18,6.4,2.6,10.8,0,44.0,16.4,3.2
2026-02-01,19,15.0,11.6,21.0,0,71.0,11.8,2.0
2026-02-01,20,13.7,10.5,18.7,0,52.0,28.9,3.3
2026-02-01,21,10.2,5.1,14.1,0,58.0,16.1,6.4
2026-02-01,22,9.5,4.3,12.7,0,76.0,23.7,3.5
2026-02-01,23,11.9,6.1,18.1,0,36.0,2.8,2.9
2026-02-01,24,12.1,6.6,15.2,0,73.0,25.8,1.0
2026-02-01,25,9.2,4.9,15.1,0,44.0,19.0,4.0
2026-02-02,1,12.7,8.3,17.2,0,66.0,19.9,4.1
2026-02-02,2,8.6,4.5,15.1,18.9,68.0,27.6,2.5
2026-02-02,3,10.8,5.8,15.3,2.6,81.0,10.2,7.2
2026-02-02,4,10.1,6.1,14.9,2.4,64.0,14.1,1.7
2026-02-02,5,10.1,6.3,13.5,0,65.0,19.2,2.4
2026-02-02,6,13.9,10.9,20.7,0,78.0,16.5,5.9
2026-02-02,7,12.1,8.5,16.1,0,79.0,10.5,4.4
2026-02-02,8,12.0,8.4,17.3,1.5,73.0,4.5,6.3
2026-02-02,9,13.4,8.8,17.5,0,68.0,11.1,4.2
2026-02-02,10,13.6,8.8,17.5,3.7,58.0,6.1,4.4
2026-02-02,11,13.2,8.0,18.0,0,70.0,4.5,5.1
2026-02-02,12,11.0,7.0,17.8,0,81.0,16.8,2.5
2026-02-02,13,11.6,7.7,15.1,0,65.0,3.6,3.1
2026-02-02,14,12.2,8.8,17.8,1.1,62.0,18.0,4.1
2026-02-02,15,10.5,6.5,16.5,0,92.0,11.8,3.6
2026-02-02,16,9.2,5.5,15.2,0,80.0,15.6,2.5
2026-02-02,17,7.9,1.9,14.2,0,48.0,24.9,2.0
2026-02-02,18,4.1,-1.4,9.6,2.4,62.0,18.2,3.3
2026-02-02,19,12.7,7.9,16.3,0,75.0,30.4,4.0
2026-02-02,20,13.7,9.8,17.1,0,36.0,21.9,3.4
2026-02-02,21,8.9,3.1,13.7,2.1,67.0,13.7,4.3
2026-02-02,22,8.1,3.9,15.0,16.1,66.0,3.1,4.0
2026-02-02,23,13.7,8.1,17.3,0,42.0,18.8,3.3
2026-02-02,24,12.1,7.3,18.9,0.7,79.0,15.6,3.1
2026-02-02,25,9.8,6.0,12.8,0,47.0,1.6,4.9
2026-02-03,1,9.5,3.7,15.9,0,96.0,15.1,6.1
2026-02-03,2,13.4,10.3,19.5,0,67.0,19.7,3.1
2026-02-03,3,12.5,6.5,16.9,0,77.0,8.3,5.9
2026-02-03,4,9.0,5.9,12.8,3.1,72.0,17.5,2.2
2026-02-03,5,13.2,7.8,19.0,0,59.0,17.3,3.7
2026-02-03,6,9.8,4.1,14.6,1.8,60.0,0.3,3.0
2026-02-03,7,15.2,9.4,21.2,0,75.0,4.8,4.4
2026-02-03,8,11.3,6.9,16.3,0,69.0,15.4,3.2
2026-02-03,9,13.0,8.1,18.8,0,65.0,12.9,5.5
2026-02-03,10,13.1,8.9,19.7,3.5,68.0,12.8,2.0
2026-02-03,11,11.7,7.6,18.3,6.5,76.0,3.2,3.6
2026-02-03,12,12.0,7.9,16.2,0,78.0,19.3,3.4
2026-02-03,13,11.3,6.4,15.3,0,56.0,14.2,1.7
2026-02-03,14,12.4,8.8,15.7,2.7,73.0,35.6,5.4
2026-02-03,15,11.8,7.3,17.0,0.8,80.0,15.0,2.8
2026-02-03,16,12.6,8.7,18.4,3.3,73.0,8.3,4.7
2026-02-03,17,10.7,5.8,14.1,0,48.0,18.7,2.8
2026-02-03,18,6.2,2.4,10.4,7.9,52.0,10.2,5.0
2026-02-03,19,16.4,11.4,20.7,0,65.0,12.2,4.5
2026-02-03,20,12.9,8.2,18.6,0,63.0,24.5,2.8
2026-02-03,21,5.0,-0.1,10.9,2.3,81.0,22.3,2.7
2026-02-03,22,9.5,4.1,15.7,0.9,70.0,15.5,4.2
2026-02-03,23,12.3,7.3,17.1,0,44.0,10.5,3.7
2026-02-03,24,12.6,6.9,16.0,0.8,85.0,16.0,2.9
2026-02-03,25,10.0,6.5,15.0,0,69.0,13.9,3.6
2026-02-04,1,11.4,7.0,14.9,2.2,84.0,10.4,3.7
2026-02-04,2,10.6,7.1,16.9,0,77.0,39.6,1.3
2026-02-04,3,13.3,7.4,17.4,0,63.0,5.0,1.5
2026-02-04,4,13.8,9.7,17.2,0.9,69.0,13.9,5.7
2026-02-04,5,8.7,3.0,14.2,2.3,68.0,14.8,3.3
2026-02-04,6,11.7,7.0,16.6,9.9,76.0,5.5,4.3
2026-02-04,7,12.2,6.2,15.4,2.0,85.0,11.6,2.4
2026-02-04,8,13.9,9.7,19.0,4.2,80.0,15.7,2.7
2026-02-04,9,11.6,6.1,15.1,0.9,83.0,12.2,3.7
2026-02-04,10,14.5,10.4,18.6,0,68.0,16.0,3.5
2026-02-04,11,14.1,10.5,20.3,1.0,69.0,18.4,3.0
2026-02-04,12,11.9,8.8,14.9,0,87.0,6.8,1.0
2026-02-04,13,11.0,7.6,16.6,0.3,63.0,31.6,3.0
2026-02-04,14,16.2,11.0,21.9,0.8,71.0,31.6,2.0
2026-02-04,15,11.1,5.4,18.0,0,76.0,3.3,1.3
2026-02-04,16,14.5,9.3,18.2,3.6,69.0,13.3,0.9
2026-02-04,17,8.7,5.2,14.5,0,48.0,10.6,3.6
2026-02-04,18,6.8,2.6,12.0,0,55.0,4.2,3.8
2026-02-04,19,12.6,6.9,16.5,0,50.0,6.5,3.0
2026-02-04,20,11.5,5.6,16.4,0,71.0,22.5,5.9
2026-02-04,21,6.5,0.8,11.1,5.2,49.0,15.5,3.8
2026-02-04,22,11.3,7.1,16.2,0,61.0,23.1,3.9
2026-02-04,23,12.5,7.1,15.7,0,44.0,8.7,2.7
2026-02-04,24,12.3,8.8,18.9,0,86.0,11.1,6.3
2026-02-04,25,10.2,6.7,15.0,0,58.0,0.5,2.1
2026-02-05,1,10.8,5.3,15.5,0,60.0,14.6,5.7
2026-02-05,2,10.9,7.2,15.0,1.6,77.0,6.4,5.4
2026-02-05,3,12.3,7.8,16.3,0,67.0,13.3,4.8
2026-02-05,4,12.5,8.1,16.2,0,77.0,17.3,1.0
2026-02-05,5,13.2,8.6,16.8,0.6,93.0,15.0,2.6
2026-02-05,6,11.6,8.6,16.8,0,65.0,17.8,5.4
2026-02-05,7,13.2,9.2,16.5,5.9,84.0,13.9,3.3
2026-02-05,8,10.5,6.8,15.2,0,88.0,15.7,1.9
2026-02-05,9,15.4,9.4,21.9,0,56.0,5.9,2.8
2026-02-05,10,14.1,8.3,18.1,1.8,81.0,14.3,3.1
2026-02-05,11,13.8,10.1,19.1,5.4,88.0,0.1,4.9
2026-02-05,12,10.8,6.9,15.5,2.6,76.0,16.0,3.7
2026-02-05,13,11.0,6.0,16.4,0,57.0,1.5,1.7
2026-02-05,14,11.8,7.8,16.5,0,63.0,20.3,3.8
2026-02-05,15,10.4,5.7,14.6,0,80.0,30.4,2.7
2026-02-05,16,13.4,7.9,18.4,1.9,75.0,7.3,2.7
2026-02-05,17,11.0,8.0,15.1,0,45.0,25.8,1.3
2026-02-05,18,6.5,1.9,10.5,0,61.0,14.8,2.8
2026-02-05,19,11.4,7.6,15.5,0,64.0,14.1,1.3
2026-02-05,20,14.4,11.3,18.7,0,61.0,7.9,6.2
2026-02-05,21,7.2,3.7,12.4,16.4,69.0,16.2,2.5
2026-02-05,22,9.9,6.1,14.7,0.3,67.0,28.8,1.5
2026-02-05,23,15.9,10.5,22.7,0,29.0,20.0,2.7
2026-02-05,24,12.5,8.9,15.7,1.2,67.0,24.2,4.5
2026-02-05,25,9.2,5.2,13.9,0,35.0,8.6,2.5
2026-02-06,1,11.2,5.8,16.2,0,67.0,31.0,4.3
2026-02-06,2,8.9,5.4,13.7,0,62.0,20.9,2.5
2026-02-06,3,12.6,8.6,17.8,0,81.0,23.3,3.4
2026-02-06,4,9.1,3.8,15.3,3.0,67.0,11.6,1.4
2026-02-06,5,11.2,6.7,17.7,9.5,78.0,14.4,5.8
2026-02-06,6,11.7,7.3,15.2,5.4,56.0,12.5,2.7
2026-02-06,7,11.6,6.7,16.5,1.3,64.0,15.1,3.6
2026-02-06,8,12.8,8.4,19.7,0,82.0,16.3,3.7
2026-02-06,9,13.8,10.6,18.1,0,72.0,10.8,5.2
2026-02-06,10,14.5,9.6,19.3,0,74.0,25.2,3.4
2026-02-06,11,14.0,8.4,20.3,3.4,88.0,24.4,1.7
2026-02-06,12,10.4,4.9,14.5,2.2,71.0,23.4,5.2
2026-02-06,13,11.2,5.6,17.1,0,53.0,17.8,2.9
2026-02-06,14,16.0,11.9,19.8,2.6,73.0,17.1,5.1
2026-02-06,15,9.3,3.5,13.1,17.7,76.0,33.7,4.5
2026-02-06,16,13.1,7.7,16.3,0,62.0,2.0,3.9
2026-02-06,17,9.8,6.8,13.4,0,50.0,25.5,5.9
2026-02-06,18,5.2,-0.5,9.6,4.3,54.0,8.8,2.9
2026-02-06,19,15.6,10.2,19.8,0,67.0,4.6,1.7
2026-02-06,20,13.7,8.5,18.6,0,55.0,19.5,7.0
2026-02-06,21,9.0,4.9,13.3,3.1,65.0,24.5,2.5
2026-02-06,22,11.9,8.6,16.9,0,67.0,16.4,3.0
2026-02-06,23,11.9,6.4,16.1,0,50.0,2.2,3.6
2026-02-06,24,10.5,5.2,14.6,0,55.0,1.3,3.6
2026-02-06,25,7.7,1.9,14.5,0,54.0,22.9,0.5
2026-02-07,1,13.9,9.3,18.2,0,72.0,4.7,5.3
2026-02-07,2,9.8,5.2,16.4,0,52.0,7.7,3.6
2026-02-07,3,14.2,10.1,18.4,3.1,62.0,25.9,2.8
2026-02-07,4,12.1,8.3,18.0,0,60.0,15.4,4.6
2026-02-07,5,12.3,7.4,17.2,0,78.0,2.0,3.4
2026-02-07,6,11.2,6.2,15.6,0,78.0,9.9,4.3
2026-02-07,7,14.1,10.5,17.7,0,68.0,29.7,5.7
2026-02-07,8,13.4,8.7,18.1,0.0,79.0,14.7,4.2
2026-02-07,9,11.3,7.2,15.1,0,72.0,11.2,1.7
2026-02-07,10,11.3,7.4,15.1,0,72.0,17.2,2.2
2026-02-07,11,13.7,8.4,16.9,0,86.0,18.0,3.7
2026-02-07,12,12.4,8.0,18.3,0,67.0,20.4,4.3
2026-02-07,13,14.3,9.1,20.3,0,63.0,6.4,1.9
2026-02-07,14,15.7,11.3,19.8,0,77.0,11.6,3.6
2026-02-07,15,11.9,8.8,18.7,0,81.0,20.6,3.9
2026-02-07,16,14.4,10.6,19.1,0,75.0,5.9,6.5
2026-02-07,17,11.5,6.5,14.5,0,47.0,21.2,3.5
2026-02-07,18,8.4,3.0,13.0,0,59.0,13.8,3.4
2026-02-07,19,12.8,8.0,17.2,0,44.0,24.5,3.2
2026-02-07,20,14.4,10.1,18.1,0,62.0,17.1,5.3
2026-02-07,21,10.0,6.3,13.4,0.4,63.0,12.4,2.9
2026-02-07,22,9.5,5.3,12.9,3.4,76.0,13.0,4.0
2026-02-07,23,12.5,9.3,16.0,0,54.0,1.3,6.0
2026-02-07,24,9.4,4.3,16.2,12.9,80.0,20.7,4.5
2026-02-07,25,11.2,6.8,16.0,0,52.0,11.9,2.9
2026-02-08,1,11.3,8.1,15.4,0,73.0,8.4,4.1
2026-02-08,2,12.1,7.4,19.1,1.3,65.0,10.8,5.0
2026-02-08,3,10.5,6.9,13.5,0,75.0,18.7,2.7
2026-02-08,4,12.5,7.6,16.7,0,68.0,2.3,3.6
2026-02-08,5,11.4,6.8,17.7,3.1,77.0,7.8,4.0
2026-02-08,6,11.0,6.8,15.9,0,66.0,5.7,2.6
2026-02-08,7,11.0,7.0,17.6,0,71.0,20.0,4.1
2026-02-08,8,11.1,6.5,18.0,0,70.0,12.6,4.0
2026-02-08,9,14.1,10.2,18.1,0,76.0,18.9,6.6
2026-02-08,10,12.1,6.4,18.0,0,75.0,9.0,3.1
2026-02-08,11,12.9,9.2,19.1,0,74.0,4.1,4.5
2026-02-08,12,10.7,7.2,13.9,0,78.0,16.3,4.9
2026-02-08,13,11.2,5.6,17.5,0.3,66.0,19.3,4.5
2026-02-08,14,16.3,13.1,23.1,0,73.0,9.0,5.8
2026-02-08,15,11.8,7.5,16.7,0,74.0,11.2,4.8
2026-02-08,16,14.5,10.6,20.3,0,81.0,18.0,6.5
2026-02-08,17,10.1,6.9,16.7,0,51.0,18.8,5.1
2026-02-08,18,10.1,6.4,16.4,0.7,57.0,16.5,5.1
2026-02-08,19,19.0,13.1,24.3,0,51.0,11.4,2.5
2026-02-08,20,15.7,12.7,22.4,0,75.0,20.8,3.0
2026-02-08,21,9.4,4.7,16.2,2.2,65.0,23.3,5.6
2026-02-08,22,7.4,1.5,14.1,0,73.0,17.5,3.7
2026-02-08,23,13.9,7.9,18.8,0,30.0,25.2,4.0
2026-02-08,24,11.6,7.7,17.4,0.5,81.0,0.9,4.4
2026-02-08,25,11.1,5.3,15.0,0,60.0,6.9,3.3
2026-02-09,1,12.1,6.5,17.9,0,85.0,28.1,1.4
2026-02-09,2,11.1,6.6,15.6,6.2,72.0,6.6,4.1
2026-02-09,3,12.7,8.4,19.6,0,57.0,19.4,5.1
2026-02-09,4,9.3,4.4,13.0,0,58.0,16.5,5.9
2026-02-09,5,10.7,6.3,14.5,0.8,76.0,13.8,4.7
2026-02-09,6,13.3,9.0,19.4,0,78.0,8.3,2.0
2026-02-09,7,12.0,8.9,17.7,0,70.0,21.6,0.8
2026-02-09,8,16.6,10.6,23.3,0.0,71.0,14.7,5.4
2026-02-09,9,13.7,10.5,19.3,3.3,67.0,16.3,4.0
2026-02-09,10,12.4,7.9,15.9,0.6,58.0,11.9,4.2
2026-02-09,11,11.2,7.5,17.5,0,64.0,1.9,4.5
2026-02-09,12,12.3,7.2,16.8,1.3,83.0,6.3,4.8
2026-02-09,13,9.6,3.8,14.1,0,62.0,2.0,2.7
2026-02-09,14,10.4,7.4,17.4,0,67.0,18.1,4.6
2026-02-09,15,12.1,6.9,17.5,0,73.0,15.1,3.0
2026-02-09,16,13.7,8.4,17.1,0,69.0,11.7,2.1
2026-02-09,17,10.4,7.4,16.6,0,64.0,10.8,3.3
2026-02-09,18,10.3,6.9,15.0,0,65.0,21.4,3.8
2026-02-09,19,18.4,13.0,24.3,0,60.0,5.6,3.9
2026-02-09,20,15.0,11.4,21.1,0,71.0,14.6,6.5
2026-02-09,21,9.7,5.6,16.3,2.9,68.0,16.7,5.0
2026-02-09,22,10.5,7.5,14.8,0,64.0,29.7,1.6
2026-02-09,23,15.4,11.0,21.2,0,37.0,2.4,3.0
2026-02-09,24,13.6,10.2,18.0,0.3,59.0,2.8,4.6
2026-02-09,25,9.4,6.3,14.2,0,65.0,12.0,4.7
2026-02-10,1,14.4,11.3,18.4,0,63.0,18.1,5.5
2026-02-10,2,12.0,7.5,18.7,0,61.0,11.3,2.3
2026-02-10,3,13.6,10.6,19.9,2.2,75.0,11.6,5.0
2026-02-10,4,14.2,11.0,19.0,14.8,74.0,8.2,5.4
2026-02-10,5,9.4,4.3,16.3,0,69.0,20.9,1.6
2026-02-10,6,10.4,6.8,13.4,0,71.0,10.3,4.3
2026-02-10,7,14.7,9.3,21.7,0,80.0,38.9,3.9
2026-02-10,8,14.8,9.9,19.1,0,91.0,15.1,4.0
2026-02-10,9,12.8,7.1,18.0,0,73.0,16.2,3.4
2026-02-10,10,13.4,7.5,18.1,0,59.0,20.4,4.8
2026-02-10,11,13.8,9.2,20.1,0,68.0,9.7,4.6
2026-02-10,12,12.6,7.1,15.8,1.0,80.0,24.4,4.1
2026-02-10,13,10.9,7.2,15.8,0,45.0,2.6,4.4
2026-02-10,14,14.9,9.3,20.7,0,56.0,24.7,6.0
2026-02-10,15,12.8,8.8,15.9,5.5,83.0,7.6,4.0
2026-02-10,16,15.6,9.9,21.1,0,64.0,20.3,4.0
2026-02-10,17,12.2,6.6,18.3,0,46.0,24.8,6.4
2026-02-10,18,6.5,1.5,11.5,15.3,53.0,25.6,0.9
2026-02-10,19,15.2,11.5,19.3,0,68.0,14.1,0.8
2026-02-10,20,12.4,6.9,18.7,0,56.0,37.9,4.5
2026-02-10,21,12.6,9.1,16.5,11.1,65.0,15.1,3.9
2026-02-10,22,12.2,8.3,18.8,0,68.0,17.2,5.6
2026-02-10,23,11.9,6.0,15.0,0,40.0,13.0,2.9
2026-02-10,24,14.5,9.9,20.9,0,71.0,31.4,3.3
2026-02-10,25,9.6,4.2,12.9,0,50.0,22.8,1.6
2026-02-11,1,12.1,8.5,16.8,0,73.0,23.3,5.7
2026-02-11,2,13.4,9.6,19.2,4.3,71.0,21.1,2.5
2026-02-11,3,11.1,5.2,16.2,8.1,70.0,30.0,3.1
2026-02-11,4,11.9,7.9,15.5,4.4,61.0,18.7,4.4
2026-02-11,5,12.8,8.0,18.2,0,82.0,19.1,4.7
2026-02-11,6,12.4,8.2,17.4,0,65.0,3.1,3.5
2026-02-11,7,12.2,7.1,19.0,0,69.0,0.8,4.8
2026-02-11,8,14.3,11.0,17.9,4.1,73.0,13.1,1.9
2026-02-11,9,14.5,9.9,18.6,0,53.0,16.5,5.1
2026-02-11,10,14.2,9.3,18.6,0,71.0,30.5,4.5
2026-02-11,11,14.3,10.5,20.7,0,71.0,8.7,4.6
2026-02-11,12,12.5,7.1,17.8,0.4,65.0,2.1,3.3
2026-02-11,13,10.2,7.0,15.4,0,63.0,12.4,7.0
2026-02-11,14,14.6,9.3,19.3,0,63.0,8.2,5.0
2026-02-11,15,12.7,7.5,16.2,0,75.0,16.0,4.4
2026-02-11,16,13.9,8.0,20.9,0,79.0,8.8,4.3
2026-02-11,17,12.2,6.5,16.2,0,40.0,27.4,3.0
2026-02-11,18,7.8,3.7,13.6,0,46.0,18.2,4.3
2026-02-11,19,17.1,12.8,20.6,0,53.0,33.0,4.8
2026-02-11,20,14.9,10.1,20.6,0,57.0,10.4,3.6
2026-02-11,21,7.7,4.6,13.8,0,67.0,14.8,0.5
2026-02-11,22,12.4,6.8,16.1,7.0,73.0,15.9,3.3
2026-02-11,23,15.4,11.7,21.1,0.2,48.0,15.4,5.1
2026-02-11,24,12.6,7.0,17.7,0,71.0,20.0,5.2
2026-02-11,25,14.0,9.1,17.9,0,50.0,21.7,2.0
2026-02-12,1,12.2,8.7,18.8,0,76.0,11.1,5.1
2026-02-12,2,12.4,8.7,17.4,1.5,75.0,10.3,2.0
2026-02-12,3,14.7,9.1,21.2,0,73.0,1.4,4.2
2026-02-12,4,12.1,7.7,16.6,0,67.0,19.2,6.2
2026-02-12,5,13.3,7.5,16.4,0,77.0,17.9,3.5
2026-02-12,6,11.7,8.3,15.4,0.1,70.0,27.7,4.1
2026-02-12,7,14.3,8.6,17.3,4.8,66.0,1.4,2.2
2026-02-12,8,14.0,8.4,17.5,7.8,73.0,27.3,4.1
2026-02-12,9,11.1,7.0,15.6,0,71.0,11.2,3.6
2026-02-12,10,14.9,11.2,18.8,0.4,69.0,9.1,1.9
2026-02-12,11,13.8,9.4,19.0,0.9,67.0,11.8,6.3
2026-02-12,12,13.6,10.0,18.7,0,80.0,14.2,4.6
2026-02-12,13,12.9,7.2,19.5,0,75.0,13.5,7.6
2026-02-12,14,16.1,11.5,20.1,0,65.0,7.0,4.4
2026-02-12,15,11.5,7.1,16.8,0,64.0,3.1,4.4
2026-02-12,16,14.4,11.2,19.8,2.2,59.0,5.5,4.5
2026-02-12,17,12.3,8.6,18.1,0,63.0,18.4,4.2
2026-02-12,18,9.3,4.1,13.4,0,54.0,1.5,5.1
2026-02-12,19,15.3,11.1,21.1,0,64.0,31.0,2.8
2026-02-12,20,15.1,12.1,22.1,0,64.0,21.7,2.6
2026-02-12,21,8.6,3.3,12.0,5.4,61.0,21.1,5.3
2026-02-12,22,12.3,6.7,15.8,0.7,64.0,16.1,5.1
2026-02-12,23,12.8,7.0,16.8,0,40.0,19.6,5.4
2026-02-12,24,11.9,7.6,16.3,2.7,68.0,24.9,1.8
2026-02-12,25,12.8,6.9,19.6,1.1,44.0,5.0,4.3
2026-02-13,1,11.8,8.0,16.4,0,58.0,9.8,6.8
2026-02-13,2,13.3,7.7,17.9,4.0,71.0,31.8,3.5
2026-02-13,3,12.6,7.9,19.3,5.4,73.0,8.3,1.4
2026-02-13,4,13.7,10.6,18.4,0,59.0,3.7,3.6
2026-02-13,5,11.9,6.8,18.8,2.9,71.0,19.2,0.6
2026-02-13,6,11.9,8.2,17.3,0,61.0,9.9,3.5
2026-02-13,7,13.5,9.9,19.4,6.1,68.0,7.8,4.0
2026-02-13,8,12.2,8.9,15.2,0,56.0,12.5,5.1
2026-02-13,9,13.3,8.6,17.2,0.8,79.0,28.9,4.3
2026-02-13,10,12.6,6.8,17.7,0,61.0,11.1,0.8
2026-02-13,11,10.8,5.1,13.9,0,69.0,29.8,5.2
2026-02-13,12,11.1,7.6,14.6,0.2,86.0,2.4,5.1
2026-02-13,13,10.3,5.3,14.2,0,65.0,17.4,6.4
2026-02-13,14,14.8,10.1,20.0,0,80.0,13.6,3.6
2026-02-13,15,14.3,10.2,21.0,0,84.0,7.3,2.9
2026-02-13,16,13.7,9.9,19.1,0,74.0,19.6,4.6
2026-02-13,17,12.8,6.9,17.4,0,62.0,22.6,4.9
2026-02-13,18,9.4,4.3,13.6,1.6,44.0,12.4,4.6
2026-02-13,19,14.9,9.2,19.1,0,58.0,16.7,4.1
2026-02-13,20,15.8,11.7,22.4,0,74.0,23.4,2.8
2026-02-13,21,11.1,5.6,17.4,0,69.0,18.4,5.4
2026-02-13,22,11.2,5.3,15.7,0,71.0,9.0,5.5
2026-02-13,23,18.0,12.1,21.9,0.4,53.0,7.7,3.9
2026-02-13,24,12.4,7.0,18.3,2.8,59.0,13.8,6.6
2026-02-13,25,12.2,6.2,15.5,0,49.0,11.7,4.1
2026-02-14,1,14.5,8.9,20.5,0,69.0,12.4,2.2
2026-02-14,2,13.5,8.3,20.1,0,65.0,12.1,7.4
2026-02-14,3,12.6,7.0,16.9,0,69.0,34.2,3.1
2026-02-14,4,14.0,9.4,19.4,0,73.0,27.8,4.8
2026-02-14,5,12.3,6.9,18.9,0,69.0,25.7,4.3
2026-02-14,6,13.6,7.8,17.2,0,83.0,35.8,4.8
2026-02-14,7,16.0,12.9,19.1,0,63.0,10.7,2.5
2026-02-14,8,14.5,8.8,18.6,0,62.0,14.4,3.0
2026-02-14,9,16.6,13.4,22.2,0,67.0,20.4,4.5
2026-02-14,10,11.9,6.3,18.3,0,74.0,21.4,5.9
2026-02-14,11,10.7,6.2,15.8,0,68.0,17.2,4.8
2026-02-14,12,14.6,8.8,18.7,7.8,65.0,7.7,2.9
2026-02-14,13,16.6,12.5,23.4,0,46.0,13.9,2.0
2026-02-14,14,11.8,6.4,15.4,0,72.0,15.1,3.8
2026-02-14,15,12.1,8.8,15.9,8.2,81.0,13.8,6.1
2026-02-14,16,15.2,10.3,18.6,0,70.0,22.6,3.0
2026-02-14,17,14.0,8.3,17.8,0.3,58.0,4.2,4.3
2026-02-14,18,10.5,5.6,14.7,0,64.0,28.8,4.6
2026-02-14,19,13.6,8.2,18.7,0,79.0,19.0,3.9
2026-02-14,20,15.0,11.4,21.3,0,66.0,13.7,3.7
2026-02-14,21,10.2,6.7,16.3,0,68.0,12.0,3.8
2026-02-14,22,12.5,6.8,17.7,0,65.0,11.3,4.0
2026-02-14,23,14.1,11.0,19.3,0,45.0,0.0,3.8
2026-02-14,24,11.8,6.7,16.0,0,73.0,4.4,4.7
2026-02-14,25,8.1,4.9,12.0,0,56.0,11.9,1.9
2026-02-15,1,11.9,6.4,17.1,0,72.0,24.1,4.2
2026-02-15,2,15.0,11.0,20.2,0.3,78.0,23.3,4.0
2026-02-15,3,13.3,9.8,18.6,2.9,64.0,17.5,2.7
2026-02-15,4,10.6,6.1,15.4,1.3,68.0,24.5,6.0
2026-02-15,5,12.7,7.1,16.1,1.4,74.0,22.7,4.9
2026-02-15,6,14.1,8.7,17.3,1.6,75.0,12.0,4.0
2026-02-15,7,14.8,11.8,18.6,0,76.0,12.0,3.6
2026-02-15,8,14.8,11.2,21.5,0,81.0,25.4,5.1
2026-02-15,9,14.4,10.6,17.9,0,61.0,24.5,3.9
2026-02-15,10,14.1,10.1,20.9,0,82.0,18.7,3.8
2026-02-15,11,14.1,9.0,18.6,0,82.0,10.6,4.9
2026-02-15,12,15.1,11.5,20.0,0,74.0,6.9,6.5
2026-02-15,13,15.5,12.0,20.0,0,67.0,27.5,6.3
2026-02-15,14,16.6,13.1,21.6,0,73.0,9.2,6.7
2026-02-15,15,11.9,7.7,18.2,1.7,74.0,4.6,4.2
2026-02-15,16,16.0,10.4,22.5,5.0,78.0,24.0,7.3
2026-02-15,17,13.2,9.3,18.1,0,62.0,20.4,6.4
2026-02-15,18,8.2,3.5,13.3,0,61.0,34.2,5.5
2026-02-15,19,14.7,9.4,18.2,0,52.0,16.2,6.4
2026-02-15,20,14.9,9.5,21.8,0,64.0,11.4,3.7
2026-02-15,21,10.2,5.6,13.8,0,76.0,20.0,5.9
2026-02-15,22,12.5,7.8,17.1,0.1,82.0,21.5,4.3
2026-02-15,23,14.9,9.5,19.0,0.2,41.0,9.9,4.3
2026-02-15,24,12.2,7.7,17.3,6.6,76.0,16.2,5.0
2026-02-15,25,9.2,5.5,14.1,0.1,53.0,9.5,4.2
2026-02-16,1,14.6,9.7,18.7,0,77.0,21.5,3.7
2026-02-16,2,11.1,5.9,14.7,4.9,71.0,9.8,8.9
2026-02-16,3,15.5,12.0,19.4,0,76.0,1.3,5.6
2026-02-16,4,14.6,11.2,19.4,1.8,72.0,27.3,5.2
2026-02-16,5,14.4,8.9,19.5,3.3,58.0,13.9,3.1
2026-02-16,6,12.8,9.0,19.0,3.8,80.0,14.3,2.9
2026-02-16,7,14.8,10.3,19.7,0.3,58.0,21.1,5.0
2026-02-16,8,14.3,11.1,20.3,1.6,79.0,20.9,5.6
2026-02-16,9,14.9,9.7,21.5,0,60.0,11.8,5.6
2026-02-16,10,12.8,8.5,19.7,0,66.0,30.5,5.4
2026-02-16,11,12.4,6.5,18.2,0,79.0,1.4,4.8
2026-02-16,12,14.6,8.9,20.6,0,73.0,25.0,5.6
2026-02-16,13,12.7,7.7,16.5,3.8,58.0,4.2,5.1
2026-02-16,14,16.1,12.7,22.6,1.3,66.0,17.2,5.2
2026-02-16,15,15.2,11.9,20.3,13.3,77.0,28.6,5.8
2026-02-16,16,11.9,7.8,15.3,4.8,72.0,19.2,3.6
2026-02-16,17,9.1,3.6,13.6,0,46.0,11.0,3.6
2026-02-16,18,9.6,4.9,16.1,0,56.0,14.7,4.5
2026-02-16,19,15.7,11.0,19.6,0,47.0,8.8,3.5
2026-02-16,20,13.7,7.9,17.9,0,51.0,16.0,3.8
2026-02-16,21,10.4,6.6,14.5,0,51.0,25.9,2.6
2026-02-16,22,8.1,3.1,11.5,0,63.0,28.9,6.6
2026-02-16,23,12.2,8.9,18.0,0,57.0,10.8,4.4
2026-02-16,24,12.6,8.0,17.0,6.7,75.0,14.0,4.9
2026-02-16,25,10.0,4.8,16.1,0,53.0,8.2,5.3
2026-02-17,1,14.8,11.4,19.3,2.2,66.0,28.2,5.4
2026-02-17,2,14.7,10.7,19.8,0,70.0,14.3,4.9
2026-02-17,3,12.3,8.8,17.8,7.6,74.0,23.9,3.3
2026-02-17,4,14.5,11.3,21.1,0,70.0,20.9,4.3
2026-02-17,5,12.3,7.7,18.1,0,70.0,21.5,5.2
2026-02-17,6,12.0,6.7,17.7,0,83.0,6.3,3.9
2026-02-17,7,14.2,9.8,19.8,0,79.0,3.4,7.6
2026-02-17,8,16.7,11.5,20.0,0,68.0,18.8,4.7
2026-02-17,9,16.1,12.6,20.6,0,64.0,8.3,4.3
2026-02-17,10,15.2,11.6,19.5,0,70.0,8.6,5.0
2026-02-17,11,10.9,7.0,16.6,0,79.0,15.1,5.2
2026-02-17,12,13.8,9.3,17.6,0,62.0,14.3,1.0
2026-02-17,13,11.7,8.7,17.3,0,63.0,14.9,5.3
2026-02-17,14,14.6,11.4,18.5,3.3,63.0,2.3,4.1
2026-02-17,15,11.7,6.0,17.2,9.9,68.0,12.6,5.1
2026-02-17,16,11.0,7.1,16.5,0,73.0,12.8,5.6
2026-02-17,17,14.4,10.3,18.9,0.2,35.0,27.8,6.3
2026-02-17,18,11.5,5.9,14.9,6.2,62.0,1.6,4.0
2026-02-17,19,14.9,10.3,21.8,0,64.0,27.8,2.7
2026-02-17,20,13.4,9.8,16.5,0.0,83.0,20.4,3.6
2026-02-17,21,14.7,9.0,18.4,0,73.0,6.9,2.7
2026-02-17,22,11.1,8.1,16.3,1.7,70.0,1.4,4.5
2026-02-17,23,18.9,15.4,22.0,0,27.0,10.4,2.6
2026-02-17,24,12.4,7.6,16.9,0,63.0,17.7,4.7
2026-02-17,25,12.8,7.5,18.3,1.8,52.0,2.1,5.9
2026-02-18,1,12.6,6.7,19.1,0,67.0,10.1,2.1
2026-02-18,2,12.4,8.0,17.8,0,67.0,19.3,5.7
2026-02-18,3,12.8,9.6,15.8,2.3,47.0,16.1,5.4
2026-02-18,4,12.8,7.0,19.5,0,54.0,9.9,3.3
2026-02-18,5,14.0,8.5,17.3,0.8,77.0,14.7,4.0
2026-02-18,6,15.3,11.0,22.0,0,70.0,28.8,1.5
2026-02-18,7,18.0,14.1,24.6,0,84.0,22.8,4.5
2026-02-18,8,15.5,9.6,19.9,0,76.0,9.8,2.8
2026-02-18,9,14.3,9.3,18.7,7.8,57.0,4.6,4.2
2026-02-18,10,15.7,11.0,21.0,2.0,77.0,22.8,6.4
2026-02-18,11,11.8,7.9,14.8,0,77.0,13.9,4.0
2026-02-18,12,15.0,10.0,21.5,3.1,74.0,20.0,5.1
2026-02-18,13,13.2,8.0,18.5,0,45.0,21.5,3.3
2026-02-18,14,17.2,12.6,21.8,4.4,58.0,25.4,6.4
2026-02-18,15,14.5,9.9,17.8,23.8,77.0,10.1,4.1
2026-02-18,16,14.0,10.6,17.6,0,65.0,2.5,5.6
2026-02-18,17,14.3,9.5,19.8,0,57.0,10.8,4.7
2026-02-18,18,9.8,4.1,13.9,1.1,59.0,25.4,4.6
2026-02-18,19,14.5,11.4,21.2,0,56.0,12.1,4.4
2026-02-18,20,14.0,8.5,18.1,0,77.0,5.5,4.7
2026-02-18,21,11.2,7.3,17.5,0,65.0,19.7,3.0
2026-02-18,22,10.1,6.0,15.1,0,64.0,13.3,6.2
2026-02-18,23,14.4,10.8,18.2,0,44.0,25.4,6.2
2026-02-18,24,13.9,9.4,20.0,0,71.0,17.6,7.2
2026-02-18,25,12.5,8.0,16.4,0,41.0,13.4,5.8
2026-02-19,1,12.9,8.4,16.5,0,78.0,18.6,3.9
2026-02-19,2,14.0,8.5,17.3,0,78.0,4.3,5.5
2026-02-19,3,12.3,6.7,19.0,2.5,72.0,21.4,7.8
2026-02-19,4,13.8,9.2,19.8,0,61.0,6.9,5.3
2026-02-19,5,12.8,6.9,16.8,0.2,79.0,23.0,3.3
2026-02-19,6,13.1,8.4,16.4,0,83.0,19.7,3.8
2026-02-19,7,14.0,9.5,20.8,5.2,71.0,15.1,6.0
2026-02-19,8,12.9,8.1,16.1,10.1,67.0,13.2,3.4
2026-02-19,9,13.3,7.4,17.5,0,79.0,5.2,3.0
2026-02-19,10,14.7,11.3,17.7,0.8,57.0,20.3,2.7
2026-02-19,11,14.8,11.3,21.3,0,73.0,12.7,4.8
2026-02-19,12,13.5,8.0,18.8,0,71.0,14.1,4.5
2026-02-19,13,12.9,7.3,16.6,1.4,76.0,23.4,3.2
2026-02-19,14,13.5,10.4,18.5,0,84.0,18.3,1.7
2026-02-19,15,12.0,8.6,17.1,0.3,70.0,15.0,5.0
2026-02-19,16,15.8,11.0,20.9,0,62.0,12.4,3.5
2026-02-19,17,10.8,6.8,16.5,0,44.0,10.1,5.4
2026-02-19,18,8.3,4.0,14.5,0,61.0,9.4,3.0
2026-02-19,19,15.4,10.6,19.1,0.5,58.0,3.5,4.2
2026-02-19,20,16.6,10.7,20.8,0,63.0,19.1,4.4
2026-02-19,21,12.6,9.3,18.9,0,71.0,12.5,5.0
2026-02-19,22,12.7,7.6,17.4,0,60.0,28.6,6.6
2026-02-19,23,15.1,10.7,20.2,0,40.0,20.1,6.0
2026-02-19,24,14.0,8.7,20.2,0,71.0,12.5,3.1
2026-02-19,25,9.2,4.8,12.9,0,50.0,6.9,2.9
2026-02-20,1,13.8,10.3,20.0,0,75.0,23.1,4.7
2026-02-20,2,12.1,6.1,18.4,0,66.0,24.0,3.1
2026-02-20,3,15.2,10.6,18.2,0,68.0,14.7,4.2
2026-02-20,4,13.2,7.4,19.7,0,74.0,2.3,4.3
2026-02-20,5,14.2,10.1,20.6,5.2,63.0,10.3,2.4
2026-02-20,6,15.8,11.3,19.7,1.4,67.0,6.4,5.8
2026-02-20,7,14.3,10.8,18.8,0,78.0,11.4,4.3
2026-02-20,8,16.5,11.1,22.3,3.4,64.0,14.9,7.7
2026-02-20,9,14.6,10.9,18.5,0,69.0,12.2,7.1
2026-02-20,10,15.5,9.8,20.9,0,77.0,20.2,5.1
2026-02-20,11,13.4,8.8,18.5,0,67.0,3.7,4.6
2026-02-20,12,15.7,12.6,19.9,0,73.0,12.2,4.5
2026-02-20,13,13.2,7.9,18.0,0,64.0,9.8,3.9
2026-02-20,14,17.2,12.1,21.4,0,67.0,11.0,5.6
2026-02-20,15,13.0,7.1,16.4,8.2,91.0,16.5,2.8
2026-02-20,16,11.7,8.5,15.8,0,77.0,20.8,3.9
2026-02-20,17,11.9,7.5,18.0,0.5,47.0,12.9,3.6
2026-02-20,18,8.5,4.8,11.7,0,69.0,2.6,4.1
2026-02-20,19,18.6,13.6,25.6,0,49.0,22.1,6.6
2026-02-20,20,15.3,9.4,19.1,0,69.0,34.7,5.1
2026-02-20,21,12.1,6.3,15.8,5.0,69.0,13.3,4.0
2026-02-20,22,7.9,4.7,13.7,8.4,64.0,15.2,5.4
2026-02-20,23,18.3,13.9,23.6,0,41.0,29.8,6.0
2026-02-20,24,14.0,10.1,17.2,1.4,67.0,22.2,6.4
2026-02-20,25,12.9,7.4,16.9,0,55.0,15.0,5.5
2026-02-21,1,14.8,9.5,21.7,0,65.0,32.2,3.1
2026-02-21,2,13.9,10.8,20.7,0,68.0,10.7,6.3
2026-02-21,3,14.3,9.7,21.2,7.3,73.0,2.1,6.2
2026-02-21,4,15.4,9.6,21.4,0,81.0,14.7,5.8
2026-02-21,5,13.3,9.5,20.1,0,69.0,21.9,2.9
2026-02-21,6,14.5,9.7,21.1,3.8,88.0,15.2,6.6
2026-02-21,7,13.6,10.4,17.1,0,81.0,34.2,5.5
2026-02-21,8,15.9,12.9,21.3,0.1,81.0,24.1,6.2
2026-02-21,9,13.9,10.5,20.6,0,63.0,23.7,6.9
2026-02-21,10,15.9,11.8,22.2,0,84.0,14.9,1.4
2026-02-21,11,15.1,9.6,19.7,0.0,78.0,5.3,6.4
2026-02-21,12,14.2,8.3,18.5,0,64.0,19.4,4.9
2026-02-21,13,12.3,8.8,17.3,0,65.0,26.9,6.4
2026-02-21,14,14.6,10.8,18.2,0,66.0,12.5,6.6
2026-02-21,15,14.1,8.4,17.6,34.4,71.0,16.3,6.3
2026-02-21,16,14.4,10.9,19.1,0,65.0,12.8,6.9
2026-02-21,17,13.5,8.0,18.2,0,56.0,9.9,5.3
2026-02-21,18,10.6,4.8,16.6,0,64.0,23.1,3.8
2026-02-21,19,18.7,14.9,22.2,0,76.0,12.8,4.5
2026-02-21,20,17.7,13.1,21.0,0,45.0,19.4,2.2
2026-02-21,21,12.4,7.7,17.5,0,77.0,15.9,4.3
2026-02-21,22,11.2,7.8,18.0,0,66.0,23.4,1.6
2026-02-21,23,16.0,11.1,22.3,0,49.0,23.2,6.4
2026-02-21,24,14.6,9.2,20.0,0,69.0,9.3,4.6
2026-02-21,25,11.6,5.8,17.6,0,50.0,24.7,2.7
2026-02-22,1,14.8,11.5,18.3,0,69.0,8.3,4.4
2026-02-22,2,12.9,7.7,16.1,0,82.0,4.7,4.5
2026-02-22,3,12.4,8.4,15.8,0,64.0,21.4,2.9
2026-02-22,4,13.6,8.6,20.2,0,66.0,9.0,5.7
2026-02-22,5,15.3,12.0,19.1,8.1,75.0,3.9,6.2
2026-02-22,6,13.9,9.2,19.3,9.6,68.0,12.2,2.7
2026-02-22,7,14.1,10.1,19.7,0,74.0,1.6,4.4
2026-02-22,8,15.4,11.4,21.4,4.9,73.0,12.1,1.9
2026-02-22,9,17.2,13.0,21.4,0,64.0,19.2,6.9
2026-02-22,10,17.5,12.9,20.9,0,71.0,2.6,5.2
2026-02-22,11,15.1,9.8,18.7,4.1,71.0,7.6,2.1
2026-02-22,12,14.5,9.8,19.8,1.6,84.0,17.8,6.5
2026-02-22,13,12.9,8.0,17.1,0,57.0,24.6,4.3
2026-02-22,14,14.9,10.3,19.8,1.9,62.0,11.8,5.1
2026-02-22,15,12.1,8.5,15.6,0,73.0,8.0,5.8
2026-02-22,16,14.8,11.4,21.7,0,55.0,11.3,4.2
2026-02-22,17,12.7,7.2,18.1,0,43.0,25.9,5.1
2026-02-22,18,11.3,5.4,14.8,0.7,56.0,21.2,6.1
2026-02-22,19,17.3,13.8,21.8,0.4,61.0,17.2,4.4
2026-02-22,20,18.7,13.4,23.8,0,65.0,19.7,6.4
2026-02-22,21,12.2,7.9,16.9,0,66.0,20.2,4.3
2026-02-22,22,14.0,9.1,17.5,18.5,66.0,15.5,1.7
2026-02-22,23,16.2,10.7,20.8,0,36.0,14.2,4.0
2026-02-22,24,11.1,5.9,16.6,0,61.0,17.2,7.9
2026-02-22,25,15.5,10.7,21.9,0.6,57.0,10.7,4.7
2026-02-23,1,13.7,8.3,18.8,0,77.0,13.2,5.8
2026-02-23,2,10.2,6.6,16.4,0,56.0,13.0,4.9
2026-02-23,3,14.6,9.2,17.7,3.7,67.0,15.8,7.2
2026-02-23,4,13.2,8.3,20.2,1.3,68.0,11.7,6.5
2026-02-23,5,12.5,6.7,17.9,8.2,75.0,11.9,4.6
2026-02-23,6,12.8,8.7,16.8,0,68.0,10.1,1.8
2026-02-23,7,14.0,9.9,17.3,0,80.0,25.0,4.3
2026-02-23,8,16.0,10.2,20.6,1.2,77.0,21.4,4.5
2026-02-23,9,14.8,10.3,19.7,0,64.0,26.5,4.4
2026-02-23,10,15.0,9.8,19.5,0,59.0,17.0,3.1
2026-02-23,11,14.5,8.9,21.3,0,76.0,6.1,6.2
2026-02-23,12,14.1,9.7,18.5,0,68.0,34.2,5.8
2026-02-23,13,11.2,5.3,17.8,0,72.0,9.2,1.4
2026-02-23,14,14.2,11.0,17.4,0,62.0,8.3,6.2
2026-02-23,15,12.3,7.7,16.8,0,67.0,1.9,6.2
2026-02-23,16,14.5,11.2,21.0,0,80.0,14.1,2.2
2026-02-23,17,12.9,8.7,16.2,0,43.0,18.3,5.0
2026-02-23,18,9.3,4.8,13.1,0,66.0,23.1,4.9
2026-02-23,19,14.9,10.7,19.2,0.4,48.0,30.8,6.8
2026-02-23,20,15.7,11.8,21.3,0.3,53.0,18.9,6.3
2026-02-23,21,12.8,9.0,17.3,0,68.0,28.9,3.8
2026-02-23,22,11.8,8.0,16.1,5.1,59.0,16.9,4.5
2026-02-23,23,13.9,8.2,17.5,0,38.0,3.6,5.2
2026-02-23,24,14.9,10.0,19.4,1.9,67.0,14.1,6.0
2026-02-23,25,15.6,12.4,20.9,0,48.0,1.8,3.7
2026-02-24,1,12.1,8.7,15.9,0.8,71.0,9.0,5.9
2026-02-24,2,15.3,12.2,20.0,0,83.0,22.7,3.5
2026-02-24,3,11.5,8.3,14.9,0,63.0,10.1,7.3
2026-02-24,4,12.0,6.1,16.6,0,67.0,20.0,1.9
2026-02-24,5,13.6,9.5,19.5,0,74.0,0.7,5.6
2026-02-24,6,14.4,11.0,18.1,0,75.0,2.0,4.1
2026-02-24,7,15.4,10.1,18.9,0.7,65.0,7.7,5.0
2026-02-24,8,13.3,8.6,19.4,0,76.0,18.7,6.9
2026-02-24,9,16.6,13.1,20.7,0,59.0,31.9,4.8
2026-02-24,10,16.0,11.7,21.9,0,69.0,18.9,5.1
2026-02-24,11,11.4,5.9,17.5,0,78.0,1.5,4.2
2026-02-24,12,13.2,8.1,16.9,0,70.0,12.2,6.1
2026-02-24,13,14.4,10.7,20.9,0,60.0,7.8,4.0
2026-02-24,14,17.3,11.7,22.6,0,70.0,11.9,5.0
2026-02-24,15,13.7,8.8,20.1,1.4,65.0,7.0,6.1
2026-02-24,16,16.0,11.5,20.1,0,65.0,24.1,4.0
2026-02-24,17,13.2,9.2,19.6,0,52.0,3.5,3.2
2026-02-24,18,11.7,6.3,17.2,0,52.0,2.6,2.7
2026-02-24,19,17.8,12.9,22.4,0,55.0,17.8,5.6
2026-02-24,20,15.6,11.0,22.3,0,49.0,13.1,6.8
2026-02-24,21,12.2,8.0,18.6,6.2,79.0,13.0,5.2
2026-02-24,22,9.3,3.5,13.9,0,55.0,26.3,5.3
2026-02-24,23,16.0,11.4,22.9,0,28.0,18.1,3.2
2026-02-24,24,14.4,9.8,19.2,0,83.0,25.3,2.8
2026-02-24,25,14.9,10.7,18.9,0,52.0,1.8,2.6
2026-02-25,1,13.5,9.3,18.4,3.7,72.0,12.2,3.1
2026-02-25,2,14.8,9.7,19.2,0,73.0,16.2,8.1
2026-02-25,3,16.3,13.0,19.6,0,73.0,25.3,4.4
2026-02-25,4,12.5,9.2,17.9,0,84.0,5.4,4.8
2026-02-25,5,15.3,10.7,21.4,3.3,81.0,14.5,5.1
2026-02-25,6,13.9,8.7,20.7,0,74.0,21.3,5.2
2026-02-25,7,14.9,10.6,20.8,0,83.0,9.7,6.6
2026-02-25,8,17.6,12.5,23.6,0,74.0,8.2,6.0
2026-02-25,9,14.3,9.5,19.8,1.4,70.0,11.4,5.1
2026-02-25,10,14.5,10.4,20.1,0,64.0,1.6,6.5
2026-02-25,11,17.4,12.6,24.0,0,79.0,20.3,4.7
2026-02-25,12,15.6,10.5,21.6,0,75.0,25.4,5.3
2026-02-25,13,15.0,11.5,19.4,0,64.0,16.7,5.4
2026-02-25,14,17.3,14.0,21.2,0,57.0,10.9,3.9
2026-02-25,15,13.6,7.8,17.2,3.4,79.0,17.8,6.4
2026-02-25,16,14.6,11.5,19.7,0,68.0,23.2,2.9
2026-02-25,17,13.1,9.7,16.1,0,45.0,6.3,3.8
2026-02-25,18,11.4,8.1,17.2,0,53.0,32.1,2.4
2026-02-25,19,18.6,14.6,21.9,0,59.0,8.7,5.8
2026-02-25,20,15.0,10.9,18.1,0,61.0,30.8,6.1
2026-02-25,21,14.1,9.8,18.5,0,61.0,29.4,7.1
2026-02-25,22,13.6,10.5,16.7,0,61.0,4.9,6.2
2026-02-25,23,16.9,13.0,20.6,0,33.0,18.0,5.6
2026-02-25,24,13.1,8.6,16.6,0,64.0,44.7,4.9
2026-02-25,25,9.4,6.2,16.1,10.9,44.0,17.5,4.3
2026-02-26,1,13.8,10.6,18.1,0,80.0,22.9,6.3
2026-02-26,2,15.5,11.3,21.9,0,62.0,4.5,5.7
2026-02-26,3,16.4,11.7,22.6,0,70.0,16.1,1.5
2026-02-26,4,17.2,14.1,20.4,0,58.0,18.1,5.5
2026-02-26,5,15.9,10.0,19.0,1.5,70.0,15.6,4.5
2026-02-26,6,13.1,9.4,16.9,3.4,65.0,2.2,5.4
2026-02-26,7,15.6,9.8,18.8,0,62.0,11.4,6.5
2026-02-26,8,15.1,10.1,18.2,0,58.0,8.5,6.0
2026-02-26,9,16.3,13.2,19.9,0.8,76.0,15.6,4.5
2026-02-26,10,17.4,11.4,22.6,0,74.0,16.8,5.2
2026-02-26,11,18.4,14.4,22.6,0,89.0,14.8,5.0
2026-02-26,12,15.8,12.4,19.0,0,73.0,2.5,4.9
2026-02-26,13,15.3,11.9,18.6,0,44.0,6.9,5.5
2026-02-26,14,15.5,10.4,19.5,0,79.0,12.5,4.1
2026-02-26,15,16.1,10.1,19.6,8.1,88.0,18.6,7.9
2026-02-26,16,15.4,10.2,20.4,0,93.0,19.0,3.7
2026-02-26,17,16.2,12.8,20.5,0,44.0,8.1,6.6
2026-02-26,18,13.1,8.7,16.5,3.6,39.0,11.2,5.5
2026-02-26,19,14.4,10.6,20.8,0,56.0,4.0,5.2
2026-02-26,20,19.6,15.1,25.0,0,53.0,19.3,2.8
2026-02-26,21,14.9,10.3,20.9,0,63.0,14.2,3.0
2026-02-26,22,12.9,9.7,16.7,0,57.0,9.6,6.0
2026-02-26,23,13.7,8.5,16.9,0,45.0,16.2,4.2
2026-02-26,24,14.2,11.2,20.4,0.8,74.0,6.2,5.6
2026-02-26,25,12.8,7.7,19.5,0,54.0,19.1,7.4
2026-02-27,1,16.1,12.8,21.1,0.9,78.0,17.0,5.9
2026-02-27,2,14.6,9.1,19.5,0,64.0,8.9,4.9
2026-02-27,3,16.7,12.0,19.7,0,53.0,23.9,5.8
2026-02-27,4,14.7,9.1,20.1,0,74.0,1.0,5.9
2026-02-27,5,14.9,9.5,20.2,8.5,57.0,15.3,7.4
2026-02-27,6,17.3,12.8,21.7,0,73.0,15.7,5.6
2026-02-27,7,16.5,13.0,20.7,4.1,66.0,24.4,4.9
2026-02-27,8,18.4,14.7,22.6,0,53.0,21.6,4.2
2026-02-27,9,16.0,12.6,22.4,0,63.0,9.9,7.0
2026-02-27,10,17.4,12.2,22.7,0,73.0,13.1,5.9
2026-02-27,11,15.8,12.6,18.8,0,64.0,16.8,5.8
2026-02-27,12,13.2,9.6,18.2,0,69.0,17.3,4.3
2026-02-27,13,14.9,8.9,20.0,0,46.0,42.4,7.0
2026-02-27,14,17.9,13.8,22.5,0,62.0,4.7,5.5
2026-02-27,15,13.1,9.8,17.9,0,61.0,0.8,4.4
2026-02-27,16,13.9,9.9,20.3,0,82.0,14.9,6.3
2026-02-27,17,15.6,10.7,21.0,0.0,59.0,20.4,5.0
2026-02-27,18,13.2,8.1,18.3,0,64.0,3.1,4.0
2026-02-27,19,16.7,13.6,21.8,0,67.0,26.6,2.7
2026-02-27,20,17.0,13.6,23.0,0,39.0,1.5,6.5
2026-02-27,21,15.0,10.7,18.6,0,75.0,13.1,10.3
2026-02-27,22,14.0,9.0,18.0,0,57.0,26.4,3.9
2026-02-27,23,18.3,12.4,24.6,0,23.0,5.4,4.2
2026-02-27,24,14.6,9.2,18.7,0,76.0,16.7,4.6
2026-02-27,25,13.3,8.2,17.7,0,43.0,24.2,5.9
2026-02-28,1,15.5,10.9,22.3,2.2,70.0,14.6,5.6
2026-02-28,2,14.6,8.9,20.4,0,62.0,22.3,4.1
2026-02-28,3,13.8,8.8,20.0,0,54.0,9.8,3.2
2026-02-28,4,15.3,11.0,19.2,3.3,50.0,23.3,6.8
2026-02-28,5,15.2,9.5,18.4,0,80.0,32.9,6.1
2026-02-28,6,16.2,10.8,23.0,0,69.0,12.1,4.4
2026-02-28,7,14.8,10.4,18.1,0,56.0,12.5,6.0
2026-02-28,8,14.9,11.2,19.1,0,62.0,24.5,6.3
2026-02-28,9,18.4,15.0,24.5,0,55.0,19.5,5.7
2026-02-28,10,16.7,10.8,22.3,0,72.0,20.2,3.6
2026-02-28,11,15.1,11.8,22.0,0,71.0,4.6,4.8
2026-02-28,12,14.0,8.1,17.9,0,80.0,30.2,7.2
2026-02-28,13,14.0,10.8,20.9,0,64.0,13.7,4.1
2026-02-28,14,18.0,14.1,24.1,0,61.0,14.9,6.2
2026-02-28,15,13.7,9.0,19.7,0,75.0,13.6,4.0
2026-02-28,16,17.4,12.8,22.8,0.6,77.0,11.6,5.7
2026-02-28,17,15.7,11.4,20.6,0,22.0,20.2,5.3
2026-02-28,18,11.0,7.3,17.7,0,60.0,19.3,5.1
2026-02-28,19,16.9,13.0,23.1,0,54.0,19.6,8.4
2026-02-28,20,18.4,14.0,22.3,0.7,60.0,20.3,4.0
2026-02-28,21,15.1,10.2,20.1,10.6,62.0,30.4,5.6
2026-02-28,22,12.0,8.1,16.5,0.4,63.0,15.2,3.1
2026-02-28,23,16.9,13.2,20.9,0.1,32.0,16.2,5.7
2026-02-28,24,14.2,8.3,20.4,0,84.0,22.3,9.2
2026-02-28,25,13.4,8.8,17.4,2.9,42.0,6.7,4.1
2026-03-01,1,15.3,10.9,20.7,4.8,66.0,2.6,3.2
2026-03-01,2,15.9,10.6,20.7,3.2,66.0,24.2,5.1
2026-03-01,3,14.8,9.0,19.9,0,57.0,22.4,5.7
2026-03-01,4,16.1,10.8,22.2,0,56.0,4.5,1.8
2026-03-01,5,14.0,8.7,20.5,0,73.0,11.1,4.3
2026-03-01,6,13.7,10.3,18.7,0,79.0,19.1,5.3
2026-03-01,7,14.9,10.9,19.1,3.0,79.0,32.5,5.1
2026-03-01,8,14.5,11.0,18.1,0,79.0,14.5,4.2
2026-03-01,9,17.4,12.5,20.9,0,80.0,13.6,4.7
2026-03-01,10,18.7,15.4,23.2,0,85.0,17.8,6.1
2026-03-01,11,13.5,8.2,20.3,0,69.0,12.7,4.9
2026-03-01,12,14.5,10.2,21.4,0,65.0,16.9,6.6
2026-03-01,13,17.0,12.6,21.9,1.1,65.0,28.0,5.5
2026-03-01,14,15.2,10.8,19.4,0,66.0,14.4,6.6
2026-03-01,15,14.1,10.9,18.6,0.3,72.0,2.4,5.8
2026-03-01,16,14.9,11.6,19.2,0,65.0,13.3,6.2
2026-03-01,17,13.3,10.2,16.8,0,35.0,22.1,5.6
2026-03-01,18,12.9,9.7,17.5,4.3,50.0,19.5,3.9
2026-03-01,19,18.8,13.0,25.2,0.2,68.0,0.8,3.8
2026-03-01,20,17.0,13.1,22.0,2.0,59.0,28.3,5.0
2026-03-01,21,11.7,8.1,15.3,0,69.0,32.7,6.1
2026-03-01,22,11.3,6.2,16.5,4.2,66.0,4.8,4.5
2026-03-01,23,18.0,14.8,24.9,0,35.0,10.3,2.6
2026-03-01,24,16.6,11.2,21.9,0,68.0,12.6,4.5
2026-03-01,25,11.3,7.1,17.5,0,41.0,1.9,4.1
2026-03-02,1,17.1,11.2,20.4,0,65.0,29.8,5.2
2026-03-02,2,15.9,12.5,20.5,0,67.0,19.9,3.5
2026-03-02,3,16.7,13.5,22.2,0,85.0,16.8,4.8
2026-03-02,4,14.0,9.3,21.0,0,69.0,2.9,6.2
2026-03-02,5,12.9,9.0,17.8,0,69.0,1.4,5.8
2026-03-02,6,13.9,8.0,17.2,0,56.0,21.6,6.3
2026-03-02,7,18.9,14.6,22.2,0,68.0,6.3,4.2
2026-03-02,8,16.9,13.6,20.6,0.7,60.0,21.4,2.2
2026-03-02,9,15.3,9.6,22.1,0,44.0,12.7,6.5
2026-03-02,10,13.5,8.3,19.6,0,68.0,0.5,7.0
2026-03-02,11,18.1,14.1,24.8,6.3,82.0,11.1,4.7
2026-03-02,12,13.6,9.2,17.4,3.4,72.0,4.6,6.6
2026-03-02,13,14.8,9.1,18.2,0,51.0,18.2,4.0
2026-03-02,14,15.0,11.7,18.1,0,64.0,29.3,3.9
2026-03-02,15,15.0,11.5,21.7,10.9,75.0,21.3,4.7
2026-03-02,16,16.7,13.0,20.0,0,69.0,25.3,4.8
2026-03-02,17,14.9,10.9,21.3,0,46.0,9.0,3.9
2026-03-02,18,14.0,9.5,18.6,0,55.0,16.3,7.4
2026-03-02,19,17.9,12.4,21.4,0,64.0,18.3,7.0
2026-03-02,20,19.5,15.4,23.9,0,55.0,9.9,4.1
2026-03-02,21,13.1,9.8,18.6,0,64.0,6.4,5.0
2026-03-02,22,15.2,10.1,18.7,0,65.0,24.1,6.2
2026-03-02,23,16.0,10.3,20.6,0,40.0,7.4,4.5
2026-03-02,24,13.0,9.4,18.7,0,53.0,11.5,4.7
2026-03-02,25,14.9,10.5,18.8,0,62.0,6.8,6.9
2026-03-03,1,14.1,9.5,20.1,0,82.0,6.7,4.7
2026-03-03,2,14.5,10.0,17.7,11.5,52.0,9.9,5.0
2026-03-03,3,15.9,10.3,22.2,1.2,72.0,16.5,4.7
2026-03-03,4,17.4,12.3,21.3,1.9,74.0,17.3,2.9
2026-03-03,5,13.0,7.9,18.6,0,77.0,12.4,4.9
2026-03-03,6,15.2,10.7,19.8,0,61.0,15.6,4.4
2026-03-03,7,18.2,13.1,25.1,0,65.0,25.8,5.2
2026-03-03,8,15.7,12.1,21.2,0,60.0,10.3,7.0
2026-03-03,9,15.3,11.1,20.1,0,57.0,16.0,5.2
2026-03-03,10,15.9,10.2,20.5,0,66.0,21.4,8.6
2026-03-03,11,16.1,11.3,22.0,0,74.0,28.7,4.9
2026-03-03,12,19.0,14.5,26.0,0,66.0,29.7,5.5
2026-03-03,13,16.8,13.1,21.2,0,70.0,17.6,7.5
2026-03-03,14,18.0,12.8,23.0,3.9,67.0,19.9,5.5
2026-03-03,15,13.4,9.8,19.2,0,63.0,19.0,5.0
2026-03-03,16,14.8,9.5,18.8,0,75.0,2.1,3.0
2026-03-03,17,11.9,6.7,16.3,1.3,46.0,8.5,6.7
2026-03-03,18,12.6,9.2,16.7,0,50.0,5.3,5.9
2026-03-03,19,16.0,11.4,22.1,0,67.0,4.5,5.3
2026-03-03,20,17.7,13.2,22.3,0,54.0,17.2,4.0
2026-03-03,21,13.5,7.5,17.6,0,61.0,20.8,7.3
2026-03-03,22,14.2,9.9,17.5,0,65.0,20.1,5.0
2026-03-03,23,17.6,12.8,21.9,0,40.0,24.6,4.9
2026-03-03,24,16.7,11.5,20.4,0.3,65.0,8.4,3.1
2026-03-03,25,13.5,9.0,18.0,0,40.0,17.7,3.6
2026-03-04,1,15.3,10.4,22.0,0.1,68.0,32.8,5.6
2026-03-04,2,14.0,10.5,19.3,5.7,48.0,24.0,4.5
2026-03-04,3,14.1,10.8,17.3,0,78.0,17.9,5.0
2026-03-04,4,13.7,8.6,17.1,0,70.0,19.3,5.0
2026-03-04,5,15.5,10.9,19.6,9.9,69.0,14.3,5.9
2026-03-04,6,13.8,10.0,20.6,6.7,59.0,17.2,6.4
2026-03-04,7,18.1,13.0,21.3,0,71.0,15.1,5.4
2026-03-04,8,12.9,9.7,18.4,0,72.0,13.0,3.1
2026-03-04,9,17.7,12.8,23.3,0,59.0,15.6,5.8
2026-03-04,10,18.2,13.2,25.2,0,65.0,3.1,5.8
2026-03-04,11,12.5,7.2,16.7,8.3,69.0,24.5,8.1
2026-03-04,12,15.6,9.7,21.1,1.3,80.0,14.4,3.4
2026-03-04,13,13.9,8.7,18.2,0,50.0,11.0,6.3
2026-03-04,14,18.1,12.6,21.6,0,59.0,23.6,4.8
2026-03-04,15,17.1,13.1,24.0,0,78.0,12.5,3.9
2026-03-04,16,15.7,11.4,19.9,0,85.0,23.4,4.4
2026-03-04,17,17.1,11.8,22.9,0,49.0,17.4,7.7
2026-03-04,18,11.9,6.5,15.9,6.4,46.0,26.0,4.1
2026-03-04,19,20.2,15.7,26.0,0,60.0,17.1,5.5
2026-03-04,20,19.0,15.8,25.4,0,69.0,12.5,2.9
2026-03-04,21,12.6,9.0,18.2,0,69.0,27.0,5.8
2026-03-04,22,11.9,6.5,16.4,0.9,57.0,16.2,4.9
2026-03-04,23,20.4,17.0,23.8,0,52.0,21.3,6.7
2026-03-04,24,16.7,13.6,22.0,0,62.0,16.5,5.2
2026-03-04,25,11.4,6.0,16.0,0,36.0,21.9,3.6
2026-03-05,1,17.5,12.2,23.0,0,71.0,24.8,5.9
2026-03-05,2,17.7,14.5,20.8,0.2,62.0,8.9,8.2
2026-03-05,3,17.0,11.6,23.7,0,72.0,15.3,5.5
2026-03-05,4,17.0,12.8,20.2,0,74.0,28.7,5.5
2026-03-05,5,14.9,9.9,19.1,0,66.0,31.3,5.6
2026-03-05,6,14.0,9.9,20.7,1.7,56.0,11.9,5.8
2026-03-05,7,17.3,11.6,20.6,0,56.0,17.5,6.5
2026-03-05,8,17.5,11.7,20.8,0,76.0,24.4,5.9
2026-03-05,9,18.6,13.5,25.0,0,63.0,18.2,1.7
2026-03-05,10,13.0,8.1,16.6,3.0,69.0,24.2,7.6
2026-03-05,11,17.6,13.3,24.3,0,69.0,13.2,6.9
2026-03-05,12,18.1,14.8,24.1,0,63.0,27.6,6.3
2026-03-05,13,11.8,7.2,18.5,0,80.0,14.0,5.9
2026-03-05,14,16.7,12.9,22.4,0,52.0,7.2,6.6
2026-03-05,15,16.4,12.2,23.4,0,79.0,22.5,3.2
2026-03-05,16,17.6,14.6,21.7,0,91.0,17.6,4.3
2026-03-05,17,16.5,12.6,22.1,0,45.0,23.7,6.5
2026-03-05,18,12.2,7.6,16.5,0,48.0,18.1,6.4
2026-03-05,19,19.1,14.5,25.3,0,65.0,19.5,5.4
2026-03-05,20,17.8,13.9,21.7,0,44.0,18.6,6.2
2026-03-05,21,14.3,9.6,19.9,0,63.0,18.6,5.7
2026-03-05,22,12.3,8.3,15.9,0,61.0,18.8,5.2
2026-03-05,23,16.9,11.0,22.8,0,51.0,12.3,6.6
2026-03-05,24,14.1,11.1,20.2,5.6,73.0,12.6,7.0
2026-03-05,25,12.4,8.8,17.3,0,51.0,11.3,1.4
2026-03-06,1,15.6,10.5,21.6,0,72.0,9.6,3.9
2026-03-06,2,16.4,12.1,22.0,0,68.0,1.7,4.3
2026-03-06,3,18.3,12.7,21.5,3.3,67.0,14.8,6.1
2026-03-06,4,16.3,11.6,21.6,0,64.0,18.7,3.7
2026-03-06,5,16.3,13.1,23.2,2.8,68.0,3.3,5.9
2026-03-06,6,19.5,15.3,24.5,0,67.0,25.7,7.4
2026-03-06,7,18.1,14.8,23.8,0,72.0,1.7,6.0
2026-03-06,8,14.5,8.9,20.6,0,72.0,20.9,5.0
2026-03-06,9,16.9,12.7,22.6,0,64.0,5.6,6.2
2026-03-06,10,19.4,13.7,22.4,2.1,56.0,8.7,3.5
2026-03-06,11,14.1,10.7,20.3,0,67.0,24.4,8.4
2026-03-06,12,15.2,10.1,18.9,0,68.0,13.6,2.9
2026-03-06,13,16.2,12.3,19.2,0,42.0,22.2,6.8
2026-03-06,14,20.2,16.6,23.4,0,66.0,4.7,9.0
2026-03-06,15,14.0,8.7,19.6,0,73.0,5.5,5.4
2026-03-06,16,19.3,16.2,23.4,0,86.0,11.4,5.0
2026-03-06,17,15.1,9.9,21.2,0,29.0,19.5,6.2
2026-03-06,18,12.9,9.0,16.9,0,59.0,11.5,5.1
2026-03-06,19,22.0,16.1,25.4,0,74.0,9.5,2.9
2026-03-06,20,18.0,14.2,24.0,0,63.0,11.8,5.5
2026-03-06,21,12.3,8.2,19.0,1.0,63.0,2.5,5.0
2026-03-06,22,14.4,9.9,18.7,4.8,70.0,14.9,6.6
2026-03-06,23,17.8,12.5,23.7,0,39.0,21.9,5.4
2026-03-06,24,18.3,13.0,22.1,1.6,71.0,16.4,4.6
2026-03-06,25,15.7,12.6,19.7,0,51.0,14.0,5.3
2026-03-07,1,16.5,12.2,20.5,0,79.0,27.1,7.6
2026-03-07,2,13.8,10.4,17.4,0,81.0,21.6,5.0
2026-03-07,3,15.6,11.3,20.1,3.4,73.0,14.1,5.1
2026-03-07,4,17.8,14.0,22.0,0,68.0,19.8,4.5
2026-03-07,5,15.7,12.4,20.0,0,60.0,13.1,5.2
2026-03-07,6,16.3,12.0,20.3,0,73.0,13.8,7.9
2026-03-07,7,16.8,13.3,23.2,0.7,62.0,4.9,9.2
2026-03-07,8,16.1,10.7,22.5,2.4,75.0,12.0,6.8
2026-03-07,9,18.2,13.2,23.8,0,54.0,16.1,3.2
2026-03-07,10,14.9,9.0,21.5,0.1,48.0,7.1,5.5
2026-03-07,11,16.8,12.5,22.6,0,78.0,25.6,5.7
2026-03-07,12,14.3,8.6,17.9,0.5,72.0,2.1,8.5
2026-03-07,13,16.3,11.1,21.0,0,54.0,24.3,3.9
2026-03-07,14,17.3,13.4,23.4,0,58.0,21.6,5.1
2026-03-07,15,14.5,9.1,18.6,8.5,69.0,8.6,6.8
2026-03-07,16,15.8,12.1,19.7,0,85.0,13.3,5.9
2026-03-07,17,13.7,10.3,18.6,0,47.0,7.9,3.8
2026-03-07,18,10.9,6.6,15.6,0,56.0,21.9,5.2
2026-03-07,19,18.9,15.4,23.3,0,50.0,16.8,6.4
2026-03-07,20,16.4,10.6,19.7,1.4,55.0,14.1,4.3
2026-03-07,21,13.0,9.9,17.5,0,80.0,0.0,7.6
2026-03-07,22,14.8,9.0,18.0,0,50.0,22.0,3.4
2026-03-07,23,20.7,17.0,26.2,0,38.0,5.7,6.3
2026-03-07,24,14.7,9.5,18.9,0,80.0,10.9,3.8
2026-03-07,25,12.6,8.0,16.9,0,48.0,19.3,5.0
2026-03-08,1,17.7,14.6,23.1,3.8,74.0,17.3,7.4
2026-03-08,2,16.6,12.8,21.7,9.1,72.0,1.9,5.8
2026-03-08,3,20.3,15.3,25.2,0,65.0,21.1,5.1
2026-03-08,4,16.1,10.3,22.8,0,70.0,6.6,6.5
2026-03-08,5,16.2,10.8,19.7,4.9,56.0,19.4,6.0
2026-03-08,6,16.3,12.9,19.8,0,69.0,33.0,3.9
2026-03-08,7,17.7,12.8,21.7,7.0,77.0,19.1,9.1
2026-03-08,8,17.9,13.4,24.1,0,54.0,7.5,6.2
2026-03-08,9,18.4,14.9,21.8,0,61.0,7.5,5.9
2026-03-08,10,17.8,12.7,22.8,8.3,61.0,23.8,4.6
2026-03-08,11,15.8,11.6,19.0,0,73.0,3.2,9.5
2026-03-08,12,15.3,10.9,21.3,0,84.0,17.6,5.9
2026-03-08,13,15.1,9.2,21.4,0,60.0,22.2,5.3
2026-03-08,14,15.7,12.2,21.2,0,63.0,21.6,4.5
2026-03-08,15,13.7,7.8,18.3,0,79.0,16.5,4.8
2026-03-08,16,18.1,14.1,22.5,0,58.0,7.2,4.2
2026-03-08,17,15.4,10.1,19.8,0,44.0,22.0,6.4
2026-03-08,18,12.5,7.0,17.7,0,49.0,21.5,6.0
2026-03-08,19,19.2,14.0,23.3,1.0,58.0,23.1,5.6
2026-03-08,20,19.4,15.4,24.4,0.4,64.0,13.2,7.0
2026-03-08,21,13.6,8.2,19.0,4.1,45.0,13.4,5.6
2026-03-08,22,14.6,11.4,21.4,0,62.0,13.9,6.9
2026-03-08,23,18.6,15.2,24.7,0,35.0,11.3,5.8
2026-03-08,24,15.8,12.5,22.5,0,62.0,7.3,6.3
2026-03-08,25,14.6,11.1,20.1,0,49.0,6.3,5.3
2026-03-09,1,16.1,10.3,22.7,0,71.0,15.8,3.7
2026-03-09,2,18.0,13.0,24.4,0,75.0,19.2,8.0
2026-03-09,3,15.3,10.2,18.7,0,78.0,28.7,7.1
2026-03-09,4,15.0,10.3,18.3,4.4,73.0,17.1,2.3
2026-03-09,5,12.8,7.8,18.0,0,83.0,24.1,7.3
2026-03-09,6,14.4,9.8,20.6,0,77.0,35.6,6.3
2026-03-09,7,14.5,11.4,19.3,0,78.0,27.8,5.1
2026-03-09,8,19.5,14.7,26.4,0,76.0,17.6,5.8
2026-03-09,9,15.7,11.3,18.9,0,56.0,15.2,7.4
2026-03-09,10,15.6,12.6,21.0,0,57.0,15.8,3.0
2026-03-09,11,15.9,10.7,19.8,7.3,65.0,5.6,5.7
2026-03-09,12,16.7,12.2,21.9,0,59.0,10.0,4.8
2026-03-09,13,14.9,9.3,20.2,0,49.0,16.7,2.8
2026-03-09,14,17.2,11.7,23.9,1.8,68.0,13.1,8.0
2026-03-09,15,15.8,10.0,21.3,13.2,75.0,12.1,9.4
2026-03-09,16,17.5,11.5,24.1,0,68.0,11.5,5.0
2026-03-09,17,16.8,13.3,22.3,0,28.0,5.2,5.0
2026-03-09,18,12.7,8.1,17.9,3.2,49.0,15.5,3.9
2026-03-09,19,19.3,15.0,22.9,0,64.0,16.2,7.6
2026-03-09,20,19.2,14.0,23.7,0.2,54.0,26.5,4.8
2026-03-09,21,12.3,8.6,19.2,0,64.0,18.5,7.5
2026-03-09,22,16.2,11.4,20.8,0,57.0,16.1,6.4
2026-03-09,23,20.5,15.6,26.8,0,39.0,14.1,5.8
2026-03-09,24,16.3,12.6,19.5,0,79.0,13.4,7.2
2026-03-09,25,13.1,7.9,16.1,0,48.0,20.9,6.4
2026-03-10,1,15.1,11.4,20.8,0,66.0,22.4,5.2
2026-03-10,2,17.3,13.8,22.8,4.5,62.0,33.1,5.1
2026-03-10,3,18.4,15.2,21.4,0,61.0,9.9,5.1
2026-03-10,4,16.4,11.7,20.1,0,77.0,19.2,5.7
2026-03-10,5,16.4,12.3,20.4,0,70.0,9.2,5.7
2026-03-10,6,14.3,9.6,17.8,0,78.0,13.5,6.1
2026-03-10,7,16.5,11.7,19.8,0,80.0,0.2,5.7
2026-03-10,8,16.9,12.8,22.3,0,75.0,7.1,8.6
2026-03-10,9,17.1,13.2,20.8,0,74.0,4.4,7.1
2026-03-10,10,16.5,10.9,22.2,0,58.0,8.2,5.5
2026-03-10,11,17.7,13.1,23.4,1.6,79.0,36.9,6.3
2026-03-10,12,16.9,12.8,20.2,0.4,64.0,7.0,5.8
2026-03-10,13,17.0,11.9,23.7,0,51.0,17.6,6.3
2026-03-10,14,15.9,10.7,19.1,2.1,62.0,4.5,8.4
2026-03-10,15,16.7,12.3,22.2,2.5,81.0,33.5,8.2
2026-03-10,16,17.4,12.1,23.2,0,70.0,16.6,6.7
2026-03-10,17,19.3,14.6,25.1,0,38.0,8.2,5.4
2026-03-10,18,14.8,11.7,19.0,0,61.0,7.5,5.6
2026-03-10,19,19.9,13.9,24.0,0,42.0,12.8,6.2
2026-03-10,20,22.0,17.7,28.8,0,66.0,13.8,4.7
2026-03-10,21,16.1,12.3,21.6,0,59.0,18.1,5.7
2026-03-10,22,12.5,8.0,16.4,0.9,59.0,7.2,4.5
2026-03-10,23,19.1,15.6,23.7,0,35.0,19.0,6.4
2026-03-10,24,14.9,11.3,21.4,2.7,61.0,3.9,6.0
2026-03-10,25,16.1,11.9,22.1,0.3,39.0,13.4,6.7
2026-03-11,1,16.9,11.9,21.0,0,45.0,16.1,7.2
2026-03-11,2,17.2,14.0,20.8,0,54.0,4.1,6.6
2026-03-11,3,15.2,11.6,18.6,1.0,73.0,24.7,8.0
2026-03-11,4,16.4,12.0,21.7,0,70.0,16.9,6.6
2026-03-11,5,17.7,13.2,23.1,0,70.0,24.0,4.7
2026-03-11,6,19.2,16.0,25.8,0,61.0,11.2,5.9
2026-03-11,7,17.5,13.4,21.4,0,61.0,8.2,7.0
2026-03-11,8,17.3,11.7,22.9,0,68.0,11.2,4.1
2026-03-11,9,17.6,12.3,24.2,0,63.0,0.2,4.0
2026-03-11,10,19.3,15.1,22.9,0,51.0,19.1,7.4
2026-03-11,11,17.4,14.3,23.3,1.0,68.0,31.4,3.5
2026-03-11,12,18.9,13.4,24.3,0.5,76.0,7.4,7.1
2026-03-11,13,18.0,15.0,22.9,0,71.0,22.3,5.2
2026-03-11,14,18.7,12.9,22.6,0,70.0,24.9,5.4
2026-03-11,15,14.0,9.8,17.4,0,63.0,26.0,4.8
2026-03-11,16,13.7,8.3,18.5,1.5,61.0,20.9,7.4
2026-03-11,17,14.7,9.1,21.5,0,32.0,14.4,7.0
2026-03-11,18,15.5,12.3,18.6,0,55.0,15.8,5.0
2026-03-11,19,18.9,14.5,24.8,0,54.0,28.9,4.2
2026-03-11,20,20.3,16.6,24.6,0,62.0,17.9,6.3
2026-03-11,21,16.9,12.0,20.2,0,61.0,12.7,5.7
2026-03-11,22,15.4,10.8,19.0,27.7,69.0,13.4,8.1
2026-03-11,23,15.8,12.1,19.5,0,16.0,33.5,6.7
2026-03-11,24,17.6,12.6,23.6,0,73.0,33.5,6.0
2026-03-11,25,19.4,16.2,22.9,5.7,45.0,15.1,5.1
2026-03-12,1,19.3,14.9,24.6,0,73.0,12.2,3.8
2026-03-12,2,17.7,12.2,23.0,0,66.0,3.4,4.4
2026-03-12,3,18.1,14.7,24.1,1.3,66.0,11.0,6.4
2026-03-12,4,17.6,13.6,24.4,0,60.0,18.0,5.9
2026-03-12,5,15.8,11.7,22.3,0,63.0,15.1,5.7
2026-03-12,6,15.5,11.1,21.9,0,63.0,20.2,5.2
2026-03-12,7,17.2,13.1,21.6,0,73.0,16.6,7.3
2026-03-12,8,16.5,11.6,22.3,0,76.0,21.6,5.7
2026-03-12,9,16.7,13.2,21.1,0,65.0,3.2,5.6
2026-03-12,10,18.6,13.2,22.5,0.2,64.0,14.6,3.3
2026-03-12,11,19.1,14.7,25.2,0,67.0,5.2,4.1
2026-03-12,12,18.8,14.8,25.7,0,74.0,24.1,7.2
2026-03-12,13,16.5,12.3,20.0,0,57.0,2.7,4.5
2026-03-12,14,20.4,16.1,26.3,0,61.0,22.0,7.7
2026-03-12,15,15.2,9.4,20.4,4.5,82.0,12.3,3.4
2026-03-12,16,16.3,12.1,20.3,0,84.0,27.0,8.9
2026-03-12,17,16.9,11.7,23.8,0,49.0,6.4,4.0
2026-03-12,18,13.3,9.0,17.2,3.7,43.0,13.3,6.4
2026-03-12,19,18.7,13.6,22.7,0,69.0,5.6,7.8
2026-03-12,20,18.2,13.7,23.1,0,48.0,32.8,4.9
2026-03-12,21,14.4,9.0,18.7,2.0,67.0,9.9,4.6
2026-03-12,22,14.6,8.6,18.3,0,69.0,8.6,4.2
2026-03-12,23,23.0,18.1,27.4,0,38.0,16.0,6.6
2026-03-12,24,17.8,13.2,23.1,7.9,76.0,17.6,6.2
2026-03-12,25,15.3,9.8,20.0,0,34.0,18.0,7.4
2026-03-13,1,19.2,14.8,23.7,0,60.0,8.3,4.1
2026-03-13,2,18.5,15.2,24.6,0.7,70.0,7.8,7.9
2026-03-13,3,15.5,11.2,21.6,0.4,60.0,13.8,5.7
2026-03-13,4,17.7,12.0,22.0,0,77.0,24.4,6.3
2026-03-13,5,16.0,11.6,21.8,0,73.0,11.9,5.7
2026-03-13,6,18.4,13.4,23.6,0,77.0,27.8,5.7
2026-03-13,7,19.8,14.8,25.7,1.3,70.0,2.8,4.0
2026-03-13,8,17.8,13.5,21.2,0,76.0,15.9,3.9
2026-03-13,9,16.9,11.7,21.1,1.2,54.0,11.0,8.1
2026-03-13,10,17.0,13.1,23.1,0,52.0,19.7,7.2
2026-03-13,11,17.3,12.1,23.4,0.5,81.0,21.3,4.6
2026-03-13,12,18.5,15.4,25.4,0,64.0,24.9,5.9
2026-03-13,13,19.9,16.0,24.4,0,41.0,8.8,8.3
2026-03-13,14,18.8,13.5,25.1,0,66.0,9.9,6.8
2026-03-13,15,14.5,11.2,19.6,0,72.0,24.0,7.1
2026-03-13,16,14.7,10.1,20.9,0,64.0,23.9,5.3
2026-03-13,17,17.0,13.5,21.6,0,45.0,13.5,8.7
2026-03-13,18,14.3,8.4,19.1,0,43.0,10.7,6.1
2026-03-13,19,21.0,15.2,25.4,0,65.0,4.7,7.2
2026-03-13,20,19.9,16.8,23.7,0,55.0,27.3,4.9
2026-03-13,21,16.2,11.2,21.8,0,60.0,22.3,4.6
2026-03-13,22,16.2,12.0,20.4,0,60.0,30.7,4.2
2026-03-13,23,21.3,15.9,27.8,0,36.0,16.1,11.3
2026-03-13,24,19.2,15.6,22.6,0,65.0,16.5,4.9
2026-03-13,25,19.9,16.5,25.5,0,55.0,15.8,6.1
2026-03-14,1,15.9,10.1,20.2,0.7,63.0,23.8,5.5
2026-03-14,2,16.6,12.4,20.5,0,62.0,11.4,6.3
2026-03-14,3,16.3,12.1,22.3,0,62.0,12.8,6.2
2026-03-14,4,18.3,13.0,24.8,0,67.0,16.5,6.4
2026-03-14,5,16.7,12.7,21.7,0,65.0,17.7,7.0
2026-03-14,6,18.6,14.1,24.6,0,76.0,24.1,7.8
2026-03-14,7,19.3,13.5,22.8,0,58.0,22.0,6.3
2026-03-14,8,15.0,10.7,21.5,0,70.0,6.6,7.9
2026-03-14,9,17.4,12.9,20.9,0,72.0,14.7,6.2
2026-03-14,10,16.6,13.0,23.0,0,81.0,15.4,5.0
2026-03-14,11,16.9,11.1,23.4,9.2,71.0,3.1,5.6
2026-03-14,12,16.4,11.2,21.8,0.8,67.0,8.6,6.5
2026-03-14,13,19.1,13.2,22.5,1.0,59.0,31.9,6.4
2026-03-14,14,19.2,14.8,25.3,0,37.0,14.2,5.6
2026-03-14,15,15.8,10.8,22.4,0,67.0,29.8,6.4
2026-03-14,16,17.5,14.0,23.9,0,60.0,8.0,6.6
2026-03-14,17,18.4,13.9,22.1,0,45.0,14.1,6.5
2026-03-14,18,11.8,7.0,17.1,0,61.0,19.7,7.2
2026-03-14,19,21.3,16.5,27.6,0,49.0,12.1,7.4
2026-03-14,20,20.5,14.6,26.9,0,61.0,8.1,6.4
2026-03-14,21,16.0,11.0,22.6,0,61.0,19.7,7.9
2026-03-14,22,15.4,12.3,18.7,0,59.0,21.2,8.0
2026-03-14,23,19.2,14.2,24.4,0,51.0,14.7,5.4
2026-03-14,24,18.6,15.1,25.1,0,69.0,18.3,3.7
2026-03-14,25,16.8,12.0,20.8,0,38.0,11.6,3.2
2026-03-15,1,17.6,12.7,20.9,0.4,79.0,35.7,6.5
2026-03-15,2,18.4,14.5,23.3,0,68.0,21.0,5.9
2026-03-15,3,18.6,13.1,25.1,0.2,59.0,27.9,6.4
2026-03-15,4,16.6,11.7,21.2,0,75.0,15.9,5.4
2026-03-15,5,16.7,13.7,20.5,0,79.0,8.8,2.8
2026-03-15,6,17.7,11.9,24.6,0,69.0,0.5,6.7
2026-03-15,7,18.2,15.1,22.4,0,64.0,21.8,6.4
2026-03-15,8,17.4,13.5,23.2,0,61.0,22.7,6.2
2026-03-15,9,19.7,14.6,26.5,0,67.0,8.9,6.8
2026-03-15,10,21.0,16.8,28.0,0,72.0,0.8,5.8
2026-03-15,11,18.7,13.6,23.1,1.3,65.0,16.4,5.2
2026-03-15,12,17.4,14.1,20.4,5.0,66.0,7.5,5.7
2026-03-15,13,18.4,12.6,25.1,0,51.0,19.6,6.9
2026-03-15,14,20.8,17.8,27.4,0,59.0,17.4,7.8
2026-03-15,15,16.8,11.3,21.7,0,68.0,14.2,7.5
2026-03-15,16,18.2,13.3,21.8,0,74.0,21.1,5.2
2026-03-15,17,19.4,14.4,25.0,0,45.0,21.6,6.5
2026-03-15,18,13.9,10.3,17.7,0,48.0,20.3,4.0
2026-03-15,19,19.0,15.1,23.9,0,48.0,24.1,7.2
2026-03-15,20,21.1,17.1,27.4,0,45.0,25.8,8.3
2026-03-15,21,17.3,11.9,21.2,3.7,68.0,23.0,6.4
2026-03-15,22,15.6,11.3,20.0,6.6,60.0,11.3,6.6
2026-03-15,23,19.9,14.5,23.8,0,34.0,9.2,9.7
2026-03-15,24,20.0,16.5,24.0,0,76.0,30.7,4.3
2026-03-15,25,14.2,11.2,20.5,0,47.0,6.3,6.4
2026-03-16,1,19.6,14.3,24.6,2.4,57.0,8.5,3.8
2026-03-16,2,15.7,10.6,21.3,2.4,75.0,21.8,7.1
2026-03-16,3,15.5,11.6,20.0,0,71.0,7.7,5.7
2026-03-16,4,16.2,12.5,19.5,3.6,53.0,19.1,6.6
2026-03-16,5,17.6,13.2,22.2,7.3,73.0,23.1,6.3
2026-03-16,6,15.9,10.5,21.2,0.8,44.0,21.9,7.2
2026-03-16,7,18.2,15.1,25.0,0,63.0,20.4,4.8
2026-03-16,8,18.9,13.9,25.8,0,61.0,11.9,3.4
2026-03-16,9,19.3,14.5,22.3,1.5,61.0,17.3,5.2
2026-03-16,10,16.6,10.7,22.7,0,68.0,6.2,6.7
2026-03-16,11,16.8,11.7,20.8,0,69.0,9.4,10.9
2026-03-16,12,17.6,12.7,23.8,0,70.0,28.3,7.8
2026-03-16,13,20.6,17.2,26.4,0,49.0,15.8,4.9
2026-03-16,14,17.6,11.6,23.3,0,47.0,9.1,7.8
2026-03-16,15,13.7,10.2,17.0,1.0,72.0,19.2,8.6
2026-03-16,16,16.6,11.8,23.4,0,79.0,20.3,5.7
2026-03-16,17,16.9,12.8,23.0,0,36.0,3.1,5.8
2026-03-16,18,17.7,14.6,23.4,0,51.0,14.4,4.6
2026-03-16,19,19.4,16.2,25.1,0,45.0,15.7,4.7
2026-03-16,20,20.1,15.4,26.6,0,51.0,11.3,6.5
2026-03-16,21,18.5,15.5,24.5,6.3,72.0,21.5,9.0
2026-03-16,22,14.9,10.4,20.9,4.8,62.0,22.9,5.2
2026-03-16,23,21.5,15.5,28.1,0,38.0,28.6,5.9
2026-03-16,24,16.7,11.3,23.1,0,75.0,20.3,5.9
2026-03-16,25,16.4,12.9,23.2,6.7,57.0,1.7,8.2
2026-03-17,1,17.5,12.7,24.1,0,69.0,23.7,7.9
2026-03-17,2,19.8,15.4,25.5,3.0,58.0,4.7,9.2
2026-03-17,3,16.7,13.2,23.0,0,66.0,12.8,6.5
2026-03-17,4,17.3,11.9,22.3,0,64.0,12.9,5.6
2026-03-17,5,19.7,15.6,26.4,0,70.0,8.6,4.4
2026-03-17,6,17.1,12.8,22.2,0,65.0,6.7,7.2
2026-03-17,7,16.3,12.0,20.9,0,79.0,12.2,6.7
2026-03-17,8,16.7,13.6,23.3,0,83.0,10.8,6.0
2026-03-17,9,18.5,13.6,23.5,0.3,54.0,8.6,4.0
2026-03-17,10,20.6,16.6,26.6,0,62.0,13.0,9.3
2026-03-17,11,17.0,11.7,20.6,0,83.0,8.8,4.8
2026-03-17,12,17.9,12.4,21.4,0,77.0,18.3,4.2
2026-03-17,13,22.3,19.0,28.7,0,44.0,18.7,6.5
2026-03-17,14,21.6,18.3,27.6,0,73.0,11.9,7.0
2026-03-17,15,16.5,12.8,20.1,0,75.0,17.9,6.7
2026-03-17,16,16.9,13.8,23.4,0,71.0,24.1,7.2
2026-03-17,17,15.5,10.7,21.9,0,34.0,23.3,6.9
2026-03-17,18,17.2,11.6,21.0,0,44.0,14.8,6.2
2026-03-17,19,20.1,15.5,26.3,0.0,72.0,2.9,6.7
2026-03-17,20,20.8,15.5,26.7,0,58.0,3.2,6.8
2026-03-17,21,18.1,12.3,22.1,0,64.0,14.9,5.2
2026-03-17,22,18.2,13.4,23.3,0,56.0,15.9,3.1
2026-03-17,23,22.7,17.9,28.8,0,39.0,14.1,8.1
2026-03-17,24,17.8,14.1,21.8,0,50.0,17.2,3.8
2026-03-17,25,17.9,12.5,22.8,0,39.0,0.1,6.1
2026-03-18,1,20.3,16.5,23.5,0,52.0,1.3,7.8
2026-03-18,2,17.6,11.8,21.7,0,64.0,24.0,6.1
2026-03-18,3,16.6,13.1,21.0,0,65.0,22.3,7.1
2026-03-18,4,20.6,17.3,24.6,0,72.0,12.1,6.3
2026-03-18,5,18.8,12.8,24.9,0,59.0,12.9,11.1
2026-03-18,6,20.4,16.2,26.6,6.2,76.0,5.5,8.5
2026-03-18,7,17.8,12.3,21.2,0,64.0,4.4,7.8
2026-03-18,8,19.7,14.2,24.2,0,74.0,12.6,8.7
2026-03-18,9,19.6,15.0,24.4,2.0,56.0,5.1,6.8
2026-03-18,10,18.5,13.2,21.5,0,55.0,10.4,5.9
2026-03-18,11,19.7,15.1,23.7,0,68.0,3.5,6.4
2026-03-18,12,19.4,13.8,22.6,0,74.0,18.0,7.4
2026-03-18,13,17.5,12.2,21.6,0,62.0,6.0,8.0
2026-03-18,14,18.0,14.7,22.5,0,57.0,19.9,8.2
2026-03-18,15,14.2,10.7,19.1,0,93.0,10.2,6.4
2026-03-18,16,14.7,11.7,20.1,0,75.0,10.3,6.2
2026-03-18,17,17.2,14.2,22.5,0,57.0,15.4,8.3
2026-03-18,18,16.8,13.3,20.7,0,61.0,10.8,5.6
2026-03-18,19,21.3,17.7,24.8,0,47.0,18.9,9.7
2026-03-18,20,24.2,18.9,27.9,0,51.0,13.6,6.1
2026-03-18,21,16.7,10.9,19.9,0,74.0,0.2,6.0
2026-03-18,22,18.2,12.8,24.9,0,63.0,3.7,7.3
2026-03-18,23,23.7,19.1,27.8,0,29.0,5.5,7.3
2026-03-18,24,15.8,10.8,18.8,0,61.0,5.6,7.5
2026-03-18,25,19.4,14.2,24.4,4.1,65.0,7.1,7.0
2026-03-19,1,15.9,10.8,19.2,0.7,61.0,23.8,8.6
2026-03-19,2,19.0,14.0,25.5,0,75.0,10.8,8.0
2026-03-19,3,16.5,11.3,22.7,0.4,69.0,23.6,6.8
2026-03-19,4,18.6,13.8,24.3,0,56.0,19.2,8.3
2026-03-19,5,16.8,12.5,22.3,0,68.0,16.6,4.6
2026-03-19,6,19.7,13.9,25.0,0,50.0,13.0,5.3
2026-03-19,7,16.7,12.3,20.0,0,61.0,14.1,7.2
2026-03-19,8,18.0,13.7,22.2,0,76.0,28.8,7.7
2026-03-19,9,18.3,15.3,22.6,0,60.0,21.1,7.5
2026-03-19,10,17.7,12.4,24.5,0,62.0,19.9,5.4
2026-03-19,11,17.5,13.4,20.6,0,76.0,16.1,8.4
2026-03-19,12,19.5,13.6,26.4,0,79.0,22.8,10.1
2026-03-19,13,18.7,14.6,25.2,1.0,64.0,15.1,8.8
2026-03-19,14,21.7,16.7,28.4,0,55.0,8.0,7.0
2026-03-19,15,16.1,11.4,22.8,0,86.0,2.1,6.1
2026-03-19,16,17.3,11.9,22.1,0,82.0,14.8,7.9
2026-03-19,17,20.6,17.2,24.2,0,45.0,2.7,5.2
2026-03-19,18,15.6,10.8,22.3,0,54.0,21.3,8.3
2026-03-19,19,23.1,17.3,26.4,0,56.0,13.1,6.4
2026-03-19,20,20.3,15.0,24.7,0,58.0,21.8,7.5
2026-03-19,21,15.8,11.9,19.4,2.2,61.0,16.2,4.2
2026-03-19,22,18.7,14.3,22.3,0.1,48.0,11.9,8.0
2026-03-19,23,21.6,18.4,24.8,0,31.0,28.2,5.3
2026-03-19,24,19.7,16.3,24.4,0,77.0,3.8,4.8
2026-03-19,25,18.1,14.5,24.7,0,49.0,14.6,6.7
2026-03-20,1,17.4,12.9,23.4,0,64.0,17.1,7.2
2026-03-20,2,17.9,12.7,23.4,8.4,57.0,16.5,6.6
2026-03-20,3,19.0,13.6,25.6,0,62.0,23.7,9.9
2026-03-20,4,18.9,15.1,25.6,0,68.0,10.2,7.5
2026-03-20,5,18.9,13.5,24.0,0,64.0,13.2,6.4
2026-03-20,6,19.4,13.8,25.1,1.4,72.0,8.6,10.4
2026-03-20,7,18.7,14.3,23.8,0,70.0,18.1,4.2
2026-03-20,8,17.7,13.4,23.9,2.8,79.0,23.9,7.3
2026-03-20,9,18.1,12.6,24.2,0,68.0,16.8,7.9
2026-03-20,10,20.3,14.5,24.5,0,55.0,29.5,6.4
2026-03-20,11,18.7,15.5,22.7,10.6,69.0,27.9,6.4
2026-03-20,12,20.8,17.6,24.4,0,68.0,10.5,7.7
2026-03-20,13,19.1,14.5,25.8,0,59.0,5.7,8.5
2026-03-20,14,22.0,17.9,26.5,0,62.0,19.5,6.2
2026-03-20,15,15.8,11.9,21.4,0,70.0,17.3,8.1
2026-03-20,16,21.2,18.0,24.8,0,66.0,7.9,8.9
2026-03-20,17,20.0,16.2,26.3,0,35.0,12.2,7.6
2026-03-20,18,18.2,12.3,22.9,0,52.0,12.7,6.4
2026-03-20,19,22.5,18.6,27.2,0,49.0,7.4,5.9
2026-03-20,20,22.2,16.6,28.6,0,45.0,10.9,5.9
2026-03-20,21,18.4,12.6,24.3,0,70.0,13.2,6.0
2026-03-20,22,16.5,13.1,20.2,0,64.0,17.6,7.1
2026-03-20,23,25.0,21.0,31.2,0,34.0,22.1,4.8
2026-03-20,24,17.3,12.7,21.7,0,72.0,1.7,5.0
2026-03-20,25,18.3,15.0,25.1,0,59.0,14.5,7.5
2026-03-21,1,16.0,11.3,19.2,0,62.0,14.5,4.6
2026-03-21,2,19.0,15.5,23.7,0,51.0,9.0,6.6
2026-03-21,3,21.5,17.7,26.8,0,70.0,18.6,5.4
2026-03-21,4,18.6,13.0,24.7,5.7,52.0,8.5,8.0
2026-03-21,5,18.3,15.1,23.7,0,51.0,13.0,7.6
2026-03-21,6,18.7,15.6,22.8,2.1,64.0,11.8,9.1
2026-03-21,7,21.2,17.8,26.6,0,67.0,21.4,8.4
2026-03-21,8,19.7,15.0,26.5,0,74.0,22.1,6.5
2026-03-21,9,19.5,16.4,24.4,0,60.0,0.6,6.0
2026-03-21,10,18.4,15.0,22.7,0,51.0,17.1,6.9
2026-03-21,11,19.5,15.9,23.2,0,46.0,13.2,5.2
2026-03-21,12,17.7,13.4,23.5,0,84.0,18.8,6.0
2026-03-21,13,21.7,16.8,27.9,0,60.0,31.7,7.4
2026-03-21,14,19.1,15.3,24.9,0.5,59.0,10.3,8.0
2026-03-21,15,14.8,10.4,21.8,0,72.0,12.8,8.2
2026-03-21,16,17.6,11.6,21.2,0,57.0,17.4,6.9
2026-03-21,17,19.0,13.1,25.7,0,35.0,4.1,6.8
2026-03-21,18,16.9,11.6,22.3,0,45.0,24.0,8.3
2026-03-21,19,20.2,16.1,26.1,0,51.0,18.5,8.5
2026-03-21,20,20.9,16.4,26.6,0,63.0,20.3,9.6
2026-03-21,21,17.3,13.4,21.4,0,48.0,2.6,8.9
2026-03-21,22,17.5,12.8,20.7,2.9,61.0,1.6,6.1
2026-03-21,23,21.1,18.0,24.5,0,37.0,9.9,10.1
2026-03-21,24,19.7,15.5,23.0,3.5,53.0,16.7,7.8
2026-03-21,25,17.8,12.6,21.0,0,58.0,13.3,5.6
2026-03-22,1,19.3,14.4,25.0,0,61.0,18.4,6.2
2026-03-22,2,18.0,13.6,24.9,0,60.0,21.8,9.9
2026-03-22,3,17.2,11.9,21.1,1.9,71.0,7.1,6.8
2026-03-22,4,18.4,14.6,22.4,6.8,69.0,11.4,5.1
2026-03-22,5,16.4,11.2,23.2,0.9,58.0,6.6,7.6
2026-03-22,6,19.7,16.1,24.7,0,72.0,2.5,6.3
2026-03-22,7,19.5,13.7,26.4,0,62.0,10.0,6.3
2026-03-22,8,20.7,15.7,26.0,0,58.0,19.3,5.0
2026-03-22,9,19.1,14.6,25.8,0,60.0,14.8,6.1
2026-03-22,10,21.5,16.1,24.8,0,75.0,21.3,5.9
2026-03-22,11,18.9,15.7,24.4,0,62.0,11.1,8.0
2026-03-22,12,21.1,15.3,27.6,0,77.0,7.4,9.1
2026-03-22,13,21.6,17.3,27.9,6.4,61.0,11.4,8.9
2026-03-22,14,22.6,16.7,28.3,2.2,62.0,25.0,7.6
2026-03-22,15,18.8,13.4,22.3,2.8,66.0,10.5,9.9
2026-03-22,16,20.2,16.5,25.8,0,60.0,12.7,7.2
2026-03-22,17,20.0,14.7,23.3,0,50.0,9.0,3.8
2026-03-22,18,16.0,11.0,20.4,0,53.0,9.5,7.6
2026-03-22,19,22.1,16.5,27.3,0,64.0,13.1,7.2
2026-03-22,20,19.8,14.8,24.6,0,54.0,24.8,7.5
2026-03-22,21,19.1,14.8,25.4,0,71.0,14.5,7.7
2026-03-22,22,17.8,14.4,22.3,0,70.0,1.2,9.7
2026-03-22,23,21.8,17.0,28.0,0,46.0,10.4,4.5
2026-03-22,24,17.6,13.0,24.5,0,67.0,21.1,6.2
2026-03-22,25,19.6,16.0,25.5,0,61.0,12.0,6.1
2026-03-23,1,17.6,13.2,20.7,0,55.0,22.6,8.4
2026-03-23,2,22.3,19.0,28.9,0,59.0,1.0,5.1
2026-03-23,3,19.0,13.9,22.6,0,79.0,9.6,6.5
2026-03-23,4,22.0,16.2,27.8,0,79.0,14.6,5.8
2026-03-23,5,18.2,12.3,25.1,8.6,78.0,2.0,7.6
2026-03-23,6,19.3,14.1,25.9,0,53.0,9.0,6.0
2026-03-23,7,19.2,15.0,25.3,1.7,63.0,10.3,5.7
2026-03-23,8,19.0,13.5,22.1,0,62.0,14.3,7.9
2026-03-23,9,19.5,14.1,23.5,0,56.0,25.4,6.2
2026-03-23,10,17.6,13.9,21.3,0,62.0,3.4,8.1
2026-03-23,11,20.5,14.6,24.5,0,72.0,10.1,5.2
2026-03-23,12,16.4,12.2,20.5,0,81.0,13.6,7.0
2026-03-23,13,20.1,14.9,23.8,0,70.0,15.8,4.3
2026-03-23,14,23.0,19.2,26.1,0,54.0,5.0,8.1
2026-03-23,15,18.9,13.4,24.1,0,70.0,7.1,6.8
2026-03-23,16,20.4,16.9,23.6,0,62.0,6.7,6.8
2026-03-23,17,20.8,16.3,24.8,0,43.0,21.9,6.8
2026-03-23,18,17.0,13.5,20.4,0,49.0,30.6,6.7
2026-03-23,19,22.5,18.6,25.8,0,66.0,8.1,8.9
2026-03-23,20,20.9,16.5,24.5,0,57.0,19.9,6.2
2026-03-23,21,17.1,13.9,22.0,0,62.0,25.8,9.0
2026-03-23,22,16.0,11.2,19.3,0,62.0,22.1,6.4
2026-03-23,23,22.6,16.7,29.2,0,39.0,11.6,5.5
2026-03-23,24,18.2,12.2,22.9,0,59.0,25.9,8.9
2026-03-23,25,17.5,11.7,21.4,0,38.0,12.9,6.3
2026-03-24,1,17.8,14.0,22.2,0,67.0,16.8,8.9
2026-03-24,2,20.7,16.1,25.0,0,67.0,27.9,5.2
2026-03-24,3,19.8,14.7,23.3,0,76.0,9.9,8.9
2026-03-24,4,21.1,17.3,27.1,0,41.0,16.7,4.9
2026-03-24,5,19.9,16.1,24.0,0.4,66.0,14.7,5.5
2026-03-24,6,20.1,16.9,24.2,1.3,83.0,15.7,8.5
2026-03-24,7,19.5,15.6,26.4,0,78.0,19.7,7.8
2026-03-24,8,20.8,16.0,25.9,0,62.0,9.8,3.4
2026-03-24,9,20.5,16.5,26.2,0,73.0,18.9,9.3
2026-03-24,10,18.1,13.4,24.7,0,60.0,23.2,9.7
2026-03-24,11,18.2,13.5,25.0,1.8,52.0,9.3,5.2
2026-03-24,12,20.6,16.1,24.8,0,66.0,25.7,9.3
2026-03-24,13,22.9,17.8,27.7,0,42.0,10.1,6.3
2026-03-24,14,19.4,13.7,23.2,0,61.0,33.9,9.7
2026-03-24,15,16.6,13.1,21.4,0,70.0,17.0,6.8
2026-03-24,16,18.7,13.5,25.5,0.1,54.0,17.3,7.3
2026-03-24,17,21.2,15.3,24.5,0,48.0,29.3,8.6
2026-03-24,18,17.2,13.1,23.4,0,39.0,1.8,4.5
2026-03-24,19,21.0,16.8,24.9,0,59.0,16.1,6.9
2026-03-24,20,22.0,16.2,27.1,0,65.0,23.2,7.3
2026-03-24,21,18.3,13.1,24.7,7.3,47.0,25.5,7.6
2026-03-24,22,18.2,13.3,21.5,2.1,52.0,14.3,5.2
2026-03-24,23,21.0,15.1,26.2,0,33.0,18.7,3.7
2026-03-24,24,17.8,13.8,23.7,0,53.0,24.9,7.3
2026-03-24,25,19.7,14.0,25.9,0,67.0,7.7,10.4
2026-03-25,1,18.2,13.7,22.1,0,52.0,15.4,6.3
2026-03-25,2,19.5,14.4,25.0,0,73.0,11.1,8.9
2026-03-25,3,16.3,10.4,22.3,3.7,62.0,6.8,5.4
2026-03-25,4,19.2,13.9,24.4,0,78.0,2.7,8.8
2026-03-25,5,19.5,15.6,25.2,0,63.0,3.1,9.7
2026-03-25,6,20.4,15.7,24.0,0,60.0,25.3,6.7
2026-03-25,7,19.2,14.0,24.6,0,58.0,12.7,7.1
2026-03-25,8,20.4,17.2,24.9,0,65.0,26.8,5.5
2026-03-25,9,18.7,14.5,23.5,0,54.0,18.2,5.1
2026-03-25,10,22.5,19.1,26.9,0,50.0,22.7,7.6
2026-03-25,11,19.6,16.5,23.3,0,65.0,5.8,9.3
2026-03-25,12,17.8,13.7,24.0,0,79.0,23.2,6.4
2026-03-25,13,19.9,16.5,23.9,0,64.0,11.4,5.1
2026-03-25,14,18.0,12.6,24.1,0,74.0,15.6,7.3
2026-03-25,15,17.7,13.9,22.9,0,53.0,17.9,8.4
2026-03-25,16,19.9,15.4,23.2,0,59.0,6.3,6.7
2026-03-25,17,22.9,17.9,27.9,0,31.0,2.8,7.6
2026-03-25,18,17.4,14.1,23.3,2.1,27.0,19.6,7.2
2026-03-25,19,20.3,14.8,23.9,0,49.0,14.6,8.4
2026-03-25,20,19.2,14.6,23.7,0,54.0,16.2,7.7
2026-03-25,21,17.2,13.8,20.8,0,64.0,11.7,8.5
2026-03-25,22,20.8,15.9,25.7,0,62.0,18.7,3.9
2026-03-25,23,20.6,16.3,27.3,0,42.0,3.7,11.3
2026-03-25,24,21.1,16.4,25.2,0,62.0,12.9,5.9
2026-03-25,25,17.1,12.5,22.1,0,48.0,23.4,6.3
2026-03-26,1,18.3,14.3,22.2,7.6,57.0,8.3,6.4
2026-03-26,2,22.2,18.6,28.0,0,71.0,19.4,7.9
2026-03-26,3,19.7,16.7,23.8,0,68.0,12.3,6.5
2026-03-26,4,18.5,13.4,21.7,0,57.0,9.7,7.8
2026-03-26,5,18.5,13.5,22.2,0,72.0,25.9,10.1
2026-03-26,6,20.0,15.3,26.8,0,63.0,16.5,8.2
2026-03-26,7,20.4,15.0,26.6,0,72.0,3.7,7.4
2026-03-26,8,19.7,15.9,24.2,0,65.0,17.4,6.3
2026-03-26,9,18.9,14.9,24.2,0,62.0,23.5,7.0
2026-03-26,10,18.6,15.0,23.7,0,74.0,15.3,9.1
2026-03-26,11,17.7,12.7,21.1,0.5,77.0,5.3,7.0
2026-03-26,12,15.9,10.3,21.1,0,73.0,6.5,9.3
2026-03-26,13,20.6,17.1,27.1,0,41.0,18.2,5.4
2026-03-26,14,22.5,18.2,26.1,1.1,59.0,12.2,6.7
2026-03-26,15,17.9,13.5,24.5,0,71.0,8.8,8.0
2026-03-26,16,21.1,17.5,25.4,0,57.0,10.9,7.5
2026-03-26,17,23.3,19.7,30.1,0,57.0,10.3,5.0
2026-03-26,18,16.0,10.1,21.1,0,45.0,12.4,7.7
2026-03-26,19,23.1,18.0,26.5,0,62.0,8.2,9.2
2026-03-26,20,21.9,18.8,25.1,0,57.0,7.2,5.7
2026-03-26,21,18.5,13.7,24.2,0,52.0,8.2,5.7
2026-03-26,22,18.7,15.5,23.3,0,67.0,7.4,8.2
2026-03-26,23,22.2,16.4,29.0,0.2,47.0,10.9,8.4
2026-03-26,24,19.8,14.1,23.5,2.1,59.0,10.8,4.8
2026-03-26,25,19.2,15.6,23.2,0,55.0,23.1,9.0
2026-03-27,1,19.8,14.4,23.0,0,67.0,12.9,6.5
2026-03-27,2,17.9,12.2,21.2,0,67.0,11.6,10.6
2026-03-27,3,19.7,13.9,25.7,0,78.0,15.3,5.2
2026-03-27,4,19.3,14.4,23.3,0,51.0,17.8,9.8
2026-03-27,5,19.9,14.0,23.5,0,66.0,19.7,4.5
2026-03-27,6,21.1,16.8,27.4,11.1,81.0,14.1,6.9
2026-03-27,7,19.1,14.9,24.0,0,58.0,16.8,7.0
2026-03-27,8,19.3,15.1,23.2,0,56.0,13.2,5.9
2026-03-27,9,19.1,15.0,25.3,0,54.0,12.4,11.4
2026-03-27,10,21.8,17.7,26.8,3.2,65.0,15.2,6.8
2026-03-27,11,19.2,15.9,24.1,0,60.0,0.5,6.6
2026-03-27,12,16.7,13.1,22.6,0,59.0,14.4,8.3
2026-03-27,13,22.6,18.6,25.8,0,48.0,19.5,5.4
2026-03-27,14,23.0,18.8,28.0,0,55.0,21.9,9.0
2026-03-27,15,19.0,14.7,23.5,0,77.0,12.8,10.4
2026-03-27,16,21.2,15.6,26.1,0,53.0,18.8,6.2
2026-03-27,17,20.2,14.5,26.3,0,51.0,1.3,4.6
2026-03-27,18,17.9,13.2,24.7,0.3,53.0,20.4,9.6
2026-03-27,19,20.3,14.9,24.1,0,55.0,16.1,7.3
2026-03-27,20,20.4,15.0,24.4,0,53.0,18.1,8.8
2026-03-27,21,17.9,14.9,22.6,0,52.0,19.8,7.3
2026-03-27,22,18.7,13.9,22.6,0,68.0,7.8,8.2
2026-03-27,23,26.6,20.7,31.0,0,31.0,22.2,7.8
2026-03-27,24,17.9,13.7,22.8,0,74.0,20.3,6.9
2026-03-27,25,18.3,12.4,21.6,0,44.0,15.3,6.2
2026-03-28,1,18.5,12.8,21.8,0,66.0,19.7,6.5
2026-03-28,2,18.5,15.3,24.2,0,53.0,23.2,8.6
2026-03-28,3,20.6,17.4,24.7,8.3,71.0,15.9,8.3
2026-03-28,4,21.8,18.7,28.7,0,72.0,2.0,8.6
2026-03-28,5,20.4,14.5,24.6,1.6,63.0,9.9,9.4
2026-03-28,6,20.5,16.0,23.6,0.1,68.0,26.2,5.3
2026-03-28,7,19.8,15.6,23.1,0,63.0,14.0,6.0
2026-03-28,8,20.8,16.1,24.5,0,64.0,12.1,7.3
2026-03-28,9,18.5,14.0,21.9,0,60.0,2.0,9.4
2026-03-28,10,20.6,15.8,23.8,0,70.0,21.6,10.6
2026-03-28,11,19.4,13.8,25.5,0,59.0,21.1,5.9
2026-03-28,12,17.8,13.1,22.3,0,80.0,2.6,7.6
2026-03-28,13,20.6,15.5,25.9,0,43.0,26.1,6.8
2026-03-28,14,23.2,17.7,27.9,0,69.0,19.7,9.1
2026-03-28,15,19.3,14.4,25.7,0,54.0,6.0,4.3
2026-03-28,16,19.7,15.6,23.1,0,63.0,9.0,8.0
2026-03-28,17,23.8,20.4,29.1,0,46.0,28.6,9.4
2026-03-28,18,18.8,14.7,25.2,0,48.0,18.5,9.3
2026-03-28,19,23.8,17.8,30.4,0,57.0,14.3,6.8
2026-03-28,20,22.4,17.9,28.9,0,44.0,24.0,10.6
2026-03-28,21,18.5,13.5,24.7,1.8,68.0,25.8,5.4
2026-03-28,22,18.7,14.1,25.1,0,65.0,19.2,4.5
2026-03-28,23,23.2,18.5,29.1,0,43.0,24.0,8.0
2026-03-28,24,18.3,15.3,23.8,0,58.0,16.6,7.2
2026-03-28,25,19.8,16.6,25.4,0.2,50.0,3.4,7.5
2026-03-29,1,18.4,14.7,24.6,2.4,61.0,17.2,7.3
2026-03-29,2,20.6,16.6,26.7,0,63.0,6.9,7.3
2026-03-29,3,22.1,17.3,25.8,0,71.0,9.7,6.3
2026-03-29,4,20.8,17.7,26.8,2.0,65.0,14.8,7.5
2026-03-29,5,16.9,13.4,21.2,3.7,70.0,21.7,5.9
2026-03-29,6,19.4,14.2,24.7,0,75.0,4.3,6.8
2026-03-29,7,20.8,17.3,25.4,0,69.0,16.5,9.3
2026-03-29,8,20.2,15.6,23.5,0,75.0,1.0,9.4
2026-03-29,9,20.3,16.8,25.7,0,55.0,24.9,6.3
2026-03-29,10,20.6,15.8,24.0,0,65.0,16.3,7.2
2026-03-29,11,20.7,15.1,25.0,0,70.0,9.6,6.8
2026-03-29,12,22.2,18.1,27.2,0,68.0,27.1,9.8
2026-03-29,13,19.5,15.3,25.9,0.1,49.0,8.7,7.7
2026-03-29,14,20.7,17.3,27.4,0,46.0,12.2,10.4
2026-03-29,15,17.1,12.6,23.6,0,76.0,1.6,5.7
2026-03-29,16,21.0,15.9,27.5,0,61.0,6.4,6.4
2026-03-29,17,23.5,19.2,26.8,0,37.0,2.6,7.1
2026-03-29,18,18.6,12.8,24.0,0,44.0,22.2,7.2
2026-03-29,19,24.4,20.0,30.7,0,59.0,22.0,8.0
2026-03-29,20,22.8,19.2,29.0,0,50.0,18.3,8.3
2026-03-29,21,19.3,15.1,25.7,0,51.0,3.2,8.3
2026-03-29,22,18.6,13.1,22.5,0,61.0,20.9,7.7
2026-03-29,23,24.0,20.1,30.6,0,23.0,22.1,5.7
2026-03-29,24,19.5,15.8,25.6,0,59.0,11.8,7.3
2026-03-29,25,19.0,15.1,23.9,0,42.0,8.8,7.0
2026-03-30,1,21.3,17.6,26.3,0,72.0,9.8,8.6
2026-03-30,2,20.2,16.3,24.5,0,55.0,14.5,8.6
2026-03-30,3,18.9,14.2,24.5,0,70.0,19.9,7.6
2026-03-30,4,16.8,13.8,23.4,0,59.0,14.2,8.8
2026-03-30,5,21.4,17.9,25.4,0,77.0,15.8,6.9
2026-03-30,6,19.7,14.8,24.9,0,72.0,18.5,7.2
2026-03-30,7,20.8,16.9,25.5,0,86.0,13.7,7.5
2026-03-30,8,20.3,15.3,24.6,0,56.0,15.5,8.4
2026-03-30,9,21.4,18.0,27.3,2.5,48.0,26.1,6.6
2026-03-30,10,21.4,18.2,27.4,0,64.0,7.5,8.4
2026-03-30,11,21.8,17.7,26.3,0,68.0,22.1,10.3
2026-03-30,12,18.0,12.3,24.2,0,71.0,16.9,8.3
2026-03-30,13,20.7,15.4,25.4,0,52.0,9.3,9.3
2026-03-30,14,19.8,14.1,25.3,0,70.0,8.4,6.2
2026-03-30,15,22.7,18.1,28.9,0,68.0,11.3,7.0
2026-03-30,16,22.2,16.4,27.1,0,68.0,6.6,8.6
2026-03-30,17,21.1,16.8,26.6,0,45.0,14.3,8.9
2026-03-30,18,19.4,14.6,24.6,1.9,40.0,19.8,6.7
2026-03-30,19,23.3,18.8,29.0,0,60.0,11.6,6.4
2026-03-30,20,23.4,17.6,27.7,0,49.0,8.8,9.0
2026-03-30,21,16.4,13.3,21.0,0,73.0,8.0,10.9
2026-03-30,22,18.4,12.5,22.4,0,69.0,3.1,9.7
2026-03-30,23,24.6,19.9,30.7,0,35.0,10.4,10.4
2026-03-30,24,20.9,17.1,25.7,0,79.0,7.4,10.8
2026-03-30,25,18.1,14.3,21.3,0,58.0,5.4,7.2
2026-03-31,1,19.9,15.3,24.3,0,61.0,14.9,7.7
2026-03-31,2,20.0,15.1,23.3,0,61.0,9.7,9.7
2026-03-31,3,19.0,13.3,24.7,5.3,65.0,9.0,10.3
2026-03-31,4,20.2,15.1,25.1,0,60.0,7.4,7.3
2026-03-31,5,19.5,15.9,22.6,0,65.0,10.9,6.7
2026-03-31,6,19.2,14.8,23.3,0,52.0,19.7,8.5
2026-03-31,7,19.5,14.9,23.1,0,57.0,21.7,8.3
2026-03-31,8,19.5,14.2,26.0,0,74.0,8.0,9.1
2026-03-31,9,22.4,16.5,27.4,0,67.0,4.1,10.0
2026-03-31,10,20.0,17.0,25.6,0,65.0,16.3,8.8
2026-03-31,11,22.3,18.6,25.4,0,66.0,22.0,5.0
2026-03-31,12,18.9,15.9,22.6,0,65.0,13.4,7.5
2026-03-31,13,21.7,18.0,27.3,0,49.0,8.7,6.1
2026-03-31,14,21.7,17.3,25.6,0,54.0,13.2,8.8
2026-03-31,15,19.4,15.7,25.7,0,67.0,4.2,8.6
2026-03-31,16,20.3,16.4,24.3,0,58.0,6.7,8.2
2026-03-31,17,20.1,17.0,24.2,0,55.0,18.4,10.1
2026-03-31,18,17.3,13.3,21.5,0,56.0,8.1,8.9
2026-03-31,19,26.2,22.5,29.4,0,49.0,8.8,7.3
2026-03-31,20,21.6,17.3,27.5,0,61.0,19.1,7.7
2026-03-31,21,20.3,15.9,25.0,0,58.0,3.5,8.5
2026-03-31,22,21.2,17.9,24.2,0,69.0,19.5,6.1
2026-03-31,23,24.1,19.9,30.9,0,31.0,5.5,5.0
2026-03-31,24,19.5,13.8,26.3,0,52.0,11.1,7.9
2026-03-31,25,20.9,17.6,27.9,0,43.0,15.2,7.3
